Industry,Task Type,Task Complexity,Operator Skill,Operator Fatigue Score,Machine Age,Weather,Shift Type,Machine Temperature (C),Actual Duration (minutes)
Marine & Rail,Freight Operations,4,10,35.0,6.56,Cloudy,Day,97.8,171.2
Mining,Drilling,9,9,31.5,1.21,Sunny,Day,92.5,209.2
Mining,Surface Excavation,6,9,6.8,5.97,Cloudy,Day,102.8,146.3
Construction,Site Preparation,6,9,34.9,2.25,Rainy,Night,106.9,189.5
Marine & Rail,Locomotive Maintenance,9,9,41.3,8.81,Foggy,Day,85.4,271.1
Marine & Rail,Locomotive Maintenance,4,6,82.9,5.57,Cloudy,Night,88.4,259.9
Data Center Power,Generator Maintenance,7,5,43.4,2.26,Sunny,Day,89.0,150.2
Marine & Rail,Tugboat Engine Service,9,10,34.2,13.61,Rainy,Night,100.1,209.8
Construction,Foundation Work,7,8,33.1,11.16,Cloudy,Day,90.6,248.0
Construction,Road Building,7,8,42.6,5.63,Sunny,Night,97.1,286.5
Construction,Site Preparation,7,9,35.9,1.45,Rainy,Day,99.9,175.7
Oil & Gas,Well Servicing,7,8,46.0,4.38,Cloudy,Night,85.2,269.5
Construction,Site Preparation,5,9,52.1,2.83,Sunny,Day,98.1,134.1
Data Center Power,Cooling System Inspection,7,5,55.6,1.81,Cloudy,Day,87.9,91.2
Marine & Rail,Freight Operations,4,6,35.1,10.43,Rainy,Day,98.1,234.2
Construction,Road Building,6,7,71.3,2.06,Rainy,Day,94.8,319.2
Oil & Gas,Well Drilling,6,7,2.7,8.73,Rainy,Night,95.8,429.6
Marine & Rail,Rail Network Inspection,6,7,12.4,8.98,Foggy,Day,81.5,192.9
Marine & Rail,Tugboat Engine Service,4,9,37.7,6.42,Sunny,Day,85.7,124.0
Data Center Power,Generator Maintenance,8,8,25.9,5.12,Sunny,Night,80.6,135.0
Data Center Power,Generator Maintenance,3,9,44.9,4.41,Cloudy,Day,87.5,82.5
Oil & Gas,Gas Compression Service,5,9,8.2,10.54,Cloudy,Day,107.0,156.6
Data Center Power,Backup Generator Testing,4,3,57.0,10.25,Sunny,Night,87.2,90.9
Data Center Power,Cooling System Inspection,5,9,47.4,5.25,Sunny,Day,73.4,61.3
Oil & Gas,Well Servicing,7,7,60.6,6.82,Foggy,Night,89.5,322.2
Mining,Aggregate Collection,7,8,39.6,7.15,Sunny,Day,110.4,85.6
Marine & Rail,Freight Operations,7,9,70.0,6.64,Cloudy,Day,100.4,249.9
Data Center Power,Emergency Power Deployment,5,10,22.3,1.4,Sunny,Night,100.7,72.9
Mining,Surface Excavation,6,7,47.7,10.76,Sunny,Day,100.8,194.6
Oil & Gas,Well Drilling,8,9,29.4,10.68,Sunny,Day,101.3,364.7
Mining,Drilling,7,8,10.5,7.33,Cloudy,Day,95.0,217.9
Data Center Power,Generator Maintenance,3,8,17.5,9.3,Cloudy,Day,86.1,87.9
Mining,Hauling Ore,3,7,35.6,1.29,Sunny,Day,93.6,83.4
Mining,Drilling,7,4,44.5,12.56,Cloudy,Day,91.9,354.5
Mining,Drilling,7,5,46.8,2.04,Cloudy,Day,115.0,340.9
Mining,Aggregate Collection,4,7,49.8,11.83,Rainy,Day,110.5,87.8
Data Center Power,Generator Maintenance,3,8,34.7,7.07,Sunny,Night,97.4,99.5
Construction,Excavation,4,9,32.0,7.99,Sunny,Day,83.0,135.5
Construction,Excavation,5,5,3.2,5.5,Sunny,Day,89.4,186.4
Mining,Drilling,5,8,57.8,5.64,Rainy,Day,102.0,224.1
Mining,Surface Excavation,5,9,45.0,2.57,Sunny,Day,97.6,133.8
Mining,Surface Excavation,5,9,1.9,1.8,Cloudy,Day,88.8,118.4
Mining,Hauling Ore,4,8,14.9,1.68,Sunny,Night,98.9,88.2
Mining,Hauling Ore,8,8,31.8,8.24,Sunny,Day,101.9,128.2
Data Center Power,Backup Generator Testing,6,8,37.9,3.61,Cloudy,Day,74.9,73.6
Mining,Drilling,4,9,17.6,5.07,Cloudy,Night,99.4,165.4
Mining,Hauling Ore,3,8,29.5,4.45,Cloudy,Day,114.3,99.6
Mining,Aggregate Collection,5,7,44.2,5.7,Cloudy,Day,97.5,71.3
Mining,Drilling,7,8,19.6,3.67,Rainy,Day,112.1,268.3
Mining,Surface Excavation,6,4,34.5,3.12,Rainy,Day,105.9,261.5
Data Center Power,Cooling System Inspection,8,7,17.7,2.33,Sunny,Night,76.6,85.5
Mining,Surface Excavation,5,10,46.2,3.27,Rainy,Day,102.1,134.5
Oil & Gas,Well Drilling,5,9,69.0,6.13,Rainy,Night,98.7,356.8
Data Center Power,Cooling System Inspection,7,9,12.0,15.32,Sunny,Day,97.0,70.5
Construction,Excavation,5,7,41.1,2.57,Rainy,Day,90.4,187.6
Oil & Gas,Well Servicing,7,7,11.6,6.7,Cloudy,Day,92.3,246.4
Mining,Surface Excavation,5,8,40.4,0.14,Cloudy,Day,87.2,138.7
Oil & Gas,Pipeline Pumping,7,6,16.6,14.85,Cloudy,Day,88.9,187.6
Marine & Rail,Freight Operations,5,8,42.3,1.41,Sunny,Day,85.3,190.8
Data Center Power,Emergency Power Deployment,5,8,20.9,3.41,Sunny,Day,88.3,87.0
Marine & Rail,Locomotive Maintenance,7,10,23.1,4.44,Rainy,Night,94.4,192.3
Marine & Rail,Rail Network Inspection,4,4,28.2,3.11,Sunny,Day,83.0,152.3
Data Center Power,Cooling System Inspection,4,6,21.7,4.19,Sunny,Day,83.4,62.4
Data Center Power,Backup Generator Testing,5,9,59.4,2.94,Sunny,Day,73.0,64.8
Mining,Surface Excavation,7,8,32.8,7.47,Foggy,Day,106.0,198.4
Construction,Excavation,4,8,45.9,6.45,Sunny,Night,102.0,167.8
Data Center Power,Emergency Power Deployment,7,8,39.8,6.96,Cloudy,Night,93.7,124.8
Oil & Gas,Pipeline Pumping,4,7,3.6,4.89,Sunny,Night,92.0,132.8
Oil & Gas,Pipeline Pumping,6,8,61.6,1.89,Sunny,Day,88.1,145.1
Mining,Aggregate Collection,4,9,56.2,5.45,Cloudy,Night,87.9,64.5
Marine & Rail,Freight Operations,5,9,1.9,11.28,Foggy,Day,98.8,222.6
Construction,Demolition,6,5,58.4,6.87,Rainy,Day,95.6,288.5
Marine & Rail,Rail Network Inspection,4,8,29.9,10.27,Cloudy,Day,81.5,139.4
Mining,Surface Excavation,8,9,34.5,6.14,Rainy,Night,98.9,220.0
Marine & Rail,Freight Operations,4,6,54.8,6.56,Cloudy,Day,100.7,215.4
Mining,Surface Excavation,6,8,44.0,15.96,Cloudy,Night,104.6,218.5
Mining,Drilling,7,9,27.0,4.59,Sunny,Day,96.4,192.5
Mining,Drilling,9,8,25.7,1.98,Rainy,Day,99.3,278.0
Oil & Gas,Well Drilling,6,8,58.3,10.63,Foggy,Night,92.7,399.9
Construction,Demolition,6,8,59.8,10.17,Cloudy,Night,103.1,230.3
Mining,Surface Excavation,6,9,26.2,3.76,Cloudy,Day,97.0,140.5
Construction,Foundation Work,7,7,31.4,6.9,Sunny,Day,90.5,252.0
Construction,Excavation,4,8,37.5,1.73,Sunny,Night,97.6,151.1
Mining,Drilling,6,8,65.5,4.67,Sunny,Day,98.7,207.8
Oil & Gas,Pipeline Pumping,8,5,37.0,3.01,Sunny,Day,88.3,185.3
Mining,Hauling Ore,6,9,32.5,5.5,Cloudy,Day,101.9,102.2
Marine & Rail,Freight Operations,5,7,68.4,10.77,Sunny,Day,100.2,230.4
Data Center Power,Generator Maintenance,6,6,44.4,3.32,Cloudy,Day,81.8,130.1
Marine & Rail,Tugboat Engine Service,8,6,39.4,6.02,Sunny,Day,93.5,230.1
Mining,Hauling Ore,6,8,33.9,3.01,Sunny,Day,87.5,103.6
Mining,Hauling Ore,6,9,50.0,4.93,Cloudy,Day,90.5,104.0
Marine & Rail,Tugboat Engine Service,8,8,34.2,11.67,Cloudy,Night,102.9,227.5
Mining,Hauling Ore,6,5,20.9,10.78,Cloudy,Day,104.6,135.5
Data Center Power,Cooling System Inspection,4,9,26.5,3.59,Foggy,Day,72.1,58.6
Data Center Power,Emergency Power Deployment,5,6,25.9,7.21,Sunny,Day,94.4,112.8
Construction,Demolition,5,7,39.5,10.06,Cloudy,Day,103.1,214.9
Mining,Hauling Ore,4,9,63.4,1.78,Rainy,Day,94.8,97.1
Data Center Power,Cooling System Inspection,6,9,24.2,1.6,Sunny,Night,97.5,67.0
Mining,Surface Excavation,4,7,42.5,8.16,Cloudy,Night,95.4,176.8
Mining,Drilling,4,6,11.8,4.62,Sunny,Day,94.0,192.2
Mining,Hauling Ore,6,6,18.7,1.75,Cloudy,Night,107.7,124.6
Oil & Gas,Pipeline Pumping,5,7,44.1,11.41,Sunny,Day,86.8,151.3
Oil & Gas,Well Servicing,5,8,17.8,0.67,Cloudy,Day,79.9,180.9
Marine & Rail,Locomotive Maintenance,6,9,24.3,4.45,Foggy,Day,88.4,187.8
Construction,Site Preparation,3,10,10.8,4.55,Cloudy,Night,92.1,118.5
Marine & Rail,Locomotive Maintenance,10,7,19.6,9.03,Cloudy,Night,94.0,341.3
Data Center Power,Cooling System Inspection,5,8,18.5,5.23,Rainy,Night,70.7,69.4
Data Center Power,Generator Maintenance,5,5,43.5,7.37,Sunny,Day,94.0,135.6
Oil & Gas,Well Servicing,5,6,67.2,5.63,Rainy,Day,98.3,292.4
Marine & Rail,Tugboat Engine Service,5,9,2.1,3.84,Sunny,Day,93.7,122.5
Construction,Road Building,6,7,26.5,1.99,Sunny,Day,92.7,235.9
Marine & Rail,Tugboat Engine Service,6,6,55.1,6.77,Sunny,Day,96.2,206.3
Mining,Surface Excavation,4,7,30.2,1.5,Foggy,Night,99.8,159.2
Mining,Drilling,6,8,24.2,3.68,Rainy,Night,81.9,236.4
Data Center Power,Backup Generator Testing,5,6,26.1,8.51,Cloudy,Night,96.2,83.6
Data Center Power,Emergency Power Deployment,9,9,9.6,6.75,Rainy,Night,92.2,116.0
Mining,Aggregate Collection,5,6,32.6,8.84,Rainy,Day,107.8,87.8
Mining,Surface Excavation,5,9,39.2,12.23,Rainy,Night,100.7,188.5
Data Center Power,Cooling System Inspection,5,6,68.6,0.63,Cloudy,Day,81.3,72.8
Oil & Gas,Pipeline Pumping,6,7,70.6,8.02,Rainy,Day,95.5,176.4
Marine & Rail,Freight Operations,6,7,17.4,11.59,Foggy,Day,100.5,284.7
Mining,Drilling,7,7,2.5,3.1,Sunny,Night,90.6,218.3
Construction,Foundation Work,7,6,42.6,8.72,Rainy,Night,84.1,351.4
Oil & Gas,Pipeline Pumping,4,7,40.2,1.02,Cloudy,Day,83.2,126.2
Oil & Gas,Well Servicing,7,9,28.0,7.42,Rainy,Night,95.1,265.5
Data Center Power,Emergency Power Deployment,6,5,29.3,1.39,Sunny,Night,78.9,131.0
Construction,Foundation Work,7,8,41.7,1.65,Sunny,Day,94.5,227.1
Mining,Surface Excavation,5,4,32.8,9.87,Cloudy,Day,104.5,230.5
Oil & Gas,Pipeline Pumping,5,9,36.6,6.63,Sunny,Day,100.1,133.7
Construction,Excavation,6,9,72.4,5.36,Rainy,Day,94.5,188.3
Construction,Foundation Work,7,7,43.8,7.04,Sunny,Day,87.3,256.8
Oil & Gas,Pipeline Pumping,5,6,52.2,8.2,Rainy,Night,103.7,175.4
Mining,Surface Excavation,5,8,42.0,2.91,Foggy,Night,92.9,160.7
Marine & Rail,Locomotive Maintenance,5,8,36.7,11.52,Sunny,Day,98.3,211.3
Construction,Road Building,6,9,15.2,6.01,Sunny,Day,95.2,205.3
Oil & Gas,Gas Compression Service,5,8,18.6,9.1,Cloudy,Night,110.9,202.4
Oil & Gas,Well Servicing,6,7,32.7,6.22,Rainy,Day,96.1,277.3
Marine & Rail,Locomotive Maintenance,7,8,57.0,5.66,Sunny,Day,95.0,241.0
Oil & Gas,Gas Compression Service,5,10,5.8,14.12,Sunny,Day,106.3,145.7
Mining,Aggregate Collection,6,8,13.0,6.49,Rainy,Night,93.0,81.2
Data Center Power,Cooling System Inspection,4,8,42.2,1.39,Rainy,Night,80.4,65.2
Data Center Power,Generator Maintenance,5,6,24.7,6.28,Sunny,Night,88.7,127.8
Data Center Power,Backup Generator Testing,5,10,20.7,3.39,Sunny,Day,77.8,59.5
Marine & Rail,Locomotive Maintenance,7,7,31.4,14.62,Cloudy,Day,98.2,288.3
Mining,Hauling Ore,5,6,50.8,5.11,Sunny,Day,96.5,108.3
Data Center Power,Generator Maintenance,6,9,17.7,5.14,Cloudy,Night,85.6,102.3
Marine & Rail,Locomotive Maintenance,6,8,46.2,2.2,Foggy,Night,71.9,221.4
Construction,Material Loading,4,9,57.0,4.99,Rainy,Day,106.3,72.1
Construction,Road Building,6,9,35.9,5.07,Sunny,Day,92.8,209.8
Data Center Power,Cooling System Inspection,5,10,42.4,2.81,Foggy,Day,98.6,59.8
Mining,Surface Excavation,7,6,37.0,8.12,Cloudy,Day,96.9,225.2
Marine & Rail,Locomotive Maintenance,5,9,39.4,7.56,Cloudy,Night,90.4,198.1
Construction,Demolition,9,10,48.6,1.76,Sunny,Day,104.5,186.5
Marine & Rail,Locomotive Maintenance,5,7,9.5,6.31,Rainy,Day,96.3,210.1
Mining,Surface Excavation,5,9,30.8,5.2,Cloudy,Night,84.7,142.0
Data Center Power,Emergency Power Deployment,7,9,46.3,6.03,Sunny,Day,98.4,99.8
Data Center Power,Generator Maintenance,7,4,6.0,1.16,Foggy,Night,87.7,163.3
Marine & Rail,Locomotive Maintenance,6,6,44.1,7.15,Sunny,Night,91.7,282.8
Construction,Material Loading,7,7,47.5,4.1,Sunny,Day,88.5,75.8
Mining,Drilling,7,6,15.1,1.23,Cloudy,Day,95.9,231.2
Construction,Demolition,3,7,18.0,1.58,Cloudy,Night,96.0,157.2
Mining,Surface Excavation,7,8,21.7,2.01,Sunny,Day,102.7,163.0
Marine & Rail,Locomotive Maintenance,4,9,46.7,2.18,Cloudy,Day,84.1,156.0
Mining,Surface Excavation,5,9,13.1,3.56,Sunny,Night,97.6,133.7
Mining,Hauling Ore,8,7,31.9,8.92,Sunny,Day,99.8,138.2
Mining,Drilling,9,9,69.0,10.24,Rainy,Day,104.5,335.2
Mining,Hauling Ore,4,6,15.1,2.45,Sunny,Day,97.8,91.3
Construction,Excavation,5,7,18.5,7.77,Sunny,Day,86.8,166.1
Construction,Excavation,7,8,49.7,9.85,Sunny,Night,108.8,240.2
Marine & Rail,Freight Operations,7,7,66.4,6.79,Cloudy,Night,97.7,288.0
Marine & Rail,Tugboat Engine Service,5,8,4.5,4.07,Foggy,Day,98.4,162.9
Marine & Rail,Locomotive Maintenance,7,9,76.5,8.27,Sunny,Day,101.3,245.4
Mining,Drilling,7,7,17.3,12.42,Sunny,Day,106.3,268.1
Data Center Power,Backup Generator Testing,7,8,20.1,5.82,Cloudy,Day,81.3,77.6
Construction,Demolition,4,9,70.7,1.02,Sunny,Day,89.4,138.1
Data Center Power,Cooling System Inspection,7,8,27.5,3.19,Cloudy,Night,85.3,80.1
Mining,Drilling,7,8,26.5,1.63,Sunny,Night,96.6,214.6
Oil & Gas,Pipeline Pumping,6,9,40.8,3.38,Sunny,Night,84.8,142.4
Marine & Rail,Freight Operations,8,6,74.2,1.48,Rainy,Night,98.6,384.3
Mining,Drilling,5,9,59.7,8.82,Rainy,Day,96.4,208.4
Construction,Material Loading,5,8,32.6,3.98,Cloudy,Day,102.9,62.8
Oil & Gas,Well Servicing,6,8,59.3,4.86,Sunny,Night,90.8,240.6
Oil & Gas,Well Drilling,7,7,46.7,5.66,Rainy,Day,95.3,453.0
Mining,Hauling Ore,5,10,37.2,10.21,Cloudy,Day,102.5,102.5
Construction,Foundation Work,7,9,37.8,8.74,Foggy,Day,96.3,224.2
Oil & Gas,Well Servicing,6,8,17.1,15.6,Sunny,Night,94.7,266.2
Construction,Site Preparation,4,7,42.5,9.82,Sunny,Day,92.8,147.0
Construction,Demolition,7,7,30.9,11.76,Sunny,Day,104.0,244.3
Oil & Gas,Pipeline Pumping,7,7,56.9,13.96,Cloudy,Night,103.1,230.5
Marine & Rail,Freight Operations,3,9,21.8,3.56,Sunny,Day,95.1,155.8
Mining,Hauling Ore,5,8,27.2,6.25,Sunny,Night,98.2,105.2
Construction,Site Preparation,5,6,13.0,1.59,Sunny,Day,113.0,166.7
Marine & Rail,Rail Network Inspection,5,8,37.7,9.47,Sunny,Night,96.3,161.6
Data Center Power,Backup Generator Testing,4,10,33.3,1.66,Sunny,Night,100.0,62.0
Oil & Gas,Well Drilling,9,7,56.0,0.83,Cloudy,Day,88.8,457.1
Construction,Excavation,5,5,65.5,5.19,Sunny,Night,96.9,224.1
Mining,Hauling Ore,4,5,16.1,10.89,Rainy,Day,95.0,127.6
Oil & Gas,Well Servicing,7,8,59.2,4.31,Sunny,Day,101.7,268.3
Mining,Surface Excavation,4,7,26.9,11.7,Rainy,Night,96.8,202.9
Oil & Gas,Well Drilling,4,8,44.2,10.18,Rainy,Day,92.6,343.5
Data Center Power,Generator Maintenance,7,10,29.9,2.14,Sunny,Day,93.4,89.8
Construction,Demolition,5,7,40.4,12.37,Sunny,Day,107.7,223.2
Marine & Rail,Freight Operations,7,9,43.2,1.47,Rainy,Day,87.7,249.1
Data Center Power,Cooling System Inspection,6,9,14.9,5.11,Sunny,Night,80.4,67.0
Oil & Gas,Pipeline Pumping,5,7,70.5,11.19,Rainy,Night,86.3,177.7
Marine & Rail,Tugboat Engine Service,4,9,3.3,3.3,Cloudy,Night,102.1,123.9
Oil & Gas,Pipeline Pumping,6,5,75.6,8.49,Foggy,Night,96.5,211.1
Marine & Rail,Locomotive Maintenance,6,6,52.7,7.71,Cloudy,Day,78.8,262.1
Marine & Rail,Tugboat Engine Service,8,7,65.2,6.22,Foggy,Night,94.9,311.5
Oil & Gas,Well Drilling,6,8,30.1,15.75,Cloudy,Day,98.2,377.0
Construction,Site Preparation,5,10,38.5,10.13,Rainy,Day,94.6,164.8
Data Center Power,Backup Generator Testing,6,8,43.1,5.26,Sunny,Day,82.6,76.0
Construction,Demolition,5,9,68.2,7.65,Sunny,Day,104.9,167.1
Mining,Aggregate Collection,3,8,36.2,4.47,Sunny,Night,96.2,60.9
Oil & Gas,Gas Compression Service,4,7,17.5,9.82,Sunny,Day,93.7,159.0
Construction,Demolition,8,6,18.6,3.54,Sunny,Day,97.5,221.8
Construction,Road Building,6,9,21.3,13.13,Rainy,Day,106.5,283.9
Construction,Excavation,5,9,21.4,7.88,Rainy,Day,101.2,165.9
Marine & Rail,Locomotive Maintenance,3,6,57.3,5.6,Sunny,Night,91.9,219.7
Mining,Surface Excavation,6,4,41.9,2.71,Sunny,Day,96.8,216.4
Mining,Drilling,4,8,58.7,3.28,Sunny,Night,93.1,183.0
Marine & Rail,Tugboat Engine Service,9,9,32.9,8.14,Sunny,Day,92.8,189.8
Mining,Drilling,3,6,19.3,0.91,Cloudy,Day,86.4,179.0
Mining,Drilling,6,9,42.4,6.81,Sunny,Night,91.7,187.6
Data Center Power,Emergency Power Deployment,5,7,56.6,6.44,Sunny,Night,93.1,116.6
Construction,Road Building,6,9,36.1,7.33,Cloudy,Day,96.0,222.3
Data Center Power,Backup Generator Testing,6,7,48.2,1.86,Sunny,Night,78.5,82.6
Marine & Rail,Locomotive Maintenance,6,7,16.8,6.69,Cloudy,Night,102.9,259.0
Mining,Drilling,3,9,28.5,4.83,Rainy,Day,103.5,169.2
Marine & Rail,Freight Operations,6,7,13.4,13.45,Sunny,Day,103.0,238.5
Mining,Surface Excavation,5,8,34.8,3.41,Sunny,Night,90.0,158.6
Construction,Material Loading,4,8,59.7,5.98,Foggy,Day,94.0,63.6
Construction,Site Preparation,5,5,40.9,7.37,Rainy,Day,98.6,199.0
Mining,Surface Excavation,6,5,51.6,5.43,Rainy,Night,83.0,268.2
Marine & Rail,Tugboat Engine Service,6,6,31.6,10.27,Sunny,Night,97.2,221.3
Construction,Excavation,6,9,20.9,8.92,Sunny,Day,98.2,161.3
Construction,Foundation Work,5,5,55.2,11.67,Sunny,Day,115.0,320.1
Construction,Material Loading,7,5,55.4,11.12,Sunny,Day,108.5,102.7
Construction,Material Loading,7,5,47.9,13.16,Sunny,Day,110.3,105.4
Mining,Aggregate Collection,5,8,12.3,9.82,Rainy,Day,109.5,82.0
Marine & Rail,Freight Operations,4,4,24.8,9.98,Foggy,Night,115.0,337.3
Oil & Gas,Gas Compression Service,7,6,9.5,13.95,Sunny,Night,101.4,250.0
Marine & Rail,Tugboat Engine Service,5,7,76.8,12.27,Cloudy,Night,99.6,210.0
Construction,Excavation,8,5,28.0,0.88,Rainy,Night,85.3,292.7
Marine & Rail,Locomotive Maintenance,5,7,50.0,7.71,Rainy,Night,89.0,250.4
Mining,Hauling Ore,4,8,20.6,4.18,Sunny,Night,93.4,94.1
Construction,Excavation,4,6,27.8,2.81,Foggy,Day,98.8,176.5
Construction,Road Building,7,9,38.7,5.28,Sunny,Day,100.7,236.0
Construction,Foundation Work,9,8,25.4,5.21,Sunny,Day,90.2,257.9
Construction,Material Loading,4,7,29.4,8.85,Cloudy,Day,94.6,62.3
Mining,Drilling,6,9,20.9,7.5,Cloudy,Day,94.1,186.2
Mining,Hauling Ore,3,6,52.2,1.39,Sunny,Day,91.4,88.3
Oil & Gas,Well Drilling,7,9,60.6,4.81,Rainy,Day,100.1,385.8
Marine & Rail,Freight Operations,3,9,42.4,14.19,Sunny,Night,97.1,188.7
Construction,Road Building,6,10,39.6,9.32,Cloudy,Night,97.9,221.8
Construction,Material Loading,5,8,26.2,7.79,Sunny,Day,101.4,61.6
Marine & Rail,Tugboat Engine Service,6,6,30.8,6.99,Rainy,Night,94.5,213.0
Oil & Gas,Well Drilling,7,6,25.0,7.87,Foggy,Night,94.8,476.8
Mining,Surface Excavation,8,9,30.3,2.81,Cloudy,Day,85.1,159.2
Oil & Gas,Well Drilling,7,7,33.2,4.04,Sunny,Day,107.9,400.1
Construction,Road Building,6,7,74.3,13.26,Sunny,Night,96.1,333.1
Data Center Power,Cooling System Inspection,6,6,52.2,2.1,Sunny,Night,82.0,80.6
Data Center Power,Emergency Power Deployment,6,9,9.6,0.81,Sunny,Day,84.6,79.6
Construction,Demolition,5,6,47.8,5.77,Sunny,Day,94.1,208.3
Construction,Foundation Work,7,10,23.4,8.15,Sunny,Day,102.5,193.4
Data Center Power,Backup Generator Testing,4,6,36.9,2.37,Sunny,Day,82.2,68.4
Construction,Road Building,8,8,42.5,1.1,Sunny,Day,106.0,292.3
Oil & Gas,Well Drilling,6,5,20.5,5.36,Sunny,Day,92.6,406.7
Data Center Power,Emergency Power Deployment,6,9,22.4,4.18,Cloudy,Day,97.0,88.7
Mining,Surface Excavation,6,8,55.3,9.74,Rainy,Day,94.1,202.2
Data Center Power,Generator Maintenance,6,8,5.1,3.83,Sunny,Day,94.1,101.9
Construction,Excavation,7,6,29.8,9.11,Sunny,Day,92.8,234.9
Construction,Foundation Work,8,7,13.9,2.34,Rainy,Day,108.9,316.4
Data Center Power,Emergency Power Deployment,5,5,53.3,4.09,Rainy,Night,77.4,132.8
Mining,Hauling Ore,3,7,18.7,7.15,Sunny,Day,93.6,87.0
Data Center Power,Backup Generator Testing,5,9,14.0,3.04,Rainy,Day,88.8,62.7
Data Center Power,Cooling System Inspection,6,9,1.3,5.86,Cloudy,Night,82.8,67.6
Marine & Rail,Tugboat Engine Service,6,6,65.4,1.77,Sunny,Night,87.2,210.5
Construction,Demolition,5,7,24.6,9.15,Sunny,Day,104.8,190.7
Oil & Gas,Well Drilling,10,7,6.2,0.43,Cloudy,Night,78.7,417.3
Construction,Foundation Work,5,9,15.2,3.45,Rainy,Day,86.9,194.9
Oil & Gas,Well Servicing,6,5,15.1,8.14,Sunny,Day,94.7,287.0
Marine & Rail,Locomotive Maintenance,4,5,5.3,1.42,Sunny,Day,89.5,200.3
Marine & Rail,Locomotive Maintenance,7,6,53.1,6.99,Sunny,Day,82.8,292.9
Marine & Rail,Freight Operations,6,8,46.9,15.07,Sunny,Day,93.5,233.0
Construction,Road Building,5,8,28.6,3.31,Sunny,Day,91.9,206.9
Oil & Gas,Well Servicing,7,7,26.2,9.98,Sunny,Day,104.0,296.5
Marine & Rail,Freight Operations,6,9,22.4,3.82,Cloudy,Night,91.1,213.8
Data Center Power,Backup Generator Testing,3,10,17.3,0.36,Rainy,Night,81.2,55.1
Mining,Drilling,7,7,73.3,7.79,Cloudy,Night,92.1,304.1
Mining,Hauling Ore,3,7,43.8,11.79,Foggy,Day,93.3,119.6
Oil & Gas,Pipeline Pumping,6,9,59.6,1.73,Cloudy,Day,97.9,135.6
Construction,Road Building,5,9,25.1,5.17,Cloudy,Day,108.8,222.8
Construction,Excavation,7,9,74.0,3.83,Cloudy,Day,94.4,188.3
Oil & Gas,Gas Compression Service,7,9,11.4,4.21,Rainy,Day,85.1,161.0
Mining,Aggregate Collection,3,8,7.2,9.56,Sunny,Night,95.4,58.1
Data Center Power,Generator Maintenance,4,6,33.9,8.07,Cloudy,Day,86.9,119.0
Data Center Power,Backup Generator Testing,5,10,37.8,9.34,Sunny,Day,92.3,62.1
Construction,Material Loading,3,9,18.4,8.64,Cloudy,Day,101.9,52.1
Data Center Power,Backup Generator Testing,5,5,20.5,3.78,Sunny,Night,85.9,80.2
Oil & Gas,Well Servicing,5,6,19.6,7.24,Rainy,Night,86.6,297.1
Oil & Gas,Gas Compression Service,9,6,70.1,6.93,Cloudy,Night,82.1,322.4
Mining,Drilling,7,6,49.0,3.06,Rainy,Day,94.1,304.8
Marine & Rail,Tugboat Engine Service,7,9,21.0,4.5,Sunny,Night,94.9,165.6
Mining,Aggregate Collection,4,9,13.0,8.7,Rainy,Day,106.6,67.3
Construction,Foundation Work,4,8,6.4,2.58,Sunny,Day,74.7,167.3
Marine & Rail,Freight Operations,5,9,14.5,10.2,Cloudy,Night,98.5,206.7
Oil & Gas,Well Drilling,5,6,24.6,9.43,Rainy,Day,89.1,421.9
Mining,Aggregate Collection,6,8,69.7,14.45,Sunny,Day,94.7,77.5
Mining,Aggregate Collection,3,7,78.7,9.4,Sunny,Night,107.3,75.5
Construction,Excavation,5,8,38.6,6.12,Cloudy,Day,115.0,196.3
Construction,Site Preparation,4,4,7.7,5.95,Rainy,Day,97.6,177.5
Marine & Rail,Locomotive Maintenance,8,6,57.4,5.72,Sunny,Day,84.4,318.8
Mining,Surface Excavation,7,7,53.1,12.73,Sunny,Day,99.4,227.4
Marine & Rail,Freight Operations,5,7,47.3,12.68,Sunny,Night,95.4,233.5
Oil & Gas,Well Servicing,7,8,54.9,6.12,Sunny,Day,85.8,254.7
Construction,Site Preparation,4,7,42.3,1.9,Cloudy,Day,97.6,139.1
Marine & Rail,Tugboat Engine Service,6,7,32.2,7.32,Cloudy,Day,95.3,182.3
Construction,Excavation,6,7,26.6,4.47,Sunny,Day,103.5,181.3
Oil & Gas,Well Drilling,5,9,31.5,6.13,Cloudy,Night,97.7,296.7
Data Center Power,Backup Generator Testing,4,9,66.2,7.18,Cloudy,Night,85.8,70.7
Construction,Excavation,6,7,28.8,5.21,Sunny,Day,99.5,186.4
Mining,Surface Excavation,6,10,10.8,3.08,Sunny,Night,86.1,124.8
Construction,Excavation,6,7,69.8,5.58,Sunny,Day,83.8,194.3
Data Center Power,Cooling System Inspection,6,6,47.0,4.58,Rainy,Night,90.8,86.4
Oil & Gas,Well Drilling,6,9,54.4,7.26,Sunny,Day,98.6,304.1
Marine & Rail,Tugboat Engine Service,7,8,52.3,10.21,Foggy,Night,89.7,253.5
Construction,Demolition,6,8,47.1,5.8,Sunny,Day,97.6,183.6
Data Center Power,Backup Generator Testing,4,9,63.1,8.75,Foggy,Night,83.0,72.7
Marine & Rail,Freight Operations,4,8,31.2,10.23,Foggy,Night,103.2,250.2
Oil & Gas,Well Servicing,7,8,40.3,6.07,Rainy,Night,91.7,307.6
Data Center Power,Backup Generator Testing,6,8,7.8,1.55,Rainy,Day,74.8,67.9
Marine & Rail,Freight Operations,4,6,27.5,9.77,Foggy,Day,96.9,248.5
Oil & Gas,Gas Compression Service,8,8,28.7,9.57,Sunny,Day,92.1,215.6
Oil & Gas,Well Drilling,9,7,33.7,11.65,Sunny,Night,101.7,546.8
Data Center Power,Backup Generator Testing,4,6,45.9,6.68,Sunny,Day,81.8,70.3
Construction,Road Building,5,9,16.5,9.06,Cloudy,Night,96.3,218.3
Data Center Power,Cooling System Inspection,6,8,60.9,5.5,Sunny,Day,78.4,72.3
Marine & Rail,Freight Operations,4,8,51.1,8.7,Sunny,Night,96.0,205.7
Mining,Hauling Ore,8,7,81.0,3.99,Rainy,Day,93.2,166.1
Marine & Rail,Tugboat Engine Service,6,6,34.8,4.0,Rainy,Day,90.3,190.5
Construction,Road Building,3,7,41.3,8.58,Cloudy,Day,99.3,230.9
Construction,Foundation Work,6,7,38.5,3.27,Rainy,Day,87.7,262.4
Oil & Gas,Pipeline Pumping,7,6,17.9,6.12,Cloudy,Day,80.6,170.2
Data Center Power,Generator Maintenance,4,6,23.1,2.99,Sunny,Night,86.9,112.7
Construction,Foundation Work,5,8,36.7,3.69,Sunny,Night,99.5,206.1
Oil & Gas,Pipeline Pumping,4,7,59.0,3.82,Sunny,Day,86.9,128.2
Mining,Drilling,7,10,41.9,1.14,Rainy,Day,94.1,193.0
Marine & Rail,Locomotive Maintenance,7,8,28.1,10.18,Sunny,Day,96.7,231.6
Oil & Gas,Well Drilling,5,10,12.5,12.61,Cloudy,Day,110.3,292.7
Mining,Drilling,7,7,45.5,16.54,Rainy,Night,99.7,367.2
Mining,Hauling Ore,2,6,55.2,8.57,Rainy,Day,99.8,107.3
Marine & Rail,Rail Network Inspection,5,8,48.5,6.69,Rainy,Night,80.8,190.7
Data Center Power,Emergency Power Deployment,8,9,29.8,8.56,Sunny,Night,83.9,116.0
Mining,Surface Excavation,6,8,30.3,4.42,Cloudy,Day,100.3,154.8
Construction,Excavation,4,5,29.3,14.04,Sunny,Night,102.5,231.6
Construction,Foundation Work,7,8,44.7,1.85,Sunny,Night,76.4,242.4
Mining,Drilling,6,6,31.6,3.26,Rainy,Day,100.0,252.6
Data Center Power,Emergency Power Deployment,6,8,42.9,3.64,Cloudy,Night,93.9,107.0
Construction,Site Preparation,5,8,12.0,1.03,Rainy,Night,92.7,157.1
Oil & Gas,Gas Compression Service,6,9,15.6,4.52,Rainy,Day,94.0,143.2
Oil & Gas,Well Servicing,7,7,51.2,3.27,Rainy,Day,87.7,304.9
Mining,Surface Excavation,6,4,70.5,12.02,Sunny,Day,96.8,261.3
Marine & Rail,Freight Operations,4,7,27.9,4.63,Cloudy,Day,90.1,190.4
Oil & Gas,Gas Compression Service,8,4,23.9,6.3,Cloudy,Night,101.3,306.2
Construction,Site Preparation,7,7,87.6,12.66,Sunny,Night,96.5,252.0
Marine & Rail,Rail Network Inspection,3,7,11.3,7.24,Sunny,Night,86.4,134.7
Mining,Surface Excavation,6,8,22.4,13.2,Sunny,Night,105.0,198.5
Data Center Power,Emergency Power Deployment,7,6,27.1,1.73,Sunny,Night,90.0,128.5
Oil & Gas,Well Servicing,7,9,38.7,7.66,Sunny,Day,95.4,229.5
Mining,Hauling Ore,5,7,35.0,13.06,Sunny,Night,88.4,123.2
Data Center Power,Emergency Power Deployment,5,6,11.6,3.91,Rainy,Day,86.4,105.8
Data Center Power,Cooling System Inspection,5,8,34.5,4.78,Sunny,Day,83.0,62.2
Mining,Drilling,5,6,30.7,13.55,Sunny,Day,111.0,275.1
Oil & Gas,Well Servicing,6,8,7.7,7.54,Rainy,Day,96.1,245.4
Construction,Material Loading,6,8,34.8,8.01,Sunny,Day,105.6,73.7
Oil & Gas,Well Servicing,9,9,14.0,8.92,Sunny,Day,100.4,246.3
Marine & Rail,Rail Network Inspection,6,8,52.5,3.38,Foggy,Day,82.4,197.3
Marine & Rail,Tugboat Engine Service,4,8,43.7,11.17,Rainy,Night,94.7,168.9
Marine & Rail,Tugboat Engine Service,6,8,39.9,6.11,Cloudy,Night,95.2,176.2
Data Center Power,Cooling System Inspection,6,6,32.0,6.63,Rainy,Day,82.8,75.3
Oil & Gas,Gas Compression Service,6,6,12.9,4.66,Sunny,Day,95.8,190.9
Mining,Drilling,4,9,6.7,8.56,Rainy,Night,103.4,197.6
Mining,Drilling,8,9,13.9,6.39,Sunny,Night,115.0,258.4
Construction,Demolition,5,8,49.9,5.12,Sunny,Day,102.7,169.2
Mining,Surface Excavation,5,9,28.9,9.88,Cloudy,Day,100.6,148.0
Data Center Power,Cooling System Inspection,6,6,13.1,2.16,Sunny,Night,83.2,75.8
Data Center Power,Cooling System Inspection,5,8,29.3,1.92,Rainy,Day,81.0,62.3
Mining,Surface Excavation,5,8,25.8,8.19,Sunny,Day,102.0,154.1
Construction,Foundation Work,8,9,53.3,8.13,Rainy,Day,93.5,282.1
Mining,Aggregate Collection,3,6,48.5,10.1,Cloudy,Day,100.8,65.8
Mining,Surface Excavation,6,8,35.8,11.56,Cloudy,Day,93.8,174.9
Construction,Road Building,7,6,58.6,8.47,Cloudy,Day,105.3,367.6
Marine & Rail,Freight Operations,5,6,69.7,10.56,Rainy,Night,93.5,278.7
Marine & Rail,Freight Operations,4,5,61.4,8.18,Rainy,Day,101.3,257.3
Marine & Rail,Tugboat Engine Service,5,9,38.4,3.77,Sunny,Night,95.6,139.4
Mining,Hauling Ore,3,9,82.6,4.35,Cloudy,Day,92.6,87.9
Marine & Rail,Freight Operations,5,6,4.5,10.17,Sunny,Day,96.3,215.3
Data Center Power,Emergency Power Deployment,7,9,44.3,1.83,Cloudy,Day,88.6,96.5
Construction,Demolition,8,9,34.1,1.01,Sunny,Day,96.6,175.6
Oil & Gas,Pipeline Pumping,7,8,21.8,4.08,Rainy,Day,92.2,150.0
Marine & Rail,Freight Operations,6,6,35.2,11.51,Foggy,Day,89.1,290.1
Oil & Gas,Pipeline Pumping,5,7,49.7,0.31,Sunny,Night,93.2,140.5
Oil & Gas,Gas Compression Service,6,5,61.0,4.33,Rainy,Day,86.4,232.2
Mining,Hauling Ore,5,8,20.0,3.43,Sunny,Night,99.6,101.1
Data Center Power,Cooling System Inspection,7,5,55.4,9.87,Sunny,Day,87.8,91.6
Construction,Foundation Work,6,9,54.2,4.96,Cloudy,Day,98.0,200.6
Mining,Aggregate Collection,7,8,69.6,7.05,Sunny,Day,93.4,86.0
Marine & Rail,Freight Operations,4,4,13.4,12.81,Sunny,Night,99.4,237.9
Oil & Gas,Well Servicing,9,8,54.3,3.21,Sunny,Day,90.6,301.3
Oil & Gas,Well Servicing,7,6,19.6,10.82,Sunny,Day,92.0,291.6
Marine & Rail,Freight Operations,5,5,60.8,6.02,Sunny,Day,97.7,234.2
Mining,Hauling Ore,5,8,33.4,10.9,Cloudy,Day,97.1,103.1
Oil & Gas,Well Drilling,6,6,20.2,12.06,Cloudy,Day,99.1,425.4
Marine & Rail,Tugboat Engine Service,5,9,40.2,8.8,Cloudy,Night,86.7,158.3
Mining,Hauling Ore,6,9,14.5,1.52,Sunny,Day,102.3,92.7
Construction,Road Building,4,6,54.8,3.25,Foggy,Day,101.4,266.8
Construction,Excavation,4,6,10.5,6.87,Rainy,Night,103.4,217.0
Oil & Gas,Well Drilling,8,5,6.2,9.82,Rainy,Night,103.7,583.4
Data Center Power,Emergency Power Deployment,7,7,46.4,5.06,Sunny,Day,86.9,122.7
Data Center Power,Backup Generator Testing,6,7,40.6,2.38,Cloudy,Day,87.4,77.9
Oil & Gas,Well Drilling,9,7,55.8,6.59,Sunny,Day,97.9,508.7
Mining,Hauling Ore,6,8,37.9,10.03,Cloudy,Day,92.6,114.3
Mining,Drilling,9,7,75.5,6.72,Foggy,Day,84.2,351.1
Marine & Rail,Tugboat Engine Service,7,10,39.9,2.03,Foggy,Night,96.9,173.7
Marine & Rail,Freight Operations,4,6,70.3,4.7,Cloudy,Day,99.5,214.5
Data Center Power,Backup Generator Testing,5,6,60.2,0.41,Foggy,Day,74.2,77.6
Data Center Power,Cooling System Inspection,6,8,34.3,7.66,Sunny,Night,82.5,75.5
Oil & Gas,Well Servicing,7,8,9.7,10.94,Cloudy,Day,91.0,246.6
Construction,Material Loading,3,8,45.6,5.56,Rainy,Day,101.7,65.1
Marine & Rail,Freight Operations,5,6,48.4,2.66,Sunny,Day,88.1,215.5
Data Center Power,Emergency Power Deployment,8,7,19.1,5.41,Sunny,Night,108.5,144.0
Oil & Gas,Well Servicing,6,6,14.5,2.68,Cloudy,Day,88.5,243.6
Construction,Material Loading,2,8,17.2,2.24,Sunny,Day,95.1,44.5
Marine & Rail,Tugboat Engine Service,8,9,26.7,2.2,Sunny,Day,73.5,157.5
Oil & Gas,Well Servicing,6,6,13.7,1.65,Sunny,Night,91.1,239.8
Construction,Material Loading,4,9,42.8,2.67,Cloudy,Day,90.8,54.4
Construction,Excavation,7,6,11.5,6.0,Sunny,Night,94.0,224.0
Oil & Gas,Well Drilling,7,7,48.2,5.78,Cloudy,Night,105.4,461.6
Marine & Rail,Freight Operations,4,7,41.1,9.97,Sunny,Night,94.7,212.3
Mining,Hauling Ore,2,9,28.9,6.43,Sunny,Day,92.9,74.8
Mining,Hauling Ore,7,9,35.3,1.57,Sunny,Day,95.6,104.4
Oil & Gas,Well Servicing,6,9,25.6,11.98,Sunny,Day,87.0,213.4
Data Center Power,Emergency Power Deployment,6,8,36.1,3.64,Sunny,Day,89.1,97.2
Mining,Drilling,5,7,18.4,2.46,Sunny,Day,88.7,188.3
Oil & Gas,Pipeline Pumping,7,8,63.9,16.08,Rainy,Day,100.1,208.2
Construction,Foundation Work,6,6,38.9,2.41,Cloudy,Day,91.2,249.0
Construction,Excavation,5,6,11.3,2.04,Cloudy,Day,100.2,171.9
Mining,Surface Excavation,5,8,59.2,8.84,Rainy,Day,97.7,187.7
Data Center Power,Cooling System Inspection,6,8,67.2,0.89,Sunny,Day,70.0,69.4
Mining,Drilling,6,9,37.3,6.94,Cloudy,Day,90.2,187.5
Oil & Gas,Well Drilling,7,9,77.6,3.11,Rainy,Day,86.8,393.4
Data Center Power,Cooling System Inspection,5,7,31.7,7.61,Sunny,Day,83.3,65.7
Oil & Gas,Well Servicing,7,6,46.1,9.72,Sunny,Day,87.3,317.4
Marine & Rail,Tugboat Engine Service,6,9,39.1,8.69,Sunny,Day,85.9,150.8
Mining,Surface Excavation,4,7,31.8,6.4,Rainy,Day,104.7,175.2
Construction,Excavation,5,8,46.9,10.47,Foggy,Day,92.3,181.2
Oil & Gas,Well Drilling,7,7,46.1,9.74,Cloudy,Day,96.5,434.6
Mining,Hauling Ore,5,10,3.3,0.89,Cloudy,Day,86.9,78.8
Mining,Surface Excavation,6,8,66.2,4.93,Rainy,Day,96.5,200.8
Construction,Foundation Work,5,7,60.4,13.93,Rainy,Night,94.3,298.5
Marine & Rail,Freight Operations,4,8,70.0,3.57,Foggy,Night,96.4,253.7
Mining,Surface Excavation,7,7,12.6,1.21,Cloudy,Day,87.5,169.5
Oil & Gas,Pipeline Pumping,8,4,68.5,1.27,Sunny,Night,78.2,222.0
Mining,Aggregate Collection,6,7,22.1,7.57,Foggy,Day,94.6,74.8
Data Center Power,Cooling System Inspection,5,9,33.4,3.86,Cloudy,Day,80.4,60.6
Mining,Drilling,5,8,24.4,9.82,Rainy,Day,93.8,217.9
Construction,Excavation,5,10,13.1,15.38,Rainy,Day,96.5,160.7
Mining,Hauling Ore,4,10,42.5,4.55,Sunny,Night,93.1,89.1
Marine & Rail,Locomotive Maintenance,7,7,8.1,8.52,Rainy,Day,88.2,244.9
Mining,Drilling,7,10,21.8,1.59,Sunny,Night,105.3,176.1
Oil & Gas,Well Drilling,7,7,44.9,12.79,Cloudy,Night,104.9,518.4
Marine & Rail,Freight Operations,5,8,61.5,12.36,Foggy,Night,99.3,285.6
Marine & Rail,Freight Operations,5,8,39.5,11.65,Rainy,Day,96.6,241.7
Marine & Rail,Tugboat Engine Service,6,8,36.5,2.85,Rainy,Day,97.0,157.6
Oil & Gas,Gas Compression Service,5,6,42.0,6.57,Rainy,Day,97.0,198.8
Data Center Power,Emergency Power Deployment,4,9,20.3,4.2,Sunny,Day,92.4,76.0
Oil & Gas,Pipeline Pumping,4,8,66.3,1.87,Rainy,Day,89.1,124.7
Data Center Power,Emergency Power Deployment,7,7,50.4,6.43,Sunny,Day,93.1,126.5
Marine & Rail,Tugboat Engine Service,5,6,62.5,3.62,Sunny,Day,85.4,182.2
Oil & Gas,Pipeline Pumping,5,10,16.4,7.26,Rainy,Day,97.5,126.8
Mining,Drilling,5,5,41.6,3.26,Rainy,Day,88.2,266.6
Construction,Road Building,8,7,27.8,5.9,Rainy,Day,86.8,335.5
Oil & Gas,Gas Compression Service,5,8,21.7,9.76,Rainy,Day,95.2,170.4
Mining,Surface Excavation,7,9,54.4,2.78,Cloudy,Night,111.6,197.3
Construction,Foundation Work,7,5,58.9,5.19,Cloudy,Day,84.5,331.0
Construction,Material Loading,5,8,58.2,3.79,Cloudy,Night,102.6,71.0
Mining,Aggregate Collection,4,9,20.1,8.23,Cloudy,Night,98.4,62.5
Mining,Surface Excavation,8,7,6.5,5.98,Sunny,Day,93.1,193.5
Oil & Gas,Gas Compression Service,7,8,51.9,12.04,Sunny,Day,105.1,215.9
Mining,Surface Excavation,4,5,40.5,8.99,Cloudy,Night,96.3,209.5
Construction,Excavation,6,7,36.6,7.23,Cloudy,Day,101.6,195.9
Construction,Road Building,6,8,59.8,7.28,Sunny,Day,94.2,255.4
Marine & Rail,Rail Network Inspection,6,8,24.2,4.95,Rainy,Night,98.3,196.6
Oil & Gas,Well Drilling,8,10,15.5,3.88,Sunny,Night,99.9,303.5
Marine & Rail,Locomotive Maintenance,7,8,61.3,1.84,Sunny,Night,115.0,302.3
Oil & Gas,Gas Compression Service,7,8,25.6,3.77,Sunny,Day,93.3,175.0
Construction,Site Preparation,6,9,25.2,7.73,Foggy,Day,89.8,154.3
Marine & Rail,Locomotive Maintenance,7,5,16.3,7.28,Sunny,Night,96.9,306.3
Construction,Excavation,5,8,49.5,2.58,Cloudy,Day,94.5,150.0
Oil & Gas,Pipeline Pumping,4,7,46.2,0.77,Sunny,Day,90.6,123.0
Marine & Rail,Locomotive Maintenance,7,9,29.9,7.85,Rainy,Night,105.5,250.9
Oil & Gas,Well Drilling,5,7,30.3,3.01,Cloudy,Night,91.9,343.1
Marine & Rail,Locomotive Maintenance,4,8,44.4,7.9,Foggy,Night,106.7,223.8
Data Center Power,Cooling System Inspection,5,7,28.9,4.36,Sunny,Night,81.9,69.5
Data Center Power,Generator Maintenance,5,10,23.9,7.56,Sunny,Night,102.7,94.3
Data Center Power,Backup Generator Testing,6,7,17.5,4.15,Rainy,Night,92.8,83.3
Construction,Demolition,8,8,27.1,9.22,Rainy,Night,99.0,275.8
Mining,Drilling,5,5,5.7,4.35,Sunny,Night,94.6,228.8
Data Center Power,Emergency Power Deployment,4,7,11.9,3.65,Rainy,Night,84.1,97.6
Construction,Foundation Work,4,6,25.3,4.28,Sunny,Day,108.8,232.3
Construction,Site Preparation,4,9,37.9,9.25,Rainy,Day,99.9,153.4
Construction,Excavation,7,10,38.6,5.98,Foggy,Night,92.5,172.1
Construction,Demolition,7,6,18.6,4.62,Sunny,Day,94.8,222.2
Mining,Aggregate Collection,3,7,46.9,3.47,Cloudy,Night,96.2,61.8
Oil & Gas,Gas Compression Service,5,8,19.1,6.7,Cloudy,Day,107.0,168.3
Data Center Power,Backup Generator Testing,3,8,79.2,2.17,Sunny,Day,77.2,60.8
Data Center Power,Generator Maintenance,8,8,49.9,8.53,Sunny,Day,99.0,142.6
Oil & Gas,Well Drilling,7,6,13.7,7.38,Rainy,Night,97.0,472.5
Marine & Rail,Rail Network Inspection,4,8,67.4,5.06,Sunny,Day,89.2,142.8
Mining,Hauling Ore,7,5,66.2,3.81,Sunny,Night,94.6,149.9
Oil & Gas,Gas Compression Service,5,5,18.5,8.58,Cloudy,Day,103.9,221.0
Marine & Rail,Locomotive Maintenance,6,7,23.9,9.75,Sunny,Day,89.4,237.0
Data Center Power,Backup Generator Testing,4,6,7.8,1.74,Sunny,Night,75.2,67.7
Oil & Gas,Well Drilling,7,9,34.6,1.78,Sunny,Night,98.6,332.8
Construction,Road Building,7,8,12.6,8.71,Rainy,Day,99.6,293.0
Oil & Gas,Well Servicing,6,8,45.8,11.38,Cloudy,Night,99.5,276.3
Construction,Excavation,5,9,28.1,4.79,Sunny,Day,93.2,136.9
Marine & Rail,Rail Network Inspection,6,8,27.0,7.99,Sunny,Day,86.0,160.6
Oil & Gas,Well Servicing,7,10,55.3,6.19,Sunny,Night,92.4,218.2
Data Center Power,Cooling System Inspection,5,8,13.8,7.97,Sunny,Day,80.2,61.6
Construction,Road Building,6,7,39.4,5.14,Sunny,Day,91.4,260.3
Oil & Gas,Well Servicing,8,9,25.1,12.74,Rainy,Night,90.2,317.4
Mining,Surface Excavation,5,5,30.8,10.42,Rainy,Night,88.2,244.0
Marine & Rail,Freight Operations,7,8,45.4,4.31,Cloudy,Night,112.5,304.0
Oil & Gas,Well Servicing,8,10,42.3,11.07,Cloudy,Day,91.7,237.7
Mining,Hauling Ore,3,7,11.8,2.57,Rainy,Day,96.2,92.9
Oil & Gas,Gas Compression Service,6,9,5.8,6.12,Cloudy,Day,106.9,155.5
Oil & Gas,Pipeline Pumping,6,9,22.3,11.7,Sunny,Day,98.2,144.4
Marine & Rail,Freight Operations,4,4,39.6,5.9,Sunny,Night,99.4,238.4
Mining,Drilling,7,8,61.2,7.65,Rainy,Day,106.2,294.4
Oil & Gas,Gas Compression Service,6,7,6.6,9.37,Sunny,Night,100.0,202.6
Marine & Rail,Locomotive Maintenance,9,10,31.2,12.51,Sunny,Day,87.7,236.0
Marine & Rail,Tugboat Engine Service,6,7,39.7,11.1,Foggy,Night,96.8,254.7
Construction,Demolition,4,9,15.6,7.72,Cloudy,Day,87.6,141.2
Oil & Gas,Gas Compression Service,7,8,40.2,13.44,Sunny,Day,99.8,210.4
Oil & Gas,Gas Compression Service,7,9,34.8,1.94,Sunny,Day,97.9,158.5
Marine & Rail,Locomotive Maintenance,4,7,32.0,7.83,Foggy,Night,95.3,222.4
Construction,Excavation,7,9,26.3,4.07,Cloudy,Night,103.1,178.3
Construction,Demolition,6,6,38.9,9.54,Sunny,Day,100.0,227.0
Construction,Demolition,8,4,64.7,8.46,Rainy,Day,107.3,420.0
Oil & Gas,Gas Compression Service,7,7,15.0,9.26,Rainy,Day,102.7,217.6
Marine & Rail,Rail Network Inspection,4,7,48.2,6.35,Rainy,Night,83.7,181.3
Mining,Drilling,5,6,16.6,7.44,Sunny,Day,95.6,219.2
Data Center Power,Backup Generator Testing,3,7,22.3,3.59,Sunny,Night,89.1,66.6
Marine & Rail,Locomotive Maintenance,6,8,23.6,5.04,Rainy,Night,93.0,228.3
Mining,Aggregate Collection,7,8,37.2,3.85,Cloudy,Day,92.6,79.3
Construction,Foundation Work,6,4,37.0,4.67,Sunny,Day,89.4,282.2
Construction,Excavation,8,5,48.8,1.91,Sunny,Night,94.0,270.3
Marine & Rail,Freight Operations,4,8,25.5,4.54,Sunny,Day,87.6,175.3
Oil & Gas,Well Servicing,7,5,23.1,13.93,Rainy,Night,94.2,413.9
Data Center Power,Cooling System Inspection,4,9,43.3,5.04,Sunny,Day,96.8,59.0
Data Center Power,Cooling System Inspection,5,7,18.3,6.12,Sunny,Night,74.0,69.6
Mining,Aggregate Collection,6,8,32.3,3.72,Cloudy,Day,96.1,68.3
Oil & Gas,Well Servicing,7,6,36.6,5.39,Sunny,Night,92.6,306.6
Data Center Power,Backup Generator Testing,6,9,20.6,3.51,Cloudy,Day,81.9,68.3
Marine & Rail,Rail Network Inspection,4,10,48.1,10.86,Rainy,Day,84.7,151.2
Oil & Gas,Well Drilling,5,8,22.6,9.93,Cloudy,Night,95.6,335.2
Construction,Site Preparation,3,7,40.5,6.05,Sunny,Day,92.7,132.7
Oil & Gas,Gas Compression Service,6,7,58.0,4.9,Sunny,Day,97.3,199.6
Construction,Material Loading,6,9,27.3,5.31,Sunny,Night,92.7,67.0
Data Center Power,Backup Generator Testing,4,8,53.6,3.72,Sunny,Day,81.5,64.4
Data Center Power,Cooling System Inspection,7,6,47.0,0.65,Sunny,Day,76.1,81.9
Mining,Surface Excavation,3,7,83.4,4.1,Sunny,Day,88.7,148.1
Marine & Rail,Freight Operations,3,7,24.1,4.42,Sunny,Day,94.0,169.5
Construction,Foundation Work,9,6,47.3,3.64,Cloudy,Day,90.4,332.2
Construction,Material Loading,5,7,34.2,10.58,Rainy,Day,92.8,78.3
Mining,Drilling,7,9,7.8,5.14,Sunny,Day,101.6,185.5
Oil & Gas,Well Servicing,7,9,63.8,4.69,Sunny,Day,91.5,230.6
Marine & Rail,Freight Operations,6,8,16.5,3.01,Rainy,Day,98.3,228.6
Marine & Rail,Locomotive Maintenance,5,4,45.6,11.55,Sunny,Day,95.2,300.2
Data Center Power,Backup Generator Testing,6,7,17.7,4.25,Sunny,Day,89.2,73.5
Marine & Rail,Tugboat Engine Service,5,9,21.1,1.41,Foggy,Day,90.1,150.5
Mining,Surface Excavation,4,8,42.3,15.57,Sunny,Night,112.8,199.0
Marine & Rail,Locomotive Maintenance,7,8,59.5,6.7,Cloudy,Night,89.9,273.7
Data Center Power,Emergency Power Deployment,5,7,18.0,2.22,Sunny,Day,87.5,95.6
Construction,Material Loading,3,8,35.6,8.79,Cloudy,Day,96.5,57.1
Marine & Rail,Freight Operations,3,7,51.3,10.74,Sunny,Day,98.3,190.9
Data Center Power,Emergency Power Deployment,4,9,55.8,2.74,Cloudy,Night,78.4,82.9
Marine & Rail,Rail Network Inspection,5,7,34.1,14.02,Rainy,Night,95.8,199.5
Oil & Gas,Pipeline Pumping,4,9,62.4,4.73,Cloudy,Night,95.7,135.5
Mining,Surface Excavation,6,9,38.3,6.51,Rainy,Night,107.0,198.3
Marine & Rail,Tugboat Engine Service,8,8,13.7,10.69,Foggy,Night,88.4,248.7
Oil & Gas,Well Servicing,4,6,64.0,4.75,Sunny,Night,84.6,253.4
Marine & Rail,Locomotive Maintenance,9,7,26.5,2.74,Sunny,Night,82.4,295.8
Mining,Surface Excavation,6,9,24.4,12.79,Rainy,Night,97.2,196.0
Marine & Rail,Locomotive Maintenance,8,10,39.7,5.96,Foggy,Night,95.1,235.4
Construction,Excavation,4,8,21.9,11.4,Cloudy,Day,101.9,162.4
Construction,Foundation Work,5,7,68.3,4.07,Cloudy,Night,82.5,238.2
Data Center Power,Backup Generator Testing,5,4,33.9,4.81,Sunny,Day,81.7,78.3
Oil & Gas,Pipeline Pumping,4,8,69.3,12.0,Cloudy,Day,85.6,151.5
Construction,Excavation,6,7,29.3,10.84,Cloudy,Day,102.2,209.9
Oil & Gas,Pipeline Pumping,7,9,59.7,2.61,Cloudy,Day,84.3,156.9
Marine & Rail,Freight Operations,5,6,53.4,9.66,Sunny,Day,100.4,237.5
Mining,Aggregate Collection,6,4,33.5,6.04,Rainy,Day,93.7,94.7
Oil & Gas,Gas Compression Service,5,10,15.4,8.47,Cloudy,Day,99.6,129.7
Data Center Power,Cooling System Inspection,6,8,25.9,4.01,Sunny,Day,95.8,66.8
Construction,Foundation Work,6,8,11.2,7.57,Sunny,Day,94.3,200.6
Marine & Rail,Rail Network Inspection,6,8,36.2,9.17,Foggy,Night,81.1,215.6
Construction,Material Loading,4,8,36.6,8.5,Rainy,Day,101.7,70.0
Construction,Excavation,7,5,50.8,5.32,Cloudy,Day,86.3,248.0
Data Center Power,Cooling System Inspection,4,9,49.8,2.59,Rainy,Day,72.3,57.9
Mining,Drilling,5,7,34.2,8.71,Sunny,Night,89.8,234.4
Oil & Gas,Well Drilling,7,7,39.9,9.6,Sunny,Day,93.6,415.2
Mining,Drilling,6,8,39.3,12.77,Sunny,Day,92.5,231.7
Mining,Surface Excavation,5,9,13.1,4.68,Rainy,Day,104.1,151.9
Construction,Material Loading,5,8,20.5,7.49,Rainy,Night,98.5,75.2
Construction,Material Loading,3,8,34.2,1.63,Sunny,Day,111.2,57.3
Data Center Power,Cooling System Inspection,3,7,23.5,3.18,Sunny,Day,77.1,54.4
Oil & Gas,Well Servicing,6,7,49.2,2.77,Rainy,Night,96.0,296.1
Marine & Rail,Tugboat Engine Service,4,7,45.8,11.83,Cloudy,Day,98.3,179.8
Construction,Material Loading,6,8,72.2,4.42,Cloudy,Night,107.8,86.6
Mining,Aggregate Collection,5,8,23.6,10.04,Cloudy,Day,102.0,69.1
Marine & Rail,Locomotive Maintenance,3,10,4.7,4.21,Cloudy,Day,92.7,121.1
Data Center Power,Backup Generator Testing,7,5,62.2,3.66,Sunny,Day,81.7,98.1
Mining,Hauling Ore,4,8,17.2,6.57,Cloudy,Day,97.9,92.5
Oil & Gas,Pipeline Pumping,5,6,10.0,8.53,Cloudy,Day,92.2,143.4
Marine & Rail,Tugboat Engine Service,6,7,39.9,4.57,Cloudy,Day,83.3,178.9
Construction,Material Loading,5,7,21.9,9.0,Sunny,Night,96.2,73.1
Oil & Gas,Well Servicing,8,6,33.9,4.06,Sunny,Day,92.4,312.2
Construction,Road Building,4,6,46.1,0.4,Sunny,Day,102.3,231.7
Oil & Gas,Well Drilling,7,5,71.2,2.55,Sunny,Day,99.8,471.6
Oil & Gas,Well Drilling,7,9,16.9,5.75,Cloudy,Night,96.5,328.9
Oil & Gas,Pipeline Pumping,5,9,48.6,6.28,Sunny,Day,88.9,133.6
Oil & Gas,Well Drilling,9,5,14.8,7.74,Cloudy,Night,90.4,538.5
Data Center Power,Backup Generator Testing,4,8,60.3,4.64,Sunny,Day,86.4,65.2
Data Center Power,Emergency Power Deployment,5,6,3.5,6.71,Rainy,Night,93.4,117.6
Oil & Gas,Well Drilling,5,8,33.5,3.76,Sunny,Day,100.0,286.0
Construction,Road Building,3,5,15.4,5.49,Rainy,Day,115.0,320.9
Oil & Gas,Well Drilling,7,8,14.2,1.93,Sunny,Day,89.1,315.7
Data Center Power,Emergency Power Deployment,7,9,21.4,5.47,Cloudy,Day,96.5,98.8
Mining,Surface Excavation,5,8,52.5,3.09,Rainy,Night,99.5,178.6
Data Center Power,Backup Generator Testing,3,7,36.1,2.32,Sunny,Day,78.1,59.3
Marine & Rail,Locomotive Maintenance,6,7,66.7,13.79,Cloudy,Day,87.7,274.3
Mining,Hauling Ore,3,6,63.7,4.66,Cloudy,Day,98.4,101.8
Oil & Gas,Gas Compression Service,6,4,80.1,5.35,Rainy,Day,104.6,269.5
Construction,Excavation,4,6,3.9,7.47,Sunny,Day,92.2,164.8
Mining,Aggregate Collection,4,7,34.8,7.43,Sunny,Night,92.6,67.7
Mining,Aggregate Collection,5,6,35.6,6.35,Sunny,Day,103.4,72.3
Mining,Hauling Ore,4,6,28.1,3.82,Foggy,Night,93.5,126.0
Data Center Power,Backup Generator Testing,5,9,32.7,3.42,Sunny,Night,83.4,67.4
Oil & Gas,Gas Compression Service,8,8,15.7,3.64,Foggy,Day,101.0,187.9
Marine & Rail,Locomotive Maintenance,4,7,26.9,5.3,Sunny,Night,95.3,207.3
Mining,Drilling,7,7,55.3,6.06,Cloudy,Night,92.0,283.8
Oil & Gas,Well Servicing,8,6,29.5,7.17,Cloudy,Night,85.4,339.0
Mining,Aggregate Collection,5,5,67.8,3.28,Cloudy,Day,91.7,76.3
Mining,Surface Excavation,5,7,5.9,3.95,Sunny,Night,98.8,162.7
Marine & Rail,Freight Operations,5,9,38.0,5.66,Foggy,Day,103.3,238.9
Data Center Power,Backup Generator Testing,6,9,3.2,1.71,Sunny,Day,73.8,62.8
Oil & Gas,Well Servicing,7,9,23.4,3.73,Sunny,Night,90.0,216.7
Data Center Power,Cooling System Inspection,5,7,37.6,5.97,Rainy,Night,76.4,74.9
Mining,Surface Excavation,6,5,53.2,4.53,Foggy,Day,105.8,228.9
Marine & Rail,Tugboat Engine Service,7,9,28.5,6.56,Foggy,Night,84.8,201.8
Oil & Gas,Gas Compression Service,8,7,9.4,4.7,Sunny,Night,102.8,214.7
Construction,Foundation Work,8,7,58.7,5.26,Sunny,Day,83.5,292.0
Marine & Rail,Rail Network Inspection,4,9,18.9,10.42,Sunny,Day,90.7,131.3
Oil & Gas,Well Servicing,8,8,33.3,8.92,Rainy,Day,87.7,308.9
Construction,Site Preparation,4,9,65.4,1.42,Foggy,Night,97.4,147.4
Oil & Gas,Well Servicing,6,8,30.9,1.71,Sunny,Day,88.9,205.6
Construction,Material Loading,8,8,70.7,6.71,Sunny,Day,101.3,93.3
Data Center Power,Backup Generator Testing,8,7,22.7,2.68,Sunny,Night,86.8,92.8
Construction,Site Preparation,6,4,30.8,9.17,Cloudy,Day,101.2,201.0
Construction,Foundation Work,6,9,18.2,5.58,Rainy,Day,102.1,209.8
Mining,Surface Excavation,5,7,34.2,4.48,Rainy,Night,85.8,189.4
Mining,Hauling Ore,5,9,35.0,15.57,Rainy,Day,105.9,134.2
Mining,Hauling Ore,8,8,47.2,3.36,Sunny,Day,98.1,128.0
Construction,Excavation,8,5,6.9,3.02,Sunny,Day,89.3,221.5
Mining,Surface Excavation,5,6,14.2,14.39,Cloudy,Day,96.9,194.8
Marine & Rail,Freight Operations,3,7,25.7,13.92,Cloudy,Night,107.0,208.8
Oil & Gas,Well Servicing,6,7,26.8,6.68,Rainy,Day,102.8,282.8
Data Center Power,Cooling System Inspection,6,7,73.6,7.42,Cloudy,Night,77.4,86.1
Marine & Rail,Freight Operations,7,7,34.6,2.8,Rainy,Day,101.3,274.3
Marine & Rail,Freight Operations,5,9,54.4,2.65,Sunny,Day,88.1,182.1
Construction,Foundation Work,5,8,55.3,6.81,Sunny,Day,95.7,205.0
Oil & Gas,Well Servicing,7,8,28.7,2.17,Sunny,Day,96.0,225.5
Oil & Gas,Pipeline Pumping,7,8,26.6,5.22,Sunny,Day,89.2,151.7
Data Center Power,Generator Maintenance,8,8,55.2,4.63,Cloudy,Day,92.3,138.2
Marine & Rail,Locomotive Maintenance,4,8,27.6,4.85,Sunny,Day,85.2,177.5
Construction,Road Building,4,6,31.5,8.65,Sunny,Day,92.5,253.7
Mining,Aggregate Collection,4,7,25.5,5.61,Foggy,Day,108.7,72.2
Oil & Gas,Well Servicing,6,10,32.1,2.08,Sunny,Day,91.5,173.8
Data Center Power,Emergency Power Deployment,5,9,37.8,5.11,Sunny,Night,101.0,89.7
Mining,Surface Excavation,7,9,25.1,9.86,Rainy,Day,102.1,196.3
Marine & Rail,Locomotive Maintenance,6,8,34.6,10.05,Sunny,Day,88.3,223.8
Mining,Surface Excavation,6,9,30.9,9.28,Sunny,Day,105.5,157.1
Mining,Surface Excavation,6,8,26.8,1.78,Rainy,Day,90.2,170.7
Data Center Power,Backup Generator Testing,6,8,49.8,7.38,Cloudy,Day,88.6,78.6
Construction,Excavation,3,8,13.5,4.77,Rainy,Day,91.9,146.8
Construction,Foundation Work,7,7,22.1,5.61,Rainy,Day,97.9,284.3
Marine & Rail,Tugboat Engine Service,5,7,48.4,4.48,Sunny,Day,84.5,162.0
Oil & Gas,Well Servicing,6,9,17.4,7.62,Rainy,Day,95.2,224.9
Oil & Gas,Well Servicing,6,6,69.5,5.46,Rainy,Day,87.6,326.8
Construction,Foundation Work,6,7,34.5,9.4,Cloudy,Day,97.2,242.2
Construction,Material Loading,5,8,29.9,4.58,Sunny,Night,87.4,65.8
Oil & Gas,Well Drilling,6,8,33.3,13.93,Sunny,Day,98.0,364.7
Oil & Gas,Pipeline Pumping,5,8,35.3,10.24,Cloudy,Day,104.1,151.5
Construction,Foundation Work,5,9,9.9,4.73,Sunny,Day,96.2,164.5
Construction,Demolition,8,7,18.4,7.17,Cloudy,Day,108.0,247.4
Oil & Gas,Pipeline Pumping,4,8,44.1,3.93,Sunny,Night,85.3,130.8
Construction,Road Building,4,8,79.5,4.72,Sunny,Night,88.8,233.4
Construction,Excavation,5,7,41.7,7.04,Sunny,Day,99.1,181.2
Oil & Gas,Pipeline Pumping,4,9,27.7,5.27,Rainy,Day,85.8,121.4
Mining,Drilling,4,7,28.8,8.35,Sunny,Day,100.5,191.1
Construction,Excavation,3,7,69.0,6.49,Sunny,Day,112.0,187.2
Mining,Drilling,6,9,63.1,4.16,Sunny,Day,90.0,193.3
Oil & Gas,Well Servicing,7,9,46.8,3.98,Sunny,Day,97.5,225.9
Oil & Gas,Well Servicing,9,8,56.8,4.16,Rainy,Night,86.6,366.9
Marine & Rail,Locomotive Maintenance,5,8,67.0,11.18,Foggy,Night,96.2,252.8
Data Center Power,Emergency Power Deployment,4,6,59.0,5.44,Sunny,Day,97.0,109.8
Construction,Road Building,6,4,24.8,2.66,Sunny,Day,99.8,324.4
Data Center Power,Backup Generator Testing,3,7,53.9,8.3,Sunny,Night,100.0,70.9
Data Center Power,Emergency Power Deployment,6,9,31.5,7.71,Sunny,Day,87.3,90.0
Mining,Drilling,9,6,35.8,6.12,Rainy,Day,100.1,349.7
Oil & Gas,Well Servicing,6,7,36.1,9.44,Cloudy,Night,88.0,278.5
Construction,Demolition,5,6,24.9,6.31,Sunny,Night,106.3,224.8
Construction,Site Preparation,5,8,7.9,4.03,Rainy,Day,101.1,155.5
Mining,Surface Excavation,5,7,22.3,8.96,Foggy,Day,95.0,171.3
Mining,Aggregate Collection,6,7,45.8,8.99,Cloudy,Day,103.4,80.4
Data Center Power,Cooling System Inspection,6,8,29.9,0.91,Cloudy,Night,87.0,70.5
Mining,Aggregate Collection,4,9,5.1,3.65,Rainy,Night,93.4,66.0
Data Center Power,Backup Generator Testing,4,5,60.5,11.97,Cloudy,Night,100.1,89.3
Mining,Drilling,5,9,60.7,3.55,Rainy,Day,104.6,208.7
Mining,Surface Excavation,5,7,45.7,8.09,Sunny,Night,111.1,214.3
Construction,Road Building,7,4,34.8,5.6,Sunny,Day,105.4,377.9
Mining,Hauling Ore,6,9,27.1,2.42,Sunny,Night,89.3,101.9
Construction,Material Loading,6,9,43.7,7.35,Cloudy,Day,92.6,69.1
Construction,Demolition,5,7,55.5,2.19,Cloudy,Night,92.9,196.4
Mining,Surface Excavation,6,10,38.0,1.75,Sunny,Day,94.3,122.2
Data Center Power,Backup Generator Testing,2,8,40.6,3.34,Sunny,Day,82.9,54.0
Oil & Gas,Pipeline Pumping,6,8,68.8,7.16,Sunny,Day,102.5,161.0
Marine & Rail,Freight Operations,6,5,14.6,1.11,Rainy,Day,84.7,257.0
Construction,Foundation Work,8,9,31.2,8.44,Sunny,Night,95.5,247.8
Construction,Excavation,5,9,42.9,2.39,Sunny,Day,95.0,136.1
Construction,Site Preparation,5,7,10.6,1.32,Cloudy,Day,88.8,139.1
Marine & Rail,Freight Operations,6,9,38.1,6.61,Sunny,Day,97.0,210.6
Construction,Material Loading,4,9,12.0,6.52,Sunny,Night,98.2,57.9
Oil & Gas,Pipeline Pumping,8,8,44.1,14.27,Cloudy,Night,88.1,217.2
Oil & Gas,Well Servicing,7,9,66.6,5.85,Sunny,Night,85.5,256.1
Marine & Rail,Locomotive Maintenance,5,9,43.8,10.2,Cloudy,Day,88.8,194.9
Mining,Drilling,6,6,18.2,4.24,Sunny,Day,85.6,227.0
Construction,Site Preparation,7,7,44.6,2.54,Sunny,Night,91.5,180.6
Data Center Power,Cooling System Inspection,5,8,19.6,3.18,Sunny,Day,86.6,61.4
Data Center Power,Emergency Power Deployment,6,9,24.8,2.01,Cloudy,Day,85.9,82.8
Oil & Gas,Well Servicing,8,9,32.3,8.18,Cloudy,Day,94.6,263.1
Mining,Hauling Ore,8,7,44.0,8.98,Sunny,Night,100.6,155.3
Data Center Power,Backup Generator Testing,6,8,45.0,1.26,Sunny,Night,85.4,81.7
Data Center Power,Backup Generator Testing,5,7,33.7,7.78,Cloudy,Day,88.5,75.8
Mining,Drilling,9,9,35.9,7.36,Cloudy,Day,97.1,238.2
Marine & Rail,Tugboat Engine Service,7,8,43.5,10.0,Sunny,Night,95.1,209.2
Construction,Site Preparation,4,6,56.2,10.52,Sunny,Day,98.0,162.4
Mining,Surface Excavation,4,8,15.4,10.67,Rainy,Day,99.3,161.4
Marine & Rail,Rail Network Inspection,6,7,39.8,3.16,Sunny,Day,82.0,167.3
Oil & Gas,Well Drilling,8,7,7.4,8.23,Sunny,Night,91.1,422.9
Mining,Surface Excavation,7,6,31.9,4.02,Sunny,Day,108.2,217.0
Marine & Rail,Locomotive Maintenance,6,8,31.3,4.12,Foggy,Day,98.5,213.8
Mining,Drilling,7,9,25.9,5.83,Rainy,Day,99.7,217.1
Construction,Foundation Work,5,6,42.5,4.0,Cloudy,Day,91.2,237.5
Marine & Rail,Rail Network Inspection,5,8,37.1,4.33,Sunny,Day,78.6,145.1
Mining,Drilling,4,7,12.7,11.76,Sunny,Day,108.2,224.2
Construction,Demolition,6,8,7.7,2.5,Rainy,Night,94.7,204.4
Mining,Drilling,7,7,21.9,2.87,Sunny,Day,102.7,228.6
Marine & Rail,Tugboat Engine Service,4,8,38.2,5.38,Sunny,Day,87.0,139.0
Marine & Rail,Tugboat Engine Service,5,8,18.6,3.38,Sunny,Day,93.3,139.7
Data Center Power,Cooling System Inspection,7,9,58.5,4.15,Rainy,Night,73.3,85.3
Oil & Gas,Well Servicing,9,7,44.2,4.88,Sunny,Day,90.2,309.9
Mining,Hauling Ore,5,6,23.6,7.71,Cloudy,Day,101.3,115.4
Oil & Gas,Pipeline Pumping,5,7,8.1,11.16,Sunny,Night,99.0,155.6
Marine & Rail,Freight Operations,5,6,20.1,2.65,Sunny,Night,98.6,224.4
Data Center Power,Emergency Power Deployment,7,8,13.8,1.0,Cloudy,Night,92.8,104.3
Data Center Power,Generator Maintenance,8,8,23.9,5.86,Cloudy,Day,87.8,129.3
Construction,Demolition,7,6,32.3,3.19,Cloudy,Day,103.7,228.9
Construction,Foundation Work,7,9,34.7,4.62,Sunny,Night,98.5,223.0
Construction,Demolition,5,3,30.1,11.51,Cloudy,Day,90.0,270.6
Mining,Surface Excavation,6,5,51.0,3.54,Rainy,Day,88.4,239.2
Oil & Gas,Pipeline Pumping,3,9,28.3,7.16,Rainy,Day,89.5,112.0
Data Center Power,Cooling System Inspection,2,9,39.4,0.77,Sunny,Night,76.9,51.5
Oil & Gas,Well Servicing,8,8,34.8,0.69,Sunny,Day,94.4,240.8
Marine & Rail,Tugboat Engine Service,3,6,53.8,5.77,Sunny,Day,109.8,176.7
Construction,Excavation,6,7,40.5,3.88,Sunny,Night,108.0,218.7
Data Center Power,Generator Maintenance,6,6,21.9,6.67,Sunny,Day,97.9,132.6
Data Center Power,Backup Generator Testing,6,5,58.9,9.37,Sunny,Night,70.3,96.8
Construction,Material Loading,3,8,46.0,4.51,Cloudy,Night,88.1,57.3
Data Center Power,Generator Maintenance,6,6,62.7,3.72,Sunny,Day,88.1,138.2
Data Center Power,Backup Generator Testing,3,4,56.2,3.05,Cloudy,Day,70.2,71.4
Mining,Surface Excavation,9,6,76.0,6.93,Sunny,Day,93.6,294.3
Mining,Aggregate Collection,2,9,29.9,4.58,Cloudy,Day,97.0,49.3
Mining,Drilling,7,9,30.2,1.76,Sunny,Day,84.1,177.6
Construction,Site Preparation,2,8,89.0,0.1,Cloudy,Day,92.6,118.9
Oil & Gas,Pipeline Pumping,7,8,51.0,6.45,Cloudy,Day,97.4,175.8
Marine & Rail,Tugboat Engine Service,6,7,36.7,10.32,Rainy,Day,95.3,193.7
Marine & Rail,Freight Operations,5,8,27.8,9.14,Sunny,Day,94.9,203.4
Oil & Gas,Gas Compression Service,7,7,22.7,0.8,Rainy,Night,99.7,203.1
Oil & Gas,Well Servicing,6,7,50.5,4.76,Sunny,Day,89.9,242.4
Mining,Surface Excavation,7,5,14.3,2.03,Sunny,Day,96.8,200.8
Oil & Gas,Well Servicing,4,7,68.1,12.04,Sunny,Night,89.2,259.0
Mining,Hauling Ore,6,4,30.6,2.83,Rainy,Day,106.0,144.8
Mining,Drilling,6,8,30.2,10.42,Cloudy,Day,115.0,251.8
Construction,Foundation Work,3,5,70.1,5.84,Foggy,Day,95.5,234.7
Oil & Gas,Pipeline Pumping,5,8,27.2,7.94,Sunny,Day,99.9,139.0
Marine & Rail,Freight Operations,5,10,43.7,3.86,Sunny,Night,104.8,206.6
Mining,Drilling,8,6,20.5,3.05,Rainy,Night,98.2,322.4
Mining,Hauling Ore,7,10,33.5,12.25,Cloudy,Day,109.0,130.5
Marine & Rail,Locomotive Maintenance,6,9,80.1,3.03,Rainy,Day,89.6,205.9
Mining,Drilling,4,7,19.6,7.73,Sunny,Day,80.5,176.8
Mining,Drilling,8,8,55.2,3.98,Rainy,Day,95.5,282.7
Construction,Site Preparation,7,6,15.8,5.69,Sunny,Day,105.9,192.1
Mining,Hauling Ore,5,8,53.3,15.55,Sunny,Day,109.9,128.6
Construction,Road Building,8,6,40.4,14.6,Sunny,Day,91.5,395.3
Data Center Power,Backup Generator Testing,6,10,71.8,4.66,Sunny,Day,78.2,71.5
Data Center Power,Cooling System Inspection,4,6,20.5,5.21,Cloudy,Day,89.7,63.2
Marine & Rail,Freight Operations,7,5,72.2,8.76,Sunny,Day,97.1,308.4
Marine & Rail,Freight Operations,4,9,36.1,13.6,Cloudy,Day,104.5,199.6
Mining,Drilling,8,6,37.3,10.1,Sunny,Night,95.7,335.8
Construction,Foundation Work,8,8,27.6,5.99,Rainy,Day,84.1,272.2
Oil & Gas,Gas Compression Service,7,9,46.7,5.42,Sunny,Night,89.9,184.9
Oil & Gas,Well Drilling,10,8,31.1,7.65,Rainy,Day,107.9,546.7
Marine & Rail,Tugboat Engine Service,5,9,75.2,3.52,Sunny,Day,83.5,137.8
Data Center Power,Cooling System Inspection,3,9,32.9,6.75,Rainy,Day,82.9,55.6
Marine & Rail,Locomotive Maintenance,6,6,21.7,4.72,Cloudy,Day,85.6,244.8
Marine & Rail,Locomotive Maintenance,5,6,38.2,9.61,Sunny,Day,102.9,261.9
Oil & Gas,Gas Compression Service,6,6,27.5,3.42,Sunny,Day,96.2,192.4
Mining,Aggregate Collection,5,9,24.7,9.36,Sunny,Night,90.9,63.8
Marine & Rail,Freight Operations,7,5,36.1,6.78,Rainy,Day,99.6,308.7
Data Center Power,Generator Maintenance,7,9,76.4,8.13,Sunny,Day,103.8,128.1
Construction,Road Building,5,7,43.3,4.18,Sunny,Day,90.2,233.7
Mining,Surface Excavation,6,7,48.9,6.44,Cloudy,Day,106.0,194.9
Mining,Drilling,7,6,14.2,5.78,Foggy,Day,88.9,251.1
Data Center Power,Cooling System Inspection,4,5,18.5,10.52,Sunny,Night,75.9,71.9
Mining,Hauling Ore,3,9,15.9,8.52,Sunny,Night,108.9,95.9
Marine & Rail,Freight Operations,7,9,60.8,7.42,Sunny,Day,106.8,256.1
Marine & Rail,Freight Operations,8,7,62.1,7.81,Rainy,Day,97.1,333.5
Oil & Gas,Well Servicing,7,10,51.9,4.07,Cloudy,Day,92.3,203.2
Mining,Surface Excavation,6,6,30.8,6.39,Sunny,Night,88.4,209.1
Marine & Rail,Locomotive Maintenance,3,9,41.7,5.66,Rainy,Night,86.7,167.4
Oil & Gas,Well Servicing,7,4,59.2,14.91,Cloudy,Day,108.4,456.9
Mining,Drilling,8,8,20.5,0.92,Cloudy,Night,104.1,230.6
Mining,Surface Excavation,6,7,14.0,2.56,Rainy,Night,103.0,206.4
Construction,Foundation Work,5,10,24.7,5.63,Cloudy,Day,95.1,153.8
Mining,Hauling Ore,6,3,53.2,6.27,Sunny,Day,102.0,138.8
Construction,Material Loading,5,8,31.7,3.05,Sunny,Day,104.6,63.1
Data Center Power,Cooling System Inspection,3,9,25.6,1.47,Cloudy,Night,84.7,54.4
Mining,Aggregate Collection,5,8,50.8,4.16,Cloudy,Night,93.6,71.2
Construction,Excavation,7,9,34.5,5.82,Sunny,Day,115.0,206.0
Mining,Hauling Ore,4,6,11.4,4.19,Cloudy,Day,97.3,100.8
Mining,Drilling,5,8,36.3,14.09,Sunny,Night,102.6,235.7
Oil & Gas,Well Servicing,6,6,24.1,10.22,Rainy,Night,96.2,341.5
Construction,Site Preparation,4,6,42.2,1.5,Rainy,Day,92.7,154.6
Construction,Material Loading,3,8,54.7,8.79,Rainy,Day,101.4,65.1
Construction,Material Loading,4,7,22.0,9.56,Sunny,Day,102.6,63.8
Mining,Hauling Ore,7,5,77.1,5.69,Cloudy,Night,102.5,167.9
Marine & Rail,Tugboat Engine Service,5,10,40.2,1.33,Sunny,Night,80.0,121.7
Mining,Hauling Ore,5,9,9.3,11.79,Sunny,Night,108.2,110.7
Mining,Drilling,6,6,53.0,7.95,Cloudy,Day,94.1,263.0
Oil & Gas,Well Servicing,8,6,27.4,10.58,Cloudy,Day,90.6,322.6
Data Center Power,Cooling System Inspection,5,8,47.9,3.36,Sunny,Day,89.0,64.8
Marine & Rail,Rail Network Inspection,6,8,49.3,9.04,Cloudy,Day,87.7,172.3
Marine & Rail,Rail Network Inspection,3,5,29.8,9.39,Cloudy,Day,79.5,145.5
Data Center Power,Emergency Power Deployment,7,9,58.9,2.33,Cloudy,Day,92.3,104.9
Mining,Drilling,8,5,14.2,8.13,Sunny,Night,98.5,307.7
Construction,Material Loading,7,5,63.3,6.74,Foggy,Day,92.2,97.1
Mining,Aggregate Collection,6,9,60.5,4.53,Cloudy,Night,89.5,78.1
Oil & Gas,Well Drilling,5,8,11.6,3.97,Rainy,Night,96.9,344.2
Mining,Surface Excavation,6,7,30.4,8.76,Rainy,Day,98.1,206.9
Data Center Power,Generator Maintenance,7,8,60.0,5.96,Rainy,Day,92.9,132.6
Construction,Demolition,6,9,35.6,7.48,Cloudy,Day,98.5,168.2
Mining,Drilling,5,8,71.3,5.95,Sunny,Day,99.8,204.2
Data Center Power,Cooling System Inspection,4,8,39.7,7.22,Sunny,Day,88.4,61.1
Mining,Aggregate Collection,3,8,47.7,9.72,Cloudy,Day,96.0,57.9
Marine & Rail,Rail Network Inspection,6,9,5.5,2.18,Foggy,Night,85.6,181.8
Data Center Power,Generator Maintenance,7,10,35.4,2.05,Sunny,Day,91.9,91.8
Mining,Hauling Ore,3,8,68.5,10.18,Rainy,Day,93.4,110.6
Mining,Hauling Ore,2,9,56.2,3.57,Sunny,Day,86.7,76.3
Construction,Site Preparation,3,8,63.9,6.01,Rainy,Day,92.7,147.9
Marine & Rail,Tugboat Engine Service,7,9,52.2,5.32,Rainy,Day,95.3,166.9
Marine & Rail,Rail Network Inspection,2,7,75.2,6.57,Foggy,Night,87.8,174.8
Marine & Rail,Freight Operations,8,7,36.3,0.21,Rainy,Night,92.2,320.2
Oil & Gas,Pipeline Pumping,5,8,44.1,2.9,Sunny,Day,85.4,129.8
Construction,Foundation Work,6,8,29.3,0.9,Sunny,Night,105.1,236.0
Marine & Rail,Freight Operations,4,9,8.3,6.43,Sunny,Night,94.0,181.1
Data Center Power,Cooling System Inspection,4,8,42.8,6.6,Sunny,Night,75.2,65.0
Marine & Rail,Tugboat Engine Service,3,7,52.5,9.51,Sunny,Day,99.2,151.0
Oil & Gas,Well Servicing,7,10,22.5,11.77,Cloudy,Day,89.1,209.0
Construction,Road Building,8,6,74.2,2.39,Rainy,Day,90.1,411.1
Marine & Rail,Freight Operations,3,8,69.3,8.55,Foggy,Day,96.0,232.3
Construction,Road Building,6,7,39.3,14.37,Rainy,Day,110.8,390.6
Data Center Power,Emergency Power Deployment,6,7,63.1,0.74,Cloudy,Night,84.7,121.4
Oil & Gas,Well Servicing,7,9,10.0,2.86,Sunny,Night,103.0,215.6
Mining,Hauling Ore,4,8,22.0,1.7,Rainy,Day,96.7,97.1
Mining,Aggregate Collection,5,7,37.1,12.32,Cloudy,Day,98.0,73.7
Data Center Power,Generator Maintenance,6,8,16.9,4.52,Rainy,Night,83.3,114.2
Construction,Material Loading,5,5,15.7,4.55,Cloudy,Night,91.3,73.6
Data Center Power,Backup Generator Testing,7,8,38.5,10.21,Rainy,Day,89.5,86.2
Mining,Surface Excavation,6,10,14.9,11.68,Sunny,Night,106.8,158.7
Oil & Gas,Well Servicing,5,8,28.7,16.79,Sunny,Day,106.0,250.9
Construction,Foundation Work,7,7,34.8,6.79,Sunny,Day,90.7,245.1
Data Center Power,Backup Generator Testing,6,5,32.7,4.89,Sunny,Night,82.1,91.0
Construction,Demolition,7,5,65.2,1.95,Cloudy,Night,89.3,286.1
Construction,Foundation Work,6,9,68.3,5.99,Rainy,Night,98.8,265.2
Marine & Rail,Tugboat Engine Service,6,8,47.0,8.11,Foggy,Day,93.2,208.0
Construction,Material Loading,5,8,14.8,16.03,Sunny,Day,94.8,70.5
Mining,Hauling Ore,8,10,7.9,1.85,Sunny,Day,99.3,96.1
Mining,Aggregate Collection,6,10,46.1,4.65,Rainy,Day,95.5,74.0
Data Center Power,Backup Generator Testing,5,7,26.1,3.47,Sunny,Day,88.0,68.2
Oil & Gas,Gas Compression Service,5,9,65.7,6.21,Rainy,Day,94.1,159.6
Marine & Rail,Rail Network Inspection,6,7,25.9,2.5,Sunny,Night,85.5,171.7
Construction,Site Preparation,4,9,54.1,3.96,Sunny,Day,103.6,133.6
Mining,Drilling,7,8,38.6,6.22,Cloudy,Night,97.9,239.8
Construction,Road Building,7,7,68.6,2.14,Sunny,Day,102.3,302.2
Construction,Demolition,5,6,48.5,5.17,Sunny,Day,95.7,207.2
Construction,Demolition,4,7,28.1,0.7,Sunny,Day,103.4,159.6
Mining,Surface Excavation,4,9,46.8,2.85,Sunny,Day,98.6,120.8
Marine & Rail,Tugboat Engine Service,6,7,69.0,6.44,Foggy,Day,89.1,239.2
Oil & Gas,Well Drilling,8,4,34.9,10.6,Sunny,Day,94.0,560.7
Data Center Power,Generator Maintenance,7,8,77.2,3.1,Rainy,Day,86.1,135.2
Oil & Gas,Well Drilling,6,7,82.8,6.04,Sunny,Day,111.1,436.4
Oil & Gas,Well Drilling,7,9,57.6,11.48,Rainy,Day,115.0,499.8
Mining,Surface Excavation,5,9,29.6,11.62,Rainy,Night,98.9,181.3
Oil & Gas,Gas Compression Service,7,5,29.2,5.93,Sunny,Day,90.6,236.5
Oil & Gas,Gas Compression Service,5,10,44.0,3.02,Foggy,Day,94.5,129.6
Mining,Drilling,6,3,40.1,12.0,Rainy,Night,99.2,405.7
Construction,Material Loading,4,9,25.8,0.89,Cloudy,Day,100.2,53.5
Mining,Drilling,7,6,51.6,7.87,Cloudy,Night,98.8,314.1
Data Center Power,Backup Generator Testing,6,10,79.3,4.19,Cloudy,Day,84.4,72.5
Construction,Material Loading,5,8,14.8,12.04,Cloudy,Night,111.4,83.0
Construction,Excavation,5,8,44.7,3.17,Cloudy,Day,99.7,163.9
Marine & Rail,Freight Operations,6,4,41.2,5.72,Rainy,Day,98.4,301.5
Data Center Power,Cooling System Inspection,7,8,55.9,5.94,Cloudy,Night,84.7,87.7
Marine & Rail,Locomotive Maintenance,4,9,53.5,8.25,Rainy,Night,93.0,192.0
Data Center Power,Emergency Power Deployment,4,7,8.9,7.97,Cloudy,Day,97.8,96.3
Mining,Drilling,6,7,59.6,2.28,Rainy,Night,88.9,266.2
Mining,Surface Excavation,7,7,57.5,10.37,Rainy,Day,98.0,249.8
Data Center Power,Emergency Power Deployment,6,10,18.6,5.64,Sunny,Day,91.0,77.7
Marine & Rail,Freight Operations,8,10,21.1,5.61,Rainy,Day,85.5,240.1
Construction,Foundation Work,6,6,36.9,5.21,Sunny,Day,93.3,253.7
Mining,Drilling,6,10,9.6,6.85,Sunny,Night,98.0,171.2
Construction,Site Preparation,5,7,72.0,8.66,Sunny,Day,93.8,165.2
Data Center Power,Generator Maintenance,7,6,20.0,2.5,Sunny,Night,89.0,140.8
Oil & Gas,Pipeline Pumping,7,9,51.0,8.19,Sunny,Day,93.1,162.6
Construction,Demolition,6,7,42.7,10.1,Rainy,Day,106.1,267.7
Marine & Rail,Locomotive Maintenance,7,8,21.0,14.06,Sunny,Night,91.8,270.9
Oil & Gas,Well Servicing,6,7,29.6,3.13,Cloudy,Day,76.9,229.5
Marine & Rail,Tugboat Engine Service,5,8,4.3,2.34,Sunny,Day,87.9,132.5
Data Center Power,Cooling System Inspection,6,8,28.6,7.96,Cloudy,Day,85.5,68.0
Marine & Rail,Freight Operations,6,6,48.2,9.57,Foggy,Day,95.7,303.1
Construction,Excavation,5,6,10.3,5.57,Cloudy,Night,98.2,195.3
Marine & Rail,Rail Network Inspection,6,10,13.7,6.24,Rainy,Day,98.1,167.3
Mining,Surface Excavation,4,8,7.7,6.13,Sunny,Night,89.5,142.7
Construction,Excavation,8,9,4.0,5.17,Sunny,Day,102.8,169.2
Construction,Material Loading,6,9,56.1,11.03,Sunny,Day,101.4,71.4
Data Center Power,Generator Maintenance,7,5,6.4,2.4,Sunny,Night,77.1,141.9
Mining,Hauling Ore,8,4,30.0,9.75,Rainy,Day,104.3,185.0
Construction,Demolition,6,9,31.5,5.15,Cloudy,Day,95.4,165.3
Construction,Material Loading,4,8,46.3,1.31,Cloudy,Day,85.1,54.5
Oil & Gas,Well Servicing,6,9,72.5,8.79,Sunny,Night,91.2,241.0
Construction,Demolition,7,10,28.6,4.22,Cloudy,Day,104.8,160.0
Mining,Hauling Ore,5,6,62.8,12.51,Sunny,Day,104.0,130.4
Data Center Power,Generator Maintenance,8,6,61.2,2.4,Sunny,Night,78.3,168.3
Marine & Rail,Tugboat Engine Service,5,8,31.4,4.27,Cloudy,Night,82.1,158.6
Marine & Rail,Freight Operations,5,7,78.4,9.44,Sunny,Night,98.4,247.4
Marine & Rail,Freight Operations,3,7,26.4,8.34,Rainy,Day,97.7,202.0
Oil & Gas,Gas Compression Service,6,5,65.7,4.37,Cloudy,Day,97.6,233.4
Marine & Rail,Freight Operations,8,6,19.9,12.05,Cloudy,Day,98.8,286.7
Marine & Rail,Locomotive Maintenance,6,9,41.2,8.27,Cloudy,Day,93.0,206.9
Data Center Power,Backup Generator Testing,7,8,37.1,1.61,Sunny,Day,83.4,74.9
Oil & Gas,Well Servicing,6,9,31.7,6.77,Cloudy,Day,103.5,208.0
Oil & Gas,Well Drilling,7,9,18.2,2.04,Sunny,Night,87.2,306.1
Data Center Power,Backup Generator Testing,5,7,80.6,3.0,Sunny,Night,81.6,80.3
Oil & Gas,Well Servicing,6,6,15.5,6.64,Sunny,Night,90.7,270.3
Construction,Foundation Work,4,8,45.3,13.78,Sunny,Day,98.0,198.6
Marine & Rail,Rail Network Inspection,3,8,38.3,7.6,Sunny,Day,80.7,125.3
Oil & Gas,Well Servicing,6,9,49.1,2.06,Sunny,Day,85.4,195.2
Data Center Power,Generator Maintenance,7,9,14.7,0.58,Sunny,Day,87.8,94.2
Construction,Demolition,8,5,44.3,2.7,Rainy,Day,86.6,310.2
Construction,Road Building,2,9,39.5,5.03,Sunny,Night,89.6,169.8
Mining,Surface Excavation,6,8,17.6,6.53,Sunny,Day,91.9,154.2
Marine & Rail,Freight Operations,4,10,21.8,8.28,Sunny,Day,95.3,170.1
Marine & Rail,Freight Operations,6,8,34.5,6.14,Rainy,Day,94.8,244.9
Data Center Power,Emergency Power Deployment,6,10,39.2,5.73,Cloudy,Day,93.0,82.7
Construction,Material Loading,6,4,73.3,3.58,Sunny,Day,91.0,79.0
Marine & Rail,Rail Network Inspection,7,6,48.6,1.52,Foggy,Night,79.5,248.2
Data Center Power,Cooling System Inspection,5,7,47.1,11.91,Sunny,Day,94.7,70.3
Mining,Hauling Ore,5,5,23.2,3.29,Sunny,Day,93.3,104.7
Oil & Gas,Well Servicing,6,6,5.7,2.69,Cloudy,Day,84.3,233.4
Oil & Gas,Pipeline Pumping,6,8,11.4,5.31,Sunny,Day,83.8,132.4
Oil & Gas,Pipeline Pumping,6,6,19.5,8.93,Sunny,Day,92.8,158.8
Data Center Power,Cooling System Inspection,7,10,67.7,7.37,Sunny,Night,77.3,80.0
Oil & Gas,Well Drilling,6,8,47.7,2.8,Cloudy,Day,98.2,323.6
Marine & Rail,Tugboat Engine Service,7,8,78.9,3.61,Cloudy,Day,85.3,184.7
Oil & Gas,Pipeline Pumping,5,8,21.3,7.46,Sunny,Day,84.1,131.0
Construction,Foundation Work,8,6,42.0,2.69,Foggy,Day,87.1,309.9
Marine & Rail,Rail Network Inspection,6,10,21.4,3.65,Sunny,Day,81.0,134.4
Marine & Rail,Freight Operations,3,8,57.8,10.39,Rainy,Night,102.7,237.7
Construction,Road Building,5,9,23.2,3.85,Rainy,Day,102.7,224.2
Mining,Aggregate Collection,5,8,23.3,16.21,Foggy,Day,110.0,77.1
Data Center Power,Emergency Power Deployment,6,8,10.5,6.67,Cloudy,Day,99.3,99.3
Construction,Foundation Work,8,7,21.7,10.32,Sunny,Day,95.0,260.6
Construction,Site Preparation,5,7,35.0,10.91,Sunny,Day,98.3,165.0
Construction,Excavation,5,8,45.8,4.32,Sunny,Day,99.6,159.8
Mining,Surface Excavation,7,5,24.5,2.69,Cloudy,Day,95.9,213.3
Oil & Gas,Gas Compression Service,6,8,38.1,9.96,Sunny,Day,103.5,183.2
Marine & Rail,Locomotive Maintenance,5,9,45.3,4.17,Sunny,Night,94.0,184.6
Mining,Drilling,5,7,34.3,6.94,Rainy,Night,100.3,257.6
Marine & Rail,Tugboat Engine Service,3,8,64.0,15.36,Sunny,Day,93.9,150.2
Marine & Rail,Freight Operations,8,7,19.9,12.11,Sunny,Day,100.9,267.7
Mining,Drilling,6,8,31.6,5.63,Sunny,Day,95.6,203.7
Mining,Aggregate Collection,5,5,38.2,9.24,Rainy,Day,102.2,89.0
Oil & Gas,Well Drilling,7,9,14.2,10.0,Cloudy,Day,115.0,394.2
Mining,Aggregate Collection,6,8,67.4,9.55,Cloudy,Day,98.2,77.3
Oil & Gas,Pipeline Pumping,4,4,33.5,7.9,Sunny,Day,79.2,147.8
Data Center Power,Emergency Power Deployment,6,4,43.3,6.81,Sunny,Night,89.1,153.8
Mining,Drilling,7,9,53.7,2.87,Sunny,Day,90.2,192.8
Marine & Rail,Rail Network Inspection,7,8,66.3,9.73,Foggy,Day,79.5,232.4
Construction,Foundation Work,6,8,33.3,11.36,Sunny,Day,93.0,219.5
Data Center Power,Backup Generator Testing,6,8,26.5,5.36,Sunny,Day,93.0,73.6
Construction,Excavation,6,7,61.4,8.63,Cloudy,Night,101.0,231.1
Oil & Gas,Well Servicing,7,8,75.6,4.79,Sunny,Day,75.9,262.4
Marine & Rail,Freight Operations,7,9,3.6,8.22,Cloudy,Day,82.5,211.4
Marine & Rail,Locomotive Maintenance,5,9,56.6,1.38,Rainy,Day,83.6,169.0
Oil & Gas,Gas Compression Service,6,5,53.4,5.46,Foggy,Night,90.1,258.0
Mining,Aggregate Collection,6,9,28.0,3.77,Rainy,Night,106.7,84.4
Construction,Material Loading,4,8,63.8,7.71,Cloudy,Day,88.4,60.4
Data Center Power,Cooling System Inspection,5,9,30.5,7.2,Sunny,Night,76.2,64.9
Construction,Road Building,8,9,45.8,13.24,Rainy,Day,90.6,339.7
Mining,Surface Excavation,5,6,75.8,4.56,Sunny,Day,84.1,184.1
Data Center Power,Emergency Power Deployment,4,9,39.1,1.9,Sunny,Night,89.7,80.2
Oil & Gas,Gas Compression Service,5,9,45.1,13.12,Foggy,Day,105.5,179.2
Construction,Foundation Work,7,9,57.8,7.77,Rainy,Day,86.8,253.6
Marine & Rail,Freight Operations,3,9,44.0,10.68,Sunny,Day,98.3,168.2
Construction,Excavation,6,8,23.7,3.58,Sunny,Day,95.0,161.3
Marine & Rail,Freight Operations,5,9,20.6,6.1,Foggy,Day,102.7,229.0
Construction,Material Loading,4,7,64.8,6.34,Rainy,Day,87.8,73.2
Oil & Gas,Pipeline Pumping,5,9,6.6,5.64,Cloudy,Day,91.9,126.5
Construction,Road Building,8,5,29.7,3.15,Sunny,Day,88.2,339.7
Construction,Site Preparation,5,9,14.1,8.12,Rainy,Day,88.0,159.7
Mining,Hauling Ore,4,6,43.2,14.26,Sunny,Night,92.8,123.8
Construction,Foundation Work,6,7,41.5,3.55,Rainy,Day,85.2,264.4
Construction,Site Preparation,7,5,23.7,5.37,Rainy,Night,93.8,235.2
Mining,Aggregate Collection,4,5,12.8,9.6,Sunny,Day,94.8,68.1
Data Center Power,Backup Generator Testing,7,8,69.5,4.06,Cloudy,Day,85.4,87.8
Mining,Surface Excavation,6,9,12.4,6.13,Sunny,Day,91.0,136.0
Oil & Gas,Well Servicing,7,8,17.2,4.33,Cloudy,Night,79.5,240.0
Oil & Gas,Well Drilling,7,8,17.9,8.96,Rainy,Day,96.9,405.4
Mining,Drilling,6,5,26.4,1.82,Foggy,Day,98.8,240.9
Construction,Demolition,5,5,18.2,7.23,Rainy,Day,101.7,251.8
Mining,Drilling,7,7,36.0,7.57,Cloudy,Day,96.1,250.0
Marine & Rail,Rail Network Inspection,5,9,76.4,2.42,Cloudy,Day,75.9,150.2
Marine & Rail,Freight Operations,5,6,5.9,10.98,Sunny,Day,97.1,205.4
Oil & Gas,Well Drilling,8,9,28.2,4.47,Sunny,Day,104.1,335.9
Oil & Gas,Pipeline Pumping,4,7,21.4,3.33,Sunny,Day,86.3,120.3
Oil & Gas,Well Drilling,6,8,59.2,9.92,Rainy,Night,100.5,448.6
Construction,Demolition,5,7,12.8,6.92,Rainy,Day,105.8,223.2
Oil & Gas,Pipeline Pumping,7,8,59.3,12.3,Sunny,Day,98.8,186.6
Construction,Material Loading,3,9,37.1,3.97,Rainy,Day,93.9,56.4
Mining,Surface Excavation,5,4,36.9,2.82,Rainy,Day,106.8,236.4
Data Center Power,Backup Generator Testing,4,9,10.3,10.26,Rainy,Day,89.1,63.8
Data Center Power,Emergency Power Deployment,6,8,22.7,1.71,Cloudy,Day,78.2,94.1
Oil & Gas,Well Servicing,5,7,26.6,5.35,Cloudy,Day,86.8,218.4
Construction,Material Loading,4,5,10.9,3.19,Sunny,Day,100.5,60.2
Construction,Road Building,9,8,14.8,4.09,Cloudy,Day,94.2,286.8
Mining,Aggregate Collection,5,6,56.4,4.24,Rainy,Day,100.6,86.6
Marine & Rail,Freight Operations,4,8,44.2,12.12,Rainy,Night,103.2,256.1
Construction,Excavation,7,4,29.5,7.92,Sunny,Day,98.9,264.0
Construction,Road Building,5,9,9.6,3.26,Sunny,Day,104.6,192.9
Marine & Rail,Freight Operations,6,9,66.8,3.64,Sunny,Day,97.4,212.9
Oil & Gas,Well Servicing,7,6,13.1,11.38,Sunny,Night,96.3,309.2
Data Center Power,Cooling System Inspection,5,4,33.8,3.14,Sunny,Day,72.7,69.0
Mining,Hauling Ore,4,9,27.7,13.02,Sunny,Day,95.3,97.2
Mining,Hauling Ore,3,5,32.7,7.49,Rainy,Night,94.1,122.5
Mining,Surface Excavation,5,8,40.4,2.57,Sunny,Day,93.0,141.4
Mining,Drilling,4,10,65.2,11.74,Sunny,Day,92.4,156.1
Mining,Aggregate Collection,5,7,58.4,6.82,Rainy,Day,91.4,80.7
Mining,Drilling,5,8,16.0,7.09,Rainy,Day,99.1,213.9
Mining,Surface Excavation,8,9,76.9,13.0,Rainy,Day,115.0,295.7
Oil & Gas,Well Drilling,5,9,4.0,5.55,Foggy,Day,106.3,276.3
Mining,Aggregate Collection,3,6,48.5,4.08,Cloudy,Night,98.2,66.9
Mining,Aggregate Collection,4,6,38.6,9.03,Cloudy,Night,97.3,73.2
Oil & Gas,Pipeline Pumping,8,7,31.7,2.48,Rainy,Night,86.3,184.8
Oil & Gas,Gas Compression Service,5,7,47.8,10.2,Sunny,Night,97.9,202.1
Oil & Gas,Gas Compression Service,4,7,33.0,8.11,Cloudy,Night,96.6,184.0
Oil & Gas,Well Drilling,8,8,22.9,2.32,Sunny,Day,95.3,339.0
Mining,Drilling,6,6,36.5,2.18,Rainy,Night,94.5,284.6
Oil & Gas,Well Servicing,9,9,73.1,10.74,Foggy,Day,91.7,327.9
Marine & Rail,Freight Operations,8,7,55.7,5.39,Sunny,Day,100.5,283.2
Marine & Rail,Freight Operations,6,8,17.6,5.88,Cloudy,Day,97.7,211.6
Data Center Power,Backup Generator Testing,5,6,80.6,8.54,Sunny,Day,84.3,81.3
Construction,Site Preparation,6,8,35.8,4.4,Cloudy,Day,110.2,173.4
Oil & Gas,Well Servicing,7,9,17.5,5.42,Sunny,Night,72.0,216.9
Marine & Rail,Locomotive Maintenance,6,6,20.6,8.98,Sunny,Day,100.7,262.3
Data Center Power,Emergency Power Deployment,9,10,30.5,8.44,Sunny,Night,86.6,115.5
Marine & Rail,Locomotive Maintenance,6,9,45.4,4.16,Sunny,Day,105.5,204.4
Marine & Rail,Locomotive Maintenance,9,6,50.4,8.93,Sunny,Night,93.8,384.5
Oil & Gas,Pipeline Pumping,5,8,6.6,12.72,Foggy,Night,92.6,159.1
Oil & Gas,Well Servicing,5,9,39.3,2.28,Sunny,Day,84.1,174.0
Construction,Material Loading,7,8,27.4,7.36,Rainy,Night,87.6,92.1
Oil & Gas,Well Servicing,7,8,6.7,4.71,Foggy,Day,85.8,227.5
Data Center Power,Cooling System Inspection,4,9,27.2,6.5,Sunny,Day,84.3,56.4
Data Center Power,Cooling System Inspection,5,5,48.4,8.0,Cloudy,Day,78.5,76.4
Marine & Rail,Rail Network Inspection,4,6,64.8,12.49,Sunny,Night,102.9,189.0
Oil & Gas,Well Drilling,7,5,51.9,5.32,Cloudy,Night,90.0,518.6
Oil & Gas,Pipeline Pumping,4,6,23.4,1.56,Rainy,Day,78.0,124.8
Mining,Drilling,3,5,28.6,2.42,Cloudy,Day,91.4,198.7
Mining,Aggregate Collection,6,7,22.5,7.34,Rainy,Day,92.7,83.3
Construction,Material Loading,7,8,47.8,6.09,Sunny,Day,100.2,78.3
Construction,Excavation,5,6,11.2,11.75,Sunny,Day,97.9,203.1
Construction,Material Loading,4,7,69.1,6.1,Sunny,Day,93.3,65.4
Data Center Power,Generator Maintenance,5,9,33.0,7.0,Sunny,Night,85.6,98.3
Construction,Site Preparation,4,10,51.1,2.34,Sunny,Day,108.1,130.2
Mining,Drilling,4,6,61.9,5.5,Sunny,Day,101.2,226.9
Marine & Rail,Rail Network Inspection,6,8,65.0,1.25,Sunny,Night,83.4,178.4
Construction,Material Loading,7,4,48.5,5.23,Rainy,Day,115.0,117.1
Mining,Surface Excavation,4,5,20.1,3.35,Rainy,Night,100.7,211.3
Oil & Gas,Well Servicing,7,3,30.1,5.51,Foggy,Night,86.2,382.3
Data Center Power,Backup Generator Testing,4,5,18.0,0.35,Cloudy,Day,99.3,70.1
Oil & Gas,Pipeline Pumping,4,8,70.8,7.7,Cloudy,Day,91.8,142.3
Mining,Surface Excavation,4,8,22.4,14.39,Sunny,Day,103.5,157.7
Marine & Rail,Freight Operations,3,10,65.2,7.66,Sunny,Night,88.4,171.9
Construction,Excavation,7,10,51.9,2.77,Sunny,Day,95.9,149.1
Mining,Surface Excavation,7,7,69.5,1.64,Sunny,Day,88.2,196.7
Marine & Rail,Tugboat Engine Service,6,8,30.6,7.1,Foggy,Day,89.5,194.9
Data Center Power,Backup Generator Testing,5,10,32.0,7.68,Cloudy,Day,84.8,65.1
Oil & Gas,Pipeline Pumping,5,9,17.0,8.04,Sunny,Night,96.1,136.0
Data Center Power,Cooling System Inspection,3,8,56.4,5.73,Sunny,Night,80.4,59.3
Oil & Gas,Well Servicing,7,6,37.1,10.27,Sunny,Day,90.8,307.3
Data Center Power,Backup Generator Testing,6,9,9.9,3.96,Rainy,Night,93.8,75.8
Construction,Foundation Work,5,7,6.1,1.85,Sunny,Day,89.8,197.9
Marine & Rail,Freight Operations,4,8,21.9,2.3,Sunny,Day,102.4,176.8
Marine & Rail,Tugboat Engine Service,6,7,23.4,12.82,Cloudy,Day,88.6,187.5
Oil & Gas,Pipeline Pumping,6,9,7.9,16.3,Rainy,Day,92.3,161.5
Marine & Rail,Freight Operations,6,8,34.4,14.2,Sunny,Night,104.8,256.6
Construction,Site Preparation,6,8,50.8,5.57,Sunny,Day,95.9,156.4
Mining,Surface Excavation,7,8,19.6,5.76,Sunny,Day,93.2,170.7
Data Center Power,Backup Generator Testing,2,5,31.8,5.25,Cloudy,Day,94.6,62.0
Data Center Power,Backup Generator Testing,7,7,40.6,1.97,Sunny,Day,79.3,82.1
Marine & Rail,Tugboat Engine Service,4,4,64.0,8.59,Rainy,Night,85.3,229.8
Mining,Drilling,4,6,20.9,4.0,Rainy,Night,98.0,239.6
Construction,Material Loading,5,8,33.6,2.8,Cloudy,Night,106.0,69.8
Oil & Gas,Well Drilling,9,7,15.6,5.55,Sunny,Day,85.9,405.7
Data Center Power,Emergency Power Deployment,6,8,28.0,4.05,Sunny,Day,88.8,97.1
Construction,Demolition,8,5,12.1,6.23,Foggy,Day,93.0,276.9
Oil & Gas,Pipeline Pumping,6,6,55.8,7.66,Sunny,Day,92.4,169.1
Construction,Site Preparation,4,9,14.8,6.01,Sunny,Day,92.7,123.9
Data Center Power,Generator Maintenance,6,8,44.1,3.05,Sunny,Day,107.1,116.3
Construction,Foundation Work,7,7,40.9,5.79,Sunny,Day,87.7,254.6
Mining,Surface Excavation,3,9,53.0,6.06,Sunny,Night,99.4,126.0
Oil & Gas,Gas Compression Service,6,6,18.8,7.09,Rainy,Night,93.2,216.9
Construction,Demolition,6,8,31.1,2.32,Foggy,Day,95.8,175.0
Oil & Gas,Well Drilling,6,7,39.0,7.55,Foggy,Day,102.1,385.3
Construction,Road Building,6,6,19.7,0.74,Cloudy,Night,91.8,275.1
Data Center Power,Generator Maintenance,5,9,28.5,1.38,Sunny,Night,87.8,95.3
Data Center Power,Cooling System Inspection,6,9,34.3,2.19,Cloudy,Night,80.2,70.2
Marine & Rail,Locomotive Maintenance,5,6,28.0,5.2,Cloudy,Night,87.8,253.1
Marine & Rail,Locomotive Maintenance,6,7,52.4,5.08,Cloudy,Night,89.0,263.8
Construction,Material Loading,8,10,52.7,6.82,Rainy,Night,106.7,98.7
Mining,Surface Excavation,5,6,30.6,2.27,Sunny,Night,106.5,200.5
Marine & Rail,Freight Operations,7,7,55.7,6.17,Foggy,Day,98.7,306.8
Construction,Excavation,7,8,51.7,3.22,Sunny,Day,99.4,189.9
Construction,Road Building,4,8,61.9,5.37,Cloudy,Day,104.3,232.4
Mining,Hauling Ore,5,9,32.9,7.5,Cloudy,Day,96.3,97.2
Data Center Power,Generator Maintenance,9,8,23.4,6.91,Sunny,Day,91.7,137.6
Data Center Power,Backup Generator Testing,5,7,42.9,2.79,Sunny,Night,84.3,76.7
Construction,Demolition,4,6,41.3,6.28,Foggy,Night,92.0,203.0
Construction,Site Preparation,4,6,48.3,9.0,Cloudy,Day,104.3,164.8
Marine & Rail,Tugboat Engine Service,6,10,59.8,6.67,Cloudy,Night,97.3,150.6
Oil & Gas,Well Drilling,7,8,44.0,11.09,Sunny,Day,106.5,415.4
Construction,Site Preparation,5,10,15.1,8.25,Sunny,Night,114.6,165.3
Marine & Rail,Rail Network Inspection,4,8,13.3,4.71,Foggy,Day,92.0,159.8
Oil & Gas,Well Drilling,6,6,9.4,11.26,Rainy,Day,105.5,471.2
Oil & Gas,Pipeline Pumping,5,8,50.2,5.53,Sunny,Night,95.1,152.5
Construction,Foundation Work,8,7,23.2,6.97,Sunny,Day,88.0,260.9
Data Center Power,Generator Maintenance,6,8,39.6,9.98,Foggy,Night,89.2,133.6
Oil & Gas,Gas Compression Service,7,7,83.1,11.57,Sunny,Night,104.8,292.5
Mining,Surface Excavation,6,8,38.7,6.33,Rainy,Night,96.5,202.3
Mining,Hauling Ore,5,5,35.5,5.86,Rainy,Day,97.0,132.7
Mining,Hauling Ore,5,9,32.1,7.73,Cloudy,Day,92.8,100.7
Construction,Road Building,8,6,24.5,9.39,Sunny,Day,92.4,338.0
Mining,Hauling Ore,7,6,39.8,3.32,Sunny,Day,102.4,126.1
Marine & Rail,Locomotive Maintenance,5,5,6.7,5.77,Sunny,Day,99.4,234.5
Oil & Gas,Well Drilling,9,8,32.9,5.03,Rainy,Night,95.9,505.6
Marine & Rail,Tugboat Engine Service,5,10,56.3,4.73,Cloudy,Day,89.0,124.7
Oil & Gas,Well Drilling,6,9,27.0,10.73,Rainy,Day,108.1,384.6
Construction,Foundation Work,5,8,11.5,2.78,Foggy,Night,96.2,201.5
Marine & Rail,Freight Operations,5,9,16.1,15.43,Sunny,Day,111.3,217.0
Mining,Drilling,5,7,47.3,3.92,Sunny,Day,93.1,196.1
Oil & Gas,Well Servicing,4,5,60.4,15.45,Foggy,Night,98.9,333.9
Marine & Rail,Rail Network Inspection,7,9,25.6,3.14,Rainy,Day,86.2,184.4
Construction,Demolition,7,7,10.0,4.2,Sunny,Night,101.6,212.7
Mining,Surface Excavation,6,7,20.0,3.25,Sunny,Day,92.5,168.4
Data Center Power,Cooling System Inspection,4,7,66.9,3.52,Cloudy,Day,90.4,64.4
Mining,Surface Excavation,6,7,28.5,8.89,Cloudy,Day,98.8,183.1
Marine & Rail,Freight Operations,6,7,19.2,7.01,Sunny,Day,115.0,259.4
Oil & Gas,Well Servicing,5,7,42.5,11.65,Sunny,Day,88.2,241.5
Construction,Foundation Work,4,9,57.7,4.04,Sunny,Day,105.3,172.3
Oil & Gas,Well Drilling,6,7,31.4,1.54,Rainy,Day,95.4,372.2
Data Center Power,Backup Generator Testing,5,8,8.7,6.03,Cloudy,Day,88.9,66.7
Mining,Surface Excavation,6,9,41.3,1.48,Sunny,Day,98.7,136.1
Marine & Rail,Rail Network Inspection,8,5,30.9,9.47,Cloudy,Day,85.3,217.0
Mining,Aggregate Collection,6,7,65.7,9.32,Sunny,Day,101.9,79.4
Mining,Surface Excavation,5,8,33.8,11.29,Cloudy,Day,101.8,166.6
Construction,Material Loading,3,6,51.3,3.42,Cloudy,Day,93.6,58.6
Mining,Surface Excavation,3,5,62.2,12.12,Sunny,Night,97.3,204.3
Marine & Rail,Rail Network Inspection,5,8,26.7,3.55,Rainy,Night,85.6,174.8
Oil & Gas,Well Drilling,6,6,44.9,8.26,Sunny,Night,91.8,437.1
Oil & Gas,Pipeline Pumping,6,8,10.3,15.74,Sunny,Day,97.1,157.8
Data Center Power,Generator Maintenance,7,6,42.2,3.18,Sunny,Night,83.4,149.5
Mining,Aggregate Collection,4,6,43.8,7.03,Rainy,Night,100.6,84.6
Marine & Rail,Freight Operations,6,5,41.5,3.9,Sunny,Night,96.0,267.9
Construction,Site Preparation,7,7,19.9,15.18,Sunny,Day,100.6,192.2
Oil & Gas,Pipeline Pumping,6,7,33.5,8.79,Rainy,Night,112.4,207.9
Data Center Power,Backup Generator Testing,7,5,12.0,1.17,Rainy,Day,87.1,84.5
Oil & Gas,Well Servicing,6,8,6.5,3.27,Sunny,Night,82.8,208.9
Mining,Aggregate Collection,6,6,26.0,13.4,Rainy,Day,102.0,89.3
Oil & Gas,Well Servicing,7,8,45.6,6.99,Sunny,Day,83.1,243.3
Oil & Gas,Pipeline Pumping,6,7,53.7,11.73,Sunny,Day,94.3,179.5
Construction,Road Building,6,9,66.0,13.49,Sunny,Night,114.4,330.9
Construction,Excavation,4,8,13.2,7.24,Sunny,Day,109.0,158.1
Data Center Power,Generator Maintenance,5,8,48.7,2.49,Rainy,Night,82.9,110.6
Marine & Rail,Rail Network Inspection,6,6,56.3,6.41,Rainy,Day,90.6,206.3
Mining,Aggregate Collection,6,4,28.3,4.84,Sunny,Day,90.3,78.6
Construction,Material Loading,3,7,40.3,1.46,Rainy,Day,93.0,61.4
Construction,Material Loading,6,7,19.2,2.9,Sunny,Day,110.6,72.5
Data Center Power,Backup Generator Testing,6,9,18.3,0.52,Sunny,Day,79.0,64.6
Construction,Road Building,6,8,60.7,5.2,Sunny,Day,88.5,244.5
Construction,Excavation,6,7,62.0,1.64,Rainy,Day,96.4,216.2
Oil & Gas,Well Servicing,5,8,37.1,6.68,Cloudy,Day,82.2,208.0
Mining,Aggregate Collection,6,6,17.9,2.99,Sunny,Day,90.2,70.8
Mining,Aggregate Collection,6,9,42.0,2.72,Rainy,Day,101.8,76.1
Marine & Rail,Tugboat Engine Service,9,7,17.5,12.26,Sunny,Night,95.2,236.8
Oil & Gas,Well Drilling,7,7,32.0,4.05,Cloudy,Day,99.2,377.2
Construction,Demolition,5,8,37.3,0.41,Sunny,Day,87.2,152.8
Data Center Power,Backup Generator Testing,4,7,19.4,2.06,Cloudy,Night,89.1,68.7
Construction,Material Loading,2,6,14.2,2.34,Sunny,Day,108.8,54.0
Construction,Road Building,6,6,30.8,8.01,Sunny,Night,93.7,326.4
Oil & Gas,Well Servicing,8,9,31.9,12.94,Sunny,Night,99.9,274.5
Construction,Road Building,5,10,44.3,5.31,Rainy,Day,88.9,210.8
Construction,Road Building,4,7,56.1,7.34,Rainy,Day,96.6,282.4
Construction,Foundation Work,9,8,48.5,2.85,Sunny,Day,98.6,276.1
Construction,Foundation Work,7,7,47.9,5.0,Cloudy,Day,83.0,254.1
Marine & Rail,Freight Operations,6,7,19.3,12.55,Foggy,Day,98.4,274.3
Data Center Power,Backup Generator Testing,5,7,18.7,5.81,Cloudy,Day,84.1,71.6
Marine & Rail,Freight Operations,6,8,53.3,3.29,Foggy,Day,95.3,264.6
Marine & Rail,Locomotive Maintenance,7,7,46.1,7.88,Cloudy,Night,105.2,310.8
Oil & Gas,Gas Compression Service,7,8,65.9,7.84,Foggy,Night,93.6,227.8
Oil & Gas,Gas Compression Service,6,7,9.7,2.81,Cloudy,Night,95.9,185.4
Mining,Hauling Ore,4,8,34.1,12.61,Sunny,Day,101.3,103.2
Construction,Foundation Work,7,7,7.5,13.68,Sunny,Night,98.5,270.6
Oil & Gas,Pipeline Pumping,6,4,29.4,10.37,Sunny,Day,107.9,196.2
Marine & Rail,Tugboat Engine Service,8,7,4.3,12.95,Rainy,Day,97.3,210.7
Mining,Surface Excavation,4,9,48.8,4.0,Sunny,Day,94.8,122.5
Oil & Gas,Well Drilling,4,9,10.5,14.39,Sunny,Night,101.2,287.4
Construction,Demolition,8,9,43.7,1.95,Cloudy,Day,86.3,194.6
Mining,Aggregate Collection,2,7,72.7,3.89,Sunny,Day,104.4,57.5
Construction,Material Loading,6,9,37.4,6.81,Rainy,Day,95.9,75.3
Construction,Material Loading,2,7,32.5,1.63,Rainy,Night,95.4,59.2
Oil & Gas,Well Drilling,9,6,29.3,5.42,Cloudy,Day,85.6,497.8
Data Center Power,Cooling System Inspection,6,7,11.9,3.72,Sunny,Day,78.8,68.9
Construction,Road Building,4,7,59.7,5.69,Cloudy,Day,98.0,240.1
Construction,Foundation Work,8,7,25.5,9.19,Rainy,Day,103.8,327.1
Mining,Hauling Ore,5,9,28.6,3.8,Cloudy,Night,83.5,96.8
Construction,Site Preparation,6,7,20.8,6.4,Foggy,Day,92.1,169.1
Data Center Power,Generator Maintenance,4,8,53.2,1.25,Cloudy,Day,95.4,90.7
Marine & Rail,Freight Operations,6,7,30.4,3.57,Sunny,Night,90.9,232.6
Marine & Rail,Freight Operations,6,9,39.5,6.97,Cloudy,Day,108.0,224.5
Construction,Material Loading,3,9,22.4,8.07,Sunny,Night,97.5,59.1
Construction,Road Building,6,8,21.7,5.86,Sunny,Day,113.4,270.9
Mining,Drilling,7,9,56.8,2.88,Cloudy,Day,98.3,200.0
Mining,Hauling Ore,5,9,39.1,3.23,Cloudy,Day,97.2,93.5
Mining,Hauling Ore,5,8,35.7,7.94,Sunny,Night,101.6,109.7
Oil & Gas,Pipeline Pumping,5,9,32.8,12.05,Sunny,Day,112.0,162.0
Marine & Rail,Locomotive Maintenance,4,8,2.4,6.67,Sunny,Night,87.0,179.4
Oil & Gas,Well Drilling,6,9,22.3,6.46,Rainy,Night,97.4,348.2
Oil & Gas,Pipeline Pumping,6,8,48.8,8.12,Sunny,Day,91.1,160.1
Construction,Excavation,4,9,27.8,2.96,Rainy,Night,100.0,153.7
Mining,Drilling,6,6,27.7,3.99,Rainy,Day,99.8,268.1
Marine & Rail,Rail Network Inspection,5,7,70.5,3.78,Sunny,Day,72.7,162.7
Construction,Foundation Work,6,6,30.9,11.05,Rainy,Day,81.5,299.6
Oil & Gas,Pipeline Pumping,7,8,41.5,2.79,Cloudy,Day,93.0,157.1
Mining,Drilling,7,8,55.7,2.3,Cloudy,Day,81.4,224.5
Marine & Rail,Freight Operations,7,8,48.0,5.46,Sunny,Day,86.0,237.5
Marine & Rail,Rail Network Inspection,6,8,18.0,4.71,Sunny,Night,91.2,161.3
Construction,Site Preparation,6,9,20.2,12.53,Rainy,Day,115.0,237.0
Mining,Hauling Ore,3,8,13.5,10.04,Rainy,Day,110.6,106.3
Construction,Demolition,7,8,53.3,5.67,Sunny,Day,99.5,207.5
Data Center Power,Generator Maintenance,5,7,42.3,5.44,Sunny,Night,94.5,122.5
Oil & Gas,Pipeline Pumping,8,9,62.4,12.17,Cloudy,Night,95.3,219.7
Data Center Power,Backup Generator Testing,5,8,60.4,0.64,Cloudy,Night,83.6,73.7
Marine & Rail,Freight Operations,4,8,12.4,6.56,Rainy,Day,89.1,200.5
Mining,Drilling,5,10,48.4,3.28,Rainy,Day,92.7,170.2
Data Center Power,Cooling System Inspection,5,8,49.4,4.24,Cloudy,Night,78.4,69.6
Marine & Rail,Rail Network Inspection,7,8,26.5,1.3,Rainy,Night,89.9,201.4
Construction,Demolition,4,4,23.9,9.94,Cloudy,Day,98.9,232.1
Marine & Rail,Rail Network Inspection,5,7,35.8,3.63,Cloudy,Day,71.8,154.4
Oil & Gas,Well Drilling,8,6,23.8,2.37,Cloudy,Night,105.8,479.7
Marine & Rail,Tugboat Engine Service,7,8,18.1,4.77,Sunny,Night,96.6,178.9
Data Center Power,Cooling System Inspection,4,7,18.3,5.17,Sunny,Night,76.1,65.2
Data Center Power,Cooling System Inspection,5,8,75.2,2.8,Cloudy,Day,90.7,70.1
Marine & Rail,Freight Operations,6,8,28.4,7.88,Sunny,Day,103.4,218.8
Data Center Power,Generator Maintenance,7,9,43.0,3.37,Cloudy,Night,97.8,116.3
Marine & Rail,Freight Operations,4,7,48.9,4.91,Foggy,Day,111.1,276.5
Construction,Material Loading,5,8,22.0,6.03,Cloudy,Day,105.8,65.3
Data Center Power,Generator Maintenance,6,7,21.3,2.89,Cloudy,Night,109.7,139.0
Construction,Road Building,4,7,33.6,14.23,Rainy,Day,99.7,293.6
Marine & Rail,Locomotive Maintenance,4,5,32.8,10.07,Cloudy,Night,85.1,271.0
Oil & Gas,Well Drilling,4,7,62.3,7.6,Cloudy,Day,99.4,330.0
Mining,Surface Excavation,4,10,25.1,1.59,Foggy,Day,95.9,111.4
Construction,Material Loading,5,9,15.6,6.87,Rainy,Night,93.0,69.5
Marine & Rail,Tugboat Engine Service,7,7,4.3,2.88,Foggy,Day,77.7,198.4
Construction,Material Loading,6,6,84.5,6.22,Foggy,Day,108.4,95.3
Construction,Foundation Work,7,9,32.5,2.85,Sunny,Day,82.8,199.0
Data Center Power,Generator Maintenance,7,9,18.9,9.04,Sunny,Night,91.6,115.4
Oil & Gas,Pipeline Pumping,5,7,45.0,9.15,Cloudy,Night,90.7,168.3
Mining,Drilling,5,7,77.8,4.89,Sunny,Night,96.3,227.5
Construction,Foundation Work,6,7,1.3,1.2,Rainy,Day,102.0,239.3
Marine & Rail,Freight Operations,7,9,53.4,7.43,Cloudy,Day,100.9,246.5
Construction,Excavation,6,5,10.6,2.93,Cloudy,Day,95.8,207.2
Marine & Rail,Freight Operations,3,7,56.7,6.52,Sunny,Day,107.4,206.5
Mining,Drilling,7,9,40.4,10.73,Rainy,Day,96.6,245.4
Mining,Drilling,8,6,28.6,5.27,Sunny,Day,97.5,288.3
Data Center Power,Emergency Power Deployment,5,6,26.9,4.55,Sunny,Day,102.3,106.0
Construction,Material Loading,7,6,16.7,5.73,Sunny,Night,96.6,78.4
Construction,Excavation,4,8,53.4,2.53,Rainy,Night,94.0,176.1
Mining,Hauling Ore,6,9,29.8,4.33,Sunny,Day,97.4,94.3
Data Center Power,Cooling System Inspection,3,8,21.8,1.54,Sunny,Day,82.8,51.8
Marine & Rail,Tugboat Engine Service,4,4,50.1,3.64,Sunny,Day,96.7,190.2
Marine & Rail,Freight Operations,6,8,35.0,6.15,Sunny,Day,108.5,235.2
Mining,Aggregate Collection,4,8,28.6,4.02,Sunny,Night,104.3,66.2
Data Center Power,Cooling System Inspection,5,8,48.1,3.36,Sunny,Night,80.4,68.2
Marine & Rail,Locomotive Maintenance,5,9,25.5,10.84,Sunny,Night,94.8,204.0
Marine & Rail,Rail Network Inspection,6,8,78.2,2.6,Cloudy,Night,92.0,187.4
Construction,Material Loading,5,7,25.5,3.59,Rainy,Day,94.1,72.3
Marine & Rail,Tugboat Engine Service,7,7,39.5,2.65,Rainy,Night,97.7,205.5
Data Center Power,Emergency Power Deployment,5,6,56.7,6.4,Foggy,Night,86.7,130.1
Mining,Drilling,9,8,28.8,5.55,Rainy,Day,112.6,336.1
Data Center Power,Cooling System Inspection,6,9,32.0,4.24,Sunny,Night,81.4,70.7
Marine & Rail,Tugboat Engine Service,4,7,36.3,6.51,Sunny,Day,102.3,160.3
Oil & Gas,Well Drilling,7,7,19.2,4.18,Rainy,Day,97.3,417.4
Construction,Material Loading,4,9,30.8,6.06,Sunny,Night,103.3,59.9
Mining,Hauling Ore,5,8,7.6,8.0,Rainy,Day,100.7,112.7
Oil & Gas,Well Drilling,8,7,10.6,9.25,Sunny,Night,101.2,429.9
Data Center Power,Emergency Power Deployment,7,9,74.9,4.58,Sunny,Day,93.0,106.9
Mining,Surface Excavation,6,8,73.1,4.8,Cloudy,Day,95.6,179.1
Mining,Hauling Ore,5,9,33.1,3.25,Sunny,Night,91.6,98.0
Mining,Surface Excavation,8,5,44.6,6.86,Foggy,Day,104.9,288.7
Construction,Site Preparation,4,8,77.9,2.05,Sunny,Day,112.6,154.9
Mining,Drilling,8,8,25.2,12.01,Sunny,Day,102.7,254.3
Marine & Rail,Tugboat Engine Service,7,8,4.1,11.09,Sunny,Night,100.0,183.1
Oil & Gas,Well Drilling,5,5,44.8,5.35,Sunny,Night,105.3,441.5
Mining,Drilling,6,8,63.1,6.32,Sunny,Night,93.9,237.6
Oil & Gas,Pipeline Pumping,8,9,50.9,10.99,Sunny,Day,94.1,189.7
Mining,Drilling,3,8,42.7,2.72,Sunny,Day,95.2,153.2
Marine & Rail,Freight Operations,6,6,79.4,11.88,Sunny,Day,105.1,279.4
Mining,Drilling,7,8,3.1,6.6,Sunny,Day,103.6,214.3
Mining,Drilling,9,8,13.1,2.39,Sunny,Day,93.3,226.1
Construction,Material Loading,6,7,7.1,6.92,Sunny,Day,99.9,64.6
Oil & Gas,Gas Compression Service,6,7,36.5,3.22,Rainy,Day,96.7,189.8
Construction,Excavation,5,7,51.5,3.8,Sunny,Day,98.9,173.9
Mining,Hauling Ore,4,7,36.7,8.51,Sunny,Night,104.2,114.3
Construction,Site Preparation,3,10,30.4,0.25,Sunny,Night,114.2,136.5
Construction,Road Building,6,8,5.0,8.95,Cloudy,Day,95.5,232.5
Oil & Gas,Well Servicing,7,8,42.1,7.79,Sunny,Day,99.4,254.0
Data Center Power,Generator Maintenance,6,7,4.6,0.59,Sunny,Night,89.5,113.9
Oil & Gas,Pipeline Pumping,6,7,47.8,6.09,Sunny,Day,96.8,156.7
Construction,Material Loading,7,9,28.7,5.57,Sunny,Day,95.9,70.3
Oil & Gas,Gas Compression Service,6,9,58.5,2.57,Rainy,Day,98.5,158.4
Oil & Gas,Well Servicing,6,5,50.1,5.25,Sunny,Day,89.8,286.1
Oil & Gas,Well Drilling,7,6,46.7,9.49,Sunny,Night,104.4,518.3
Mining,Drilling,7,9,12.6,8.16,Sunny,Day,92.8,190.2
Oil & Gas,Gas Compression Service,4,8,27.2,7.03,Cloudy,Day,93.9,152.5
Construction,Material Loading,7,9,34.5,3.66,Rainy,Night,96.3,80.6
Marine & Rail,Rail Network Inspection,6,8,14.1,7.55,Foggy,Night,81.8,205.8
Construction,Foundation Work,6,7,26.2,2.83,Rainy,Day,89.2,253.1
Oil & Gas,Gas Compression Service,6,4,30.0,9.74,Sunny,Day,104.3,250.3
Construction,Excavation,6,6,60.7,2.66,Cloudy,Day,90.1,207.6
Data Center Power,Emergency Power Deployment,6,9,34.3,4.92,Cloudy,Day,101.5,92.4
Construction,Material Loading,5,6,39.3,1.65,Cloudy,Day,97.1,67.7
Data Center Power,Cooling System Inspection,6,10,74.8,0.87,Cloudy,Night,77.6,73.1
Construction,Site Preparation,5,8,66.7,4.16,Cloudy,Day,93.0,155.4
Mining,Drilling,4,6,43.1,6.78,Rainy,Day,89.7,235.2
Oil & Gas,Pipeline Pumping,6,4,54.7,3.58,Sunny,Day,87.4,173.1
Data Center Power,Emergency Power Deployment,8,8,25.6,6.61,Rainy,Day,91.2,120.9
Construction,Demolition,6,8,32.9,3.89,Sunny,Day,111.1,200.4
Marine & Rail,Locomotive Maintenance,4,8,34.9,8.28,Sunny,Day,91.8,195.3
Mining,Surface Excavation,6,9,42.7,4.77,Rainy,Day,101.5,166.2
Data Center Power,Emergency Power Deployment,5,8,10.5,4.46,Sunny,Night,93.8,90.8
Oil & Gas,Pipeline Pumping,5,9,23.2,12.96,Sunny,Day,94.7,141.2
Data Center Power,Backup Generator Testing,7,9,35.1,2.78,Sunny,Day,85.3,74.6
Construction,Demolition,6,5,58.5,6.92,Rainy,Day,99.5,289.3
Marine & Rail,Tugboat Engine Service,5,8,38.9,5.64,Cloudy,Night,80.4,166.3
Data Center Power,Emergency Power Deployment,6,9,15.0,6.46,Cloudy,Day,101.3,88.1
Construction,Demolition,7,8,44.7,5.05,Cloudy,Day,100.1,196.8
Data Center Power,Emergency Power Deployment,5,7,30.2,6.78,Cloudy,Night,85.6,112.5
Mining,Drilling,7,9,52.0,13.29,Sunny,Day,98.4,237.5
Marine & Rail,Freight Operations,5,8,43.3,6.05,Foggy,Day,87.7,245.3
Construction,Excavation,6,7,38.5,5.25,Cloudy,Day,97.8,190.2
Data Center Power,Backup Generator Testing,6,6,78.5,7.59,Cloudy,Day,76.1,90.7
Data Center Power,Cooling System Inspection,5,5,23.4,4.66,Cloudy,Day,89.2,71.7
Marine & Rail,Tugboat Engine Service,5,4,29.8,2.45,Cloudy,Day,85.4,197.8
Data Center Power,Cooling System Inspection,5,6,35.2,5.71,Foggy,Night,78.4,77.6
Data Center Power,Backup Generator Testing,8,9,52.5,1.65,Sunny,Day,87.5,88.2
Construction,Site Preparation,4,7,5.7,3.87,Sunny,Night,109.0,153.6
Data Center Power,Generator Maintenance,5,9,35.2,3.96,Sunny,Day,90.0,91.1
Marine & Rail,Tugboat Engine Service,6,8,36.1,6.56,Cloudy,Day,88.2,167.6
Oil & Gas,Well Drilling,5,7,37.5,2.41,Rainy,Night,97.4,375.1
Oil & Gas,Gas Compression Service,7,8,36.6,3.79,Cloudy,Day,84.7,176.4
Mining,Aggregate Collection,5,9,29.7,4.09,Cloudy,Day,101.5,61.3
Construction,Demolition,4,6,4.6,10.89,Sunny,Night,97.3,198.8
Construction,Foundation Work,7,9,33.8,3.72,Cloudy,Day,84.7,201.5
Construction,Material Loading,3,6,18.0,12.66,Cloudy,Night,93.0,70.4
Marine & Rail,Locomotive Maintenance,6,6,36.0,2.02,Rainy,Day,82.4,242.1
Data Center Power,Backup Generator Testing,6,8,15.1,9.99,Rainy,Day,83.1,76.3
Marine & Rail,Locomotive Maintenance,6,8,67.2,13.47,Sunny,Day,99.0,254.4
Construction,Excavation,7,9,3.8,4.03,Rainy,Day,98.9,175.7
Construction,Foundation Work,8,6,28.7,6.48,Rainy,Night,84.4,355.2
Mining,Drilling,3,9,19.4,1.11,Sunny,Day,99.0,130.4
Data Center Power,Cooling System Inspection,4,4,49.7,2.37,Sunny,Day,80.8,68.4
Marine & Rail,Locomotive Maintenance,6,8,41.0,7.38,Cloudy,Day,94.8,226.9
Marine & Rail,Freight Operations,6,8,42.2,4.13,Foggy,Day,90.5,254.6
Mining,Aggregate Collection,4,9,33.3,4.15,Cloudy,Day,92.5,57.3
Oil & Gas,Pipeline Pumping,6,9,45.1,7.18,Sunny,Day,84.0,145.2
Marine & Rail,Freight Operations,3,7,69.6,13.05,Sunny,Day,95.1,203.7
Marine & Rail,Freight Operations,4,7,27.1,7.71,Foggy,Night,97.5,257.2
Construction,Foundation Work,5,6,26.8,10.4,Rainy,Day,86.6,274.5
Construction,Foundation Work,6,7,53.7,6.39,Rainy,Day,93.6,285.7
Oil & Gas,Gas Compression Service,8,8,50.0,6.98,Sunny,Day,102.1,216.6
Data Center Power,Backup Generator Testing,6,8,32.7,7.35,Cloudy,Day,81.1,76.4
Marine & Rail,Tugboat Engine Service,6,8,29.8,13.43,Cloudy,Day,96.9,175.8
Mining,Surface Excavation,5,8,39.6,8.17,Cloudy,Day,96.2,156.2
Oil & Gas,Gas Compression Service,8,7,18.3,10.09,Sunny,Day,108.4,243.9
Mining,Aggregate Collection,3,6,22.5,4.48,Sunny,Day,89.3,57.4
Construction,Foundation Work,6,9,53.6,5.83,Cloudy,Day,84.7,202.8
Oil & Gas,Pipeline Pumping,4,6,10.9,2.39,Sunny,Night,85.3,130.0
Data Center Power,Cooling System Inspection,6,9,44.1,1.98,Cloudy,Night,82.1,71.6
Oil & Gas,Gas Compression Service,5,5,23.2,8.77,Sunny,Day,102.2,219.3
Construction,Road Building,4,10,44.3,6.21,Sunny,Day,94.2,169.6
Marine & Rail,Freight Operations,8,8,37.1,9.15,Foggy,Day,115.0,389.1
Oil & Gas,Well Servicing,5,8,36.5,1.86,Rainy,Night,76.9,235.3
Oil & Gas,Well Servicing,7,7,8.9,16.76,Sunny,Night,97.9,310.1
Construction,Road Building,6,9,37.8,5.5,Sunny,Day,96.9,223.1
Data Center Power,Cooling System Inspection,5,8,9.9,2.96,Cloudy,Day,79.7,59.8
Construction,Road Building,5,9,78.1,10.57,Cloudy,Night,100.9,262.1
Mining,Drilling,7,9,65.6,4.95,Rainy,Day,101.3,250.0
Marine & Rail,Rail Network Inspection,8,9,1.4,4.15,Cloudy,Night,81.1,173.7
Mining,Hauling Ore,5,4,60.8,4.63,Sunny,Night,98.4,130.0
Construction,Foundation Work,7,9,52.9,12.12,Sunny,Day,109.2,253.4
Data Center Power,Cooling System Inspection,4,8,25.8,5.73,Cloudy,Day,82.3,58.6
Mining,Drilling,4,9,51.1,8.58,Sunny,Night,100.2,181.3
Mining,Hauling Ore,5,9,56.7,12.68,Sunny,Day,97.6,104.5
Construction,Excavation,5,10,39.5,2.84,Sunny,Day,107.3,135.8
Mining,Surface Excavation,6,7,42.8,3.81,Rainy,Day,94.9,196.9
Marine & Rail,Tugboat Engine Service,8,9,59.1,7.91,Sunny,Day,107.2,205.1
Marine & Rail,Locomotive Maintenance,5,3,82.0,5.71,Cloudy,Night,90.1,344.6
Oil & Gas,Pipeline Pumping,8,6,52.5,14.36,Sunny,Day,101.0,230.1
Data Center Power,Backup Generator Testing,4,7,44.8,5.13,Sunny,Day,91.6,65.6
Construction,Material Loading,3,9,29.9,3.97,Sunny,Night,94.5,53.7
Data Center Power,Generator Maintenance,5,7,25.8,8.85,Cloudy,Day,88.1,114.4
Data Center Power,Cooling System Inspection,6,8,29.0,4.82,Rainy,Day,92.7,71.1
Mining,Hauling Ore,4,6,60.0,0.38,Sunny,Day,91.6,97.6
Data Center Power,Cooling System Inspection,4,5,7.2,6.46,Sunny,Night,86.7,68.4
Data Center Power,Cooling System Inspection,5,8,27.9,5.54,Cloudy,Day,79.9,63.3
Data Center Power,Backup Generator Testing,4,9,14.0,0.43,Sunny,Day,74.2,56.1
Marine & Rail,Tugboat Engine Service,6,6,28.6,8.4,Foggy,Day,86.7,236.9
Mining,Hauling Ore,4,6,34.3,4.95,Cloudy,Day,93.4,100.8
Mining,Hauling Ore,5,9,26.9,10.85,Cloudy,Day,101.7,101.8
Marine & Rail,Freight Operations,6,10,11.3,5.01,Rainy,Night,90.2,222.3
Oil & Gas,Well Servicing,6,6,20.4,4.39,Rainy,Night,93.3,306.6
Mining,Surface Excavation,3,9,43.8,4.71,Sunny,Day,95.2,116.4
Construction,Material Loading,4,9,33.1,5.72,Cloudy,Day,96.5,56.1
Mining,Hauling Ore,6,7,37.2,4.18,Sunny,Night,106.5,123.3
Construction,Road Building,8,8,8.4,2.12,Sunny,Day,99.6,248.8
Construction,Material Loading,7,6,49.5,4.04,Rainy,Day,101.1,90.6
Data Center Power,Backup Generator Testing,5,5,41.6,7.49,Sunny,Night,90.1,85.9
Oil & Gas,Gas Compression Service,8,8,29.3,6.91,Sunny,Night,102.3,225.3
Data Center Power,Generator Maintenance,7,7,49.4,8.76,Sunny,Night,100.7,159.6
Data Center Power,Cooling System Inspection,6,8,60.1,2.0,Sunny,Day,94.4,70.3
Data Center Power,Emergency Power Deployment,3,8,17.7,0.81,Sunny,Day,107.1,78.0
Construction,Excavation,8,9,74.1,2.7,Cloudy,Day,105.6,209.7
Marine & Rail,Tugboat Engine Service,7,8,52.1,5.82,Foggy,Day,96.7,221.8
Mining,Hauling Ore,2,9,44.2,6.38,Cloudy,Night,98.8,84.7
Mining,Hauling Ore,5,8,62.2,9.17,Sunny,Day,108.1,116.6
Oil & Gas,Well Drilling,8,9,49.2,3.98,Cloudy,Day,94.3,354.4
Construction,Road Building,7,9,59.5,11.81,Cloudy,Day,94.4,284.0
Marine & Rail,Tugboat Engine Service,8,9,21.8,8.25,Sunny,Night,95.2,187.1
Data Center Power,Backup Generator Testing,3,6,37.2,5.27,Sunny,Night,80.9,69.0
Data Center Power,Cooling System Inspection,4,6,37.9,8.19,Sunny,Day,88.7,66.2
Oil & Gas,Well Servicing,6,6,24.2,10.48,Cloudy,Day,115.0,338.1
Marine & Rail,Locomotive Maintenance,6,7,28.6,7.87,Sunny,Day,97.7,245.7
Oil & Gas,Well Servicing,9,5,4.9,12.04,Sunny,Day,100.8,357.4
Construction,Material Loading,4,6,26.9,7.75,Rainy,Day,101.0,77.6
Data Center Power,Cooling System Inspection,4,8,27.4,1.68,Sunny,Day,92.4,56.4
Marine & Rail,Freight Operations,8,6,6.6,12.76,Rainy,Night,98.1,307.7
Mining,Drilling,7,9,36.9,7.05,Rainy,Night,109.9,294.2
Data Center Power,Emergency Power Deployment,6,9,16.9,0.39,Sunny,Night,87.7,82.6
Mining,Drilling,6,5,14.4,6.01,Rainy,Night,99.9,310.8
Mining,Drilling,3,7,59.4,0.61,Cloudy,Day,91.4,175.2
Data Center Power,Backup Generator Testing,4,6,71.6,1.22,Cloudy,Night,85.2,79.7
Marine & Rail,Freight Operations,6,8,20.0,6.63,Cloudy,Day,102.9,216.0
Construction,Site Preparation,5,7,54.7,6.88,Sunny,Day,93.3,157.6
Marine & Rail,Locomotive Maintenance,7,8,54.2,10.26,Sunny,Day,94.9,251.7
Data Center Power,Backup Generator Testing,4,6,70.8,2.31,Sunny,Day,98.8,72.2
Oil & Gas,Gas Compression Service,6,5,77.9,4.18,Sunny,Day,92.6,228.1
Marine & Rail,Locomotive Maintenance,6,9,66.6,3.79,Sunny,Day,93.3,194.1
Oil & Gas,Well Servicing,6,8,64.1,3.12,Sunny,Day,88.3,226.1
Construction,Material Loading,3,7,34.7,4.53,Sunny,Day,93.2,54.8
Mining,Drilling,6,9,16.3,5.42,Sunny,Day,95.9,176.8
Oil & Gas,Pipeline Pumping,6,7,58.5,1.52,Rainy,Day,92.6,153.4
Mining,Surface Excavation,8,8,29.0,3.87,Sunny,Day,95.2,180.5
Data Center Power,Cooling System Inspection,8,7,28.2,7.43,Cloudy,Night,89.7,92.3
Mining,Surface Excavation,9,8,33.5,8.85,Sunny,Night,98.9,230.8
Mining,Drilling,4,9,23.6,3.28,Sunny,Day,92.9,153.9
Mining,Surface Excavation,6,9,44.5,2.94,Cloudy,Day,87.3,141.3
Oil & Gas,Well Servicing,8,6,17.3,3.24,Foggy,Night,96.1,325.0
Marine & Rail,Locomotive Maintenance,8,7,8.0,12.38,Sunny,Day,98.2,262.6
Marine & Rail,Tugboat Engine Service,7,7,8.7,5.2,Sunny,Day,87.3,176.9
Construction,Excavation,5,5,44.9,10.85,Sunny,Day,96.8,220.1
Mining,Hauling Ore,6,6,43.1,4.27,Rainy,Day,86.6,128.1
Oil & Gas,Well Servicing,7,6,50.8,7.03,Cloudy,Night,88.2,323.9
Marine & Rail,Tugboat Engine Service,7,6,37.7,7.81,Cloudy,Night,94.4,235.5
Data Center Power,Emergency Power Deployment,7,8,37.6,3.67,Sunny,Night,83.5,113.8
Marine & Rail,Locomotive Maintenance,4,7,49.7,12.95,Cloudy,Day,100.9,231.4
Mining,Drilling,7,9,48.4,1.7,Rainy,Day,102.5,229.1
Marine & Rail,Tugboat Engine Service,6,8,24.4,9.15,Cloudy,Day,92.8,169.0
Oil & Gas,Pipeline Pumping,3,6,27.1,1.61,Sunny,Day,78.6,115.0
Construction,Site Preparation,5,5,22.1,5.11,Sunny,Day,91.5,159.1
Mining,Hauling Ore,7,6,32.1,5.1,Sunny,Day,101.0,128.5
Data Center Power,Generator Maintenance,8,7,22.2,6.86,Sunny,Night,94.2,150.7
Construction,Foundation Work,3,7,12.2,0.72,Cloudy,Night,100.5,188.4
Mining,Surface Excavation,6,8,30.2,8.32,Sunny,Day,109.4,179.6
Oil & Gas,Gas Compression Service,6,7,60.6,7.6,Sunny,Night,96.6,217.7
Data Center Power,Backup Generator Testing,5,9,35.1,3.21,Sunny,Day,82.5,62.3
Marine & Rail,Locomotive Maintenance,7,9,6.1,8.69,Sunny,Day,88.1,197.0
Marine & Rail,Rail Network Inspection,5,8,48.8,1.29,Sunny,Night,81.3,157.3
Mining,Surface Excavation,8,9,32.9,7.23,Cloudy,Day,101.1,183.6
Mining,Surface Excavation,6,9,67.3,8.16,Sunny,Day,111.2,185.6
Marine & Rail,Locomotive Maintenance,4,6,13.0,11.42,Cloudy,Night,91.0,254.8
Mining,Hauling Ore,5,7,41.3,18.07,Sunny,Night,109.1,147.9
Mining,Hauling Ore,7,9,54.0,5.91,Sunny,Night,96.6,125.5
Marine & Rail,Freight Operations,4,7,44.6,3.58,Foggy,Night,100.2,257.9
Marine & Rail,Freight Operations,5,9,23.4,1.41,Rainy,Day,95.9,212.8
Oil & Gas,Well Drilling,5,7,63.1,11.81,Cloudy,Night,114.2,497.6
Mining,Drilling,7,9,37.7,8.61,Sunny,Night,106.3,241.7
Oil & Gas,Gas Compression Service,9,9,35.6,8.86,Rainy,Day,92.6,212.2
Construction,Excavation,6,5,9.4,11.83,Cloudy,Day,105.2,240.4
Data Center Power,Generator Maintenance,4,9,26.5,5.05,Sunny,Night,89.3,92.5
Data Center Power,Generator Maintenance,7,7,56.7,9.91,Cloudy,Day,102.6,157.1
Mining,Drilling,6,9,10.8,4.68,Sunny,Day,98.5,163.9
Data Center Power,Backup Generator Testing,4,8,28.1,11.25,Sunny,Night,93.6,69.7
Marine & Rail,Tugboat Engine Service,7,9,12.7,11.56,Sunny,Night,112.1,199.4
Marine & Rail,Tugboat Engine Service,4,5,63.3,0.11,Foggy,Day,95.6,204.6
Mining,Surface Excavation,7,4,28.6,6.78,Rainy,Day,95.3,279.7
Oil & Gas,Gas Compression Service,9,7,4.0,9.05,Sunny,Day,102.7,228.1
Marine & Rail,Freight Operations,3,6,30.9,1.86,Sunny,Night,93.8,191.9
Marine & Rail,Freight Operations,4,8,45.1,6.83,Sunny,Day,112.0,217.3
Oil & Gas,Pipeline Pumping,4,7,36.3,6.97,Sunny,Day,93.4,132.0
Data Center Power,Generator Maintenance,9,6,59.0,2.74,Sunny,Night,85.7,188.4
Oil & Gas,Well Drilling,8,6,69.8,2.89,Sunny,Day,93.6,492.4
Oil & Gas,Gas Compression Service,7,8,7.1,7.26,Rainy,Day,97.1,182.8
Construction,Foundation Work,5,7,64.8,13.45,Sunny,Day,96.9,233.4
Oil & Gas,Well Servicing,5,6,27.1,5.35,Sunny,Night,90.6,250.5
Mining,Surface Excavation,5,8,55.1,1.55,Sunny,Day,98.7,142.9
Construction,Site Preparation,5,7,20.8,4.22,Rainy,Day,92.8,167.2
Data Center Power,Generator Maintenance,5,8,50.6,2.75,Sunny,Day,91.3,102.3
Construction,Demolition,4,8,31.3,0.86,Rainy,Day,86.9,163.4
Marine & Rail,Locomotive Maintenance,6,8,5.3,2.84,Rainy,Day,87.7,192.9
Data Center Power,Cooling System Inspection,4,8,20.2,5.54,Sunny,Day,85.5,55.5
Construction,Road Building,5,10,23.6,2.09,Sunny,Night,98.5,177.0
Oil & Gas,Well Drilling,7,7,36.3,0.5,Cloudy,Night,97.7,389.5
Mining,Surface Excavation,8,7,51.1,3.48,Sunny,Night,98.6,237.0
Construction,Foundation Work,8,9,37.0,6.08,Rainy,Night,90.2,279.3
Marine & Rail,Tugboat Engine Service,5,6,27.8,8.57,Cloudy,Day,96.6,186.6
Construction,Demolition,7,4,49.7,5.54,Sunny,Day,97.1,288.7
Mining,Drilling,6,6,61.5,6.79,Cloudy,Night,94.4,286.6
Mining,Drilling,6,9,56.6,6.92,Sunny,Day,99.3,198.7
Mining,Aggregate Collection,4,7,59.5,2.54,Rainy,Night,87.0,81.0
Mining,Hauling Ore,5,9,26.7,3.45,Cloudy,Night,104.2,103.0
Marine & Rail,Locomotive Maintenance,5,7,6.8,1.2,Cloudy,Day,87.4,187.9
Marine & Rail,Rail Network Inspection,5,10,18.1,7.04,Foggy,Night,89.2,168.2
Oil & Gas,Well Drilling,7,4,59.2,1.28,Foggy,Night,91.6,545.5
Marine & Rail,Freight Operations,6,9,19.4,7.9,Sunny,Night,98.1,216.0
Marine & Rail,Tugboat Engine Service,6,6,28.0,11.35,Rainy,Night,90.5,222.2
Data Center Power,Cooling System Inspection,6,9,36.4,2.93,Cloudy,Day,90.4,67.5
Marine & Rail,Freight Operations,8,7,27.7,7.69,Rainy,Night,95.6,330.4
Construction,Demolition,10,7,62.4,10.65,Rainy,Day,96.7,382.1
Mining,Aggregate Collection,6,9,4.1,11.96,Cloudy,Day,94.3,67.2
Oil & Gas,Well Servicing,9,10,16.2,2.32,Cloudy,Day,95.1,199.5
Construction,Material Loading,5,8,36.5,3.58,Cloudy,Day,88.1,59.4
Marine & Rail,Freight Operations,7,8,58.3,0.24,Sunny,Day,90.3,237.5
Oil & Gas,Well Drilling,8,7,48.6,16.58,Sunny,Night,115.0,677.0
Oil & Gas,Pipeline Pumping,6,8,34.9,3.47,Rainy,Night,101.9,163.3
Construction,Foundation Work,7,8,54.6,3.18,Cloudy,Day,84.3,245.0
Mining,Surface Excavation,5,9,32.9,11.62,Rainy,Day,105.6,168.3
Data Center Power,Cooling System Inspection,4,6,57.5,0.65,Cloudy,Day,91.0,66.2
Mining,Aggregate Collection,5,5,46.6,1.54,Sunny,Day,89.6,68.4
Construction,Excavation,6,8,21.1,4.24,Sunny,Day,100.8,166.7
Marine & Rail,Tugboat Engine Service,5,9,11.6,1.81,Cloudy,Day,99.7,120.2
Oil & Gas,Gas Compression Service,6,8,24.0,2.9,Cloudy,Day,93.3,164.3
Oil & Gas,Pipeline Pumping,7,9,60.4,7.25,Sunny,Day,80.0,167.4
Construction,Material Loading,2,7,33.2,0.68,Sunny,Day,94.2,46.8
Oil & Gas,Pipeline Pumping,7,9,22.1,1.21,Sunny,Night,89.5,145.8
Data Center Power,Generator Maintenance,8,8,62.4,8.45,Cloudy,Night,87.9,161.6
Construction,Site Preparation,4,7,66.2,7.48,Cloudy,Day,98.2,158.9
Mining,Aggregate Collection,6,6,36.4,12.55,Rainy,Night,90.3,98.7
Oil & Gas,Well Drilling,7,8,64.5,12.27,Foggy,Day,100.4,431.2
Mining,Drilling,7,7,21.9,4.34,Cloudy,Day,97.2,232.2
Marine & Rail,Locomotive Maintenance,6,7,66.4,12.89,Cloudy,Day,106.0,298.5
Data Center Power,Backup Generator Testing,6,8,32.9,5.48,Rainy,Day,90.6,75.9
Marine & Rail,Tugboat Engine Service,7,8,44.8,0.68,Rainy,Night,84.5,183.2
Data Center Power,Emergency Power Deployment,8,9,38.6,6.91,Rainy,Night,90.8,122.8
Mining,Hauling Ore,4,6,42.6,0.81,Rainy,Day,91.4,106.1
Mining,Aggregate Collection,5,6,25.9,3.22,Sunny,Day,102.5,69.7
Mining,Hauling Ore,7,8,17.8,7.87,Rainy,Day,90.5,130.2
Mining,Surface Excavation,5,8,33.8,9.52,Cloudy,Day,93.0,156.3
Data Center Power,Backup Generator Testing,4,7,65.7,2.33,Foggy,Day,74.4,70.2
Oil & Gas,Well Servicing,6,9,50.6,13.99,Sunny,Night,106.0,267.5
Oil & Gas,Pipeline Pumping,3,7,30.0,3.31,Cloudy,Day,91.8,116.1
Data Center Power,Cooling System Inspection,3,6,24.6,4.8,Sunny,Day,76.8,57.7
Construction,Demolition,7,9,58.3,6.97,Sunny,Night,99.2,211.8
Data Center Power,Generator Maintenance,4,5,68.1,5.89,Sunny,Night,93.9,140.1
Construction,Excavation,4,8,19.3,9.18,Rainy,Day,100.3,173.2
Oil & Gas,Well Drilling,5,6,11.7,6.01,Sunny,Night,93.6,357.4
Construction,Road Building,7,7,46.9,10.12,Sunny,Day,99.8,313.7
Oil & Gas,Gas Compression Service,6,8,66.1,7.33,Rainy,Day,115.0,233.1
Marine & Rail,Locomotive Maintenance,4,8,41.6,5.64,Sunny,Day,94.5,178.2
Construction,Foundation Work,4,7,28.4,2.38,Sunny,Day,87.5,198.0
Construction,Material Loading,4,8,53.7,2.31,Cloudy,Day,97.1,58.9
Mining,Hauling Ore,5,7,59.7,6.43,Rainy,Day,95.4,125.0
Construction,Foundation Work,5,7,47.0,3.32,Rainy,Day,79.7,242.0
Marine & Rail,Rail Network Inspection,4,9,45.2,2.91,Sunny,Night,74.8,139.6
Marine & Rail,Locomotive Maintenance,4,9,31.6,7.67,Cloudy,Night,105.5,196.6
Construction,Demolition,4,6,8.7,9.47,Sunny,Day,97.1,191.1
Mining,Drilling,5,7,55.9,4.89,Sunny,Day,96.0,200.3
Marine & Rail,Rail Network Inspection,5,9,17.6,12.15,Sunny,Night,88.6,150.2
Marine & Rail,Tugboat Engine Service,6,8,61.8,7.18,Rainy,Day,80.4,169.2
Data Center Power,Backup Generator Testing,4,7,39.0,12.02,Sunny,Day,79.4,71.7
Data Center Power,Backup Generator Testing,7,8,34.3,2.57,Sunny,Night,78.9,83.5
Oil & Gas,Pipeline Pumping,7,8,10.1,11.53,Cloudy,Night,90.0,177.3
Mining,Aggregate Collection,5,8,69.1,7.56,Cloudy,Day,97.9,70.5
Oil & Gas,Gas Compression Service,6,7,16.7,7.36,Cloudy,Day,101.5,191.1
Mining,Hauling Ore,5,9,11.5,6.04,Sunny,Day,97.6,87.3
Data Center Power,Cooling System Inspection,6,8,36.9,6.83,Cloudy,Night,76.8,76.6
Mining,Drilling,6,9,30.0,2.3,Sunny,Day,92.8,168.7
Mining,Surface Excavation,6,9,40.4,5.93,Sunny,Day,86.0,148.7
Construction,Foundation Work,6,9,25.9,1.41,Cloudy,Day,101.4,189.2
Marine & Rail,Tugboat Engine Service,7,9,6.1,5.99,Sunny,Day,86.3,145.5
Construction,Excavation,5,6,31.7,7.78,Sunny,Day,95.3,185.9
Mining,Drilling,7,10,4.7,1.97,Cloudy,Night,104.9,172.2
Mining,Aggregate Collection,4,8,16.4,1.09,Sunny,Day,96.5,55.1
Mining,Hauling Ore,4,9,75.7,4.75,Rainy,Day,111.3,118.2
Oil & Gas,Well Drilling,5,7,34.2,4.36,Rainy,Night,99.5,409.1
Data Center Power,Backup Generator Testing,5,8,67.6,6.1,Sunny,Night,76.9,78.1
Construction,Material Loading,6,9,52.6,8.06,Cloudy,Day,97.1,71.1
Mining,Hauling Ore,4,7,27.6,0.71,Rainy,Day,85.0,99.8
Data Center Power,Generator Maintenance,7,9,18.2,5.39,Cloudy,Day,110.1,118.2
Oil & Gas,Well Servicing,5,6,36.8,2.29,Sunny,Night,89.4,248.9
Mining,Aggregate Collection,7,9,2.7,2.46,Rainy,Day,87.9,73.3
Data Center Power,Backup Generator Testing,5,6,8.1,3.93,Sunny,Day,86.7,68.3
Marine & Rail,Locomotive Maintenance,6,8,53.9,11.43,Foggy,Day,91.3,248.0
Oil & Gas,Well Servicing,7,7,58.6,11.55,Sunny,Day,89.0,296.9
Data Center Power,Backup Generator Testing,3,7,3.4,5.32,Rainy,Day,79.6,60.0
Construction,Site Preparation,4,7,55.9,7.14,Rainy,Night,89.2,176.3
Mining,Surface Excavation,5,8,67.4,4.88,Cloudy,Day,88.4,158.0
Mining,Surface Excavation,7,9,62.3,9.27,Sunny,Day,103.4,191.7
Construction,Demolition,6,6,38.0,4.19,Cloudy,Day,114.0,263.0
Mining,Hauling Ore,4,8,44.3,3.19,Cloudy,Day,84.6,89.1
Construction,Demolition,5,9,25.2,7.83,Sunny,Day,94.0,153.7
Marine & Rail,Rail Network Inspection,6,8,27.3,6.78,Foggy,Night,74.7,207.2
Marine & Rail,Tugboat Engine Service,8,8,16.2,6.4,Sunny,Day,87.8,175.9
Data Center Power,Generator Maintenance,6,4,49.0,7.71,Sunny,Night,90.8,171.4
Marine & Rail,Rail Network Inspection,4,9,59.0,8.87,Sunny,Night,96.0,147.8
Mining,Surface Excavation,7,8,23.6,3.5,Foggy,Day,100.8,172.6
Data Center Power,Emergency Power Deployment,8,7,29.4,9.19,Rainy,Day,87.1,138.0
Construction,Foundation Work,9,7,14.7,5.51,Rainy,Day,89.7,308.6
Data Center Power,Backup Generator Testing,3,9,34.3,4.98,Cloudy,Night,88.8,60.7
Mining,Hauling Ore,7,6,53.1,1.71,Rainy,Night,92.5,152.1
Mining,Hauling Ore,8,8,25.3,5.16,Rainy,Night,102.8,154.9
Marine & Rail,Freight Operations,8,6,26.6,9.41,Sunny,Day,93.1,271.4
Data Center Power,Cooling System Inspection,6,8,46.7,5.46,Sunny,Day,85.9,69.9
Marine & Rail,Locomotive Maintenance,9,7,67.2,10.78,Sunny,Day,84.8,360.8
Construction,Foundation Work,5,5,11.0,4.99,Sunny,Night,91.9,264.2
Marine & Rail,Rail Network Inspection,6,9,40.8,7.38,Sunny,Day,85.0,155.3
Mining,Drilling,7,7,55.2,2.44,Cloudy,Night,93.6,266.5
Data Center Power,Cooling System Inspection,4,6,87.9,1.22,Sunny,Day,77.2,67.9
Construction,Road Building,4,6,24.5,6.04,Sunny,Day,92.2,237.6
Mining,Surface Excavation,5,8,17.8,13.95,Foggy,Day,101.7,169.3
Data Center Power,Emergency Power Deployment,5,6,4.5,2.8,Foggy,Night,88.5,108.4
Marine & Rail,Freight Operations,6,7,10.9,15.1,Foggy,Day,105.2,290.2
Marine & Rail,Locomotive Maintenance,4,7,68.0,3.16,Sunny,Day,79.6,202.0
Marine & Rail,Freight Operations,6,7,23.4,0.87,Rainy,Night,90.1,263.5
Marine & Rail,Rail Network Inspection,8,6,34.7,6.62,Cloudy,Day,86.7,211.3
Oil & Gas,Well Servicing,7,10,19.3,4.26,Sunny,Night,99.9,194.1
Mining,Drilling,6,8,19.5,7.61,Foggy,Night,103.4,228.5
Construction,Material Loading,2,9,25.8,3.8,Rainy,Night,108.6,62.3
Oil & Gas,Gas Compression Service,4,8,39.1,5.81,Cloudy,Night,98.1,166.7
Oil & Gas,Well Drilling,10,7,31.1,6.46,Rainy,Day,95.5,546.6
Data Center Power,Backup Generator Testing,5,9,36.6,4.75,Rainy,Day,89.2,65.7
Construction,Road Building,6,9,8.7,9.95,Sunny,Day,88.3,215.3
Marine & Rail,Tugboat Engine Service,6,8,18.8,12.08,Rainy,Night,107.2,205.2
Mining,Drilling,4,9,15.8,6.2,Sunny,Day,105.2,158.8
Construction,Site Preparation,6,8,12.5,0.71,Rainy,Day,112.5,183.7
Data Center Power,Backup Generator Testing,7,7,6.1,5.64,Cloudy,Day,77.6,78.2
Data Center Power,Cooling System Inspection,5,5,24.1,4.14,Sunny,Day,87.6,68.5
Oil & Gas,Gas Compression Service,7,7,18.7,2.91,Sunny,Day,98.1,186.6
Construction,Material Loading,6,7,67.5,7.25,Sunny,Day,96.9,75.1
Construction,Demolition,6,6,36.8,1.32,Sunny,Day,104.6,211.7
Construction,Excavation,6,4,36.2,6.71,Cloudy,Day,99.2,245.1
Mining,Aggregate Collection,4,9,33.5,7.87,Sunny,Night,94.2,62.7
Data Center Power,Generator Maintenance,8,7,51.8,5.85,Sunny,Day,87.7,147.7
Marine & Rail,Freight Operations,7,8,62.5,9.66,Sunny,Night,95.2,270.8
Construction,Excavation,4,8,22.0,2.09,Sunny,Day,96.8,139.6
Marine & Rail,Freight Operations,4,8,35.0,2.52,Sunny,Day,105.1,193.3
Mining,Drilling,6,8,33.7,6.66,Sunny,Day,99.0,206.3
Construction,Demolition,5,5,20.8,5.37,Sunny,Day,98.7,204.9
Oil & Gas,Gas Compression Service,6,7,7.2,9.2,Sunny,Night,94.9,201.3
Oil & Gas,Well Servicing,4,6,41.8,7.04,Cloudy,Day,110.6,265.4
Data Center Power,Cooling System Inspection,7,8,21.3,3.33,Cloudy,Day,98.3,71.9
Mining,Drilling,7,8,26.8,5.77,Foggy,Day,93.3,224.8
Marine & Rail,Rail Network Inspection,3,5,24.9,6.66,Sunny,Day,81.8,139.7
Marine & Rail,Locomotive Maintenance,5,6,63.9,6.83,Foggy,Day,81.1,257.3
Mining,Drilling,6,7,8.3,4.16,Cloudy,Day,97.4,207.3
Marine & Rail,Locomotive Maintenance,7,7,18.3,0.89,Sunny,Day,79.4,219.5
Mining,Aggregate Collection,3,7,33.2,11.46,Cloudy,Day,89.4,61.6
Construction,Material Loading,2,9,19.4,10.71,Sunny,Day,95.8,50.5
Marine & Rail,Rail Network Inspection,6,6,51.0,9.15,Sunny,Day,91.9,184.4
Mining,Surface Excavation,3,6,22.0,12.98,Rainy,Night,92.6,207.7
Oil & Gas,Well Drilling,5,9,10.5,7.72,Sunny,Day,103.6,267.0
Marine & Rail,Rail Network Inspection,4,8,13.5,12.29,Sunny,Day,89.9,137.4
Oil & Gas,Well Servicing,9,8,53.2,4.59,Cloudy,Day,83.6,305.4
Mining,Drilling,5,5,15.7,9.41,Rainy,Night,100.0,307.0
Mining,Surface Excavation,6,8,32.9,13.07,Sunny,Night,89.9,195.8
Construction,Site Preparation,5,7,40.7,2.59,Sunny,Night,100.5,161.5
Mining,Hauling Ore,6,8,47.4,3.37,Rainy,Day,88.2,118.9
Construction,Demolition,3,9,11.5,1.76,Foggy,Night,115.0,158.4
Marine & Rail,Freight Operations,7,9,19.4,10.69,Rainy,Night,101.9,285.6
Construction,Road Building,8,9,47.0,3.71,Rainy,Night,96.4,321.6
Oil & Gas,Pipeline Pumping,5,9,18.7,5.17,Rainy,Day,97.6,126.6
Construction,Site Preparation,6,9,30.5,3.24,Cloudy,Night,96.0,156.5
Oil & Gas,Well Drilling,8,9,27.9,13.74,Cloudy,Night,103.8,427.5
Data Center Power,Backup Generator Testing,5,8,61.5,4.09,Sunny,Night,80.9,76.8
Oil & Gas,Well Drilling,6,8,31.3,6.01,Cloudy,Night,101.2,352.5
Construction,Excavation,3,7,34.9,6.72,Rainy,Day,97.0,173.6
Mining,Hauling Ore,5,10,19.4,9.01,Cloudy,Night,93.6,100.0
Oil & Gas,Well Servicing,6,7,48.7,2.23,Sunny,Day,89.0,243.3
Mining,Surface Excavation,5,7,10.3,12.03,Sunny,Day,101.2,172.4
Oil & Gas,Well Servicing,8,4,17.0,3.48,Cloudy,Day,88.1,322.3
Oil & Gas,Well Servicing,6,8,23.6,12.52,Rainy,Night,93.8,299.0
Data Center Power,Backup Generator Testing,5,7,49.7,4.31,Sunny,Day,79.8,71.5
Marine & Rail,Freight Operations,6,8,35.4,9.05,Cloudy,Day,94.0,228.5
Construction,Material Loading,3,8,41.0,1.28,Rainy,Day,88.1,58.7
Oil & Gas,Pipeline Pumping,3,6,48.5,8.84,Sunny,Day,87.8,131.3
Mining,Aggregate Collection,3,9,15.8,7.04,Sunny,Day,94.5,51.3
Construction,Material Loading,5,6,16.7,5.54,Rainy,Day,107.2,79.8
Data Center Power,Backup Generator Testing,4,6,47.4,1.68,Sunny,Day,81.7,68.4
Construction,Foundation Work,6,5,51.2,6.3,Sunny,Day,90.8,287.6
Construction,Foundation Work,7,9,16.4,7.4,Cloudy,Day,87.8,199.4
Mining,Aggregate Collection,3,8,35.0,12.7,Sunny,Day,115.0,67.5
Construction,Material Loading,5,8,80.4,5.92,Sunny,Day,104.3,70.4
Construction,Material Loading,5,8,23.7,1.23,Rainy,Day,105.7,68.6
Marine & Rail,Locomotive Maintenance,6,7,40.1,12.01,Sunny,Day,85.9,249.2
Marine & Rail,Locomotive Maintenance,5,7,61.4,4.54,Cloudy,Day,96.5,222.0
Oil & Gas,Gas Compression Service,4,5,25.1,5.57,Sunny,Day,105.2,192.5
Construction,Foundation Work,5,9,20.8,0.78,Cloudy,Night,92.3,185.8
Oil & Gas,Pipeline Pumping,4,9,25.3,11.86,Sunny,Night,89.5,135.3
Mining,Aggregate Collection,4,7,4.2,6.08,Sunny,Night,98.3,64.0
Marine & Rail,Locomotive Maintenance,6,7,52.0,10.78,Sunny,Day,86.1,250.4
Oil & Gas,Well Servicing,8,7,9.3,10.34,Sunny,Night,85.9,296.7
Oil & Gas,Well Drilling,9,10,20.9,5.07,Sunny,Day,99.2,315.4
Oil & Gas,Gas Compression Service,7,6,54.1,3.53,Sunny,Day,101.4,230.4
Data Center Power,Cooling System Inspection,4,9,15.7,0.32,Rainy,Night,77.6,57.0
Construction,Excavation,4,9,35.3,1.43,Sunny,Day,90.1,125.2
Construction,Foundation Work,7,8,17.6,3.13,Sunny,Night,87.1,222.6
Construction,Demolition,6,9,55.0,1.41,Rainy,Night,95.0,194.6
Mining,Drilling,7,7,27.7,6.44,Rainy,Day,97.9,269.8
Construction,Foundation Work,6,8,55.4,3.72,Rainy,Day,88.1,247.1
Construction,Foundation Work,8,8,8.8,7.13,Cloudy,Night,101.9,253.6
Oil & Gas,Pipeline Pumping,5,4,5.8,3.68,Sunny,Night,93.0,155.2
Mining,Hauling Ore,5,6,28.5,3.29,Rainy,Night,104.7,130.7
Construction,Road Building,8,6,34.8,12.97,Rainy,Day,106.2,467.2
Marine & Rail,Rail Network Inspection,3,9,41.1,6.57,Foggy,Night,88.8,156.6
Mining,Hauling Ore,2,8,50.9,17.58,Rainy,Day,115.0,127.3
Construction,Excavation,6,9,10.0,3.94,Cloudy,Night,94.5,154.1
Marine & Rail,Freight Operations,8,7,19.3,11.44,Cloudy,Day,92.9,264.1
Marine & Rail,Tugboat Engine Service,8,8,26.7,7.48,Rainy,Day,83.4,188.8
Oil & Gas,Pipeline Pumping,6,9,32.1,12.2,Sunny,Day,94.2,145.8
Marine & Rail,Freight Operations,5,9,31.7,16.54,Cloudy,Night,110.1,244.3
Data Center Power,Cooling System Inspection,6,6,21.4,7.68,Sunny,Day,76.9,72.0
Marine & Rail,Tugboat Engine Service,9,7,82.1,1.56,Cloudy,Night,99.2,283.3
Marine & Rail,Rail Network Inspection,6,7,19.1,6.54,Sunny,Night,84.8,172.0
Construction,Site Preparation,3,7,61.4,9.83,Sunny,Day,95.0,145.1
Data Center Power,Backup Generator Testing,5,6,21.7,4.11,Sunny,Night,83.2,77.3
Data Center Power,Emergency Power Deployment,5,8,65.0,3.58,Sunny,Day,90.6,96.2
Construction,Site Preparation,6,10,53.5,5.5,Cloudy,Night,95.2,166.0
Mining,Drilling,4,5,90.7,12.61,Rainy,Day,115.0,381.8
Data Center Power,Cooling System Inspection,6,9,21.6,5.04,Sunny,Day,75.9,61.7
Mining,Surface Excavation,7,6,71.0,11.94,Rainy,Day,105.9,311.4
Construction,Site Preparation,3,7,43.5,5.97,Rainy,Night,94.7,167.0
Marine & Rail,Tugboat Engine Service,5,6,61.1,9.52,Sunny,Night,86.6,211.8
Construction,Demolition,5,7,34.4,4.59,Cloudy,Day,98.6,189.1
Data Center Power,Cooling System Inspection,7,6,21.7,4.59,Rainy,Day,83.3,77.3
Construction,Road Building,6,6,19.6,2.86,Rainy,Day,105.7,319.7
Oil & Gas,Pipeline Pumping,5,8,51.2,13.25,Sunny,Day,103.7,155.5
Construction,Demolition,5,9,44.4,4.67,Sunny,Day,93.3,152.2
Construction,Road Building,5,6,41.7,11.38,Sunny,Day,104.0,295.7
Oil & Gas,Well Servicing,4,6,10.6,10.81,Rainy,Day,107.1,289.5
Oil & Gas,Gas Compression Service,6,7,72.7,10.79,Sunny,Day,99.0,221.9
Oil & Gas,Well Drilling,7,6,40.4,5.65,Rainy,Night,106.2,556.7
Construction,Foundation Work,5,6,40.4,8.3,Cloudy,Day,96.7,249.3
Construction,Excavation,5,7,15.6,6.19,Sunny,Day,105.6,177.4
Mining,Surface Excavation,5,6,48.0,9.4,Sunny,Day,94.1,190.2
Oil & Gas,Gas Compression Service,5,6,64.9,2.81,Sunny,Day,89.1,185.2
Data Center Power,Backup Generator Testing,7,7,27.7,2.52,Sunny,Night,78.5,84.7
Mining,Drilling,5,8,35.5,4.05,Sunny,Day,87.3,177.1
Marine & Rail,Locomotive Maintenance,7,9,34.3,14.38,Cloudy,Day,96.5,244.2
Marine & Rail,Rail Network Inspection,7,4,15.7,7.38,Sunny,Day,81.9,192.0
Construction,Material Loading,2,7,17.7,3.9,Sunny,Day,104.6,52.3
Mining,Hauling Ore,6,8,29.7,11.31,Cloudy,Day,109.0,132.8
Construction,Foundation Work,6,8,50.6,3.15,Sunny,Night,83.7,226.0
Construction,Road Building,5,7,34.6,9.19,Cloudy,Day,100.0,260.7
Mining,Hauling Ore,5,7,41.3,5.62,Sunny,Night,84.6,108.5
Construction,Excavation,5,6,21.2,5.45,Rainy,Day,114.8,247.3
Mining,Drilling,5,8,31.8,2.6,Rainy,Night,112.9,257.1
Mining,Hauling Ore,5,7,37.0,7.63,Sunny,Night,99.5,111.8
Construction,Site Preparation,7,7,70.9,13.55,Sunny,Day,111.4,255.7
Data Center Power,Cooling System Inspection,5,5,11.9,2.23,Sunny,Night,80.7,72.0
Oil & Gas,Well Drilling,6,6,7.3,9.42,Foggy,Day,103.0,415.2
Data Center Power,Generator Maintenance,6,8,17.7,8.75,Sunny,Night,99.8,122.5
Data Center Power,Generator Maintenance,6,7,59.6,9.65,Sunny,Night,88.0,140.7
Data Center Power,Backup Generator Testing,6,7,47.8,4.41,Rainy,Day,85.6,83.8
Data Center Power,Generator Maintenance,4,8,45.8,0.43,Sunny,Night,81.7,96.1
Data Center Power,Backup Generator Testing,7,8,48.2,3.37,Rainy,Day,82.6,84.1
Mining,Hauling Ore,6,5,28.8,4.72,Cloudy,Day,94.5,122.2
Oil & Gas,Well Drilling,5,6,60.6,0.67,Sunny,Day,81.7,339.2
Mining,Hauling Ore,6,6,19.6,9.08,Cloudy,Day,90.5,120.0
Marine & Rail,Tugboat Engine Service,4,9,51.5,1.53,Foggy,Day,84.6,146.3
Marine & Rail,Locomotive Maintenance,6,9,57.2,2.08,Foggy,Day,89.2,199.2
Data Center Power,Emergency Power Deployment,10,9,10.3,4.72,Sunny,Night,87.0,114.3
Oil & Gas,Gas Compression Service,7,7,20.9,4.0,Cloudy,Night,92.8,214.3
Marine & Rail,Tugboat Engine Service,8,6,9.1,14.12,Rainy,Night,100.0,263.2
Oil & Gas,Well Servicing,6,8,13.2,6.91,Cloudy,Night,87.5,228.8
Oil & Gas,Well Drilling,10,7,4.8,7.85,Sunny,Day,98.1,436.7
Oil & Gas,Well Drilling,7,9,32.1,5.39,Sunny,Day,97.3,316.0
Marine & Rail,Freight Operations,7,9,39.1,4.23,Rainy,Day,97.6,261.1
Mining,Surface Excavation,6,8,89.8,3.28,Cloudy,Night,89.4,193.9
Oil & Gas,Well Servicing,7,8,46.1,11.64,Sunny,Night,95.8,302.1
Marine & Rail,Freight Operations,4,3,21.0,13.44,Sunny,Night,98.2,248.6
Oil & Gas,Pipeline Pumping,7,7,40.6,9.42,Sunny,Day,106.5,186.0
Mining,Hauling Ore,4,8,30.3,7.1,Cloudy,Day,101.7,95.5
Marine & Rail,Locomotive Maintenance,6,8,17.8,12.25,Foggy,Day,99.4,235.4
Mining,Drilling,6,9,52.4,7.13,Sunny,Night,111.3,237.2
Oil & Gas,Well Servicing,5,8,32.2,5.88,Cloudy,Night,88.4,214.0
Marine & Rail,Freight Operations,6,8,41.1,1.64,Sunny,Day,103.3,220.2
Construction,Road Building,5,9,15.5,0.86,Sunny,Night,98.9,193.5
Oil & Gas,Gas Compression Service,5,7,19.4,9.45,Sunny,Night,103.2,195.5
Oil & Gas,Well Servicing,6,8,54.8,1.01,Cloudy,Night,87.4,230.8
Marine & Rail,Tugboat Engine Service,8,9,44.1,3.01,Cloudy,Day,87.6,169.4
Mining,Surface Excavation,6,9,25.8,5.81,Sunny,Night,105.8,160.6
Construction,Material Loading,6,9,37.4,7.46,Sunny,Night,93.1,69.8
Oil & Gas,Well Servicing,6,9,70.2,6.7,Rainy,Day,77.0,233.8
Construction,Material Loading,6,9,26.2,8.05,Cloudy,Day,100.9,65.4
Data Center Power,Emergency Power Deployment,6,8,68.3,3.85,Sunny,Day,89.7,103.7
Construction,Material Loading,5,8,8.1,1.62,Sunny,Day,94.3,55.0
Construction,Road Building,6,9,24.8,5.24,Sunny,Day,96.0,217.6
Mining,Surface Excavation,6,5,23.6,2.39,Sunny,Day,96.2,194.2
Data Center Power,Generator Maintenance,7,8,13.6,0.76,Foggy,Night,79.4,115.2
Mining,Surface Excavation,6,7,77.0,7.48,Foggy,Day,89.0,201.8
Mining,Drilling,6,6,54.7,5.11,Sunny,Night,94.3,271.3
Mining,Drilling,7,7,55.0,7.59,Cloudy,Night,88.3,286.4
Marine & Rail,Tugboat Engine Service,7,7,36.7,6.5,Rainy,Day,96.1,198.3
Mining,Surface Excavation,8,7,86.1,6.96,Cloudy,Day,103.7,258.1
Oil & Gas,Well Drilling,8,5,15.2,14.51,Sunny,Day,103.2,527.9
Mining,Aggregate Collection,7,6,13.6,3.78,Sunny,Day,84.7,76.7
Mining,Drilling,6,7,2.1,7.91,Cloudy,Night,106.7,252.4
Oil & Gas,Well Servicing,4,7,69.7,6.39,Rainy,Day,96.2,256.2
Construction,Foundation Work,6,6,23.4,5.3,Sunny,Day,98.1,244.0
Oil & Gas,Well Drilling,8,9,16.0,8.79,Sunny,Night,92.9,347.6
Construction,Material Loading,5,6,26.7,13.32,Cloudy,Day,106.7,77.9
Mining,Aggregate Collection,4,6,23.9,0.63,Sunny,Night,100.1,66.2
Construction,Foundation Work,6,8,19.5,6.41,Sunny,Day,93.1,201.7
Oil & Gas,Pipeline Pumping,7,7,42.3,0.79,Rainy,Night,88.0,171.4
Data Center Power,Cooling System Inspection,5,5,43.7,4.41,Sunny,Night,78.6,77.1
Marine & Rail,Rail Network Inspection,5,9,3.1,9.89,Rainy,Day,87.0,157.0
Marine & Rail,Rail Network Inspection,5,7,77.6,7.01,Sunny,Day,94.6,165.3
Construction,Material Loading,2,9,65.1,16.15,Rainy,Night,94.6,70.4
Oil & Gas,Gas Compression Service,7,9,16.0,6.56,Rainy,Day,96.3,165.3
Construction,Foundation Work,7,9,33.5,10.89,Sunny,Day,85.6,203.7
Marine & Rail,Tugboat Engine Service,7,8,25.0,0.86,Sunny,Day,87.1,156.1
Construction,Road Building,6,7,45.2,8.06,Rainy,Night,102.9,356.0
Marine & Rail,Locomotive Maintenance,7,9,75.7,5.42,Cloudy,Day,103.6,243.9
Construction,Demolition,6,8,39.4,3.38,Sunny,Night,104.6,200.7
Data Center Power,Cooling System Inspection,2,6,48.8,7.74,Cloudy,Day,83.0,56.6
Construction,Excavation,6,8,48.5,9.14,Foggy,Night,94.4,210.4
Data Center Power,Cooling System Inspection,7,9,58.9,2.7,Cloudy,Day,70.0,75.8
Oil & Gas,Well Servicing,5,4,13.7,2.88,Sunny,Day,84.5,250.6
Oil & Gas,Well Servicing,8,6,75.1,5.89,Cloudy,Night,90.5,387.5
Oil & Gas,Well Drilling,7,10,17.6,2.85,Sunny,Day,105.4,272.5
Data Center Power,Backup Generator Testing,4,5,14.5,10.4,Rainy,Day,88.6,76.0
Oil & Gas,Well Servicing,8,6,23.7,1.43,Cloudy,Day,87.1,278.0
Marine & Rail,Tugboat Engine Service,5,10,55.3,2.87,Rainy,Day,92.9,124.5
Mining,Aggregate Collection,4,9,25.7,10.11,Sunny,Day,98.7,59.9
Marine & Rail,Locomotive Maintenance,7,9,25.4,12.96,Sunny,Day,95.0,227.9
Mining,Aggregate Collection,5,9,37.4,9.31,Cloudy,Day,97.6,65.9
Marine & Rail,Rail Network Inspection,4,8,54.6,1.26,Rainy,Night,81.6,169.8
Oil & Gas,Gas Compression Service,6,5,13.0,4.44,Sunny,Day,103.3,209.0
Mining,Hauling Ore,4,9,33.1,10.22,Cloudy,Day,93.2,96.8
Construction,Demolition,4,7,42.5,11.69,Cloudy,Night,106.0,217.1
Mining,Drilling,9,4,38.9,10.91,Rainy,Day,103.7,476.7
Oil & Gas,Gas Compression Service,7,8,28.2,10.63,Sunny,Day,94.0,187.7
Construction,Site Preparation,5,9,53.3,5.02,Rainy,Day,104.3,171.8
Oil & Gas,Gas Compression Service,4,10,33.5,10.44,Sunny,Day,106.2,138.7
Oil & Gas,Pipeline Pumping,6,7,8.1,4.05,Cloudy,Day,97.2,142.8
Mining,Drilling,7,6,54.9,9.66,Sunny,Day,110.4,330.4
Data Center Power,Cooling System Inspection,3,7,39.3,0.8,Cloudy,Day,86.1,57.8
Construction,Road Building,6,5,6.7,2.95,Rainy,Day,86.2,318.0
Construction,Excavation,4,9,38.0,2.78,Rainy,Day,87.8,140.4
Mining,Drilling,8,8,81.3,6.13,Cloudy,Day,90.5,276.5
Mining,Surface Excavation,8,7,9.5,11.91,Cloudy,Day,89.5,210.7
Mining,Hauling Ore,6,9,28.1,5.46,Sunny,Night,92.0,110.6
Marine & Rail,Locomotive Maintenance,7,5,34.6,3.01,Sunny,Day,83.2,277.8
Data Center Power,Cooling System Inspection,5,9,12.9,2.12,Sunny,Night,80.7,61.3
Marine & Rail,Freight Operations,2,7,12.7,5.55,Foggy,Night,96.8,205.3
Data Center Power,Cooling System Inspection,4,8,36.1,4.9,Cloudy,Day,82.1,59.4
Marine & Rail,Locomotive Maintenance,4,7,2.3,7.33,Cloudy,Night,95.8,212.5
Construction,Site Preparation,4,9,33.6,5.27,Foggy,Day,99.7,134.7
Mining,Drilling,6,7,51.2,6.43,Cloudy,Night,92.5,257.0
Construction,Foundation Work,5,9,10.3,6.6,Cloudy,Day,97.1,176.3
Data Center Power,Emergency Power Deployment,7,6,32.3,2.86,Sunny,Night,88.7,133.6
Oil & Gas,Well Servicing,6,8,54.5,8.63,Sunny,Night,88.9,261.5
Marine & Rail,Rail Network Inspection,6,9,36.4,4.69,Rainy,Day,79.8,171.8
Mining,Surface Excavation,6,9,21.0,7.55,Sunny,Day,105.0,146.0
Construction,Demolition,7,8,4.7,11.16,Cloudy,Day,96.0,197.6
Data Center Power,Generator Maintenance,9,8,62.4,4.08,Cloudy,Day,86.7,156.9
Data Center Power,Cooling System Inspection,3,10,66.0,1.07,Sunny,Day,97.1,50.6
Oil & Gas,Well Servicing,9,9,16.6,7.33,Cloudy,Night,97.3,267.6
Mining,Drilling,6,8,18.4,2.12,Sunny,Day,94.1,179.1
Mining,Aggregate Collection,8,7,9.9,15.66,Sunny,Night,100.2,90.3
Construction,Site Preparation,5,9,35.3,2.75,Cloudy,Night,95.2,148.1
Construction,Road Building,6,9,32.8,14.43,Sunny,Day,105.2,259.5
Data Center Power,Cooling System Inspection,4,3,36.5,8.2,Sunny,Day,85.8,72.8
Mining,Drilling,4,5,58.4,13.11,Sunny,Night,104.6,285.8
Construction,Site Preparation,5,6,38.4,4.13,Sunny,Night,93.2,171.2
Mining,Drilling,4,8,36.4,11.27,Sunny,Day,94.3,182.8
Data Center Power,Emergency Power Deployment,7,8,16.9,7.14,Cloudy,Day,92.9,107.7
Mining,Surface Excavation,8,9,29.1,7.18,Sunny,Day,113.3,202.7
Mining,Drilling,5,8,68.8,7.93,Sunny,Day,98.6,210.6
Data Center Power,Backup Generator Testing,5,9,48.5,3.18,Cloudy,Night,84.9,68.6
Mining,Hauling Ore,4,8,35.2,7.24,Rainy,Day,107.0,118.5
Data Center Power,Emergency Power Deployment,5,6,30.3,8.04,Cloudy,Night,92.9,125.5
Data Center Power,Backup Generator Testing,5,9,26.8,7.53,Cloudy,Day,93.6,68.1
Mining,Hauling Ore,5,6,37.1,10.72,Cloudy,Day,104.9,124.4
Data Center Power,Backup Generator Testing,6,10,13.3,2.97,Sunny,Night,86.2,67.7
Oil & Gas,Pipeline Pumping,6,8,61.3,9.34,Sunny,Day,90.6,161.3
Construction,Road Building,7,9,80.6,4.04,Sunny,Day,99.4,265.0
Construction,Material Loading,4,5,17.4,1.55,Sunny,Night,86.3,62.9
Data Center Power,Backup Generator Testing,4,7,20.0,3.49,Foggy,Day,81.4,67.6
Construction,Road Building,6,6,10.2,7.82,Rainy,Day,101.8,335.2
Mining,Drilling,3,6,52.4,0.17,Rainy,Night,91.7,221.2
Mining,Hauling Ore,5,8,39.9,5.21,Sunny,Night,90.5,108.6
Data Center Power,Emergency Power Deployment,4,9,9.5,8.13,Sunny,Day,93.8,77.6
Mining,Surface Excavation,5,5,25.4,4.56,Sunny,Day,102.2,189.9
Oil & Gas,Well Drilling,7,5,15.6,5.99,Cloudy,Night,91.6,473.4
Mining,Drilling,8,6,49.3,4.14,Sunny,Day,98.3,283.9
Construction,Material Loading,5,7,74.4,11.97,Cloudy,Night,97.2,81.9
Construction,Foundation Work,6,5,50.2,8.67,Sunny,Day,92.7,289.7
Oil & Gas,Well Servicing,7,7,22.9,7.53,Sunny,Day,95.6,259.7
Mining,Drilling,8,10,33.4,16.44,Cloudy,Day,99.0,229.2
Mining,Surface Excavation,4,8,83.7,6.56,Sunny,Night,112.5,188.1
Data Center Power,Backup Generator Testing,6,7,40.7,2.57,Sunny,Day,73.8,73.8
Marine & Rail,Locomotive Maintenance,6,7,37.5,7.05,Rainy,Night,102.3,267.9
Marine & Rail,Freight Operations,3,9,33.7,10.25,Rainy,Day,95.2,192.9
Oil & Gas,Well Servicing,7,8,17.3,5.1,Rainy,Night,96.7,279.9
Construction,Foundation Work,6,7,29.6,8.85,Cloudy,Day,95.8,235.9
Marine & Rail,Rail Network Inspection,5,7,49.8,8.69,Cloudy,Night,81.3,178.2
Oil & Gas,Well Drilling,6,10,18.7,5.29,Rainy,Day,84.3,274.7
Oil & Gas,Well Servicing,8,9,31.6,11.21,Rainy,Day,91.5,288.4
Marine & Rail,Freight Operations,3,6,13.2,11.92,Rainy,Day,115.0,258.4
Marine & Rail,Freight Operations,6,6,68.7,5.96,Sunny,Day,104.7,258.3
Oil & Gas,Well Servicing,6,9,42.4,1.58,Cloudy,Day,83.4,191.0
Construction,Material Loading,2,7,30.7,10.45,Sunny,Night,105.2,64.2
Oil & Gas,Pipeline Pumping,4,9,22.2,6.79,Cloudy,Day,86.8,119.6
Construction,Road Building,7,8,18.8,12.79,Cloudy,Day,99.7,288.8
Marine & Rail,Tugboat Engine Service,6,8,19.9,11.54,Sunny,Day,90.3,170.0
Construction,Excavation,8,6,23.8,5.31,Rainy,Day,100.8,270.7
Mining,Drilling,6,7,34.0,6.6,Cloudy,Day,96.3,227.3
Data Center Power,Cooling System Inspection,4,7,35.3,7.83,Sunny,Night,84.4,67.3
Oil & Gas,Pipeline Pumping,6,9,2.4,7.9,Sunny,Day,97.0,129.6
Construction,Demolition,5,9,16.4,2.66,Rainy,Day,87.7,161.5
Marine & Rail,Locomotive Maintenance,9,7,23.5,8.61,Cloudy,Night,90.8,317.1
Marine & Rail,Locomotive Maintenance,7,8,43.9,10.48,Foggy,Night,105.3,302.6
Mining,Drilling,5,7,2.5,8.78,Rainy,Day,98.0,227.7
Construction,Material Loading,2,9,92.9,5.88,Sunny,Day,94.7,52.8
Oil & Gas,Well Servicing,7,10,57.7,4.62,Sunny,Day,84.3,197.3
Oil & Gas,Well Drilling,9,7,30.7,6.21,Rainy,Night,110.1,619.3
Oil & Gas,Well Servicing,9,7,33.3,9.16,Sunny,Night,82.8,345.0
Oil & Gas,Well Drilling,7,9,26.2,4.46,Sunny,Day,100.5,302.8
Construction,Excavation,3,9,31.4,2.91,Rainy,Night,98.9,142.3
Oil & Gas,Well Drilling,7,8,42.3,2.13,Sunny,Day,90.8,347.8
Data Center Power,Cooling System Inspection,5,8,18.5,6.38,Sunny,Night,81.2,66.7
Construction,Foundation Work,5,8,42.2,6.8,Cloudy,Day,81.8,198.4
Marine & Rail,Freight Operations,4,8,67.9,8.91,Foggy,Day,97.1,240.1
Marine & Rail,Locomotive Maintenance,6,8,54.8,6.46,Rainy,Day,95.8,226.9
Data Center Power,Cooling System Inspection,5,9,46.4,4.59,Cloudy,Day,89.6,63.2
Marine & Rail,Freight Operations,4,7,50.1,2.44,Rainy,Day,87.5,214.6
Oil & Gas,Pipeline Pumping,5,8,19.5,11.53,Rainy,Night,91.1,158.1
Data Center Power,Backup Generator Testing,6,6,35.3,2.04,Cloudy,Day,87.0,76.5
Mining,Drilling,8,8,41.6,2.77,Rainy,Day,107.0,282.6
Oil & Gas,Well Servicing,6,9,14.6,3.6,Rainy,Night,96.5,238.6
Mining,Drilling,7,6,58.2,2.62,Cloudy,Day,82.6,262.7
Oil & Gas,Well Drilling,5,10,29.9,4.97,Sunny,Day,93.8,232.1
Oil & Gas,Gas Compression Service,8,6,53.9,10.18,Sunny,Day,111.7,314.2
Oil & Gas,Gas Compression Service,6,9,6.6,3.81,Sunny,Day,96.2,142.1
Data Center Power,Generator Maintenance,8,7,70.4,1.22,Rainy,Day,82.7,153.4
Mining,Hauling Ore,4,5,80.2,2.11,Cloudy,Night,104.4,123.1
Construction,Site Preparation,7,7,11.3,5.69,Sunny,Night,101.5,180.7
Construction,Road Building,4,8,36.3,6.56,Cloudy,Day,98.7,215.9
Construction,Foundation Work,5,7,43.6,4.16,Sunny,Night,89.7,224.5
Mining,Surface Excavation,8,8,38.7,14.23,Cloudy,Night,102.3,241.1
Mining,Aggregate Collection,4,7,30.8,1.55,Rainy,Day,102.1,68.1
Marine & Rail,Rail Network Inspection,6,6,31.6,8.51,Cloudy,Day,86.2,175.4
Oil & Gas,Pipeline Pumping,6,4,19.1,8.67,Cloudy,Night,96.0,192.2
Construction,Foundation Work,6,9,23.2,8.73,Rainy,Day,92.7,220.8
Mining,Drilling,5,7,29.2,12.34,Cloudy,Day,106.5,246.1
Marine & Rail,Tugboat Engine Service,4,6,26.1,10.84,Cloudy,Day,99.7,176.4
Construction,Demolition,5,9,59.9,0.56,Sunny,Day,88.8,144.2
Oil & Gas,Well Drilling,5,7,35.3,3.59,Sunny,Night,101.9,348.8
Marine & Rail,Tugboat Engine Service,7,6,33.3,12.46,Sunny,Day,99.6,228.9
Construction,Foundation Work,8,7,61.8,7.5,Cloudy,Day,103.1,317.6
Marine & Rail,Rail Network Inspection,4,5,44.0,10.05,Sunny,Day,88.0,162.5
Mining,Surface Excavation,5,6,39.9,2.83,Cloudy,Day,96.0,176.0
Data Center Power,Backup Generator Testing,4,6,15.5,2.99,Sunny,Day,88.1,65.5
Mining,Drilling,9,9,6.5,8.1,Sunny,Day,102.5,218.6
Construction,Material Loading,5,9,19.5,16.63,Sunny,Day,109.9,70.7
Construction,Foundation Work,8,10,24.4,7.77,Sunny,Night,97.6,212.8
Marine & Rail,Tugboat Engine Service,5,7,25.2,9.01,Sunny,Day,102.1,168.1
Construction,Site Preparation,4,9,27.9,11.52,Cloudy,Day,94.4,136.2
Marine & Rail,Freight Operations,5,9,37.6,5.97,Sunny,Night,89.8,200.5
Construction,Demolition,5,8,16.5,2.51,Rainy,Day,96.8,176.3
Mining,Surface Excavation,5,5,12.2,8.26,Rainy,Day,99.2,222.8
Mining,Surface Excavation,6,6,69.4,13.21,Cloudy,Day,100.2,237.3
Construction,Foundation Work,3,8,31.8,8.84,Sunny,Night,85.6,182.3
Marine & Rail,Freight Operations,4,8,11.5,7.95,Cloudy,Day,91.2,184.3
Data Center Power,Emergency Power Deployment,8,9,22.2,1.74,Cloudy,Day,88.8,97.3
Oil & Gas,Well Servicing,7,9,39.4,6.96,Cloudy,Night,94.9,249.3
Marine & Rail,Locomotive Maintenance,9,7,19.2,14.11,Sunny,Day,95.0,315.8
Oil & Gas,Well Servicing,10,8,77.1,1.51,Cloudy,Night,90.9,379.0
Data Center Power,Cooling System Inspection,4,8,55.8,0.5,Cloudy,Night,87.3,65.3
Construction,Road Building,6,7,44.3,4.2,Cloudy,Day,104.4,277.0
Mining,Surface Excavation,7,6,49.5,12.27,Sunny,Day,102.8,245.7
Construction,Road Building,8,8,35.6,8.75,Sunny,Day,92.7,308.6
Marine & Rail,Freight Operations,6,7,23.8,8.52,Cloudy,Day,94.1,224.9
Marine & Rail,Locomotive Maintenance,6,8,18.2,7.31,Foggy,Day,105.5,228.8
Construction,Foundation Work,4,8,57.3,8.81,Rainy,Night,86.9,228.6
Mining,Aggregate Collection,5,7,47.7,1.18,Rainy,Day,87.8,75.9
Data Center Power,Backup Generator Testing,6,6,62.6,5.99,Sunny,Night,80.8,89.3
Construction,Road Building,8,7,17.0,7.5,Sunny,Day,95.8,299.4
Mining,Aggregate Collection,6,5,6.0,2.34,Rainy,Day,98.3,84.3
Marine & Rail,Locomotive Maintenance,7,6,48.1,5.31,Cloudy,Day,100.2,300.3
Oil & Gas,Well Servicing,6,8,16.5,12.05,Cloudy,Day,87.3,237.4
Construction,Foundation Work,6,7,14.2,9.9,Sunny,Day,89.7,229.6
Data Center Power,Cooling System Inspection,5,8,43.4,4.89,Rainy,Day,77.3,65.3
Oil & Gas,Gas Compression Service,6,7,27.7,0.83,Cloudy,Day,87.9,166.0
Construction,Foundation Work,7,5,49.7,9.72,Sunny,Day,90.1,304.8
Mining,Surface Excavation,6,5,65.1,5.26,Cloudy,Night,97.6,241.2
Marine & Rail,Locomotive Maintenance,4,8,22.0,10.53,Cloudy,Day,89.5,185.9
Mining,Drilling,7,8,69.6,3.66,Sunny,Night,97.1,246.1
Marine & Rail,Freight Operations,5,9,15.3,3.98,Sunny,Day,110.8,207.6
Construction,Excavation,8,8,65.9,7.89,Sunny,Day,95.9,228.2
Construction,Road Building,5,6,59.2,12.75,Cloudy,Night,107.5,368.2
Oil & Gas,Well Servicing,7,9,14.6,4.68,Rainy,Day,83.4,242.0
Marine & Rail,Tugboat Engine Service,6,8,15.3,9.49,Sunny,Day,96.3,164.4
Mining,Hauling Ore,6,9,29.7,5.23,Sunny,Day,99.4,101.0
Construction,Foundation Work,6,4,54.4,4.72,Sunny,Day,89.0,298.1
Oil & Gas,Well Servicing,6,8,67.0,13.64,Sunny,Night,102.4,290.3
Oil & Gas,Well Drilling,6,6,60.7,14.28,Sunny,Night,101.5,490.2
Mining,Aggregate Collection,4,9,33.0,6.16,Rainy,Day,98.9,64.7
Oil & Gas,Well Drilling,6,4,54.3,14.89,Sunny,Day,98.8,521.1
Marine & Rail,Rail Network Inspection,5,8,0.9,6.72,Cloudy,Night,76.1,148.5
Mining,Hauling Ore,4,7,23.3,10.26,Sunny,Day,89.1,100.3
Construction,Excavation,7,6,17.1,4.21,Rainy,Day,93.0,235.0
Data Center Power,Backup Generator Testing,4,5,47.1,2.04,Cloudy,Day,74.8,72.6
Data Center Power,Backup Generator Testing,6,9,38.5,3.0,Sunny,Night,83.1,77.8
Marine & Rail,Locomotive Maintenance,4,6,26.1,5.96,Sunny,Day,76.8,213.0
Data Center Power,Backup Generator Testing,5,5,41.4,4.45,Sunny,Night,79.5,82.5
Oil & Gas,Pipeline Pumping,8,10,39.9,13.96,Sunny,Day,87.9,174.5
Mining,Aggregate Collection,6,7,54.7,7.95,Cloudy,Day,93.3,79.4
Construction,Excavation,6,8,69.9,8.26,Sunny,Night,115.0,250.2
Data Center Power,Cooling System Inspection,7,9,88.2,10.12,Sunny,Night,75.4,91.3
Mining,Aggregate Collection,4,5,48.9,6.14,Sunny,Day,101.0,71.2
Mining,Surface Excavation,7,6,29.5,6.15,Sunny,Day,87.9,202.6
Marine & Rail,Locomotive Maintenance,6,6,13.3,5.55,Sunny,Day,91.6,236.3
Construction,Excavation,7,4,77.1,4.38,Cloudy,Day,84.2,291.5
Mining,Drilling,7,7,45.6,11.55,Cloudy,Day,97.7,273.2
Oil & Gas,Pipeline Pumping,5,4,31.1,3.63,Foggy,Night,85.9,175.6
Construction,Demolition,3,8,39.7,7.91,Sunny,Day,97.9,149.3
Construction,Material Loading,2,6,67.9,2.54,Cloudy,Day,94.9,56.2
Mining,Drilling,8,9,42.3,10.07,Sunny,Day,106.2,245.5
Oil & Gas,Pipeline Pumping,5,7,34.7,6.93,Rainy,Day,92.7,149.9
Data Center Power,Generator Maintenance,8,7,19.2,4.89,Cloudy,Day,96.4,133.1
Data Center Power,Emergency Power Deployment,8,7,41.1,5.6,Rainy,Day,86.5,134.1
Mining,Hauling Ore,7,7,36.5,7.79,Sunny,Day,104.0,136.0
Mining,Aggregate Collection,4,7,39.2,11.85,Sunny,Day,98.3,63.7
Mining,Hauling Ore,4,9,67.1,8.13,Sunny,Night,91.3,102.2
Construction,Excavation,5,5,31.3,7.42,Foggy,Day,88.8,216.7
Construction,Material Loading,4,7,15.2,3.81,Sunny,Day,97.2,58.3
Mining,Surface Excavation,5,6,41.6,1.85,Cloudy,Day,95.8,172.2
Oil & Gas,Pipeline Pumping,5,7,36.5,6.27,Sunny,Day,93.2,138.3
Construction,Material Loading,3,8,58.9,2.07,Rainy,Day,96.9,59.4
Construction,Site Preparation,5,8,7.4,4.12,Sunny,Day,96.2,128.4
Oil & Gas,Well Servicing,7,9,19.0,10.51,Cloudy,Day,102.5,233.7
Data Center Power,Backup Generator Testing,7,8,25.6,2.82,Rainy,Night,85.8,87.5
Marine & Rail,Freight Operations,7,5,54.0,1.67,Rainy,Day,87.8,309.9
Construction,Foundation Work,6,5,11.2,5.08,Rainy,Day,90.3,299.2
Construction,Road Building,5,4,58.4,3.05,Foggy,Day,91.9,316.6
Data Center Power,Backup Generator Testing,3,10,36.8,7.86,Rainy,Day,83.0,55.7
Construction,Excavation,5,4,33.2,7.21,Rainy,Night,88.4,271.5
Construction,Excavation,6,2,59.2,4.22,Foggy,Day,101.8,300.9
Mining,Hauling Ore,4,9,36.1,5.37,Sunny,Day,106.3,92.2
Oil & Gas,Gas Compression Service,6,7,31.9,9.06,Cloudy,Day,101.1,199.1
Mining,Aggregate Collection,6,9,29.6,4.73,Sunny,Night,78.1,66.6
Mining,Drilling,6,9,54.5,2.0,Cloudy,Night,91.3,193.5
Construction,Excavation,7,6,73.0,4.54,Rainy,Day,100.6,276.8
Data Center Power,Cooling System Inspection,7,7,35.8,2.38,Sunny,Day,86.0,76.0
Marine & Rail,Tugboat Engine Service,6,7,73.6,12.3,Foggy,Day,103.5,267.3
Oil & Gas,Pipeline Pumping,5,9,61.8,10.83,Rainy,Day,98.7,150.3
Construction,Site Preparation,6,7,24.0,2.6,Cloudy,Day,88.6,155.0
Construction,Road Building,8,8,35.2,15.9,Rainy,Day,108.0,413.7
Construction,Site Preparation,8,7,79.1,10.6,Cloudy,Day,111.2,275.1
Marine & Rail,Freight Operations,6,6,39.2,10.78,Cloudy,Day,102.6,248.6
Oil & Gas,Well Servicing,7,9,58.7,7.51,Cloudy,Day,84.3,236.0
Data Center Power,Emergency Power Deployment,6,6,47.1,3.22,Sunny,Day,95.8,115.9
Construction,Demolition,6,7,44.1,3.16,Rainy,Night,105.0,260.4
Data Center Power,Cooling System Inspection,5,7,40.7,1.34,Foggy,Day,79.0,68.3
Construction,Excavation,6,9,38.1,6.39,Rainy,Day,115.0,212.0
Data Center Power,Cooling System Inspection,6,8,61.9,2.02,Sunny,Night,87.4,77.5
Construction,Site Preparation,4,9,42.0,1.21,Rainy,Day,91.5,131.8
Mining,Hauling Ore,5,3,40.2,11.98,Sunny,Day,101.8,135.1
Oil & Gas,Pipeline Pumping,6,8,62.7,1.75,Cloudy,Night,88.4,158.0
Oil & Gas,Well Servicing,8,7,74.3,1.28,Sunny,Night,84.9,323.8
Data Center Power,Emergency Power Deployment,6,9,51.8,1.99,Rainy,Night,87.6,99.0
Marine & Rail,Tugboat Engine Service,5,7,22.5,2.31,Rainy,Day,95.2,153.3
Marine & Rail,Locomotive Maintenance,5,10,55.5,8.19,Sunny,Day,101.6,169.6
Construction,Road Building,7,6,31.5,14.09,Sunny,Day,99.8,353.5
Mining,Drilling,7,6,40.9,4.76,Cloudy,Night,89.5,272.8
Construction,Demolition,4,7,45.3,7.04,Sunny,Day,88.9,178.6
Mining,Hauling Ore,5,8,39.3,10.15,Sunny,Day,96.9,107.7
Oil & Gas,Well Drilling,4,9,23.5,4.32,Sunny,Day,92.7,239.6
Marine & Rail,Freight Operations,6,10,33.5,10.48,Sunny,Night,80.3,217.3
Oil & Gas,Pipeline Pumping,6,8,55.4,8.7,Sunny,Night,87.2,171.8
Marine & Rail,Locomotive Maintenance,7,6,47.5,9.4,Cloudy,Day,100.3,297.2
Marine & Rail,Freight Operations,4,5,58.6,4.41,Rainy,Day,105.2,263.4
Marine & Rail,Locomotive Maintenance,5,9,19.0,11.35,Foggy,Night,92.8,208.8
Data Center Power,Cooling System Inspection,5,5,27.9,6.64,Sunny,Day,86.6,69.5
Oil & Gas,Well Drilling,6,8,40.8,5.84,Sunny,Night,99.8,352.4
Oil & Gas,Gas Compression Service,5,7,56.1,10.22,Sunny,Day,94.6,191.7
Marine & Rail,Tugboat Engine Service,5,6,44.0,6.32,Sunny,Day,93.6,181.0
Construction,Foundation Work,8,8,13.5,7.44,Sunny,Day,88.7,230.4
Marine & Rail,Freight Operations,5,6,32.9,5.09,Cloudy,Day,90.9,217.2
Data Center Power,Emergency Power Deployment,8,10,18.6,4.86,Foggy,Day,87.1,95.9
Construction,Foundation Work,5,6,42.0,10.5,Rainy,Day,92.0,268.2
Marine & Rail,Tugboat Engine Service,5,6,17.4,7.06,Cloudy,Night,88.2,191.7
Data Center Power,Cooling System Inspection,5,10,26.0,0.97,Sunny,Day,89.2,54.9
Mining,Surface Excavation,6,5,18.5,14.43,Foggy,Day,100.6,231.9
Marine & Rail,Tugboat Engine Service,6,10,11.0,3.87,Sunny,Night,86.6,129.7
Mining,Aggregate Collection,5,7,20.9,3.2,Rainy,Night,89.2,79.2
Data Center Power,Backup Generator Testing,6,9,69.8,1.21,Cloudy,Day,88.1,76.2
Oil & Gas,Pipeline Pumping,7,7,15.4,8.35,Sunny,Night,88.2,170.9
Construction,Excavation,8,9,35.7,13.78,Rainy,Day,106.2,251.2
Data Center Power,Cooling System Inspection,8,8,58.0,6.22,Sunny,Day,80.9,87.2
Construction,Road Building,5,8,23.4,10.14,Foggy,Night,102.4,273.3
Construction,Foundation Work,7,9,14.9,9.53,Cloudy,Day,93.4,202.4
Mining,Drilling,4,10,10.9,5.65,Cloudy,Day,97.9,132.3
Data Center Power,Backup Generator Testing,5,9,34.8,3.33,Sunny,Day,89.6,66.0
Construction,Site Preparation,8,6,37.9,10.15,Sunny,Day,96.1,217.9
Marine & Rail,Locomotive Maintenance,6,8,36.1,5.13,Cloudy,Night,87.4,230.7
Marine & Rail,Freight Operations,5,8,22.3,4.1,Sunny,Night,95.5,207.3
Construction,Foundation Work,6,7,67.7,10.41,Sunny,Day,91.4,249.7
Mining,Drilling,5,6,40.5,5.29,Cloudy,Night,96.0,242.9
Oil & Gas,Well Servicing,7,7,15.3,6.64,Sunny,Night,87.7,269.8
Oil & Gas,Well Drilling,9,8,26.9,10.44,Cloudy,Night,97.3,468.3
Mining,Drilling,8,7,43.6,12.04,Cloudy,Day,103.9,311.0
Mining,Drilling,5,10,17.0,2.69,Cloudy,Day,105.5,145.4
Construction,Demolition,5,9,86.6,0.55,Rainy,Day,92.5,173.4
Construction,Material Loading,6,8,59.6,6.62,Rainy,Night,88.5,90.9
Oil & Gas,Pipeline Pumping,6,9,58.0,4.34,Rainy,Day,85.4,150.2
Mining,Aggregate Collection,7,8,49.9,14.76,Rainy,Day,99.0,95.4
Oil & Gas,Well Servicing,8,7,33.5,7.01,Cloudy,Day,83.5,280.7
Data Center Power,Backup Generator Testing,5,9,21.6,10.48,Sunny,Day,79.2,62.6
Mining,Surface Excavation,6,4,42.7,5.18,Cloudy,Day,90.2,230.8
Marine & Rail,Locomotive Maintenance,7,8,39.4,7.87,Sunny,Day,89.1,233.4
Mining,Drilling,5,9,49.3,6.7,Cloudy,Day,101.4,179.2
Oil & Gas,Well Servicing,6,9,73.6,6.5,Cloudy,Day,92.6,221.5
Construction,Foundation Work,7,7,7.1,1.44,Sunny,Day,87.1,231.7
Data Center Power,Backup Generator Testing,4,9,32.0,3.5,Cloudy,Day,78.4,58.9
Data Center Power,Generator Maintenance,4,5,30.0,7.26,Sunny,Day,79.2,120.8
Construction,Foundation Work,5,8,31.9,3.27,Cloudy,Day,79.6,188.4
Data Center Power,Cooling System Inspection,4,9,61.2,2.27,Cloudy,Day,90.4,58.8
Data Center Power,Generator Maintenance,5,4,27.2,5.25,Sunny,Night,91.3,151.7
Construction,Excavation,6,8,37.6,7.71,Foggy,Day,97.7,183.4
Mining,Drilling,8,7,45.4,1.29,Cloudy,Day,95.6,263.0
Mining,Hauling Ore,4,8,20.1,3.02,Foggy,Night,92.3,116.2
Oil & Gas,Well Drilling,7,8,11.8,0.99,Sunny,Night,88.7,324.7
Data Center Power,Generator Maintenance,5,7,26.7,3.25,Sunny,Day,88.8,104.6
Mining,Surface Excavation,5,7,32.8,2.11,Sunny,Night,85.0,154.9
Oil & Gas,Well Drilling,7,9,40.1,11.68,Rainy,Day,95.6,393.9
Mining,Aggregate Collection,4,7,35.8,0.76,Rainy,Day,96.5,71.3
Marine & Rail,Locomotive Maintenance,6,6,19.8,11.71,Sunny,Day,106.6,282.4
Mining,Hauling Ore,5,8,26.4,9.55,Cloudy,Day,104.2,107.2
Marine & Rail,Locomotive Maintenance,5,9,72.8,9.41,Foggy,Day,102.3,213.7
Mining,Surface Excavation,7,8,66.4,13.07,Rainy,Day,115.0,298.7
Data Center Power,Cooling System Inspection,4,6,4.2,1.37,Sunny,Day,74.6,58.3
Oil & Gas,Well Servicing,6,8,28.7,8.23,Sunny,Day,86.4,230.5
Mining,Surface Excavation,8,5,80.6,7.21,Rainy,Night,102.2,367.1
Oil & Gas,Well Drilling,7,7,6.6,8.99,Sunny,Day,105.3,391.3
Data Center Power,Cooling System Inspection,5,7,30.1,3.83,Sunny,Day,79.4,64.5
Construction,Road Building,9,9,21.6,9.34,Sunny,Night,110.6,339.9
Construction,Road Building,5,9,34.9,10.06,Rainy,Day,106.8,270.2
Construction,Road Building,6,6,35.4,0.33,Sunny,Day,99.8,261.1
Data Center Power,Backup Generator Testing,6,7,24.8,4.12,Sunny,Day,79.1,75.7
Mining,Surface Excavation,6,7,54.7,5.7,Sunny,Day,95.6,185.8
Construction,Road Building,7,7,24.9,6.73,Sunny,Day,110.6,319.3
Marine & Rail,Freight Operations,2,9,49.1,11.78,Rainy,Day,104.1,187.1
Marine & Rail,Locomotive Maintenance,8,8,31.0,13.72,Foggy,Night,84.2,307.2
Construction,Demolition,4,8,27.4,4.98,Sunny,Day,93.1,153.7
Construction,Demolition,4,5,65.4,5.9,Cloudy,Night,104.6,238.1
Marine & Rail,Rail Network Inspection,3,6,2.9,13.73,Foggy,Day,79.2,167.9
Mining,Surface Excavation,8,9,35.3,4.36,Rainy,Night,102.7,217.2
Mining,Hauling Ore,5,9,75.3,5.59,Rainy,Day,98.9,116.2
Oil & Gas,Well Servicing,6,9,19.9,3.48,Foggy,Day,98.5,199.0
Mining,Hauling Ore,5,5,66.4,7.6,Rainy,Day,103.5,145.9
Construction,Excavation,5,9,21.3,6.59,Sunny,Day,98.9,139.9
Mining,Drilling,8,6,31.3,1.5,Sunny,Day,102.0,263.4
Mining,Drilling,6,7,48.7,8.65,Cloudy,Night,96.6,265.6
Construction,Excavation,6,8,38.1,3.97,Sunny,Day,93.4,163.6
Construction,Demolition,6,8,29.0,11.18,Rainy,Day,97.5,223.8
Marine & Rail,Tugboat Engine Service,3,9,62.6,6.02,Rainy,Night,90.5,132.4
Data Center Power,Backup Generator Testing,8,8,20.8,9.84,Sunny,Day,86.2,87.3
Mining,Surface Excavation,9,5,49.4,8.12,Sunny,Day,93.0,282.2
Marine & Rail,Freight Operations,4,7,71.3,7.45,Cloudy,Day,90.7,208.1
Marine & Rail,Freight Operations,7,7,45.5,5.92,Foggy,Day,92.6,298.9
Marine & Rail,Freight Operations,8,4,50.7,4.97,Sunny,Day,99.2,319.8
Construction,Demolition,8,10,61.8,1.2,Cloudy,Day,92.6,183.8
Mining,Drilling,6,8,42.5,13.6,Cloudy,Day,99.5,239.1
Mining,Drilling,8,8,76.5,4.03,Sunny,Day,100.1,260.5
Oil & Gas,Gas Compression Service,6,9,54.4,1.31,Sunny,Day,96.6,150.3
Data Center Power,Backup Generator Testing,7,6,55.3,4.51,Cloudy,Night,89.6,100.9
Mining,Drilling,7,9,10.8,10.85,Rainy,Day,100.7,242.1
Data Center Power,Backup Generator Testing,7,8,58.2,7.04,Cloudy,Day,83.8,89.0
Mining,Aggregate Collection,4,7,25.1,8.64,Sunny,Day,88.8,62.2
Mining,Hauling Ore,7,8,39.4,4.94,Rainy,Day,108.1,145.4
Marine & Rail,Tugboat Engine Service,5,6,20.7,5.01,Cloudy,Night,88.2,180.0
Marine & Rail,Tugboat Engine Service,6,9,29.2,7.65,Sunny,Day,87.7,149.0
Mining,Drilling,5,7,37.8,4.48,Cloudy,Day,97.5,206.7
Mining,Surface Excavation,4,9,45.0,13.43,Sunny,Night,102.5,154.2
Oil & Gas,Well Servicing,5,6,2.8,6.67,Cloudy,Day,100.5,237.7
Data Center Power,Backup Generator Testing,8,8,14.3,9.46,Sunny,Day,102.4,87.9
Mining,Drilling,5,9,40.9,11.46,Rainy,Day,100.3,214.2
Oil & Gas,Well Drilling,6,9,66.7,12.14,Cloudy,Day,102.7,367.3
Construction,Site Preparation,5,7,41.6,2.01,Sunny,Day,100.5,149.3
Oil & Gas,Well Servicing,7,9,60.5,4.91,Sunny,Day,95.8,230.4
Construction,Excavation,4,10,34.8,2.97,Foggy,Day,97.0,119.8
Mining,Hauling Ore,5,8,38.1,5.76,Foggy,Day,101.1,119.9
Marine & Rail,Rail Network Inspection,5,7,43.7,5.87,Sunny,Night,84.3,161.5
Mining,Surface Excavation,7,8,19.1,2.66,Cloudy,Day,85.9,165.4
Oil & Gas,Pipeline Pumping,4,7,46.6,0.9,Rainy,Day,84.6,125.9
Construction,Excavation,8,8,40.7,8.91,Rainy,Day,97.5,247.7
Construction,Road Building,7,7,87.6,2.43,Sunny,Night,98.3,352.1
Marine & Rail,Locomotive Maintenance,5,6,45.8,6.48,Foggy,Day,89.6,256.2
Oil & Gas,Well Servicing,6,4,58.7,14.86,Sunny,Day,99.9,361.2
Mining,Hauling Ore,4,6,18.5,5.05,Sunny,Day,91.4,97.1
Mining,Hauling Ore,4,9,45.7,7.12,Sunny,Day,94.0,89.1
Oil & Gas,Pipeline Pumping,6,5,61.2,4.67,Sunny,Night,84.8,178.8
Oil & Gas,Pipeline Pumping,4,5,35.8,8.15,Sunny,Day,100.3,149.1
Mining,Drilling,9,8,24.9,9.83,Cloudy,Day,111.1,302.2
Construction,Road Building,5,6,35.5,13.74,Sunny,Night,102.8,324.5
Mining,Surface Excavation,5,6,57.2,10.35,Sunny,Day,96.3,199.4
Construction,Excavation,5,8,59.3,5.78,Rainy,Night,97.1,202.5
Construction,Road Building,6,9,44.7,5.93,Sunny,Night,103.7,255.2
Marine & Rail,Tugboat Engine Service,6,10,32.0,9.39,Sunny,Day,88.6,132.6
Mining,Drilling,7,9,25.0,10.25,Cloudy,Day,99.8,210.0
Marine & Rail,Freight Operations,6,4,26.6,5.53,Foggy,Day,97.6,305.2
Mining,Surface Excavation,6,7,22.2,13.09,Sunny,Day,95.9,191.2
Mining,Surface Excavation,5,8,60.7,0.02,Cloudy,Day,91.1,141.8
Marine & Rail,Tugboat Engine Service,6,9,45.6,6.74,Foggy,Day,89.5,180.8
Mining,Aggregate Collection,3,8,54.8,6.83,Rainy,Day,97.7,66.8
Data Center Power,Cooling System Inspection,3,6,36.0,3.05,Cloudy,Day,78.7,60.1
Construction,Demolition,6,6,72.9,6.82,Sunny,Day,96.6,237.0
Oil & Gas,Well Servicing,7,6,22.9,5.51,Cloudy,Day,84.6,285.5
Marine & Rail,Tugboat Engine Service,7,9,14.9,10.83,Cloudy,Day,95.5,162.5
Oil & Gas,Gas Compression Service,4,8,2.0,8.84,Sunny,Night,88.7,150.6
Construction,Road Building,7,7,10.8,5.79,Rainy,Day,112.4,350.9
Oil & Gas,Well Servicing,8,9,34.6,13.24,Sunny,Night,80.8,291.7
Marine & Rail,Freight Operations,6,8,61.6,15.2,Rainy,Day,97.1,270.7
Construction,Demolition,6,9,19.7,4.53,Cloudy,Day,106.7,166.4
Data Center Power,Emergency Power Deployment,7,8,19.8,9.11,Cloudy,Night,111.6,138.8
Mining,Surface Excavation,7,8,61.5,0.85,Sunny,Day,92.7,181.3
Data Center Power,Emergency Power Deployment,7,8,25.7,3.09,Cloudy,Day,92.5,101.5
Construction,Material Loading,6,9,51.7,3.65,Rainy,Day,89.1,71.7
Mining,Drilling,9,8,32.4,8.17,Cloudy,Day,91.8,265.9
Construction,Excavation,6,7,36.4,2.36,Foggy,Day,90.9,186.0
Data Center Power,Backup Generator Testing,6,7,10.4,2.72,Sunny,Night,86.8,77.5
Construction,Material Loading,6,8,30.8,8.09,Cloudy,Day,91.8,67.7
Construction,Excavation,4,8,58.5,3.29,Cloudy,Day,91.8,153.1
Oil & Gas,Well Servicing,6,9,50.0,12.41,Cloudy,Day,107.8,248.5
Oil & Gas,Well Servicing,7,6,9.8,6.94,Sunny,Day,99.4,278.0
Data Center Power,Emergency Power Deployment,5,9,72.7,2.48,Sunny,Night,84.4,91.6
Data Center Power,Cooling System Inspection,3,7,29.9,8.91,Sunny,Day,75.6,55.4
Construction,Foundation Work,6,8,43.0,8.72,Foggy,Night,110.4,272.7
Construction,Site Preparation,7,6,29.3,5.6,Foggy,Day,92.3,183.2
Oil & Gas,Well Drilling,8,8,11.6,8.75,Rainy,Day,96.5,421.1
Construction,Material Loading,6,8,56.7,7.0,Sunny,Day,101.0,73.1
Construction,Material Loading,5,8,17.5,5.01,Rainy,Night,92.2,73.9
Construction,Demolition,7,4,13.1,6.37,Rainy,Day,115.0,361.5
Data Center Power,Generator Maintenance,3,9,60.6,3.95,Rainy,Night,92.4,91.9
Mining,Drilling,5,9,16.0,1.53,Sunny,Day,89.3,153.3
Marine & Rail,Locomotive Maintenance,5,8,23.8,3.21,Sunny,Night,84.5,202.0
Marine & Rail,Locomotive Maintenance,8,6,7.0,8.16,Cloudy,Night,82.9,303.2
Mining,Drilling,8,9,23.1,1.18,Cloudy,Day,98.9,198.9
Marine & Rail,Freight Operations,7,7,15.9,6.62,Sunny,Day,91.1,228.5
Oil & Gas,Well Servicing,7,7,22.7,7.96,Sunny,Night,95.6,280.6
Construction,Excavation,8,7,7.2,5.51,Sunny,Day,91.0,201.1
Marine & Rail,Tugboat Engine Service,6,5,16.8,5.09,Foggy,Day,94.1,241.5
Construction,Road Building,8,5,16.7,5.67,Sunny,Night,91.3,367.3
Mining,Drilling,5,9,26.3,12.02,Foggy,Night,91.8,202.4
Marine & Rail,Tugboat Engine Service,8,8,25.4,1.68,Sunny,Day,96.3,167.1
Marine & Rail,Freight Operations,6,8,45.0,3.36,Rainy,Night,96.0,266.8
Marine & Rail,Locomotive Maintenance,8,8,47.4,5.38,Sunny,Day,93.3,260.0
Construction,Demolition,6,9,11.0,7.54,Rainy,Day,111.0,206.1
Construction,Material Loading,4,8,2.7,2.35,Rainy,Night,87.3,62.4
Mining,Aggregate Collection,6,6,23.4,9.21,Cloudy,Night,104.7,84.2
Data Center Power,Backup Generator Testing,4,9,34.3,6.51,Rainy,Day,82.9,62.8
Oil & Gas,Well Servicing,8,9,32.2,7.17,Foggy,Night,92.3,266.1
Marine & Rail,Freight Operations,4,9,46.3,3.81,Rainy,Day,104.8,215.9
Mining,Aggregate Collection,3,6,74.1,4.42,Rainy,Day,99.6,73.4
Mining,Surface Excavation,7,5,38.8,7.57,Sunny,Night,92.8,257.3
Oil & Gas,Gas Compression Service,7,8,81.4,11.36,Foggy,Day,109.4,263.4
Construction,Material Loading,6,7,63.8,7.86,Sunny,Day,107.0,82.8
Mining,Surface Excavation,4,6,30.9,10.32,Sunny,Day,103.0,185.2
Marine & Rail,Locomotive Maintenance,7,6,33.9,13.92,Sunny,Day,106.6,319.8
Mining,Surface Excavation,6,7,20.9,6.17,Sunny,Day,103.0,175.4
Mining,Hauling Ore,5,9,11.1,6.2,Rainy,Day,90.4,101.1
Data Center Power,Backup Generator Testing,4,8,12.3,4.25,Cloudy,Day,77.7,59.6
Construction,Foundation Work,6,5,57.5,1.85,Cloudy,Night,84.1,311.8
Construction,Excavation,5,8,9.2,2.3,Sunny,Day,85.2,139.0
Mining,Drilling,5,7,38.0,5.05,Rainy,Day,76.8,232.6
Construction,Foundation Work,6,5,28.2,9.16,Sunny,Day,85.4,275.2
Construction,Site Preparation,4,9,24.2,9.18,Sunny,Day,91.2,138.6
Mining,Surface Excavation,5,9,47.2,7.07,Sunny,Day,94.8,137.9
Construction,Material Loading,2,9,35.1,1.6,Rainy,Day,88.0,50.0
Construction,Material Loading,5,6,33.6,5.96,Cloudy,Day,93.7,70.0
Oil & Gas,Well Servicing,9,6,45.2,10.15,Sunny,Day,91.2,376.2
Marine & Rail,Locomotive Maintenance,6,9,24.3,6.62,Sunny,Day,95.0,191.1
Data Center Power,Backup Generator Testing,4,9,46.2,6.23,Sunny,Night,94.2,67.1
Construction,Excavation,5,9,3.9,3.32,Cloudy,Day,95.8,128.9
Mining,Surface Excavation,6,8,8.9,5.3,Cloudy,Day,110.5,174.6
Data Center Power,Cooling System Inspection,3,8,39.3,13.75,Sunny,Day,89.4,57.1
Mining,Hauling Ore,6,9,34.2,10.08,Rainy,Day,95.2,124.5
Construction,Excavation,5,7,54.4,13.47,Sunny,Day,102.2,203.1
Marine & Rail,Freight Operations,5,8,40.7,12.18,Sunny,Night,109.2,245.6
Construction,Demolition,7,8,25.3,8.32,Sunny,Day,104.8,205.9
Construction,Road Building,7,8,32.3,1.57,Sunny,Night,101.5,274.6
Data Center Power,Generator Maintenance,5,9,15.6,1.06,Cloudy,Day,86.4,83.0
Mining,Surface Excavation,8,5,17.4,3.24,Rainy,Night,89.1,276.1
Data Center Power,Cooling System Inspection,3,8,46.6,2.78,Sunny,Day,76.4,54.3
Construction,Foundation Work,7,9,29.4,7.67,Rainy,Day,103.9,247.9
Marine & Rail,Tugboat Engine Service,8,9,35.7,11.04,Rainy,Night,98.6,201.0
Data Center Power,Generator Maintenance,3,6,13.9,3.06,Cloudy,Day,103.7,102.6
Mining,Surface Excavation,7,5,11.0,4.79,Cloudy,Day,96.1,213.1
Mining,Drilling,8,7,55.9,6.14,Cloudy,Day,78.6,276.9
Data Center Power,Cooling System Inspection,4,10,43.2,2.92,Sunny,Day,79.0,52.5
Oil & Gas,Well Drilling,8,8,24.7,9.23,Cloudy,Day,96.1,388.3
Mining,Aggregate Collection,4,9,69.4,8.41,Cloudy,Day,99.4,62.0
Construction,Road Building,7,9,31.1,5.31,Rainy,Day,89.0,258.1
Oil & Gas,Well Drilling,6,8,35.9,7.25,Rainy,Night,89.4,406.0
Mining,Surface Excavation,7,7,35.0,10.82,Rainy,Night,91.6,248.5
Data Center Power,Emergency Power Deployment,9,9,73.8,5.94,Rainy,Day,82.2,138.1
Marine & Rail,Freight Operations,5,8,46.9,9.34,Cloudy,Day,90.3,213.9
Mining,Surface Excavation,3,9,27.9,11.81,Rainy,Night,93.6,156.3
Mining,Drilling,5,7,53.6,4.5,Foggy,Day,111.4,245.1
Mining,Hauling Ore,5,8,45.5,3.18,Rainy,Night,102.8,125.6
Oil & Gas,Well Drilling,7,8,31.2,2.74,Sunny,Day,94.1,340.6
Marine & Rail,Tugboat Engine Service,3,5,57.2,16.1,Foggy,Night,95.6,255.5
Mining,Drilling,5,8,37.9,7.21,Rainy,Day,100.6,217.5
Construction,Site Preparation,4,9,60.0,7.52,Sunny,Night,90.5,147.3
Construction,Site Preparation,6,6,3.5,1.56,Sunny,Day,93.5,149.6
Data Center Power,Generator Maintenance,5,8,6.3,1.24,Sunny,Day,99.7,92.1
Marine & Rail,Freight Operations,6,6,73.6,4.14,Cloudy,Night,103.3,280.6
Data Center Power,Cooling System Inspection,4,8,46.0,8.38,Sunny,Night,98.9,68.2
Marine & Rail,Locomotive Maintenance,5,7,20.9,14.35,Rainy,Day,87.0,235.6
Construction,Material Loading,5,9,32.9,1.74,Cloudy,Day,97.8,56.3
Mining,Hauling Ore,4,7,43.5,4.02,Foggy,Day,89.9,112.5
Data Center Power,Backup Generator Testing,6,5,67.9,6.71,Sunny,Day,83.9,90.5
Mining,Aggregate Collection,4,6,51.7,8.17,Sunny,Day,98.3,66.2
Mining,Surface Excavation,5,5,41.0,4.81,Cloudy,Day,93.8,197.1
Data Center Power,Backup Generator Testing,7,6,42.4,6.41,Cloudy,Night,94.8,101.3
Construction,Material Loading,6,7,47.3,4.78,Sunny,Night,105.5,80.5
Construction,Foundation Work,6,6,65.1,5.07,Cloudy,Day,81.8,262.8
Data Center Power,Backup Generator Testing,5,6,30.5,6.62,Sunny,Day,76.5,74.8
Mining,Surface Excavation,8,9,29.5,15.62,Cloudy,Night,111.0,235.1
Construction,Material Loading,6,9,55.1,9.7,Sunny,Day,105.1,73.0
Construction,Material Loading,3,9,22.5,6.45,Cloudy,Day,106.7,55.5
Construction,Material Loading,5,8,22.9,2.66,Sunny,Day,92.5,57.5
Mining,Drilling,6,9,14.2,8.35,Rainy,Day,108.4,229.8
Oil & Gas,Pipeline Pumping,2,9,60.9,2.67,Cloudy,Day,79.0,101.3
Construction,Demolition,5,6,66.1,5.02,Rainy,Day,100.3,246.8
Oil & Gas,Pipeline Pumping,6,8,65.6,13.76,Rainy,Night,99.3,189.5
Construction,Foundation Work,3,8,13.3,2.49,Sunny,Night,88.0,168.3
Data Center Power,Emergency Power Deployment,6,8,61.5,4.93,Sunny,Day,84.4,106.6
Oil & Gas,Pipeline Pumping,5,8,31.7,13.29,Cloudy,Night,88.5,157.1
Mining,Drilling,8,9,35.6,3.34,Sunny,Day,92.0,208.9
Data Center Power,Backup Generator Testing,6,9,35.9,7.33,Cloudy,Night,93.6,77.5
Mining,Drilling,8,7,24.8,4.74,Cloudy,Day,103.6,260.2
Oil & Gas,Well Drilling,8,5,17.2,9.92,Sunny,Day,98.3,479.9
Oil & Gas,Pipeline Pumping,9,8,51.4,5.06,Rainy,Day,92.7,199.7
Construction,Material Loading,3,8,24.4,3.62,Sunny,Day,95.0,52.1
Construction,Material Loading,4,6,51.7,10.59,Sunny,Day,101.8,68.3
Marine & Rail,Freight Operations,7,5,50.9,1.97,Sunny,Day,94.8,261.7
Marine & Rail,Rail Network Inspection,6,7,14.9,6.91,Sunny,Day,90.4,161.5
Marine & Rail,Rail Network Inspection,7,8,52.5,9.99,Cloudy,Day,84.8,185.7
Marine & Rail,Locomotive Maintenance,7,5,54.4,3.69,Cloudy,Day,101.5,312.3
Oil & Gas,Well Servicing,7,8,31.3,2.28,Sunny,Night,75.8,247.1
Oil & Gas,Gas Compression Service,9,5,3.7,7.57,Sunny,Day,102.1,258.6
Mining,Surface Excavation,6,9,39.1,6.29,Sunny,Day,107.6,164.8
Construction,Excavation,6,7,31.2,5.62,Sunny,Day,111.5,218.7
Data Center Power,Backup Generator Testing,5,5,29.2,7.78,Sunny,Day,92.0,78.2
Oil & Gas,Well Servicing,8,8,50.2,11.89,Sunny,Day,89.8,291.1
Marine & Rail,Tugboat Engine Service,6,9,34.9,4.73,Sunny,Day,98.0,141.3
Mining,Hauling Ore,3,8,8.8,9.08,Foggy,Day,101.0,103.7
Marine & Rail,Rail Network Inspection,3,9,56.1,3.5,Sunny,Day,86.8,125.1
Mining,Aggregate Collection,3,6,5.1,4.52,Cloudy,Night,94.4,61.7
Data Center Power,Backup Generator Testing,6,9,40.3,6.69,Cloudy,Day,77.2,72.8
Oil & Gas,Pipeline Pumping,6,8,7.1,3.77,Sunny,Day,104.7,138.1
Data Center Power,Generator Maintenance,5,8,31.0,1.31,Sunny,Day,81.3,92.1
Oil & Gas,Gas Compression Service,5,8,89.9,16.03,Sunny,Day,106.4,217.4
Construction,Demolition,7,7,12.5,7.45,Rainy,Day,87.3,237.0
Oil & Gas,Well Drilling,8,8,37.9,10.73,Rainy,Day,98.9,478.8
Construction,Foundation Work,4,6,1.0,8.31,Cloudy,Day,105.5,219.5
Oil & Gas,Well Servicing,7,8,8.2,2.75,Cloudy,Day,86.8,213.5
Mining,Surface Excavation,5,9,14.4,5.84,Sunny,Day,102.6,132.8
Mining,Surface Excavation,5,8,38.2,11.96,Sunny,Day,104.4,171.3
Marine & Rail,Tugboat Engine Service,6,8,41.0,12.23,Cloudy,Day,92.3,183.0
Construction,Excavation,6,7,13.8,3.08,Sunny,Day,100.5,170.1
Marine & Rail,Freight Operations,5,10,19.7,1.62,Rainy,Night,90.6,207.4
Construction,Foundation Work,5,7,48.1,13.58,Sunny,Day,89.7,233.2
Construction,Material Loading,5,8,49.7,6.72,Rainy,Day,98.1,73.0
Mining,Aggregate Collection,4,8,11.9,5.17,Cloudy,Day,98.6,56.7
Construction,Material Loading,3,9,9.9,13.3,Sunny,Day,111.4,61.5
Mining,Surface Excavation,5,8,57.1,3.06,Cloudy,Day,90.5,148.9
Data Center Power,Cooling System Inspection,5,10,18.1,1.75,Sunny,Night,85.7,58.8
Data Center Power,Backup Generator Testing,5,6,34.2,3.12,Cloudy,Day,96.6,76.4
Mining,Hauling Ore,6,9,46.1,12.5,Cloudy,Day,108.3,129.2
Mining,Drilling,7,7,9.2,8.09,Rainy,Day,94.9,268.9
Oil & Gas,Well Servicing,8,7,30.5,9.49,Rainy,Night,115.0,445.3
Oil & Gas,Pipeline Pumping,4,6,32.4,7.01,Sunny,Night,96.7,154.2
Mining,Drilling,4,4,45.6,9.37,Foggy,Day,107.3,287.6
Data Center Power,Backup Generator Testing,6,8,47.3,2.34,Cloudy,Day,82.4,74.8
Marine & Rail,Tugboat Engine Service,7,8,9.9,6.37,Sunny,Day,97.2,162.3
Marine & Rail,Freight Operations,3,5,18.5,5.44,Cloudy,Day,87.8,187.8
Mining,Aggregate Collection,6,9,61.8,4.28,Sunny,Night,101.7,74.7
Construction,Demolition,5,9,18.3,10.5,Sunny,Day,106.6,169.2
Mining,Drilling,5,6,52.8,1.28,Rainy,Day,94.1,245.5
Marine & Rail,Rail Network Inspection,4,5,49.9,0.59,Sunny,Day,99.4,152.7
Mining,Drilling,5,8,21.5,8.13,Sunny,Day,99.8,189.8
Construction,Demolition,7,6,62.5,3.55,Cloudy,Night,93.8,274.1
Construction,Material Loading,4,10,41.4,4.09,Sunny,Night,94.2,57.2
Mining,Drilling,8,10,50.4,7.64,Rainy,Day,100.6,238.4
Data Center Power,Emergency Power Deployment,5,5,29.9,3.29,Cloudy,Day,97.4,117.4
Data Center Power,Backup Generator Testing,5,9,22.1,4.43,Sunny,Night,74.7,66.6
Mining,Surface Excavation,5,9,46.5,7.07,Cloudy,Night,97.5,155.0
Data Center Power,Generator Maintenance,7,9,24.2,10.69,Sunny,Night,92.8,122.3
Marine & Rail,Freight Operations,6,9,21.1,5.82,Sunny,Day,97.6,199.4
Data Center Power,Backup Generator Testing,5,8,71.9,5.71,Sunny,Day,91.9,72.2
Construction,Excavation,3,6,38.7,4.82,Rainy,Day,92.1,185.2
Mining,Drilling,6,7,24.3,4.99,Sunny,Night,95.9,226.5
Construction,Foundation Work,7,9,27.3,6.41,Cloudy,Day,90.9,207.5
Oil & Gas,Pipeline Pumping,6,5,69.6,1.72,Sunny,Night,82.6,178.6
Mining,Drilling,5,8,11.7,5.07,Sunny,Day,100.9,182.1
Mining,Aggregate Collection,4,6,24.5,15.15,Cloudy,Day,102.3,72.4
Construction,Site Preparation,5,7,82.4,13.14,Sunny,Day,93.6,180.1
Construction,Road Building,5,6,46.2,8.67,Cloudy,Day,108.1,326.2
Marine & Rail,Locomotive Maintenance,4,5,72.8,15.09,Sunny,Day,98.0,280.7
Data Center Power,Backup Generator Testing,5,7,32.1,3.58,Sunny,Day,83.0,68.7
Construction,Road Building,3,5,67.3,6.42,Sunny,Day,103.2,277.7
Oil & Gas,Pipeline Pumping,7,8,58.2,10.65,Rainy,Night,86.8,194.7
Data Center Power,Generator Maintenance,8,8,19.0,5.29,Sunny,Night,95.0,137.0
Marine & Rail,Freight Operations,4,7,42.1,13.02,Rainy,Day,106.0,231.9
Construction,Road Building,6,7,50.4,9.86,Rainy,Day,93.6,331.6
Data Center Power,Backup Generator Testing,8,10,38.6,4.58,Sunny,Day,78.9,79.9
Data Center Power,Generator Maintenance,6,8,35.0,3.2,Cloudy,Day,92.4,111.6
Mining,Surface Excavation,4,8,37.3,15.32,Cloudy,Night,104.3,181.9
Mining,Drilling,7,9,5.0,5.37,Sunny,Day,101.7,178.2
Mining,Surface Excavation,7,5,3.2,13.83,Rainy,Night,93.6,289.0
Mining,Surface Excavation,5,9,55.8,1.5,Cloudy,Day,93.9,132.1
Data Center Power,Cooling System Inspection,4,10,38.4,1.12,Sunny,Night,83.5,55.1
Marine & Rail,Rail Network Inspection,7,6,70.8,4.03,Rainy,Night,94.9,260.7
Construction,Site Preparation,6,8,46.8,11.67,Cloudy,Day,99.1,174.5
Marine & Rail,Freight Operations,6,8,75.6,0.98,Foggy,Night,98.4,295.8
Oil & Gas,Well Drilling,8,9,44.9,11.67,Sunny,Day,86.3,380.2
Construction,Foundation Work,5,8,32.5,10.3,Sunny,Day,92.3,197.3
Oil & Gas,Well Servicing,7,7,23.1,6.59,Cloudy,Night,93.3,280.7
Marine & Rail,Tugboat Engine Service,6,9,15.5,7.17,Rainy,Night,83.2,153.2
Construction,Demolition,8,8,25.2,1.2,Sunny,Day,84.1,188.9
Construction,Foundation Work,7,10,8.0,3.23,Cloudy,Day,85.4,166.9
Mining,Hauling Ore,4,5,48.5,2.73,Rainy,Night,97.8,125.1
Data Center Power,Backup Generator Testing,8,7,24.7,3.2,Cloudy,Day,86.3,92.3
Marine & Rail,Freight Operations,5,8,22.0,3.15,Foggy,Day,98.4,235.2
Marine & Rail,Tugboat Engine Service,7,6,33.8,2.18,Cloudy,Night,79.3,210.5
Data Center Power,Backup Generator Testing,5,9,50.8,4.06,Cloudy,Day,91.2,68.1
Mining,Aggregate Collection,8,8,11.1,6.16,Rainy,Night,100.4,95.2
Mining,Hauling Ore,7,5,14.4,11.84,Sunny,Day,91.9,136.1
Marine & Rail,Freight Operations,7,8,43.4,5.31,Rainy,Day,93.3,272.7
Data Center Power,Generator Maintenance,5,6,9.3,1.85,Sunny,Day,86.1,108.8
Data Center Power,Cooling System Inspection,4,8,34.6,8.58,Sunny,Day,85.1,60.9
Marine & Rail,Freight Operations,5,9,33.1,7.03,Sunny,Day,92.8,191.9
Construction,Material Loading,4,5,26.6,6.22,Sunny,Day,93.5,64.7
Mining,Aggregate Collection,5,7,81.0,10.81,Sunny,Day,97.6,75.9
Construction,Foundation Work,5,10,69.3,2.84,Cloudy,Night,95.2,183.7
Construction,Excavation,6,7,69.4,9.15,Cloudy,Day,95.0,207.5
Construction,Foundation Work,8,6,76.2,5.3,Sunny,Day,85.2,337.1
Construction,Material Loading,3,9,29.8,2.98,Rainy,Night,95.3,60.7
Construction,Foundation Work,6,7,40.0,8.33,Rainy,Night,101.2,296.8
Data Center Power,Backup Generator Testing,3,10,47.1,4.44,Sunny,Night,84.0,57.3
Marine & Rail,Freight Operations,8,7,54.3,7.42,Rainy,Day,99.6,324.3
Construction,Material Loading,6,8,37.1,11.46,Cloudy,Day,102.4,74.7
Construction,Foundation Work,6,5,54.8,9.41,Sunny,Day,99.3,283.9
Mining,Surface Excavation,8,8,49.4,2.82,Sunny,Day,96.8,190.9
Data Center Power,Emergency Power Deployment,7,7,45.1,6.8,Cloudy,Day,99.0,133.0
Mining,Drilling,5,5,18.3,11.55,Cloudy,Day,90.3,260.1
Construction,Foundation Work,5,7,58.6,9.58,Sunny,Day,92.9,231.0
Marine & Rail,Tugboat Engine Service,7,7,61.1,2.8,Cloudy,Night,91.4,215.7
Data Center Power,Cooling System Inspection,2,7,12.7,4.68,Cloudy,Day,80.4,50.7
Mining,Drilling,9,8,28.9,9.33,Rainy,Day,96.9,303.3
Marine & Rail,Freight Operations,6,7,65.5,9.35,Cloudy,Day,97.4,249.7
Marine & Rail,Locomotive Maintenance,3,8,55.0,5.47,Sunny,Day,104.6,177.3
Construction,Material Loading,4,8,22.6,1.61,Sunny,Day,92.4,52.2
Mining,Hauling Ore,5,8,15.0,4.21,Sunny,Day,99.0,95.1
Marine & Rail,Rail Network Inspection,6,7,52.2,6.78,Sunny,Day,93.3,177.8
Data Center Power,Generator Maintenance,8,8,44.7,5.25,Sunny,Day,84.3,132.1
Oil & Gas,Gas Compression Service,8,10,2.4,4.62,Sunny,Night,110.9,173.9
Construction,Material Loading,4,8,54.2,3.02,Sunny,Day,89.7,57.8
Construction,Material Loading,4,8,25.9,8.75,Sunny,Day,97.4,62.6
Marine & Rail,Locomotive Maintenance,7,9,32.8,8.01,Cloudy,Day,89.5,220.0
Data Center Power,Generator Maintenance,3,6,55.8,3.05,Sunny,Night,86.7,113.0
Oil & Gas,Pipeline Pumping,5,9,51.7,15.4,Cloudy,Day,90.8,155.4
Marine & Rail,Freight Operations,2,6,24.3,14.21,Rainy,Day,109.7,228.5
Marine & Rail,Locomotive Maintenance,6,9,33.6,6.84,Cloudy,Night,97.5,218.2
Data Center Power,Emergency Power Deployment,9,9,56.9,3.19,Rainy,Night,97.7,137.0
Construction,Material Loading,4,6,49.6,2.69,Cloudy,Day,88.6,62.1
Construction,Road Building,5,8,11.0,7.62,Rainy,Day,93.7,253.7
Oil & Gas,Well Servicing,7,7,28.2,3.47,Cloudy,Day,85.5,249.2
Mining,Drilling,7,7,65.2,14.93,Cloudy,Day,98.1,295.8
Data Center Power,Emergency Power Deployment,7,8,8.5,3.61,Rainy,Day,84.1,98.4
Mining,Hauling Ore,5,7,70.7,5.38,Sunny,Day,100.0,109.3
Marine & Rail,Tugboat Engine Service,4,6,13.1,9.39,Sunny,Night,94.0,178.4
Oil & Gas,Well Drilling,6,8,19.2,3.44,Sunny,Day,101.9,303.8
Marine & Rail,Locomotive Maintenance,3,6,18.8,11.67,Cloudy,Day,95.1,218.7
Data Center Power,Emergency Power Deployment,9,5,82.5,2.56,Cloudy,Day,96.6,194.0
Construction,Demolition,7,7,56.9,4.13,Foggy,Day,93.0,239.2
Mining,Hauling Ore,7,8,34.9,3.6,Rainy,Night,82.7,134.2
Oil & Gas,Gas Compression Service,9,6,29.1,5.28,Cloudy,Day,91.4,259.5
Construction,Site Preparation,6,6,30.8,7.83,Sunny,Day,91.8,172.1
Mining,Hauling Ore,5,6,40.4,9.81,Cloudy,Day,103.2,123.6
Construction,Demolition,5,7,47.6,5.35,Sunny,Day,96.7,183.6
Construction,Foundation Work,7,8,17.5,6.62,Rainy,Day,78.4,239.8
Mining,Surface Excavation,7,9,43.9,3.11,Sunny,Night,96.5,163.6
Marine & Rail,Tugboat Engine Service,6,7,54.2,11.83,Foggy,Night,111.9,301.3
Mining,Aggregate Collection,4,7,33.5,3.45,Rainy,Day,97.9,70.4
Oil & Gas,Well Drilling,6,6,22.9,9.45,Sunny,Day,99.1,396.5
Construction,Material Loading,2,10,65.9,3.97,Rainy,Day,89.7,54.3
Data Center Power,Backup Generator Testing,6,7,34.0,0.73,Sunny,Day,81.0,75.3
Oil & Gas,Well Drilling,4,8,41.0,9.47,Sunny,Day,107.0,315.0
Oil & Gas,Well Drilling,7,7,37.6,14.5,Sunny,Day,107.3,478.2
Oil & Gas,Well Servicing,8,5,3.8,4.12,Rainy,Day,87.9,330.9
Construction,Foundation Work,6,7,45.9,4.69,Cloudy,Night,93.0,254.4
Data Center Power,Emergency Power Deployment,5,7,30.0,4.57,Sunny,Day,82.4,99.6
Mining,Aggregate Collection,4,9,57.3,2.64,Sunny,Day,85.2,58.8
Construction,Foundation Work,8,7,14.7,11.68,Rainy,Day,100.4,307.3
Construction,Demolition,5,7,20.3,8.2,Cloudy,Day,107.2,198.5
Construction,Demolition,7,9,40.0,7.95,Cloudy,Day,94.3,194.6
Mining,Aggregate Collection,8,7,41.5,5.13,Cloudy,Night,95.3,98.8
Mining,Drilling,7,6,38.5,2.85,Sunny,Day,93.1,247.0
Oil & Gas,Pipeline Pumping,7,9,40.3,5.01,Rainy,Night,90.3,167.0
Construction,Material Loading,5,9,80.5,8.22,Rainy,Day,100.2,79.4
Oil & Gas,Well Servicing,8,8,60.5,4.44,Rainy,Night,99.3,347.8
Oil & Gas,Well Drilling,10,9,29.6,5.77,Sunny,Day,85.3,378.1
Oil & Gas,Well Servicing,8,7,18.2,8.54,Sunny,Night,99.4,301.6
Mining,Drilling,7,8,5.3,3.89,Cloudy,Day,103.7,212.6
Mining,Drilling,7,9,36.6,2.23,Sunny,Night,103.5,210.5
Oil & Gas,Well Servicing,6,9,54.1,3.5,Cloudy,Night,98.9,216.7
Construction,Site Preparation,4,9,69.5,6.22,Sunny,Day,98.7,138.6
Mining,Hauling Ore,5,6,30.3,7.13,Cloudy,Night,92.2,120.4
Mining,Aggregate Collection,4,6,55.9,7.94,Sunny,Day,99.4,70.7
Mining,Aggregate Collection,7,8,56.0,6.92,Foggy,Day,95.3,86.5
Marine & Rail,Rail Network Inspection,5,8,53.9,9.25,Rainy,Day,89.9,185.7
Data Center Power,Generator Maintenance,5,5,29.7,4.4,Cloudy,Day,96.1,129.6
Mining,Hauling Ore,4,7,64.9,2.39,Sunny,Night,102.4,102.9
Construction,Foundation Work,7,5,12.1,4.69,Cloudy,Day,89.0,275.2
Marine & Rail,Locomotive Maintenance,5,6,45.9,14.35,Foggy,Night,100.4,303.4
Oil & Gas,Well Servicing,9,7,36.8,5.18,Sunny,Night,82.7,331.2
Mining,Drilling,5,9,69.7,0.62,Sunny,Night,95.1,172.4
Mining,Drilling,5,10,36.3,3.19,Sunny,Day,97.9,138.1
Data Center Power,Emergency Power Deployment,7,9,26.9,5.17,Rainy,Day,92.1,97.3
Construction,Foundation Work,6,6,31.4,9.93,Cloudy,Day,88.4,251.5
Mining,Aggregate Collection,5,9,25.7,3.41,Sunny,Day,98.8,61.2
Data Center Power,Emergency Power Deployment,6,5,26.4,11.01,Cloudy,Day,92.1,138.2
Mining,Surface Excavation,6,9,29.9,11.51,Sunny,Day,105.0,160.2
Construction,Demolition,7,7,4.9,7.91,Sunny,Night,96.6,222.9
Construction,Demolition,7,6,17.0,6.11,Rainy,Night,91.0,287.0
Construction,Road Building,6,6,16.9,9.46,Sunny,Day,101.7,293.9
Oil & Gas,Pipeline Pumping,4,8,54.2,3.31,Sunny,Night,100.0,137.3
Mining,Drilling,9,7,83.4,9.0,Sunny,Night,95.0,395.1
Oil & Gas,Well Servicing,6,6,29.0,6.3,Rainy,Day,93.9,309.1
Construction,Site Preparation,5,5,55.3,5.58,Sunny,Day,91.1,169.9
Construction,Excavation,6,8,51.9,4.57,Rainy,Day,90.1,201.6
Construction,Excavation,5,7,14.9,9.61,Sunny,Day,97.7,176.1
Marine & Rail,Freight Operations,6,5,26.3,10.69,Cloudy,Day,88.7,248.3
Mining,Drilling,7,9,36.5,9.94,Sunny,Day,109.6,240.7
Data Center Power,Generator Maintenance,5,8,41.9,7.75,Cloudy,Night,100.8,118.1
Data Center Power,Backup Generator Testing,6,7,29.4,12.28,Cloudy,Day,91.1,84.8
Construction,Excavation,8,8,52.2,11.53,Sunny,Day,97.0,233.9
Data Center Power,Cooling System Inspection,3,5,4.2,3.57,Rainy,Day,84.7,58.1
Mining,Hauling Ore,5,8,20.4,4.44,Cloudy,Day,100.6,97.5
Mining,Hauling Ore,3,6,69.2,13.59,Cloudy,Day,100.2,113.2
Marine & Rail,Locomotive Maintenance,5,7,62.8,2.03,Cloudy,Day,99.4,215.5
Mining,Drilling,8,8,46.2,1.71,Cloudy,Day,104.0,248.0
Marine & Rail,Rail Network Inspection,4,9,14.9,4.48,Foggy,Day,78.8,152.8
Marine & Rail,Locomotive Maintenance,5,8,60.8,1.98,Foggy,Night,97.8,224.4
Mining,Aggregate Collection,6,4,17.0,13.19,Sunny,Day,96.0,83.9
Oil & Gas,Gas Compression Service,6,5,47.6,3.93,Cloudy,Day,89.4,220.4
Data Center Power,Emergency Power Deployment,3,7,43.3,12.4,Rainy,Night,86.1,108.5
Construction,Material Loading,3,9,22.2,6.47,Cloudy,Day,92.4,50.1
Oil & Gas,Pipeline Pumping,5,9,44.7,12.5,Sunny,Day,86.7,143.2
Mining,Hauling Ore,4,7,7.6,1.8,Sunny,Night,102.5,94.8
Marine & Rail,Rail Network Inspection,3,7,62.7,8.2,Cloudy,Day,85.6,145.9
Oil & Gas,Gas Compression Service,6,8,37.8,7.5,Sunny,Day,95.5,176.5
Mining,Drilling,8,7,34.8,5.61,Sunny,Night,94.9,285.3
Mining,Drilling,6,6,34.0,4.35,Cloudy,Night,103.1,268.5
Mining,Surface Excavation,4,9,65.6,4.88,Cloudy,Day,98.2,133.6
Marine & Rail,Freight Operations,3,9,23.6,3.42,Sunny,Day,90.1,153.2
Oil & Gas,Well Drilling,7,9,56.8,5.08,Sunny,Day,95.5,341.4
Marine & Rail,Freight Operations,6,5,1.7,4.25,Sunny,Day,90.7,219.2
Marine & Rail,Locomotive Maintenance,7,8,19.2,12.19,Foggy,Night,86.8,262.5
Construction,Material Loading,4,8,33.0,10.75,Sunny,Day,102.2,66.5
Construction,Excavation,6,6,23.0,6.15,Sunny,Day,96.0,203.6
Marine & Rail,Tugboat Engine Service,6,8,45.4,2.74,Sunny,Day,85.6,155.8
Data Center Power,Cooling System Inspection,5,7,39.2,8.8,Sunny,Day,95.1,67.5
Mining,Drilling,6,8,65.1,8.5,Rainy,Day,93.4,258.1
Oil & Gas,Pipeline Pumping,5,5,54.4,1.55,Sunny,Day,81.5,143.6
Construction,Material Loading,4,7,45.2,4.34,Cloudy,Night,90.1,69.7
Marine & Rail,Locomotive Maintenance,6,9,77.8,7.52,Sunny,Night,90.5,228.4
Data Center Power,Generator Maintenance,3,7,5.0,7.29,Cloudy,Day,89.8,95.3
Data Center Power,Emergency Power Deployment,6,5,29.4,2.05,Rainy,Day,83.0,122.6
Oil & Gas,Pipeline Pumping,8,8,47.1,12.25,Rainy,Day,93.4,200.6
Mining,Surface Excavation,7,7,13.6,3.76,Sunny,Day,95.7,181.0
Oil & Gas,Well Servicing,7,9,26.7,2.61,Sunny,Day,76.7,204.1
Oil & Gas,Well Servicing,6,6,49.9,4.05,Cloudy,Night,94.6,288.0
Data Center Power,Generator Maintenance,3,8,31.9,2.89,Sunny,Night,87.3,89.4
Data Center Power,Generator Maintenance,7,9,32.3,3.06,Sunny,Night,87.7,113.3
Construction,Material Loading,6,9,57.8,2.0,Sunny,Day,96.4,64.7
Oil & Gas,Well Servicing,8,8,55.6,8.62,Rainy,Day,97.2,333.8
Construction,Foundation Work,6,10,21.4,10.16,Rainy,Day,93.9,197.3
Oil & Gas,Well Servicing,7,7,28.3,3.7,Sunny,Day,84.0,250.1
Marine & Rail,Tugboat Engine Service,8,5,71.9,15.74,Sunny,Day,97.1,325.2
Oil & Gas,Pipeline Pumping,7,8,24.0,7.46,Foggy,Day,98.1,165.0
Marine & Rail,Freight Operations,6,5,28.1,4.18,Foggy,Day,107.1,305.6
Oil & Gas,Pipeline Pumping,7,9,58.4,10.42,Sunny,Day,98.8,169.2
Oil & Gas,Well Drilling,7,6,24.1,6.64,Cloudy,Day,79.2,421.3
Marine & Rail,Locomotive Maintenance,9,8,54.9,10.75,Sunny,Day,92.9,318.7
Marine & Rail,Locomotive Maintenance,7,8,35.1,9.42,Cloudy,Day,99.8,246.7
Mining,Surface Excavation,5,10,38.0,12.29,Sunny,Day,97.3,131.5
Marine & Rail,Locomotive Maintenance,5,8,35.6,5.7,Foggy,Day,88.6,201.1
Mining,Hauling Ore,4,7,47.9,12.08,Sunny,Day,109.9,120.7
Construction,Material Loading,4,7,26.9,7.49,Cloudy,Day,95.0,61.0
Mining,Hauling Ore,7,8,66.7,4.92,Sunny,Day,90.5,122.3
Data Center Power,Backup Generator Testing,4,7,22.4,4.94,Sunny,Night,79.6,68.2
Marine & Rail,Locomotive Maintenance,5,6,24.1,5.76,Sunny,Day,80.6,231.6
Data Center Power,Generator Maintenance,8,9,42.7,1.84,Sunny,Day,95.3,116.5
Construction,Material Loading,5,8,58.2,5.57,Rainy,Day,84.3,72.0
Data Center Power,Backup Generator Testing,5,4,39.8,2.69,Sunny,Day,77.1,80.4
Construction,Demolition,5,8,47.4,2.84,Sunny,Night,81.9,169.9
Mining,Hauling Ore,7,6,55.9,3.62,Sunny,Night,95.2,143.7
Marine & Rail,Freight Operations,4,5,34.2,12.32,Sunny,Day,99.9,220.5
Marine & Rail,Locomotive Maintenance,6,7,23.9,7.66,Cloudy,Day,90.9,234.1
Mining,Drilling,6,8,31.1,2.99,Rainy,Day,91.1,215.3
Construction,Demolition,6,9,17.0,7.2,Sunny,Day,92.5,160.7
Construction,Road Building,7,8,20.1,6.73,Sunny,Day,106.9,277.0
Marine & Rail,Freight Operations,4,4,57.2,9.06,Sunny,Night,95.4,252.7
Oil & Gas,Well Servicing,6,10,42.4,1.91,Cloudy,Night,92.3,192.3
Data Center Power,Backup Generator Testing,4,7,43.8,6.3,Cloudy,Day,81.6,69.0
Mining,Aggregate Collection,2,9,14.9,6.66,Cloudy,Night,107.1,56.9
Data Center Power,Backup Generator Testing,4,5,48.1,13.89,Sunny,Day,95.4,85.4
Mining,Surface Excavation,4,8,34.3,12.29,Rainy,Day,105.0,180.5
Marine & Rail,Locomotive Maintenance,6,6,45.1,2.91,Foggy,Night,107.3,289.1
Data Center Power,Generator Maintenance,8,8,12.0,8.2,Sunny,Day,94.7,124.1
Oil & Gas,Well Drilling,6,10,26.8,6.7,Cloudy,Day,91.6,257.4
Marine & Rail,Locomotive Maintenance,6,9,15.1,9.7,Cloudy,Night,101.4,205.8
Marine & Rail,Freight Operations,5,9,85.6,0.55,Foggy,Day,95.3,238.6
Data Center Power,Backup Generator Testing,5,8,57.8,3.31,Cloudy,Night,77.7,75.4
Data Center Power,Generator Maintenance,4,8,30.1,0.7,Sunny,Night,101.9,94.8
Construction,Demolition,6,9,26.0,10.04,Sunny,Day,106.2,178.6
Data Center Power,Cooling System Inspection,4,8,30.1,4.5,Sunny,Night,85.4,64.4
Marine & Rail,Freight Operations,6,5,30.3,4.23,Sunny,Day,88.6,238.3
Oil & Gas,Well Drilling,5,9,67.2,9.56,Sunny,Day,102.9,304.6
Marine & Rail,Freight Operations,5,10,65.1,7.68,Sunny,Day,102.8,199.6
Data Center Power,Backup Generator Testing,7,9,2.1,3.66,Sunny,Day,89.2,69.2
Mining,Drilling,6,6,24.5,4.52,Sunny,Day,83.1,223.3
Construction,Demolition,6,6,58.5,14.41,Sunny,Day,94.5,264.3
Marine & Rail,Locomotive Maintenance,5,7,63.9,5.16,Sunny,Night,95.0,240.1
Mining,Drilling,6,7,28.2,2.65,Sunny,Day,101.9,208.7
Construction,Road Building,8,8,41.0,3.42,Rainy,Day,115.0,385.8
Construction,Excavation,8,8,28.1,1.51,Rainy,Day,94.4,211.2
Marine & Rail,Locomotive Maintenance,5,7,50.8,1.7,Foggy,Day,92.1,212.9
Construction,Site Preparation,2,7,32.7,2.94,Rainy,Night,100.2,141.6
Oil & Gas,Pipeline Pumping,6,7,33.2,7.98,Sunny,Day,92.9,153.2
Mining,Surface Excavation,7,8,9.5,11.08,Sunny,Day,104.0,178.6
Marine & Rail,Freight Operations,7,6,62.7,3.88,Rainy,Night,97.1,337.4
Construction,Site Preparation,6,9,20.2,7.51,Cloudy,Day,90.9,151.1
Oil & Gas,Well Servicing,5,7,26.8,11.26,Sunny,Day,91.1,234.6
Construction,Material Loading,5,9,45.1,3.34,Rainy,Day,87.5,66.2
Marine & Rail,Freight Operations,4,6,20.1,14.12,Sunny,Day,101.6,212.1
Construction,Foundation Work,7,8,39.7,6.22,Sunny,Day,88.0,225.5
Data Center Power,Backup Generator Testing,6,7,31.2,9.63,Rainy,Night,80.4,88.6
Marine & Rail,Freight Operations,8,9,60.3,7.13,Sunny,Night,98.7,289.1
Mining,Surface Excavation,6,8,29.4,5.64,Sunny,Night,94.6,170.4
Oil & Gas,Pipeline Pumping,7,8,43.7,10.51,Sunny,Day,95.8,179.6
Mining,Hauling Ore,5,6,16.0,11.3,Sunny,Day,95.2,111.1
Oil & Gas,Well Servicing,6,9,80.5,7.16,Sunny,Day,79.4,222.6
Oil & Gas,Pipeline Pumping,7,8,24.1,5.63,Foggy,Day,89.3,154.2
Mining,Drilling,7,10,26.4,5.25,Sunny,Day,93.1,171.3
Marine & Rail,Tugboat Engine Service,5,9,40.1,3.96,Sunny,Night,85.3,143.5
Oil & Gas,Pipeline Pumping,6,8,35.7,4.77,Sunny,Night,88.7,152.4
Construction,Foundation Work,6,7,33.8,12.03,Sunny,Night,103.8,266.9
Marine & Rail,Tugboat Engine Service,8,5,74.2,4.68,Sunny,Day,87.1,277.4
Construction,Demolition,6,7,13.5,6.62,Cloudy,Day,105.3,197.1
Mining,Drilling,6,7,37.2,6.36,Sunny,Day,111.1,246.1
Mining,Aggregate Collection,5,8,40.7,3.51,Cloudy,Night,91.2,69.2
Data Center Power,Cooling System Inspection,7,6,20.5,3.05,Cloudy,Night,98.9,88.3
Oil & Gas,Well Drilling,7,10,25.0,12.68,Sunny,Day,108.9,325.6
Construction,Material Loading,5,5,28.8,3.67,Sunny,Night,96.9,72.5
Marine & Rail,Locomotive Maintenance,4,6,15.6,17.35,Foggy,Day,87.1,252.1
Mining,Drilling,6,4,14.9,4.1,Cloudy,Night,95.4,282.0
Construction,Material Loading,4,8,46.2,1.54,Sunny,Night,107.5,65.1
Construction,Excavation,7,7,48.0,8.38,Cloudy,Day,108.1,246.7
Marine & Rail,Rail Network Inspection,7,8,9.5,14.12,Sunny,Day,83.9,172.5
Mining,Hauling Ore,7,6,44.9,7.5,Cloudy,Day,101.3,138.6
Marine & Rail,Tugboat Engine Service,6,8,41.0,6.5,Sunny,Day,92.5,165.9
Construction,Excavation,5,8,73.9,5.91,Sunny,Night,97.8,188.9
Marine & Rail,Freight Operations,7,8,45.3,8.2,Sunny,Day,97.7,247.3
Construction,Foundation Work,8,10,54.9,7.81,Foggy,Day,97.6,229.8
Oil & Gas,Well Drilling,8,8,29.7,5.08,Rainy,Day,103.8,439.0
Marine & Rail,Tugboat Engine Service,6,8,28.5,5.96,Rainy,Night,90.9,178.1
Marine & Rail,Freight Operations,6,8,20.3,5.34,Cloudy,Night,83.5,218.9
Oil & Gas,Well Drilling,8,9,24.9,15.34,Sunny,Night,95.3,417.5
Mining,Surface Excavation,6,9,8.4,3.3,Rainy,Day,95.0,148.6
Mining,Surface Excavation,6,7,17.5,3.29,Rainy,Night,87.1,203.9
Mining,Hauling Ore,4,8,26.6,2.78,Sunny,Night,96.3,92.8
Oil & Gas,Well Servicing,7,7,22.3,14.94,Cloudy,Day,86.8,303.6
Data Center Power,Backup Generator Testing,6,8,28.0,1.77,Cloudy,Day,85.8,73.9
Marine & Rail,Freight Operations,4,8,73.2,2.32,Rainy,Night,90.3,235.0
Construction,Excavation,5,7,43.4,2.84,Sunny,Night,86.9,176.0
Mining,Hauling Ore,6,6,46.1,4.51,Sunny,Day,103.8,121.1
Marine & Rail,Locomotive Maintenance,7,5,66.3,8.54,Sunny,Day,93.6,328.3
Mining,Drilling,6,7,26.2,5.29,Cloudy,Day,94.8,220.2
Oil & Gas,Well Drilling,6,8,43.3,7.93,Cloudy,Night,103.2,385.8
Marine & Rail,Tugboat Engine Service,4,6,45.7,13.45,Sunny,Day,110.6,207.1
Oil & Gas,Gas Compression Service,7,9,70.6,9.77,Sunny,Day,98.1,191.0
Construction,Material Loading,7,8,34.7,3.25,Sunny,Night,100.7,75.2
Data Center Power,Backup Generator Testing,4,8,26.6,3.78,Cloudy,Day,79.7,63.1
Data Center Power,Cooling System Inspection,4,9,23.4,4.43,Sunny,Day,79.3,54.1
Construction,Road Building,5,7,38.7,2.08,Sunny,Day,94.9,234.8
Data Center Power,Generator Maintenance,5,5,33.7,6.35,Sunny,Night,91.7,141.8
Oil & Gas,Pipeline Pumping,5,9,26.4,9.89,Sunny,Day,92.2,132.9
Marine & Rail,Tugboat Engine Service,3,8,32.4,5.4,Cloudy,Night,87.8,142.0
Mining,Surface Excavation,6,9,21.2,1.92,Rainy,Day,94.5,151.0
Oil & Gas,Pipeline Pumping,6,6,54.4,5.83,Cloudy,Night,89.3,176.2
Oil & Gas,Well Servicing,8,9,53.9,10.53,Sunny,Night,100.0,285.7
Marine & Rail,Rail Network Inspection,6,9,37.3,7.12,Cloudy,Day,101.3,160.0
Data Center Power,Emergency Power Deployment,7,10,30.8,8.59,Sunny,Night,95.0,97.0
Construction,Demolition,7,8,18.4,2.54,Sunny,Day,93.8,178.7
Construction,Foundation Work,5,7,42.9,4.41,Rainy,Day,92.7,244.6
Oil & Gas,Well Drilling,7,7,54.3,3.07,Cloudy,Day,93.0,394.6
Construction,Road Building,5,7,61.6,3.32,Sunny,Day,104.8,252.1
Oil & Gas,Pipeline Pumping,7,7,57.5,4.47,Rainy,Night,87.6,193.2
Mining,Surface Excavation,7,8,53.2,8.0,Rainy,Day,106.0,230.3
Mining,Drilling,6,7,19.1,11.27,Cloudy,Day,97.3,235.2
Construction,Material Loading,2,8,84.6,7.49,Cloudy,Day,88.4,56.4
Data Center Power,Cooling System Inspection,4,6,17.1,4.19,Sunny,Day,81.8,60.4
Marine & Rail,Freight Operations,5,9,63.6,8.73,Foggy,Day,99.6,243.7
Oil & Gas,Pipeline Pumping,6,8,34.4,3.79,Sunny,Night,80.9,151.9
Marine & Rail,Locomotive Maintenance,5,7,23.4,3.78,Sunny,Day,94.3,198.7
Data Center Power,Generator Maintenance,7,6,37.0,4.97,Sunny,Day,96.1,143.2
Marine & Rail,Rail Network Inspection,2,8,35.1,6.06,Sunny,Night,79.2,122.7
Marine & Rail,Freight Operations,4,6,20.9,2.9,Sunny,Day,101.1,193.6
Data Center Power,Emergency Power Deployment,6,7,19.1,5.47,Rainy,Night,89.3,114.2
Oil & Gas,Well Drilling,8,9,46.0,5.12,Sunny,Day,115.0,423.9
Mining,Drilling,7,6,6.5,5.67,Cloudy,Day,97.8,254.8
Mining,Aggregate Collection,5,5,58.3,6.6,Sunny,Night,96.9,80.6
Construction,Site Preparation,5,9,29.1,5.87,Cloudy,Night,88.4,152.4
Construction,Demolition,5,8,56.2,1.16,Rainy,Day,94.6,183.6
Construction,Road Building,8,9,51.5,10.04,Rainy,Day,103.0,343.0
Mining,Hauling Ore,3,6,7.7,10.86,Cloudy,Day,96.8,95.3
Marine & Rail,Rail Network Inspection,6,7,52.6,7.91,Sunny,Day,88.1,175.8
Oil & Gas,Well Servicing,8,7,58.6,10.73,Sunny,Night,91.5,367.3
Marine & Rail,Freight Operations,5,5,45.7,12.29,Cloudy,Night,106.5,279.7
Data Center Power,Backup Generator Testing,7,9,13.2,1.65,Cloudy,Day,96.4,70.2
Construction,Road Building,5,6,24.1,0.5,Sunny,Day,82.5,232.1
Mining,Aggregate Collection,4,6,26.1,1.97,Sunny,Night,101.6,68.6
Oil & Gas,Pipeline Pumping,6,8,28.9,4.9,Rainy,Night,100.8,157.1
Marine & Rail,Freight Operations,3,10,13.8,6.9,Cloudy,Night,99.2,164.9
Oil & Gas,Well Servicing,4,9,10.7,2.32,Sunny,Day,86.1,150.5
Construction,Foundation Work,4,5,31.5,7.06,Sunny,Day,93.0,234.2
Oil & Gas,Well Servicing,6,6,39.4,4.83,Sunny,Night,84.4,280.7
Oil & Gas,Well Drilling,7,8,44.4,9.91,Sunny,Day,97.9,388.1
Data Center Power,Cooling System Inspection,5,7,43.0,4.6,Rainy,Night,77.6,70.7
Oil & Gas,Well Servicing,4,8,32.5,16.32,Sunny,Day,101.3,225.5
Mining,Hauling Ore,7,7,15.2,3.98,Cloudy,Night,115.0,146.0
Construction,Excavation,6,8,28.4,3.59,Sunny,Day,101.7,161.7
Oil & Gas,Pipeline Pumping,6,9,64.9,7.0,Cloudy,Day,86.0,152.5
Oil & Gas,Pipeline Pumping,8,10,40.8,10.67,Cloudy,Day,85.3,175.6
Data Center Power,Emergency Power Deployment,5,6,39.2,1.92,Cloudy,Day,91.1,110.9
Oil & Gas,Well Servicing,4,9,34.2,7.02,Sunny,Day,93.8,175.6
Construction,Material Loading,4,9,42.8,2.13,Sunny,Day,92.5,53.2
Marine & Rail,Freight Operations,7,8,46.5,4.16,Foggy,Day,100.2,294.0
Mining,Hauling Ore,5,9,21.1,3.43,Sunny,Day,86.2,87.8
Data Center Power,Cooling System Inspection,5,8,48.6,7.31,Cloudy,Night,77.7,71.3
Construction,Demolition,4,8,44.1,3.83,Sunny,Night,94.4,171.9
Construction,Site Preparation,4,7,32.1,7.78,Sunny,Night,102.3,159.3
Oil & Gas,Pipeline Pumping,4,5,49.1,3.9,Rainy,Day,106.5,154.8
Oil & Gas,Pipeline Pumping,7,7,7.3,6.15,Rainy,Day,82.3,153.1
Marine & Rail,Freight Operations,5,8,39.5,0.78,Sunny,Day,89.7,192.2
Data Center Power,Cooling System Inspection,4,8,40.2,3.76,Cloudy,Night,80.0,62.3
Oil & Gas,Gas Compression Service,9,6,73.9,4.09,Sunny,Day,96.8,289.4
Construction,Demolition,4,10,25.0,7.74,Sunny,Night,97.7,133.0
Data Center Power,Backup Generator Testing,6,8,16.2,6.06,Foggy,Day,82.0,76.1
Mining,Hauling Ore,4,9,22.6,8.7,Sunny,Day,103.1,91.9
Oil & Gas,Well Drilling,7,5,34.9,4.78,Cloudy,Day,82.5,445.5
Construction,Excavation,6,8,47.2,5.78,Sunny,Day,88.5,175.7
Oil & Gas,Pipeline Pumping,5,8,33.8,8.55,Sunny,Night,92.0,150.2
Construction,Demolition,6,7,52.1,3.13,Rainy,Day,94.1,226.6
Construction,Road Building,7,6,49.6,4.17,Sunny,Night,105.3,351.2
Mining,Aggregate Collection,5,8,68.0,4.34,Sunny,Night,110.7,81.9
Construction,Foundation Work,7,8,26.7,11.87,Sunny,Day,94.7,234.4
Data Center Power,Backup Generator Testing,5,7,12.8,0.89,Rainy,Night,84.5,71.5
Mining,Hauling Ore,5,7,17.6,8.25,Rainy,Day,94.1,117.9
Mining,Drilling,9,8,45.3,7.53,Sunny,Day,113.4,314.5
Marine & Rail,Rail Network Inspection,6,8,32.7,12.74,Foggy,Night,110.6,245.3
Construction,Foundation Work,5,3,42.7,4.11,Sunny,Day,98.2,298.1
Marine & Rail,Locomotive Maintenance,5,9,7.1,12.75,Foggy,Night,103.0,207.4
Mining,Drilling,6,8,22.0,6.86,Sunny,Night,95.1,221.0
Mining,Hauling Ore,4,6,32.6,4.46,Cloudy,Day,98.9,99.8
Data Center Power,Emergency Power Deployment,7,9,31.5,2.49,Sunny,Day,93.5,93.6
Oil & Gas,Pipeline Pumping,6,7,53.9,0.67,Cloudy,Night,86.2,160.8
Data Center Power,Cooling System Inspection,2,8,15.6,5.66,Sunny,Day,86.3,49.2
Mining,Surface Excavation,5,9,46.0,9.41,Cloudy,Day,95.7,150.1
Construction,Demolition,6,9,18.7,4.94,Cloudy,Night,93.3,168.5
Oil & Gas,Well Drilling,8,9,28.4,5.55,Sunny,Night,97.4,355.9
Marine & Rail,Tugboat Engine Service,5,9,45.8,7.79,Cloudy,Day,87.9,143.4
Construction,Foundation Work,7,6,54.0,12.49,Cloudy,Day,96.4,307.6
Data Center Power,Cooling System Inspection,7,9,56.7,5.21,Sunny,Night,73.9,81.6
Marine & Rail,Freight Operations,7,8,15.9,7.06,Rainy,Night,93.9,273.6
Mining,Drilling,6,6,12.9,1.11,Rainy,Day,89.1,235.1
Construction,Material Loading,5,7,62.2,12.87,Sunny,Night,101.8,81.7
Oil & Gas,Well Servicing,6,8,19.9,10.26,Sunny,Night,91.9,243.6
Marine & Rail,Locomotive Maintenance,5,7,33.8,5.53,Sunny,Night,100.0,238.1
Mining,Hauling Ore,8,9,62.2,1.3,Cloudy,Day,87.6,128.4
Oil & Gas,Well Servicing,8,9,72.1,2.58,Sunny,Night,82.3,269.6
Mining,Surface Excavation,5,7,44.8,8.56,Cloudy,Day,90.8,173.2
Marine & Rail,Freight Operations,4,9,46.2,2.39,Sunny,Day,100.5,174.5
Marine & Rail,Freight Operations,5,9,46.7,6.68,Cloudy,Night,95.7,214.9
Mining,Hauling Ore,5,10,42.4,7.08,Sunny,Day,97.6,94.6
Data Center Power,Cooling System Inspection,6,9,11.8,0.87,Rainy,Night,78.2,66.2
Oil & Gas,Well Servicing,4,8,33.0,3.62,Cloudy,Night,97.0,203.2
Construction,Foundation Work,5,9,6.2,7.26,Cloudy,Day,95.7,174.5
Oil & Gas,Well Servicing,8,7,40.8,4.4,Rainy,Day,103.2,340.4
Oil & Gas,Pipeline Pumping,3,6,57.5,12.33,Sunny,Day,112.8,168.3
Marine & Rail,Locomotive Maintenance,4,9,65.2,9.8,Sunny,Night,89.8,201.2
Mining,Hauling Ore,5,9,27.0,5.41,Foggy,Day,99.8,112.1
Oil & Gas,Pipeline Pumping,7,9,47.2,3.01,Sunny,Day,87.4,149.5
Marine & Rail,Tugboat Engine Service,5,8,50.5,13.68,Rainy,Night,87.4,185.8
Mining,Drilling,5,10,39.6,7.96,Sunny,Day,96.3,154.1
Construction,Road Building,5,5,45.2,2.52,Rainy,Day,95.2,324.1
Construction,Foundation Work,4,7,64.4,8.3,Foggy,Night,95.2,244.5
Mining,Drilling,8,9,6.0,5.74,Sunny,Day,100.2,195.9
Mining,Drilling,6,4,18.0,15.02,Cloudy,Day,115.0,372.8
Data Center Power,Generator Maintenance,5,8,49.8,7.26,Sunny,Day,84.7,104.8
Construction,Material Loading,4,9,33.3,7.22,Sunny,Day,103.5,58.2
Mining,Hauling Ore,4,7,61.3,10.84,Rainy,Night,105.8,145.0
Mining,Surface Excavation,5,8,42.4,4.71,Sunny,Day,99.6,151.2
Construction,Foundation Work,7,9,20.5,2.73,Cloudy,Day,78.1,196.3
Construction,Demolition,8,9,39.1,4.87,Cloudy,Day,91.8,201.1
Marine & Rail,Freight Operations,6,9,38.4,8.04,Rainy,Day,97.5,241.3
Oil & Gas,Pipeline Pumping,4,8,22.2,2.11,Foggy,Day,94.3,123.7
Mining,Surface Excavation,4,8,41.2,5.79,Sunny,Day,98.7,138.8
Construction,Road Building,4,8,41.0,6.76,Sunny,Night,97.6,237.4
Marine & Rail,Locomotive Maintenance,3,9,32.3,2.22,Foggy,Day,81.9,152.6
Oil & Gas,Well Servicing,8,8,33.5,9.19,Sunny,Day,92.6,270.6
Construction,Site Preparation,3,5,46.6,13.6,Cloudy,Day,100.3,166.0
Construction,Excavation,6,9,6.0,9.09,Sunny,Day,100.9,151.0
Marine & Rail,Freight Operations,7,8,12.6,6.43,Cloudy,Day,104.9,235.5
Mining,Drilling,8,7,40.1,11.44,Sunny,Day,101.8,291.5
Mining,Hauling Ore,3,7,15.6,3.82,Sunny,Night,93.8,88.4
Marine & Rail,Freight Operations,5,4,51.6,2.23,Sunny,Day,88.2,226.5
Construction,Foundation Work,8,5,6.4,3.89,Sunny,Day,92.6,278.5
Oil & Gas,Pipeline Pumping,5,7,29.1,4.51,Sunny,Day,83.2,134.7
Marine & Rail,Locomotive Maintenance,6,6,67.1,7.27,Foggy,Day,90.2,288.8
Marine & Rail,Tugboat Engine Service,8,5,68.8,4.07,Foggy,Day,106.7,340.8
Marine & Rail,Tugboat Engine Service,6,9,36.0,7.55,Cloudy,Day,95.1,151.9
Mining,Drilling,5,5,20.8,2.84,Foggy,Day,99.8,240.0
Oil & Gas,Pipeline Pumping,4,9,20.0,9.0,Sunny,Day,102.1,125.7
Mining,Aggregate Collection,4,8,82.9,7.5,Cloudy,Day,103.8,68.8
Mining,Drilling,7,9,34.8,5.91,Rainy,Night,89.1,241.8
Construction,Demolition,6,9,26.5,6.0,Rainy,Night,95.1,201.1
Construction,Material Loading,5,9,24.3,2.84,Sunny,Day,97.1,54.6
Data Center Power,Backup Generator Testing,4,9,16.1,8.19,Rainy,Day,93.0,62.4
Construction,Road Building,7,5,19.4,6.01,Cloudy,Day,106.1,353.9
Construction,Demolition,5,8,43.2,9.23,Sunny,Day,102.1,179.9
Oil & Gas,Well Servicing,4,9,56.1,5.92,Sunny,Day,86.2,178.1
Marine & Rail,Tugboat Engine Service,6,9,71.1,3.42,Sunny,Day,86.5,151.7
Oil & Gas,Well Servicing,9,7,28.5,3.81,Cloudy,Night,90.7,322.2
Oil & Gas,Well Drilling,7,9,38.4,5.65,Sunny,Day,98.3,322.6
Oil & Gas,Well Servicing,8,7,28.3,3.25,Cloudy,Night,92.8,292.6
Mining,Drilling,7,8,23.7,9.14,Cloudy,Day,102.8,226.6
Construction,Demolition,5,9,19.7,4.82,Cloudy,Night,100.7,160.6
Marine & Rail,Rail Network Inspection,6,8,64.4,6.34,Rainy,Night,85.9,209.1
Mining,Hauling Ore,4,6,39.3,6.72,Rainy,Day,99.7,119.0
Oil & Gas,Well Servicing,6,6,35.8,3.59,Sunny,Day,81.4,257.0
Oil & Gas,Well Drilling,5,7,15.7,12.42,Sunny,Day,102.3,349.6
Mining,Aggregate Collection,5,10,32.2,9.21,Sunny,Day,95.1,59.6
Construction,Material Loading,5,6,81.2,5.47,Cloudy,Day,91.5,75.3
Mining,Drilling,6,7,20.1,7.4,Sunny,Day,107.5,234.9
Mining,Hauling Ore,3,7,11.1,10.82,Rainy,Night,96.9,114.4
Mining,Aggregate Collection,4,9,47.9,4.57,Rainy,Day,96.0,66.6
Mining,Hauling Ore,5,6,37.5,11.49,Cloudy,Day,99.7,118.3
Construction,Demolition,6,7,28.5,4.74,Foggy,Night,99.5,223.3
Marine & Rail,Locomotive Maintenance,6,10,10.8,1.27,Foggy,Day,83.6,154.9
Mining,Aggregate Collection,6,8,10.6,7.94,Sunny,Day,105.6,71.2
Mining,Aggregate Collection,4,7,16.9,1.65,Rainy,Day,105.4,70.6
Construction,Road Building,6,4,54.4,5.72,Rainy,Day,91.8,383.9
Oil & Gas,Well Drilling,4,8,66.2,3.95,Sunny,Day,92.7,292.3
Marine & Rail,Locomotive Maintenance,8,7,8.0,11.29,Foggy,Night,93.1,306.1
Oil & Gas,Gas Compression Service,6,9,9.7,13.47,Cloudy,Night,102.4,182.5
Mining,Surface Excavation,8,8,28.7,7.95,Cloudy,Day,96.3,203.0
Construction,Excavation,5,9,39.9,11.43,Cloudy,Day,97.1,157.9
Oil & Gas,Well Drilling,8,6,31.7,4.02,Sunny,Night,90.9,460.5
Oil & Gas,Well Drilling,8,9,19.2,6.14,Cloudy,Day,96.8,322.8
Oil & Gas,Well Servicing,9,8,60.5,8.42,Sunny,Day,92.0,313.8
Mining,Aggregate Collection,4,9,46.4,1.08,Sunny,Day,95.0,56.0
Data Center Power,Generator Maintenance,5,9,66.8,5.17,Cloudy,Day,89.2,101.0
Mining,Surface Excavation,6,6,52.0,4.66,Foggy,Day,86.8,196.9
Oil & Gas,Gas Compression Service,5,8,72.1,8.22,Rainy,Day,107.7,197.5
Oil & Gas,Gas Compression Service,6,6,52.5,12.83,Sunny,Day,87.2,228.2
Construction,Material Loading,2,9,46.0,6.62,Rainy,Night,99.1,61.7
Oil & Gas,Well Drilling,8,7,38.9,12.88,Sunny,Day,93.4,477.5
Data Center Power,Cooling System Inspection,7,9,6.4,3.86,Cloudy,Day,70.0,66.7
Mining,Surface Excavation,7,6,32.2,4.35,Rainy,Day,94.6,236.2
Data Center Power,Emergency Power Deployment,7,5,66.1,2.97,Sunny,Day,72.5,148.3
Marine & Rail,Locomotive Maintenance,6,8,31.2,3.26,Cloudy,Night,94.1,222.2
Mining,Drilling,7,8,33.9,7.72,Cloudy,Day,95.4,229.8
Marine & Rail,Locomotive Maintenance,5,5,7.1,9.91,Rainy,Day,93.0,258.9
Marine & Rail,Freight Operations,6,9,26.7,8.71,Cloudy,Day,103.9,217.9
Oil & Gas,Well Drilling,7,5,13.0,7.16,Rainy,Night,92.4,526.7
Construction,Excavation,5,7,62.9,11.68,Sunny,Night,94.8,212.2
Marine & Rail,Tugboat Engine Service,5,7,49.5,7.07,Sunny,Night,98.9,183.6
Mining,Hauling Ore,4,8,65.6,6.64,Sunny,Day,91.9,98.3
Oil & Gas,Gas Compression Service,6,5,28.8,7.98,Foggy,Day,92.2,237.0
Marine & Rail,Locomotive Maintenance,7,6,40.9,5.93,Sunny,Night,88.6,297.9
Oil & Gas,Gas Compression Service,5,8,38.7,3.61,Cloudy,Day,97.5,162.4
Mining,Drilling,7,8,69.1,2.82,Sunny,Night,87.7,242.7
Construction,Material Loading,5,7,29.3,6.29,Cloudy,Night,101.0,73.7
Data Center Power,Backup Generator Testing,6,8,9.4,10.47,Sunny,Day,90.6,71.8
Oil & Gas,Well Servicing,8,6,22.6,10.65,Sunny,Day,93.6,326.6
Oil & Gas,Pipeline Pumping,5,7,28.5,8.18,Cloudy,Night,94.2,160.2
Marine & Rail,Tugboat Engine Service,7,9,56.4,2.76,Foggy,Night,108.0,234.3
Mining,Drilling,7,9,25.9,8.06,Sunny,Day,97.6,202.7
Marine & Rail,Freight Operations,7,10,56.8,5.81,Rainy,Day,92.2,253.7
Oil & Gas,Well Drilling,6,9,7.9,9.26,Rainy,Day,96.7,317.0
Marine & Rail,Freight Operations,7,7,16.6,11.31,Cloudy,Night,113.2,309.8
Oil & Gas,Pipeline Pumping,4,8,4.7,1.75,Rainy,Night,100.7,125.1
Marine & Rail,Locomotive Maintenance,8,6,48.3,6.62,Rainy,Day,88.0,320.6
Oil & Gas,Well Servicing,9,8,78.3,3.44,Cloudy,Day,84.7,322.6
Mining,Surface Excavation,4,8,36.9,2.05,Sunny,Night,98.6,143.4
Marine & Rail,Rail Network Inspection,5,6,36.8,2.33,Cloudy,Night,76.6,179.7
Construction,Foundation Work,7,8,7.9,5.51,Sunny,Night,96.8,228.6
Mining,Drilling,6,4,40.8,10.93,Sunny,Day,108.4,334.1
Mining,Drilling,5,8,17.6,12.25,Cloudy,Night,98.4,220.5
Oil & Gas,Well Servicing,6,7,68.8,3.76,Foggy,Day,80.8,264.1
Oil & Gas,Pipeline Pumping,3,9,6.3,5.27,Cloudy,Day,95.9,102.4
Mining,Aggregate Collection,5,8,22.4,3.36,Rainy,Day,93.5,71.7
Data Center Power,Emergency Power Deployment,8,10,25.8,2.44,Sunny,Night,106.5,104.9
Construction,Road Building,7,7,39.0,9.37,Sunny,Day,100.2,309.8
Mining,Hauling Ore,4,9,66.3,6.79,Sunny,Day,107.4,101.8
Mining,Drilling,5,8,25.5,5.97,Rainy,Day,97.8,216.8
Mining,Drilling,6,7,54.9,8.43,Rainy,Day,115.0,325.6
Construction,Excavation,8,9,14.6,4.44,Foggy,Day,95.4,171.7
Oil & Gas,Pipeline Pumping,6,9,13.9,9.77,Sunny,Day,100.3,141.1
Construction,Excavation,8,7,78.8,2.24,Sunny,Day,95.1,246.7
Mining,Hauling Ore,7,8,9.2,6.3,Cloudy,Day,103.7,117.6
Construction,Excavation,8,6,64.0,7.39,Cloudy,Day,102.0,289.6
Construction,Excavation,5,8,44.8,5.94,Cloudy,Day,94.0,164.6
Oil & Gas,Gas Compression Service,6,5,38.8,11.83,Rainy,Night,98.4,270.4
Construction,Road Building,6,8,65.6,3.46,Sunny,Day,98.0,253.3
Marine & Rail,Rail Network Inspection,5,7,9.4,4.19,Sunny,Night,73.4,152.5
Oil & Gas,Pipeline Pumping,6,9,40.7,5.84,Rainy,Day,78.4,141.1
Marine & Rail,Rail Network Inspection,7,8,40.8,7.11,Sunny,Night,81.5,192.9
Oil & Gas,Gas Compression Service,7,7,8.5,3.78,Rainy,Day,102.9,188.1
Data Center Power,Backup Generator Testing,7,7,28.5,3.04,Sunny,Day,86.0,81.2
Mining,Aggregate Collection,5,7,12.5,7.69,Sunny,Day,100.1,65.2
Mining,Aggregate Collection,3,9,22.7,10.65,Cloudy,Night,102.0,58.4
Construction,Foundation Work,6,7,54.3,1.05,Rainy,Day,87.9,266.9
Construction,Demolition,4,9,21.9,8.84,Sunny,Night,115.0,184.0
Oil & Gas,Gas Compression Service,6,9,36.1,0.86,Sunny,Day,98.1,139.7
Oil & Gas,Pipeline Pumping,7,8,57.2,4.89,Cloudy,Day,95.4,168.2
Marine & Rail,Locomotive Maintenance,4,9,40.6,4.52,Sunny,Night,90.4,177.8
Marine & Rail,Freight Operations,5,7,69.0,8.47,Cloudy,Day,99.0,227.0
Oil & Gas,Pipeline Pumping,6,7,35.3,5.22,Sunny,Day,92.6,152.2
Data Center Power,Generator Maintenance,8,7,13.0,0.99,Cloudy,Day,88.3,130.3
Oil & Gas,Well Servicing,8,5,57.4,2.62,Sunny,Day,83.6,344.1
Data Center Power,Generator Maintenance,5,8,39.5,1.83,Cloudy,Night,84.7,105.4
Mining,Surface Excavation,6,4,47.9,9.58,Sunny,Night,102.5,269.9
Oil & Gas,Well Drilling,5,8,17.2,15.8,Cloudy,Night,99.7,363.2
Marine & Rail,Freight Operations,4,7,6.4,2.65,Cloudy,Day,108.7,198.3
Marine & Rail,Tugboat Engine Service,7,5,35.0,7.62,Sunny,Night,85.7,236.4
Construction,Road Building,4,7,30.8,9.03,Cloudy,Day,91.0,241.9
Mining,Aggregate Collection,5,7,7.2,7.64,Sunny,Night,94.9,71.0
Oil & Gas,Pipeline Pumping,5,10,80.0,5.73,Sunny,Day,89.8,131.8
Marine & Rail,Freight Operations,5,8,13.0,5.46,Foggy,Day,106.5,238.5
Construction,Road Building,6,6,6.0,2.59,Sunny,Day,96.7,261.5
Mining,Drilling,6,7,12.2,7.59,Cloudy,Night,95.3,236.9
Data Center Power,Backup Generator Testing,5,6,11.1,9.3,Cloudy,Day,102.0,76.7
Mining,Hauling Ore,6,6,8.7,4.58,Sunny,Night,86.8,117.8
Data Center Power,Generator Maintenance,6,5,47.8,1.63,Sunny,Day,89.5,138.8
Mining,Surface Excavation,4,6,27.6,3.61,Rainy,Night,95.0,195.3
Mining,Drilling,4,6,42.9,5.48,Sunny,Day,90.5,199.8
Data Center Power,Cooling System Inspection,5,8,33.7,0.68,Cloudy,Night,83.5,66.8
Construction,Demolition,5,6,17.9,5.26,Rainy,Night,95.0,240.2
Construction,Road Building,6,10,30.4,8.8,Sunny,Day,89.0,196.8
Construction,Foundation Work,4,10,71.4,4.23,Rainy,Night,88.3,191.3
Construction,Excavation,7,8,26.5,5.66,Sunny,Day,95.4,189.9
Construction,Material Loading,3,7,75.1,7.73,Rainy,Day,107.8,81.1
Data Center Power,Cooling System Inspection,5,10,53.2,3.87,Sunny,Day,89.4,58.7
Oil & Gas,Gas Compression Service,7,7,85.5,9.62,Sunny,Day,97.9,244.5
Marine & Rail,Freight Operations,6,7,48.7,0.91,Sunny,Night,107.6,258.2
Marine & Rail,Freight Operations,6,8,60.1,8.79,Sunny,Day,95.1,224.9
Data Center Power,Generator Maintenance,6,6,5.9,7.7,Rainy,Night,83.3,139.0
Construction,Foundation Work,4,8,28.8,6.84,Cloudy,Day,84.5,175.0
Mining,Drilling,5,8,44.1,4.94,Sunny,Day,96.3,186.6
Oil & Gas,Pipeline Pumping,6,8,40.7,3.36,Cloudy,Night,85.2,156.1
Marine & Rail,Freight Operations,6,6,61.8,1.0,Cloudy,Night,97.1,260.9
Construction,Foundation Work,6,8,17.6,2.98,Cloudy,Day,85.9,199.9
Oil & Gas,Well Servicing,9,9,6.0,1.95,Sunny,Day,86.1,208.1
Construction,Foundation Work,7,9,47.0,3.38,Rainy,Day,81.5,244.4
Data Center Power,Emergency Power Deployment,6,6,56.4,2.86,Sunny,Night,90.5,130.8
Oil & Gas,Pipeline Pumping,4,9,25.9,2.51,Sunny,Night,88.1,120.8
Mining,Aggregate Collection,7,5,51.6,4.23,Cloudy,Day,94.1,90.8
Oil & Gas,Well Drilling,6,8,35.7,10.57,Cloudy,Day,100.8,349.8
Oil & Gas,Pipeline Pumping,3,9,15.8,11.9,Cloudy,Day,90.7,116.8
Oil & Gas,Pipeline Pumping,8,6,15.8,7.58,Sunny,Day,91.1,181.9
Construction,Demolition,6,10,25.4,1.86,Cloudy,Night,93.3,145.3
Marine & Rail,Locomotive Maintenance,6,9,46.1,1.9,Rainy,Day,86.3,190.8
Oil & Gas,Pipeline Pumping,5,8,20.9,9.76,Sunny,Day,87.7,137.0
Data Center Power,Cooling System Inspection,4,4,27.9,1.41,Sunny,Night,79.0,72.4
Data Center Power,Backup Generator Testing,6,10,19.0,1.85,Rainy,Day,78.7,65.7
Marine & Rail,Locomotive Maintenance,6,7,10.4,5.58,Sunny,Day,97.3,220.7
Construction,Material Loading,5,10,60.3,8.48,Cloudy,Day,96.5,66.2
Oil & Gas,Well Servicing,9,7,48.5,4.47,Sunny,Day,93.1,314.1
Mining,Drilling,5,7,22.1,9.32,Sunny,Night,105.1,237.7
Mining,Drilling,7,9,61.4,5.25,Rainy,Night,90.8,266.1
Marine & Rail,Freight Operations,5,7,22.5,2.51,Sunny,Night,104.4,222.9
Marine & Rail,Tugboat Engine Service,7,6,18.5,8.42,Rainy,Day,101.7,218.7
Oil & Gas,Well Servicing,10,8,64.4,9.08,Sunny,Day,94.1,359.8
Marine & Rail,Freight Operations,6,10,62.9,14.11,Rainy,Day,106.9,272.4
Construction,Road Building,6,7,70.4,2.71,Cloudy,Day,93.8,279.5
Marine & Rail,Freight Operations,8,9,11.8,7.41,Rainy,Day,108.1,284.5
Mining,Hauling Ore,6,9,13.5,8.83,Cloudy,Night,88.9,107.5
Construction,Foundation Work,5,7,50.3,0.96,Rainy,Day,92.6,252.4
Mining,Hauling Ore,6,7,31.1,9.74,Sunny,Day,96.1,118.8
Mining,Aggregate Collection,5,6,44.0,4.76,Foggy,Day,98.3,74.4
Mining,Hauling Ore,6,7,31.4,13.02,Sunny,Day,102.6,121.0
Mining,Drilling,5,8,47.0,8.07,Sunny,Day,112.4,220.8
Marine & Rail,Freight Operations,6,8,1.1,9.17,Sunny,Day,110.9,220.9
Construction,Road Building,6,6,24.3,4.06,Rainy,Day,106.8,331.5
Construction,Foundation Work,7,7,26.3,5.6,Sunny,Day,96.2,250.4
Data Center Power,Backup Generator Testing,4,9,61.0,2.31,Cloudy,Night,81.7,68.3
Construction,Site Preparation,4,8,80.1,10.92,Rainy,Day,102.1,179.9
Oil & Gas,Well Servicing,7,6,78.7,10.35,Sunny,Day,93.9,353.7
Construction,Excavation,4,7,51.6,1.37,Sunny,Day,98.3,160.6
Mining,Aggregate Collection,7,8,31.5,4.27,Sunny,Day,89.8,73.0
Mining,Surface Excavation,3,7,6.5,2.34,Rainy,Day,112.2,169.4
Marine & Rail,Freight Operations,6,8,15.2,11.11,Rainy,Day,101.2,245.1
Construction,Site Preparation,8,5,9.0,3.75,Sunny,Night,93.5,196.8
Data Center Power,Emergency Power Deployment,4,9,7.7,3.7,Sunny,Night,85.8,77.5
Oil & Gas,Gas Compression Service,4,6,54.0,7.61,Sunny,Night,113.4,230.7
Mining,Drilling,6,9,34.3,6.35,Sunny,Day,93.2,184.3
Oil & Gas,Pipeline Pumping,5,6,38.3,10.7,Cloudy,Day,102.1,162.5
Data Center Power,Generator Maintenance,4,5,60.0,8.41,Rainy,Night,89.6,148.1
Mining,Aggregate Collection,3,6,31.0,9.52,Sunny,Night,111.8,74.3
Construction,Demolition,7,9,19.7,6.32,Rainy,Day,97.5,198.7
Mining,Surface Excavation,6,8,18.4,10.01,Sunny,Day,103.8,169.0
Oil & Gas,Gas Compression Service,8,6,17.9,5.38,Foggy,Day,93.5,239.5
Marine & Rail,Locomotive Maintenance,3,10,72.8,3.82,Rainy,Day,105.2,150.4
Marine & Rail,Rail Network Inspection,7,8,32.0,6.74,Sunny,Day,87.9,175.5
Oil & Gas,Well Drilling,6,9,43.8,14.02,Rainy,Day,89.9,381.4
Oil & Gas,Well Drilling,6,7,88.4,7.13,Cloudy,Day,102.9,420.8
Data Center Power,Backup Generator Testing,5,8,20.9,4.04,Sunny,Night,77.8,69.9
Construction,Material Loading,5,6,31.1,3.9,Cloudy,Day,106.1,69.9
Construction,Excavation,5,7,19.5,8.25,Sunny,Night,98.3,187.0
Oil & Gas,Well Drilling,5,9,51.4,10.49,Sunny,Night,91.9,316.8
Mining,Aggregate Collection,3,7,16.5,9.39,Sunny,Night,99.3,62.8
Data Center Power,Emergency Power Deployment,6,8,70.8,0.85,Cloudy,Day,88.8,103.1
Oil & Gas,Pipeline Pumping,5,6,14.3,3.75,Rainy,Day,90.0,141.8
Oil & Gas,Well Drilling,6,7,70.6,9.18,Sunny,Night,109.0,488.7
Construction,Road Building,8,9,73.2,7.74,Sunny,Day,87.7,297.2
Marine & Rail,Freight Operations,7,6,17.5,15.33,Sunny,Night,103.3,283.8
Mining,Surface Excavation,6,9,48.2,5.02,Sunny,Day,92.3,139.7
Mining,Drilling,8,2,25.9,10.17,Cloudy,Day,95.2,398.0
Mining,Hauling Ore,5,7,17.4,3.31,Rainy,Night,95.9,119.3
Construction,Material Loading,4,9,25.5,13.38,Cloudy,Day,100.3,63.1
Construction,Demolition,6,8,22.1,11.14,Cloudy,Day,91.4,189.7
Construction,Road Building,4,5,22.9,8.01,Sunny,Day,95.2,271.5
Marine & Rail,Rail Network Inspection,2,8,40.7,4.38,Sunny,Day,84.9,115.6
Construction,Demolition,4,8,47.2,4.52,Rainy,Day,113.2,210.1
Mining,Drilling,4,7,44.6,2.38,Foggy,Day,98.1,186.2
Mining,Aggregate Collection,2,5,41.9,4.41,Cloudy,Day,97.7,59.9
Marine & Rail,Tugboat Engine Service,7,8,10.5,11.3,Rainy,Night,114.6,230.2
Mining,Aggregate Collection,6,8,13.6,12.39,Cloudy,Day,90.5,70.7
Construction,Material Loading,7,9,51.6,7.57,Sunny,Night,115.0,97.3
Oil & Gas,Gas Compression Service,8,9,58.7,6.02,Cloudy,Night,96.7,223.1
Construction,Excavation,4,9,9.1,1.69,Rainy,Day,105.5,145.2
Data Center Power,Backup Generator Testing,7,8,65.4,4.87,Sunny,Night,81.2,95.3
Oil & Gas,Well Drilling,9,6,4.1,3.86,Sunny,Night,95.7,447.8
Data Center Power,Emergency Power Deployment,6,9,15.9,5.07,Cloudy,Day,87.4,84.4
Data Center Power,Backup Generator Testing,6,6,30.9,0.41,Sunny,Night,81.5,81.9
Construction,Site Preparation,4,8,8.6,7.43,Sunny,Night,99.6,144.3
Construction,Foundation Work,4,6,73.2,11.17,Sunny,Day,92.1,240.6
Data Center Power,Emergency Power Deployment,6,8,36.5,6.87,Sunny,Day,85.8,103.2
Oil & Gas,Gas Compression Service,5,5,13.2,2.42,Sunny,Night,86.7,196.0
Mining,Hauling Ore,4,10,84.6,1.63,Sunny,Night,96.8,95.9
Data Center Power,Backup Generator Testing,6,7,55.5,4.56,Rainy,Day,86.5,82.9
Oil & Gas,Pipeline Pumping,3,9,37.9,15.6,Rainy,Day,94.3,134.1
Construction,Site Preparation,6,8,8.4,2.03,Rainy,Day,86.9,159.3
Oil & Gas,Gas Compression Service,8,9,62.7,7.4,Cloudy,Day,100.1,207.9
Mining,Drilling,8,8,44.9,7.42,Sunny,Night,103.5,272.7
Mining,Surface Excavation,6,7,12.3,8.11,Rainy,Day,96.5,202.3
Construction,Road Building,4,7,44.8,2.72,Foggy,Day,99.5,230.0
Oil & Gas,Gas Compression Service,5,6,18.0,8.83,Foggy,Day,98.1,201.7
Mining,Surface Excavation,4,7,39.9,8.25,Rainy,Day,107.4,198.0
Construction,Excavation,5,8,57.2,12.23,Cloudy,Night,105.5,204.9
Mining,Drilling,7,7,37.6,5.33,Sunny,Night,85.9,257.8
Mining,Surface Excavation,6,6,28.9,1.05,Cloudy,Day,101.0,178.0
Mining,Surface Excavation,4,6,56.6,3.37,Cloudy,Night,92.3,178.2
Construction,Foundation Work,7,8,40.7,5.11,Sunny,Day,106.8,243.7
Construction,Foundation Work,6,9,40.8,3.48,Rainy,Day,86.1,215.8
Mining,Drilling,7,7,48.1,4.6,Rainy,Day,94.1,278.5
Construction,Excavation,7,9,42.2,16.79,Sunny,Day,104.7,208.7
Mining,Drilling,7,6,45.4,1.67,Cloudy,Day,95.7,262.1
Mining,Drilling,4,8,22.2,10.73,Sunny,Day,101.6,187.0
Mining,Surface Excavation,8,8,61.4,14.49,Cloudy,Day,106.8,259.3
Mining,Drilling,8,8,60.2,3.25,Rainy,Day,86.9,279.6
Oil & Gas,Gas Compression Service,6,6,28.5,10.86,Sunny,Night,91.6,232.8
Marine & Rail,Tugboat Engine Service,6,7,10.1,3.46,Sunny,Night,88.8,172.3
Data Center Power,Generator Maintenance,4,6,8.1,4.64,Sunny,Night,85.1,110.3
Mining,Hauling Ore,5,9,27.0,8.28,Rainy,Night,115.0,140.9
Mining,Drilling,4,7,13.6,5.97,Sunny,Night,95.9,195.4
Marine & Rail,Locomotive Maintenance,7,9,8.4,3.78,Foggy,Night,89.4,206.2
Construction,Excavation,7,8,30.6,5.57,Sunny,Day,95.3,183.9
Marine & Rail,Locomotive Maintenance,5,8,34.7,6.18,Foggy,Day,85.1,202.9
Construction,Foundation Work,8,9,68.8,3.38,Rainy,Night,88.7,306.0
Construction,Material Loading,6,9,55.0,8.4,Sunny,Day,102.8,70.8
Data Center Power,Cooling System Inspection,7,5,36.4,1.64,Cloudy,Day,79.2,83.4
Data Center Power,Emergency Power Deployment,6,8,45.9,5.95,Sunny,Day,93.6,103.8
Construction,Excavation,5,7,33.9,2.0,Rainy,Day,85.9,178.5
Construction,Demolition,6,6,27.3,7.7,Sunny,Night,109.6,269.1
Oil & Gas,Well Drilling,7,8,43.3,6.79,Sunny,Day,99.6,365.2
Construction,Demolition,6,8,48.3,2.49,Rainy,Day,93.4,208.3
Construction,Road Building,6,10,24.1,13.53,Sunny,Day,105.0,214.9
Marine & Rail,Locomotive Maintenance,3,7,72.8,8.4,Cloudy,Day,98.9,208.4
Construction,Material Loading,5,8,36.3,5.23,Cloudy,Day,99.4,63.6
Marine & Rail,Locomotive Maintenance,5,8,35.0,12.38,Rainy,Night,98.3,244.6
Construction,Foundation Work,7,7,80.2,7.59,Cloudy,Night,96.4,319.5
Data Center Power,Backup Generator Testing,6,7,28.9,2.98,Cloudy,Night,92.0,83.2
Data Center Power,Generator Maintenance,6,8,40.3,5.12,Sunny,Day,94.2,111.9
Mining,Surface Excavation,9,8,15.7,3.56,Rainy,Day,95.1,208.3
Mining,Drilling,7,8,61.0,2.67,Sunny,Night,92.7,237.5
Construction,Excavation,3,6,44.1,4.32,Cloudy,Day,107.2,179.5
Mining,Drilling,8,5,19.6,6.34,Cloudy,Day,98.6,296.7
Marine & Rail,Freight Operations,6,6,14.4,7.83,Sunny,Day,95.0,233.0
Mining,Aggregate Collection,5,9,26.1,4.65,Sunny,Day,86.3,60.3
Oil & Gas,Pipeline Pumping,5,8,20.6,8.83,Cloudy,Day,93.0,138.5
Mining,Aggregate Collection,6,8,19.1,5.34,Sunny,Day,98.2,67.7
Marine & Rail,Rail Network Inspection,5,5,18.7,8.36,Rainy,Day,80.2,181.9
Oil & Gas,Pipeline Pumping,5,8,18.8,3.25,Sunny,Day,82.2,124.7
Marine & Rail,Tugboat Engine Service,8,8,37.2,1.88,Cloudy,Night,101.0,201.8
Data Center Power,Backup Generator Testing,4,7,17.3,3.84,Sunny,Day,77.6,62.6
Data Center Power,Cooling System Inspection,5,8,20.9,4.09,Sunny,Night,75.3,66.5
Construction,Site Preparation,8,5,37.1,8.86,Sunny,Day,96.7,219.2
Data Center Power,Cooling System Inspection,4,9,36.7,4.66,Sunny,Day,82.0,56.2
Mining,Surface Excavation,5,4,14.7,6.42,Sunny,Night,86.9,213.6
Oil & Gas,Well Drilling,8,7,62.9,7.04,Sunny,Day,101.4,471.3
Construction,Road Building,5,9,32.8,5.4,Rainy,Day,92.3,225.7
Mining,Hauling Ore,5,7,32.6,6.19,Sunny,Night,100.1,110.3
Mining,Surface Excavation,7,10,22.9,5.49,Sunny,Day,98.3,138.2
Marine & Rail,Tugboat Engine Service,7,9,51.8,8.99,Cloudy,Day,92.4,179.7
Construction,Excavation,6,8,78.1,1.07,Foggy,Day,95.0,186.4
Oil & Gas,Well Servicing,7,5,59.4,3.24,Sunny,Day,83.9,320.5
Marine & Rail,Locomotive Maintenance,5,6,29.1,4.13,Cloudy,Night,88.8,248.1
Mining,Hauling Ore,7,7,51.5,4.97,Foggy,Day,95.5,146.4
Oil & Gas,Well Servicing,9,9,19.7,7.64,Rainy,Night,86.3,297.2
Construction,Road Building,6,7,21.3,4.15,Sunny,Day,96.0,260.4
Oil & Gas,Pipeline Pumping,8,9,42.5,6.47,Sunny,Day,93.8,169.3
Oil & Gas,Well Servicing,7,8,32.9,11.21,Sunny,Day,93.7,260.6
Mining,Hauling Ore,5,10,12.9,8.41,Cloudy,Night,102.7,100.3
Data Center Power,Emergency Power Deployment,6,6,18.6,9.74,Sunny,Day,96.8,122.3
Mining,Drilling,6,5,37.0,2.48,Sunny,Day,99.1,240.4
Oil & Gas,Well Drilling,7,7,44.6,6.09,Sunny,Day,100.0,398.4
Mining,Surface Excavation,5,8,65.6,8.15,Cloudy,Night,98.2,178.3
Mining,Hauling Ore,5,8,34.7,4.6,Sunny,Night,97.1,101.5
Marine & Rail,Rail Network Inspection,8,6,26.2,5.26,Sunny,Night,70.0,220.3
Data Center Power,Emergency Power Deployment,8,6,35.9,1.33,Sunny,Day,87.5,133.5
Marine & Rail,Locomotive Maintenance,4,4,55.7,10.83,Cloudy,Day,81.3,286.5
Marine & Rail,Freight Operations,5,8,47.6,4.16,Cloudy,Day,95.6,205.8
Marine & Rail,Freight Operations,7,8,16.4,14.91,Rainy,Night,104.2,303.7
Marine & Rail,Freight Operations,6,9,28.7,2.47,Sunny,Night,98.6,213.9
Mining,Aggregate Collection,4,7,33.1,8.52,Sunny,Night,111.8,77.7
Mining,Drilling,7,8,42.4,2.65,Cloudy,Day,106.2,228.1
Construction,Road Building,5,7,37.9,4.67,Cloudy,Day,94.4,245.3
Construction,Material Loading,4,9,62.7,10.88,Cloudy,Day,107.0,68.5
Construction,Foundation Work,7,8,52.0,7.29,Cloudy,Night,92.8,271.9
Construction,Excavation,6,6,21.5,6.04,Cloudy,Day,92.4,196.9
Mining,Drilling,6,7,23.7,9.77,Cloudy,Day,91.8,233.0
Data Center Power,Backup Generator Testing,4,7,33.9,8.93,Cloudy,Day,89.2,68.4
Mining,Hauling Ore,6,5,6.2,10.82,Cloudy,Day,101.1,127.7
Data Center Power,Generator Maintenance,5,9,7.2,1.74,Cloudy,Day,87.9,82.7
Mining,Surface Excavation,8,7,42.7,5.06,Sunny,Day,99.4,213.5
Construction,Excavation,7,7,49.0,0.84,Cloudy,Day,88.2,197.5
Construction,Road Building,6,7,61.5,11.52,Sunny,Day,114.4,362.9
Construction,Excavation,7,10,80.3,8.52,Rainy,Night,101.4,220.3
Oil & Gas,Well Servicing,5,7,6.1,5.07,Rainy,Night,93.3,265.6
Construction,Road Building,4,9,50.0,9.44,Cloudy,Night,95.8,224.6
Oil & Gas,Pipeline Pumping,4,9,38.7,3.95,Cloudy,Night,96.6,132.7
Construction,Road Building,5,9,41.7,3.22,Rainy,Day,97.8,227.0
Mining,Drilling,7,8,53.1,4.68,Rainy,Night,100.2,288.0
Data Center Power,Emergency Power Deployment,6,8,56.2,2.15,Sunny,Night,94.5,105.0
Mining,Aggregate Collection,3,6,16.2,11.72,Sunny,Night,98.8,67.6
Data Center Power,Generator Maintenance,6,5,23.9,5.85,Cloudy,Day,95.9,137.2
Construction,Material Loading,5,7,48.7,6.35,Cloudy,Night,89.1,75.8
Construction,Foundation Work,8,8,17.4,8.0,Sunny,Night,91.7,264.0
Construction,Site Preparation,4,7,22.9,3.55,Sunny,Day,96.2,134.8
Construction,Foundation Work,8,6,44.9,0.44,Rainy,Day,80.0,335.6
Construction,Excavation,6,8,65.7,5.17,Rainy,Day,96.8,209.1
Data Center Power,Backup Generator Testing,3,7,43.0,8.25,Cloudy,Night,87.3,69.4
Construction,Material Loading,7,5,67.5,4.05,Rainy,Night,96.5,105.5
Oil & Gas,Well Servicing,6,7,68.1,2.43,Rainy,Day,93.9,282.7
Mining,Drilling,6,9,47.7,7.25,Rainy,Day,79.6,212.6
Data Center Power,Backup Generator Testing,7,8,14.3,1.8,Sunny,Day,85.4,74.3
Mining,Drilling,5,5,39.4,10.57,Cloudy,Day,103.7,278.0
Marine & Rail,Tugboat Engine Service,5,5,37.6,16.19,Foggy,Night,88.2,293.3
Mining,Hauling Ore,7,9,47.3,7.36,Cloudy,Night,96.8,129.7
Construction,Excavation,5,9,54.0,2.63,Cloudy,Day,99.2,144.0
Oil & Gas,Pipeline Pumping,3,8,13.3,14.05,Sunny,Night,96.2,138.2
Mining,Drilling,4,7,79.1,8.89,Sunny,Day,98.3,210.0
Oil & Gas,Gas Compression Service,7,4,29.7,14.46,Sunny,Day,103.6,294.6
Marine & Rail,Tugboat Engine Service,4,5,35.3,7.25,Cloudy,Day,102.9,182.5
Construction,Foundation Work,8,7,23.1,2.92,Sunny,Night,91.9,271.6
Marine & Rail,Locomotive Maintenance,5,6,10.7,6.36,Foggy,Night,89.7,249.7
Mining,Drilling,5,9,51.3,7.07,Foggy,Day,90.4,181.8
Construction,Foundation Work,9,7,22.0,4.52,Sunny,Day,80.7,271.4
Oil & Gas,Well Drilling,4,5,49.4,8.84,Cloudy,Night,94.0,407.8
Construction,Demolition,6,4,32.9,3.8,Sunny,Day,93.6,241.7
Construction,Excavation,6,8,59.6,7.76,Cloudy,Day,101.1,190.4
Construction,Site Preparation,6,7,8.3,0.52,Foggy,Night,91.0,158.4
Mining,Aggregate Collection,3,6,37.1,8.61,Rainy,Night,96.0,75.5
Construction,Material Loading,5,7,34.8,3.83,Foggy,Day,101.6,66.0
Mining,Drilling,7,9,26.3,2.66,Sunny,Day,104.9,192.3
Data Center Power,Backup Generator Testing,4,8,30.6,10.97,Sunny,Night,87.9,69.6
Mining,Aggregate Collection,4,8,34.3,5.73,Sunny,Day,96.5,59.2
Construction,Material Loading,5,9,40.4,4.51,Sunny,Night,104.2,67.2
Mining,Hauling Ore,5,9,50.8,12.45,Sunny,Night,107.1,122.9
Marine & Rail,Locomotive Maintenance,7,7,42.8,6.72,Sunny,Day,88.5,259.8
Construction,Excavation,6,7,53.4,3.22,Cloudy,Day,90.4,186.6
Marine & Rail,Tugboat Engine Service,7,9,70.5,6.41,Cloudy,Night,86.6,194.8
Data Center Power,Generator Maintenance,8,8,52.3,4.45,Sunny,Night,111.5,165.6
Mining,Surface Excavation,6,9,63.3,13.97,Sunny,Night,99.9,189.2
Construction,Road Building,5,7,32.5,9.66,Sunny,Day,89.3,258.2
Mining,Surface Excavation,5,8,27.9,6.02,Sunny,Day,95.1,150.5
Oil & Gas,Pipeline Pumping,5,8,53.2,2.45,Rainy,Day,84.8,140.5
Data Center Power,Emergency Power Deployment,4,8,74.0,0.96,Sunny,Day,90.9,86.7
Mining,Hauling Ore,6,8,24.0,7.65,Sunny,Day,98.0,106.8
Oil & Gas,Well Drilling,7,4,13.5,11.05,Sunny,Night,104.3,552.4
Data Center Power,Cooling System Inspection,4,8,47.1,2.79,Sunny,Night,81.9,62.9
Marine & Rail,Rail Network Inspection,8,8,75.7,3.87,Rainy,Night,83.0,267.6
Construction,Road Building,5,8,19.8,3.42,Cloudy,Night,110.3,250.8
Marine & Rail,Rail Network Inspection,5,8,7.1,8.82,Foggy,Night,89.8,185.5
Oil & Gas,Gas Compression Service,5,7,54.9,8.61,Rainy,Day,93.6,190.5
Oil & Gas,Well Drilling,5,6,15.2,4.39,Cloudy,Day,96.4,351.2
Mining,Drilling,6,10,60.7,5.48,Cloudy,Day,87.0,174.3
Mining,Drilling,6,7,22.6,3.96,Rainy,Day,92.3,237.3
Construction,Material Loading,5,7,44.5,12.91,Sunny,Day,96.1,70.9
Mining,Drilling,6,10,51.3,7.07,Sunny,Day,96.8,172.3
Data Center Power,Generator Maintenance,4,6,30.4,4.59,Sunny,Day,100.0,110.3
Oil & Gas,Pipeline Pumping,5,9,37.5,3.15,Cloudy,Night,79.5,139.4
Oil & Gas,Well Servicing,9,7,45.4,2.13,Rainy,Night,91.4,366.2
Marine & Rail,Tugboat Engine Service,4,9,18.0,5.72,Rainy,Night,91.3,134.3
Oil & Gas,Well Servicing,7,7,6.6,11.06,Foggy,Day,90.7,273.1
Construction,Material Loading,5,6,55.3,3.46,Sunny,Night,108.5,77.3
Data Center Power,Cooling System Inspection,6,6,24.5,3.88,Sunny,Day,88.9,72.7
Construction,Site Preparation,5,8,47.9,7.54,Sunny,Night,102.9,167.2
Mining,Drilling,7,9,45.1,5.02,Sunny,Day,103.6,208.1
Data Center Power,Generator Maintenance,4,8,37.6,2.32,Cloudy,Night,86.5,101.1
Oil & Gas,Gas Compression Service,5,8,40.2,9.79,Sunny,Day,107.9,187.6
Data Center Power,Cooling System Inspection,5,5,64.8,3.11,Sunny,Day,86.6,74.1
Marine & Rail,Tugboat Engine Service,5,6,29.4,6.05,Cloudy,Day,91.9,183.2
Data Center Power,Backup Generator Testing,6,8,46.3,8.51,Sunny,Night,83.9,83.8
Mining,Aggregate Collection,4,7,28.2,3.01,Cloudy,Day,108.7,70.2
Marine & Rail,Freight Operations,6,6,20.5,5.82,Sunny,Day,99.4,222.5
Data Center Power,Emergency Power Deployment,7,5,82.7,7.39,Sunny,Day,88.1,166.0
Mining,Surface Excavation,3,8,48.6,2.8,Rainy,Night,102.6,157.2
Data Center Power,Cooling System Inspection,4,5,33.9,2.08,Sunny,Day,79.1,63.5
Construction,Foundation Work,6,10,27.9,5.57,Rainy,Day,84.5,194.3
Data Center Power,Cooling System Inspection,8,8,53.8,2.31,Rainy,Day,79.5,87.0
Construction,Excavation,5,8,65.5,2.23,Sunny,Day,92.0,156.2
Construction,Site Preparation,8,8,43.4,4.17,Sunny,Day,115.0,225.2
Oil & Gas,Well Servicing,4,6,33.9,9.02,Sunny,Night,90.3,248.9
Mining,Drilling,5,10,38.0,5.66,Sunny,Day,100.6,151.1
Construction,Excavation,6,7,68.1,4.02,Rainy,Day,90.4,221.3
Construction,Road Building,7,9,50.4,9.93,Sunny,Day,96.3,261.5
Data Center Power,Generator Maintenance,6,6,14.9,7.12,Cloudy,Day,95.9,125.8
Marine & Rail,Freight Operations,4,8,37.4,6.52,Sunny,Day,96.6,183.9
Construction,Foundation Work,6,7,39.5,2.91,Sunny,Day,89.6,220.3
Construction,Foundation Work,5,7,5.7,5.24,Sunny,Day,89.1,198.5
Oil & Gas,Well Servicing,8,8,8.0,9.06,Sunny,Day,90.9,243.8
Oil & Gas,Pipeline Pumping,4,6,71.8,6.86,Sunny,Night,77.6,159.6
Mining,Drilling,8,8,33.4,6.21,Sunny,Day,95.3,231.9
Oil & Gas,Well Servicing,4,9,39.0,7.11,Sunny,Day,101.1,180.6
Mining,Surface Excavation,7,9,80.0,2.81,Rainy,Day,93.7,194.6
Construction,Site Preparation,3,6,21.3,0.96,Sunny,Day,97.1,125.4
Construction,Material Loading,3,8,60.3,2.54,Sunny,Day,106.3,55.2
Data Center Power,Emergency Power Deployment,6,5,33.9,2.71,Sunny,Day,90.8,124.5
Mining,Surface Excavation,7,4,10.7,4.14,Cloudy,Day,104.7,224.3
Data Center Power,Cooling System Inspection,4,7,18.0,6.12,Sunny,Day,85.4,57.6
Marine & Rail,Tugboat Engine Service,7,8,29.4,6.85,Sunny,Day,84.2,175.3
Oil & Gas,Gas Compression Service,7,9,32.2,6.56,Sunny,Day,94.2,170.9
Oil & Gas,Well Drilling,7,9,38.6,3.93,Sunny,Day,85.8,316.3
Marine & Rail,Rail Network Inspection,6,8,12.2,7.98,Foggy,Day,78.6,186.0
Construction,Foundation Work,8,7,21.2,9.21,Cloudy,Day,85.5,264.7
Marine & Rail,Rail Network Inspection,5,8,23.2,14.46,Sunny,Night,93.0,167.6
Data Center Power,Cooling System Inspection,3,8,23.4,5.56,Cloudy,Day,79.5,53.1
Data Center Power,Cooling System Inspection,6,8,40.5,5.9,Cloudy,Night,87.5,75.4
Construction,Excavation,7,5,19.9,1.84,Rainy,Day,94.6,254.6
Data Center Power,Emergency Power Deployment,8,9,21.4,4.87,Rainy,Day,82.9,100.5
Mining,Drilling,5,6,33.5,0.62,Sunny,Day,98.2,198.2
Mining,Surface Excavation,6,8,32.8,10.03,Sunny,Night,97.9,185.7
Mining,Hauling Ore,5,9,46.9,4.36,Sunny,Day,104.4,98.2
Construction,Demolition,7,10,35.9,6.66,Sunny,Day,91.6,158.8
Data Center Power,Generator Maintenance,4,8,20.7,3.57,Sunny,Day,89.5,88.0
Mining,Drilling,4,7,30.0,3.64,Sunny,Day,95.2,184.4
Mining,Hauling Ore,4,9,35.7,8.47,Rainy,Day,102.0,104.8
Construction,Excavation,7,6,19.8,4.07,Rainy,Night,92.2,257.6
Oil & Gas,Pipeline Pumping,5,7,20.3,3.1,Sunny,Night,81.0,137.8
Oil & Gas,Gas Compression Service,5,9,30.4,6.12,Rainy,Night,95.3,158.8
Mining,Surface Excavation,7,4,37.6,8.54,Cloudy,Night,96.4,283.9
Construction,Road Building,8,9,51.1,3.85,Sunny,Night,93.6,286.1
Construction,Demolition,5,7,46.6,10.86,Rainy,Day,115.0,276.0
Construction,Road Building,6,9,48.6,3.05,Foggy,Day,115.0,271.1
Marine & Rail,Locomotive Maintenance,8,5,5.2,4.63,Sunny,Day,89.5,277.2
Mining,Aggregate Collection,5,8,19.3,10.85,Rainy,Day,96.5,72.5
Data Center Power,Cooling System Inspection,6,7,27.4,4.96,Sunny,Night,83.1,75.7
Data Center Power,Generator Maintenance,9,4,45.2,5.53,Sunny,Night,89.5,221.3
Mining,Aggregate Collection,5,7,85.4,2.99,Rainy,Day,110.8,93.6
Data Center Power,Backup Generator Testing,5,10,41.8,3.44,Cloudy,Day,90.1,64.4
Mining,Drilling,6,7,16.9,5.08,Sunny,Day,92.4,208.6
Construction,Demolition,7,8,19.1,3.34,Sunny,Day,88.4,178.7
Mining,Drilling,8,7,72.2,4.83,Sunny,Day,94.6,301.1
Construction,Excavation,8,7,17.4,4.52,Rainy,Night,100.1,257.3
Oil & Gas,Pipeline Pumping,4,8,27.5,11.24,Sunny,Night,97.1,142.8
Mining,Surface Excavation,6,9,20.9,6.02,Cloudy,Day,89.4,143.2
Data Center Power,Emergency Power Deployment,7,8,20.7,9.22,Sunny,Night,89.9,119.7
Construction,Foundation Work,7,6,70.2,5.26,Sunny,Night,92.0,312.3
Data Center Power,Cooling System Inspection,2,6,25.2,5.26,Cloudy,Day,92.8,56.8
Marine & Rail,Tugboat Engine Service,7,9,49.7,10.27,Sunny,Day,86.4,177.3
Oil & Gas,Gas Compression Service,5,7,18.0,11.63,Sunny,Night,113.7,228.7
Oil & Gas,Gas Compression Service,7,7,23.5,4.3,Sunny,Day,93.2,198.3
Construction,Road Building,3,10,66.0,12.3,Cloudy,Night,96.5,197.8
Oil & Gas,Pipeline Pumping,7,6,25.7,12.22,Sunny,Night,83.3,193.6
Mining,Drilling,6,8,56.2,3.2,Sunny,Day,106.1,210.1
Oil & Gas,Pipeline Pumping,4,8,71.6,3.52,Rainy,Day,92.3,134.4
Mining,Drilling,4,9,12.9,3.53,Cloudy,Night,99.3,163.1
Construction,Demolition,5,9,22.9,7.09,Sunny,Night,89.5,160.0
Construction,Foundation Work,8,8,38.1,13.83,Sunny,Day,92.7,265.0
Construction,Road Building,7,8,45.1,6.75,Cloudy,Day,93.5,281.9
Construction,Foundation Work,8,6,34.7,7.31,Sunny,Night,109.8,354.7
Oil & Gas,Gas Compression Service,4,7,63.0,13.53,Rainy,Day,110.5,215.3
Construction,Site Preparation,5,9,26.6,1.37,Sunny,Day,89.3,122.4
Mining,Aggregate Collection,7,6,15.1,4.61,Rainy,Day,97.1,89.7
Marine & Rail,Tugboat Engine Service,7,8,52.6,8.09,Sunny,Night,87.4,205.4
Oil & Gas,Pipeline Pumping,5,9,34.5,0.23,Sunny,Night,83.1,124.8
Marine & Rail,Rail Network Inspection,5,6,27.5,2.72,Cloudy,Day,76.8,155.6
Construction,Foundation Work,6,8,55.9,3.52,Rainy,Day,85.4,249.7
Mining,Aggregate Collection,5,7,48.5,7.06,Sunny,Day,100.0,69.0
Construction,Site Preparation,5,8,20.9,2.71,Sunny,Night,97.0,147.5
Mining,Drilling,6,7,13.7,11.96,Sunny,Night,104.0,261.5
Marine & Rail,Tugboat Engine Service,7,9,58.6,11.24,Sunny,Day,93.7,180.2
Marine & Rail,Locomotive Maintenance,5,5,59.8,6.81,Cloudy,Day,83.0,270.5
Oil & Gas,Gas Compression Service,5,9,28.5,5.29,Sunny,Day,87.0,135.5
Data Center Power,Backup Generator Testing,7,6,15.6,4.28,Sunny,Day,81.1,82.3
Marine & Rail,Locomotive Maintenance,7,7,14.6,4.63,Rainy,Night,100.2,253.8
Construction,Foundation Work,5,6,36.6,6.94,Cloudy,Day,111.0,269.8
Marine & Rail,Freight Operations,5,9,38.2,0.83,Foggy,Day,89.6,225.2
Mining,Aggregate Collection,5,5,18.0,4.42,Rainy,Day,97.2,79.8
Marine & Rail,Rail Network Inspection,5,6,55.3,10.07,Sunny,Night,81.5,185.0
Construction,Material Loading,2,7,58.0,8.37,Rainy,Day,106.8,69.6
Mining,Hauling Ore,6,9,25.0,11.93,Sunny,Day,92.9,107.0
Construction,Road Building,8,6,43.3,7.02,Sunny,Day,111.0,411.4
Marine & Rail,Freight Operations,8,9,57.1,8.53,Sunny,Day,95.3,271.6
Mining,Drilling,5,8,41.7,12.51,Rainy,Day,112.3,272.3
Oil & Gas,Gas Compression Service,8,8,9.6,4.95,Sunny,Night,100.4,198.5
Data Center Power,Cooling System Inspection,6,9,23.1,4.71,Rainy,Night,81.9,69.9
Oil & Gas,Well Servicing,7,5,34.0,2.71,Sunny,Day,93.0,305.6
Marine & Rail,Freight Operations,3,9,22.8,1.09,Foggy,Day,115.0,219.9
Oil & Gas,Well Servicing,5,7,54.1,2.8,Sunny,Night,107.4,256.8
Marine & Rail,Tugboat Engine Service,6,9,18.8,5.31,Cloudy,Day,93.4,139.8
Marine & Rail,Locomotive Maintenance,4,5,39.0,6.52,Rainy,Day,94.8,245.2
Construction,Road Building,7,8,61.1,5.44,Cloudy,Day,92.7,289.0
Oil & Gas,Well Servicing,9,5,34.2,11.47,Sunny,Night,111.1,469.7
Construction,Site Preparation,4,9,11.2,5.58,Rainy,Day,97.2,138.6
Oil & Gas,Well Drilling,8,9,53.8,7.49,Sunny,Day,96.4,382.4
Mining,Drilling,6,8,9.2,6.32,Sunny,Day,107.1,214.2
Data Center Power,Emergency Power Deployment,7,8,12.9,2.78,Sunny,Day,79.8,95.3
Construction,Excavation,5,6,55.9,1.85,Sunny,Day,95.4,183.6
Mining,Drilling,7,8,63.1,2.26,Foggy,Day,98.7,238.8
Construction,Road Building,6,7,25.7,3.88,Sunny,Night,104.8,280.0
Marine & Rail,Rail Network Inspection,7,7,51.2,11.02,Cloudy,Day,91.0,199.2
Mining,Hauling Ore,6,8,10.0,6.88,Cloudy,Day,97.8,100.9
Data Center Power,Cooling System Inspection,8,8,12.0,3.07,Cloudy,Night,85.2,80.0
Marine & Rail,Locomotive Maintenance,7,7,25.8,15.04,Sunny,Day,102.8,287.8
Marine & Rail,Tugboat Engine Service,6,10,19.9,6.64,Sunny,Day,86.8,122.5
Mining,Surface Excavation,7,8,52.1,1.36,Sunny,Day,89.1,171.2
Marine & Rail,Rail Network Inspection,5,8,41.9,9.39,Sunny,Night,91.2,161.4
Mining,Drilling,7,9,64.7,2.39,Sunny,Night,94.6,225.2
Construction,Site Preparation,4,8,5.1,2.46,Rainy,Day,91.4,134.7
Construction,Road Building,7,7,5.3,5.41,Cloudy,Night,112.1,342.3
Data Center Power,Cooling System Inspection,4,8,27.7,2.83,Sunny,Night,85.5,59.7
Construction,Material Loading,4,7,59.9,6.76,Cloudy,Day,88.2,66.6
Mining,Drilling,4,6,52.5,1.2,Rainy,Night,95.8,244.3
Mining,Drilling,9,8,53.3,14.85,Rainy,Night,111.6,445.0
Data Center Power,Backup Generator Testing,5,7,5.2,1.13,Sunny,Day,73.0,65.2
Data Center Power,Backup Generator Testing,4,8,88.0,3.28,Rainy,Day,75.8,73.0
Marine & Rail,Locomotive Maintenance,8,4,15.6,11.25,Sunny,Night,100.4,378.3
Oil & Gas,Pipeline Pumping,5,9,27.6,10.94,Rainy,Night,90.8,153.3
Construction,Demolition,6,8,17.4,10.08,Cloudy,Night,111.5,237.8
Construction,Foundation Work,7,6,38.8,0.91,Sunny,Night,81.5,281.4
Data Center Power,Cooling System Inspection,6,9,17.1,7.12,Sunny,Day,103.1,69.1
Mining,Drilling,7,10,40.0,9.44,Sunny,Night,88.0,204.6
Construction,Road Building,6,6,37.2,8.17,Sunny,Day,104.3,312.4
Construction,Site Preparation,6,9,10.8,4.95,Sunny,Day,101.9,139.0
Construction,Excavation,7,8,10.1,4.2,Sunny,Day,98.1,169.1
Oil & Gas,Well Servicing,5,6,34.1,4.64,Cloudy,Night,82.9,258.8
Marine & Rail,Tugboat Engine Service,6,9,58.2,7.21,Cloudy,Day,86.6,155.4
Data Center Power,Cooling System Inspection,5,7,59.7,2.18,Cloudy,Day,89.3,68.2
Mining,Hauling Ore,8,7,56.1,7.31,Cloudy,Night,102.3,162.6
Mining,Drilling,7,4,3.8,9.11,Cloudy,Day,97.8,283.1
Construction,Road Building,6,7,72.4,7.78,Foggy,Day,92.4,306.2
Mining,Hauling Ore,3,8,44.5,3.9,Rainy,Day,101.7,97.5
Data Center Power,Backup Generator Testing,5,8,38.3,2.91,Cloudy,Night,93.2,73.5
Oil & Gas,Pipeline Pumping,6,6,77.9,3.98,Sunny,Day,100.8,173.1
Marine & Rail,Tugboat Engine Service,5,9,12.4,8.84,Foggy,Day,94.0,165.2
Oil & Gas,Well Servicing,8,5,69.8,4.72,Sunny,Day,94.2,362.6
Construction,Site Preparation,6,9,79.6,9.24,Sunny,Day,88.2,169.4
Mining,Surface Excavation,6,6,10.2,1.66,Cloudy,Day,98.7,170.8
Marine & Rail,Locomotive Maintenance,8,9,36.6,2.94,Sunny,Day,93.8,215.4
Mining,Surface Excavation,3,9,23.9,1.69,Sunny,Day,102.7,105.3
Construction,Site Preparation,6,7,69.9,2.14,Rainy,Day,103.4,199.0
Mining,Hauling Ore,3,8,10.9,8.56,Sunny,Night,100.8,91.9
Construction,Road Building,6,9,40.0,5.67,Foggy,Day,98.2,229.8
Oil & Gas,Gas Compression Service,7,6,29.2,3.3,Sunny,Day,111.0,240.4
Construction,Demolition,6,8,44.8,4.11,Cloudy,Night,101.9,205.3
Construction,Demolition,6,7,39.6,7.51,Sunny,Day,105.1,220.9
Data Center Power,Cooling System Inspection,5,7,41.8,4.14,Sunny,Day,79.4,66.5
Marine & Rail,Freight Operations,7,9,54.2,6.96,Rainy,Day,103.4,274.0
Mining,Drilling,7,8,80.4,2.8,Cloudy,Night,98.6,260.2
Mining,Surface Excavation,3,10,41.8,14.67,Foggy,Day,105.1,130.3
Construction,Road Building,8,3,37.0,7.83,Sunny,Night,103.0,474.0
Marine & Rail,Freight Operations,5,9,14.1,7.03,Cloudy,Day,110.6,210.9
Data Center Power,Emergency Power Deployment,7,8,30.5,3.9,Cloudy,Day,91.1,108.0
Data Center Power,Cooling System Inspection,5,9,27.3,1.25,Cloudy,Night,85.6,64.5
Mining,Hauling Ore,4,9,23.1,7.95,Rainy,Night,94.2,107.9
Construction,Road Building,4,6,8.5,8.29,Sunny,Day,99.7,245.0
Construction,Road Building,6,6,75.1,2.53,Sunny,Night,91.3,316.9
Mining,Drilling,7,9,15.1,7.76,Sunny,Night,105.2,213.6
Marine & Rail,Locomotive Maintenance,7,8,47.9,0.73,Sunny,Day,74.5,218.8
Mining,Surface Excavation,8,8,45.1,8.82,Cloudy,Day,100.6,203.1
Mining,Drilling,6,8,62.6,8.09,Rainy,Night,90.7,274.4
Oil & Gas,Well Servicing,7,7,16.2,5.73,Sunny,Night,102.0,276.7
Mining,Surface Excavation,7,6,29.0,6.02,Sunny,Day,86.7,209.0
Mining,Surface Excavation,5,9,75.4,16.31,Sunny,Day,104.0,170.4
Construction,Foundation Work,8,8,34.9,7.96,Rainy,Day,100.0,297.0
Marine & Rail,Locomotive Maintenance,8,5,57.1,2.56,Foggy,Day,105.0,359.1
Construction,Excavation,8,8,41.6,13.29,Cloudy,Day,98.7,233.6
Oil & Gas,Gas Compression Service,5,9,34.8,6.17,Rainy,Day,97.5,149.6
Construction,Material Loading,4,9,32.0,8.8,Rainy,Night,95.8,71.8
Oil & Gas,Well Servicing,4,9,29.9,7.62,Sunny,Night,93.1,184.7
Mining,Surface Excavation,6,7,34.0,2.53,Cloudy,Day,97.1,172.5
Data Center Power,Backup Generator Testing,4,7,50.6,2.43,Sunny,Day,78.2,66.4
Construction,Demolition,8,9,4.7,0.57,Sunny,Day,92.8,164.4
Construction,Excavation,9,8,42.2,5.55,Sunny,Night,100.1,252.7
Mining,Surface Excavation,4,7,29.4,14.86,Sunny,Day,108.9,180.2
Construction,Foundation Work,6,6,16.9,2.58,Foggy,Day,99.3,253.7
Oil & Gas,Gas Compression Service,6,7,30.3,4.68,Sunny,Day,96.7,185.2
Mining,Aggregate Collection,5,6,39.3,2.87,Sunny,Day,104.9,75.0
Construction,Road Building,7,6,45.9,5.75,Foggy,Day,98.3,346.0
Mining,Hauling Ore,7,6,49.6,12.55,Cloudy,Day,98.8,151.4
Construction,Demolition,7,8,68.9,5.55,Sunny,Day,86.3,212.4
Oil & Gas,Well Servicing,7,9,33.9,9.62,Sunny,Night,80.1,246.1
Oil & Gas,Well Servicing,8,7,7.4,11.57,Rainy,Day,97.9,310.0
Oil & Gas,Well Drilling,5,6,17.2,9.8,Sunny,Night,104.4,406.7
Construction,Material Loading,5,8,32.3,7.67,Sunny,Day,96.0,63.2
Mining,Surface Excavation,5,8,47.7,3.55,Cloudy,Day,96.6,143.5
Construction,Material Loading,4,4,24.3,11.75,Sunny,Day,109.3,82.4
Oil & Gas,Gas Compression Service,5,7,11.6,10.54,Rainy,Night,98.5,200.7
Mining,Surface Excavation,6,9,60.1,1.73,Rainy,Day,95.8,166.6
Oil & Gas,Well Servicing,6,10,13.6,11.26,Rainy,Day,92.8,220.7
Data Center Power,Emergency Power Deployment,6,8,17.2,8.7,Sunny,Day,89.6,99.1
Mining,Drilling,5,8,49.9,6.32,Foggy,Day,101.7,206.0
Data Center Power,Backup Generator Testing,5,7,17.9,2.59,Sunny,Night,83.9,73.4
Mining,Drilling,7,4,21.2,7.75,Sunny,Day,99.9,294.2
Construction,Excavation,3,7,13.3,7.31,Rainy,Day,97.8,168.8
Marine & Rail,Rail Network Inspection,5,9,60.2,12.83,Rainy,Day,87.8,176.5
Construction,Site Preparation,4,9,55.8,9.74,Rainy,Day,102.9,173.0
Data Center Power,Emergency Power Deployment,5,7,54.8,1.78,Sunny,Day,82.8,96.2
Oil & Gas,Gas Compression Service,7,7,28.3,9.74,Sunny,Day,102.0,218.1
Oil & Gas,Well Servicing,7,8,41.4,8.86,Sunny,Day,78.4,253.3
Oil & Gas,Well Drilling,6,7,33.7,9.11,Sunny,Day,106.5,395.2
Oil & Gas,Pipeline Pumping,6,5,39.2,7.69,Cloudy,Day,98.5,178.4
Data Center Power,Backup Generator Testing,6,7,27.5,4.9,Sunny,Day,82.6,78.2
Construction,Excavation,3,9,68.3,3.9,Cloudy,Night,93.9,142.6
Oil & Gas,Gas Compression Service,6,9,17.6,2.88,Sunny,Day,94.8,145.8
Oil & Gas,Gas Compression Service,5,10,26.5,2.33,Rainy,Night,97.1,131.8
Mining,Drilling,6,7,47.8,5.43,Rainy,Night,97.8,284.0
Oil & Gas,Well Drilling,10,7,33.1,4.77,Cloudy,Night,105.6,557.1
Oil & Gas,Well Drilling,6,6,4.2,2.91,Sunny,Day,87.0,338.2
Oil & Gas,Well Drilling,7,9,36.4,3.56,Sunny,Day,104.8,309.8
Construction,Foundation Work,7,6,10.2,6.93,Sunny,Night,84.7,272.7
Oil & Gas,Well Drilling,7,6,12.5,2.16,Cloudy,Day,102.4,378.8
Mining,Surface Excavation,7,8,50.1,9.6,Sunny,Day,108.0,211.1
Construction,Foundation Work,6,7,20.1,11.37,Foggy,Day,109.2,266.7
Oil & Gas,Pipeline Pumping,3,6,15.6,7.82,Rainy,Night,97.1,140.2
Marine & Rail,Rail Network Inspection,4,5,54.5,5.6,Rainy,Day,97.9,183.0
Mining,Drilling,9,6,58.7,7.54,Sunny,Day,104.2,359.5
Data Center Power,Cooling System Inspection,5,9,39.7,6.65,Sunny,Day,77.5,61.1
Mining,Drilling,9,7,14.3,14.24,Sunny,Day,104.2,305.1
Marine & Rail,Freight Operations,4,10,34.9,3.01,Cloudy,Night,107.5,194.3
Mining,Hauling Ore,4,6,48.9,9.53,Sunny,Night,97.0,119.9
Marine & Rail,Tugboat Engine Service,5,8,23.7,2.51,Sunny,Day,87.2,133.2
Mining,Hauling Ore,5,9,50.4,2.67,Cloudy,Night,93.0,101.9
Mining,Aggregate Collection,5,8,41.3,2.03,Sunny,Day,86.7,62.9
Oil & Gas,Pipeline Pumping,8,8,21.3,1.59,Sunny,Day,80.0,151.9
Marine & Rail,Freight Operations,6,6,72.1,4.33,Sunny,Day,89.9,246.3
Marine & Rail,Tugboat Engine Service,3,6,59.9,8.54,Sunny,Day,88.5,163.5
Data Center Power,Emergency Power Deployment,7,7,34.2,6.47,Sunny,Night,94.7,133.7
Construction,Demolition,9,7,35.4,10.71,Rainy,Night,98.4,338.9
Oil & Gas,Well Drilling,8,10,29.4,10.02,Foggy,Day,99.4,336.9
Data Center Power,Emergency Power Deployment,5,8,23.0,4.38,Cloudy,Day,87.5,91.4
Construction,Site Preparation,5,6,30.5,13.03,Rainy,Day,100.9,200.8
Oil & Gas,Pipeline Pumping,4,10,68.0,8.42,Sunny,Day,83.0,123.4
Marine & Rail,Freight Operations,4,8,46.5,12.03,Sunny,Day,106.4,208.5
Mining,Surface Excavation,7,5,36.1,7.23,Foggy,Day,98.5,244.3
Marine & Rail,Tugboat Engine Service,7,6,50.8,6.63,Sunny,Night,85.9,240.8
Construction,Site Preparation,6,9,53.6,7.08,Cloudy,Day,92.3,160.2
Construction,Road Building,4,7,28.2,9.44,Rainy,Day,88.1,266.9
Marine & Rail,Freight Operations,7,9,52.8,7.57,Cloudy,Day,104.2,250.4
Mining,Surface Excavation,6,7,33.6,10.82,Rainy,Night,115.0,285.7
Construction,Road Building,5,9,53.3,1.04,Rainy,Night,96.7,242.7
Oil & Gas,Gas Compression Service,7,9,14.3,4.5,Cloudy,Day,108.8,171.9
Mining,Drilling,4,7,81.4,7.79,Cloudy,Day,91.0,218.2
Mining,Hauling Ore,4,6,75.0,13.17,Cloudy,Day,105.0,126.4
Oil & Gas,Well Servicing,7,8,51.9,4.39,Sunny,Day,90.3,236.8
Oil & Gas,Well Servicing,6,5,32.2,4.99,Rainy,Night,104.5,359.9
Marine & Rail,Locomotive Maintenance,8,7,17.2,15.76,Cloudy,Day,100.0,291.8
Construction,Foundation Work,4,6,7.6,9.34,Cloudy,Day,93.1,212.1
Data Center Power,Generator Maintenance,8,7,17.6,2.97,Sunny,Night,82.6,143.3
Construction,Road Building,6,7,49.4,2.51,Rainy,Day,96.0,305.4
Mining,Hauling Ore,7,9,19.5,12.59,Cloudy,Day,99.5,120.3
Mining,Drilling,4,7,62.4,2.53,Sunny,Night,102.4,208.1
Mining,Drilling,4,6,34.8,3.88,Sunny,Night,93.7,213.0
Construction,Excavation,6,8,33.0,4.95,Sunny,Day,99.5,171.8
Oil & Gas,Pipeline Pumping,6,7,51.9,10.56,Sunny,Day,94.4,168.5
Oil & Gas,Well Drilling,6,9,52.3,5.63,Cloudy,Day,92.9,307.1
Oil & Gas,Gas Compression Service,7,8,47.4,5.1,Sunny,Day,94.4,192.6
Data Center Power,Backup Generator Testing,4,9,66.8,4.09,Cloudy,Day,82.3,67.2
Data Center Power,Backup Generator Testing,5,9,62.8,1.97,Rainy,Night,80.0,74.5
Mining,Hauling Ore,7,6,17.4,1.38,Cloudy,Day,92.2,117.1
Mining,Hauling Ore,5,9,14.6,16.89,Sunny,Night,99.4,114.9
Marine & Rail,Tugboat Engine Service,5,6,41.7,10.76,Foggy,Day,102.8,239.5
Construction,Excavation,5,8,21.8,7.41,Cloudy,Day,95.3,162.1
Mining,Drilling,6,6,21.6,3.58,Cloudy,Day,91.2,231.0
Construction,Excavation,5,8,52.0,9.23,Rainy,Day,94.3,197.4
Oil & Gas,Well Servicing,5,8,52.2,16.19,Cloudy,Night,99.2,265.4
Mining,Hauling Ore,6,5,26.6,2.73,Cloudy,Night,106.7,132.3
Data Center Power,Cooling System Inspection,4,5,65.0,11.09,Sunny,Day,88.1,74.0
Data Center Power,Backup Generator Testing,7,8,29.9,3.43,Cloudy,Night,76.8,84.6
Data Center Power,Backup Generator Testing,8,7,69.7,1.9,Sunny,Day,83.9,96.1
Marine & Rail,Freight Operations,5,7,27.9,7.42,Sunny,Night,107.9,238.0
Marine & Rail,Freight Operations,5,8,36.2,11.55,Foggy,Day,93.7,254.0
Construction,Excavation,5,8,41.2,2.23,Sunny,Day,90.2,146.5
Construction,Material Loading,6,9,61.2,4.35,Cloudy,Day,87.6,68.4
Construction,Demolition,5,7,25.2,4.49,Cloudy,Day,94.6,176.0
Marine & Rail,Freight Operations,6,8,64.8,15.18,Cloudy,Day,101.9,251.6
Construction,Foundation Work,9,9,34.1,5.99,Sunny,Day,99.1,243.2
Oil & Gas,Well Drilling,8,8,29.0,4.05,Foggy,Day,103.2,395.4
Oil & Gas,Pipeline Pumping,3,8,24.3,8.98,Sunny,Night,96.6,124.6
Mining,Drilling,7,6,8.5,3.27,Sunny,Day,102.5,238.9
Oil & Gas,Pipeline Pumping,5,4,32.5,2.72,Sunny,Night,84.4,159.6
Construction,Foundation Work,6,8,23.6,5.74,Sunny,Day,113.7,238.8
Construction,Material Loading,4,5,30.0,12.23,Cloudy,Day,97.6,73.0
Mining,Drilling,5,5,44.7,11.38,Foggy,Day,115.0,335.3
Oil & Gas,Pipeline Pumping,5,9,26.1,5.76,Rainy,Day,115.0,152.1
Oil & Gas,Well Drilling,7,8,13.8,5.0,Sunny,Day,103.7,336.6
Marine & Rail,Freight Operations,5,7,36.2,7.38,Sunny,Day,101.8,215.3
Construction,Excavation,3,7,60.8,5.09,Cloudy,Day,104.5,159.7
Mining,Drilling,5,8,20.8,3.42,Rainy,Night,101.7,218.0
Data Center Power,Generator Maintenance,8,8,9.1,4.51,Cloudy,Day,77.4,117.0
Oil & Gas,Well Servicing,5,8,32.0,10.4,Cloudy,Day,95.7,213.9
Data Center Power,Backup Generator Testing,3,7,71.2,6.24,Rainy,Day,82.3,68.2
Oil & Gas,Pipeline Pumping,9,7,9.8,4.39,Sunny,Day,92.2,168.5
Marine & Rail,Tugboat Engine Service,5,3,4.1,9.37,Rainy,Night,95.2,245.3
Oil & Gas,Gas Compression Service,7,7,58.8,4.49,Rainy,Day,106.1,227.5
Mining,Hauling Ore,6,9,14.7,11.21,Sunny,Day,102.6,108.6
Oil & Gas,Gas Compression Service,8,6,19.0,4.04,Sunny,Night,94.2,242.9
Data Center Power,Cooling System Inspection,2,8,32.9,2.75,Sunny,Night,85.7,51.2
Oil & Gas,Gas Compression Service,7,7,35.7,4.37,Rainy,Day,91.1,200.0
Mining,Drilling,4,7,28.7,4.54,Sunny,Day,86.3,181.1
Marine & Rail,Freight Operations,4,6,57.1,13.05,Cloudy,Day,93.4,221.8
Mining,Surface Excavation,6,10,44.2,3.44,Sunny,Day,100.3,127.8
Oil & Gas,Gas Compression Service,6,7,55.4,3.7,Foggy,Day,93.0,199.4
Mining,Drilling,6,5,19.3,0.76,Cloudy,Day,89.2,241.9
Data Center Power,Backup Generator Testing,5,8,63.9,2.92,Sunny,Day,82.0,69.7
Marine & Rail,Freight Operations,6,7,61.0,6.59,Cloudy,Night,92.5,259.7
Mining,Surface Excavation,8,9,30.0,8.37,Sunny,Day,99.2,176.5
Construction,Material Loading,4,10,42.6,4.0,Sunny,Day,100.4,50.9
Oil & Gas,Well Drilling,5,5,8.5,8.52,Foggy,Day,102.7,406.9
Marine & Rail,Locomotive Maintenance,5,8,61.9,5.13,Sunny,Day,100.6,204.0
Construction,Demolition,5,9,56.0,0.31,Sunny,Night,107.6,170.6
Oil & Gas,Pipeline Pumping,6,8,20.1,6.74,Sunny,Day,106.4,152.5
Oil & Gas,Gas Compression Service,7,10,47.3,7.87,Sunny,Day,105.7,172.0
Oil & Gas,Pipeline Pumping,6,9,40.9,7.09,Sunny,Day,103.2,146.4
Construction,Excavation,5,8,7.4,2.26,Sunny,Day,108.7,154.8
Oil & Gas,Well Servicing,7,9,41.2,6.56,Sunny,Day,96.0,230.5
Construction,Demolition,5,8,3.4,6.65,Sunny,Day,96.9,161.3
Oil & Gas,Pipeline Pumping,6,8,17.8,11.94,Cloudy,Night,87.5,163.5
Mining,Hauling Ore,6,7,64.0,9.26,Sunny,Day,93.5,122.5
Construction,Excavation,5,8,63.6,5.76,Rainy,Day,93.7,192.7
Marine & Rail,Tugboat Engine Service,6,8,66.0,2.54,Cloudy,Night,92.4,176.6
Construction,Site Preparation,7,8,27.9,3.92,Sunny,Day,94.2,160.6
Oil & Gas,Gas Compression Service,6,8,68.0,5.99,Sunny,Day,89.6,183.8
Construction,Foundation Work,7,7,44.3,6.3,Sunny,Day,92.2,256.5
Oil & Gas,Well Servicing,6,8,20.9,7.09,Sunny,Day,87.7,223.6
Marine & Rail,Locomotive Maintenance,7,8,25.2,6.0,Sunny,Night,95.7,242.4
Data Center Power,Backup Generator Testing,7,9,77.1,3.32,Cloudy,Day,84.2,87.0
Construction,Material Loading,6,7,32.8,7.42,Rainy,Night,103.2,91.3
Oil & Gas,Gas Compression Service,4,8,27.2,11.11,Rainy,Day,101.2,162.7
Data Center Power,Generator Maintenance,7,7,27.0,9.8,Sunny,Night,89.4,143.9
Oil & Gas,Well Servicing,6,8,48.0,1.47,Rainy,Night,84.9,262.9
Oil & Gas,Well Servicing,7,7,36.6,7.05,Sunny,Night,83.0,279.3
Marine & Rail,Locomotive Maintenance,7,8,33.1,9.2,Foggy,Night,96.4,273.8
Construction,Foundation Work,4,5,63.3,1.13,Cloudy,Day,95.1,242.0
Data Center Power,Cooling System Inspection,4,7,12.9,5.5,Sunny,Night,72.1,61.7
Data Center Power,Generator Maintenance,5,10,46.3,4.7,Cloudy,Day,94.3,84.6
Mining,Hauling Ore,4,8,86.2,10.74,Cloudy,Day,98.0,110.1
Construction,Material Loading,5,8,32.8,6.51,Sunny,Day,97.9,62.8
Oil & Gas,Well Servicing,8,6,44.8,0.9,Cloudy,Day,93.7,306.4
Data Center Power,Generator Maintenance,4,6,15.6,1.87,Sunny,Day,86.0,101.7
Data Center Power,Backup Generator Testing,7,8,44.7,6.87,Sunny,Night,83.8,94.7
Construction,Demolition,5,3,34.6,7.92,Rainy,Day,98.3,301.1
Marine & Rail,Freight Operations,7,8,26.8,4.16,Sunny,Night,96.3,248.7
Mining,Drilling,4,7,32.1,4.0,Cloudy,Night,90.3,199.8
Oil & Gas,Pipeline Pumping,5,9,49.2,11.44,Sunny,Night,83.2,150.1
Marine & Rail,Locomotive Maintenance,4,6,36.8,6.33,Foggy,Night,97.6,257.8
Oil & Gas,Well Drilling,9,9,66.6,6.2,Foggy,Day,96.5,441.2
Marine & Rail,Rail Network Inspection,4,9,77.9,2.39,Cloudy,Day,88.2,140.0
Mining,Drilling,6,9,69.9,5.4,Sunny,Day,105.2,201.3
Marine & Rail,Tugboat Engine Service,5,7,30.9,7.22,Cloudy,Night,86.1,183.0
Oil & Gas,Pipeline Pumping,5,10,35.9,11.19,Sunny,Day,84.8,131.3
Data Center Power,Cooling System Inspection,4,7,87.3,5.11,Foggy,Night,70.9,75.6
Data Center Power,Emergency Power Deployment,9,5,44.4,1.87,Foggy,Day,83.7,171.2
Marine & Rail,Locomotive Maintenance,9,8,24.6,9.48,Sunny,Day,94.8,271.8
Marine & Rail,Locomotive Maintenance,5,8,12.7,10.95,Sunny,Night,91.4,217.7
Data Center Power,Backup Generator Testing,5,6,47.7,4.2,Sunny,Day,83.0,74.8
Construction,Material Loading,7,8,23.4,11.78,Cloudy,Day,98.1,78.5
Construction,Road Building,7,5,8.0,7.68,Cloudy,Day,101.7,316.6
Marine & Rail,Tugboat Engine Service,5,7,48.3,12.73,Rainy,Day,97.1,186.1
Marine & Rail,Locomotive Maintenance,5,9,49.7,7.11,Sunny,Day,78.2,183.9
Construction,Foundation Work,5,8,69.8,4.91,Sunny,Day,89.3,207.4
Construction,Demolition,7,7,23.5,9.22,Rainy,Day,95.8,254.7
Oil & Gas,Pipeline Pumping,8,6,25.5,7.43,Sunny,Night,87.4,199.9
Oil & Gas,Pipeline Pumping,5,8,76.1,10.38,Cloudy,Day,94.4,155.0
Mining,Hauling Ore,5,8,13.5,3.92,Rainy,Day,90.6,104.7
Construction,Excavation,4,8,30.4,8.38,Rainy,Day,97.9,175.4
Oil & Gas,Well Servicing,8,7,10.3,6.93,Cloudy,Day,93.3,283.0
Construction,Foundation Work,5,8,50.1,7.16,Sunny,Day,89.8,200.7
Marine & Rail,Rail Network Inspection,6,7,19.2,1.44,Sunny,Day,78.1,152.6
Data Center Power,Backup Generator Testing,6,7,23.7,1.26,Sunny,Night,80.9,76.9
Mining,Aggregate Collection,4,9,31.1,7.13,Sunny,Day,110.8,65.1
Marine & Rail,Locomotive Maintenance,9,7,33.4,14.41,Sunny,Day,91.6,326.7
Oil & Gas,Pipeline Pumping,4,9,32.8,10.61,Cloudy,Day,86.4,131.7
Data Center Power,Backup Generator Testing,8,8,60.1,1.5,Cloudy,Night,74.5,104.7
Oil & Gas,Well Servicing,8,9,70.1,0.78,Cloudy,Day,100.6,256.4
Mining,Surface Excavation,6,4,59.7,6.23,Cloudy,Night,105.1,277.4
Mining,Hauling Ore,7,9,21.5,8.02,Sunny,Day,90.2,109.8
Marine & Rail,Locomotive Maintenance,5,8,24.7,8.06,Cloudy,Day,96.1,204.9
Data Center Power,Emergency Power Deployment,5,6,11.2,0.19,Sunny,Day,85.0,94.0
Data Center Power,Cooling System Inspection,7,8,57.8,4.49,Sunny,Day,81.3,77.8
Marine & Rail,Locomotive Maintenance,4,5,39.2,11.61,Cloudy,Night,95.8,273.5
Oil & Gas,Well Servicing,6,8,28.0,10.36,Rainy,Day,92.8,270.0
Data Center Power,Backup Generator Testing,5,6,31.3,6.53,Rainy,Night,90.8,83.8
Marine & Rail,Rail Network Inspection,6,8,39.9,4.58,Sunny,Day,71.7,158.7
Data Center Power,Emergency Power Deployment,8,7,46.7,4.21,Sunny,Night,89.5,144.0
Data Center Power,Backup Generator Testing,6,7,48.1,2.28,Sunny,Day,96.1,78.8
Construction,Material Loading,6,3,49.1,6.23,Rainy,Day,97.4,95.6
Data Center Power,Backup Generator Testing,5,6,82.9,3.78,Cloudy,Night,77.9,86.1
Marine & Rail,Freight Operations,4,7,51.3,7.76,Foggy,Day,97.0,247.3
Oil & Gas,Well Servicing,6,7,68.5,11.84,Foggy,Day,96.6,297.9
Oil & Gas,Gas Compression Service,7,9,39.5,9.26,Sunny,Night,99.6,197.8
Data Center Power,Cooling System Inspection,5,6,75.8,2.62,Cloudy,Day,85.2,75.0
Marine & Rail,Locomotive Maintenance,5,7,31.1,2.76,Foggy,Day,95.5,206.7
Construction,Excavation,4,5,61.9,0.94,Sunny,Night,85.7,194.1
Mining,Surface Excavation,5,5,57.7,5.58,Sunny,Day,96.6,202.3
Construction,Excavation,6,8,19.8,6.59,Sunny,Day,109.8,185.4
Construction,Road Building,7,6,9.2,4.03,Cloudy,Day,93.7,285.3
Mining,Hauling Ore,4,9,35.9,3.53,Rainy,Night,106.8,113.8
Construction,Foundation Work,6,9,29.2,0.96,Rainy,Day,91.8,210.1
Marine & Rail,Freight Operations,5,5,55.1,3.21,Cloudy,Day,100.5,242.0
Mining,Drilling,9,7,20.1,3.22,Rainy,Day,101.2,296.4
Oil & Gas,Pipeline Pumping,5,8,22.5,5.09,Sunny,Day,84.4,126.1
Mining,Drilling,5,7,19.1,6.66,Rainy,Day,115.0,269.1
Marine & Rail,Rail Network Inspection,4,9,49.4,4.45,Foggy,Night,89.2,179.2
Construction,Road Building,4,9,28.2,3.13,Rainy,Day,97.1,207.8
Marine & Rail,Freight Operations,4,4,35.1,2.01,Sunny,Night,90.9,229.9
Data Center Power,Generator Maintenance,3,8,19.0,1.52,Cloudy,Night,85.0,87.5
Data Center Power,Cooling System Inspection,5,6,66.7,7.83,Rainy,Day,96.2,77.5
Marine & Rail,Freight Operations,7,8,2.1,8.44,Sunny,Night,96.1,230.5
Marine & Rail,Tugboat Engine Service,5,8,11.3,3.84,Sunny,Day,102.4,138.7
Mining,Aggregate Collection,3,8,7.0,6.2,Sunny,Day,87.3,51.1
Construction,Road Building,7,9,38.4,2.19,Rainy,Night,94.5,289.7
Data Center Power,Emergency Power Deployment,6,6,57.4,3.4,Cloudy,Night,95.0,133.7
Oil & Gas,Pipeline Pumping,5,6,9.9,9.29,Cloudy,Day,91.4,147.5
Mining,Hauling Ore,5,7,33.4,4.81,Cloudy,Day,92.9,101.9
Mining,Drilling,7,6,63.6,4.76,Sunny,Day,92.0,272.8
Oil & Gas,Pipeline Pumping,7,6,41.7,15.36,Sunny,Night,94.9,208.4
Construction,Material Loading,7,8,29.8,6.13,Sunny,Night,91.7,78.2
Marine & Rail,Tugboat Engine Service,5,5,35.3,11.81,Sunny,Day,90.5,205.0
Marine & Rail,Rail Network Inspection,7,7,42.3,1.46,Sunny,Day,97.2,183.2
Marine & Rail,Freight Operations,6,9,37.0,5.21,Cloudy,Day,98.9,206.0
Data Center Power,Emergency Power Deployment,5,8,25.6,3.74,Sunny,Night,94.1,95.6
Oil & Gas,Gas Compression Service,5,7,21.2,10.22,Sunny,Day,96.2,177.6
Oil & Gas,Well Servicing,6,8,53.6,0.82,Sunny,Day,92.5,215.0
Construction,Demolition,6,9,85.6,2.47,Sunny,Day,100.3,171.8
Data Center Power,Generator Maintenance,4,4,73.7,5.77,Sunny,Day,98.8,143.4
Construction,Foundation Work,8,8,22.7,2.22,Sunny,Day,83.7,228.4
Construction,Demolition,9,7,30.3,11.11,Sunny,Night,104.7,291.1
Mining,Aggregate Collection,6,6,36.6,9.78,Cloudy,Night,91.3,85.8
Construction,Material Loading,6,8,38.2,3.36,Foggy,Day,101.6,69.1
Construction,Material Loading,4,9,47.2,3.98,Rainy,Day,99.9,63.4
Marine & Rail,Locomotive Maintenance,6,9,34.4,1.12,Sunny,Night,96.1,194.9
Mining,Aggregate Collection,4,7,52.2,9.55,Cloudy,Day,101.9,69.5
Construction,Site Preparation,5,10,71.4,5.38,Cloudy,Night,96.7,153.8
Mining,Surface Excavation,7,7,24.7,7.47,Sunny,Day,101.9,200.3
Marine & Rail,Rail Network Inspection,4,6,23.5,6.3,Sunny,Night,80.2,150.9
Data Center Power,Backup Generator Testing,4,6,9.5,8.47,Sunny,Day,87.1,69.0
Marine & Rail,Locomotive Maintenance,5,8,43.0,1.5,Foggy,Day,87.8,195.8
Data Center Power,Backup Generator Testing,6,10,18.6,4.1,Sunny,Day,92.4,63.0
Construction,Site Preparation,6,5,49.2,5.73,Sunny,Day,100.8,183.7
Mining,Drilling,6,7,31.5,7.23,Sunny,Day,100.1,221.3
Mining,Hauling Ore,5,6,18.0,6.03,Sunny,Day,108.1,113.8
Data Center Power,Generator Maintenance,6,7,45.8,6.33,Cloudy,Night,89.7,139.0
Data Center Power,Generator Maintenance,7,7,36.4,3.93,Cloudy,Day,89.1,129.7
Construction,Demolition,6,7,22.2,5.84,Sunny,Day,92.7,194.5
Data Center Power,Emergency Power Deployment,6,9,40.0,6.46,Cloudy,Night,89.5,101.3
Mining,Hauling Ore,3,6,28.9,9.99,Rainy,Day,96.0,114.5
Mining,Surface Excavation,5,8,8.8,11.78,Sunny,Day,115.0,184.5
Mining,Surface Excavation,5,8,42.3,2.65,Sunny,Day,102.8,154.5
Marine & Rail,Locomotive Maintenance,4,7,8.9,5.16,Cloudy,Day,82.5,182.4
Construction,Foundation Work,7,5,46.2,5.57,Sunny,Day,86.5,303.9
Marine & Rail,Locomotive Maintenance,4,7,48.0,3.58,Sunny,Day,89.8,195.6
Mining,Hauling Ore,5,6,6.3,4.43,Sunny,Night,91.0,106.9
Oil & Gas,Well Drilling,5,6,61.6,3.77,Cloudy,Day,100.4,359.2
Construction,Excavation,6,8,15.1,5.66,Cloudy,Night,100.6,178.5
Mining,Hauling Ore,7,9,47.1,10.83,Sunny,Day,98.6,129.5
Data Center Power,Backup Generator Testing,6,7,27.3,2.75,Cloudy,Day,85.4,74.8
Oil & Gas,Well Drilling,6,6,38.2,6.6,Sunny,Night,110.8,478.4
Marine & Rail,Freight Operations,6,6,17.1,15.06,Rainy,Day,108.6,309.4
Mining,Surface Excavation,4,8,57.0,4.78,Cloudy,Day,96.7,147.1
Mining,Drilling,8,9,42.3,16.53,Sunny,Night,96.1,271.6
Construction,Road Building,9,9,57.3,2.82,Sunny,Day,98.5,291.8
Marine & Rail,Locomotive Maintenance,6,6,71.2,14.78,Rainy,Day,110.7,364.5
Marine & Rail,Locomotive Maintenance,3,8,67.6,10.84,Rainy,Night,93.4,206.8
Marine & Rail,Freight Operations,6,8,30.3,4.2,Sunny,Day,109.7,229.4
Construction,Road Building,7,7,37.6,1.61,Sunny,Day,95.9,272.8
Mining,Drilling,6,8,70.6,8.83,Cloudy,Day,112.5,266.3
Data Center Power,Backup Generator Testing,6,7,64.3,2.05,Sunny,Day,90.3,80.3
Oil & Gas,Well Servicing,8,6,66.3,4.66,Sunny,Day,90.6,334.0
Construction,Material Loading,3,7,65.3,9.56,Sunny,Day,95.5,59.8
Data Center Power,Emergency Power Deployment,9,7,19.1,5.76,Sunny,Night,86.1,140.0
Oil & Gas,Well Servicing,8,8,47.2,14.0,Rainy,Day,97.0,347.6
Oil & Gas,Gas Compression Service,6,8,27.9,1.2,Sunny,Night,89.2,168.7
Construction,Demolition,5,7,34.7,5.76,Cloudy,Day,102.5,187.6
Construction,Demolition,6,9,22.1,7.98,Sunny,Day,109.7,180.2
Construction,Road Building,7,8,27.6,3.96,Cloudy,Day,105.1,263.7
Mining,Drilling,5,8,24.3,4.94,Sunny,Day,95.5,180.9
Data Center Power,Backup Generator Testing,4,8,83.1,7.5,Cloudy,Day,73.3,72.9
Marine & Rail,Rail Network Inspection,5,8,11.7,4.75,Cloudy,Day,86.9,144.5
Mining,Hauling Ore,4,7,31.1,0.81,Rainy,Day,91.4,99.2
Oil & Gas,Well Servicing,9,10,37.6,4.37,Sunny,Day,97.5,230.4
Oil & Gas,Well Drilling,8,5,35.0,11.09,Sunny,Day,101.4,529.1
Data Center Power,Backup Generator Testing,5,10,8.1,2.74,Sunny,Day,76.7,55.4
Mining,Surface Excavation,7,8,38.8,3.84,Sunny,Day,98.6,171.5
Construction,Road Building,4,7,35.1,4.03,Sunny,Day,92.0,216.1
Oil & Gas,Well Drilling,9,9,19.4,5.52,Sunny,Night,106.6,409.6
Construction,Excavation,6,9,59.0,7.51,Sunny,Day,92.2,164.7
Construction,Material Loading,3,7,31.9,5.45,Sunny,Day,101.5,57.7
Mining,Surface Excavation,5,7,7.1,8.4,Rainy,Night,105.1,213.3
Mining,Drilling,8,9,61.7,2.49,Foggy,Day,90.7,244.9
Oil & Gas,Pipeline Pumping,7,6,63.4,10.2,Sunny,Day,97.9,198.2
Marine & Rail,Freight Operations,7,7,16.7,3.04,Sunny,Night,87.7,247.7
Oil & Gas,Gas Compression Service,5,7,55.8,4.94,Cloudy,Night,98.3,202.0
Oil & Gas,Gas Compression Service,6,10,59.9,13.53,Sunny,Day,106.8,168.9
Construction,Excavation,5,8,54.9,2.1,Cloudy,Night,98.1,174.6
Oil & Gas,Pipeline Pumping,4,10,12.5,13.45,Sunny,Day,87.9,119.2
Data Center Power,Cooling System Inspection,7,6,19.6,6.56,Cloudy,Night,81.1,89.2
Construction,Material Loading,6,8,15.5,7.56,Rainy,Day,95.3,78.1
Oil & Gas,Well Servicing,6,8,26.2,9.38,Sunny,Night,99.2,252.3
Data Center Power,Backup Generator Testing,7,6,18.2,5.4,Rainy,Day,77.2,86.2
Data Center Power,Cooling System Inspection,6,9,40.8,2.21,Cloudy,Day,82.9,65.6
Data Center Power,Emergency Power Deployment,8,7,24.2,3.79,Cloudy,Day,107.0,134.7
Oil & Gas,Gas Compression Service,7,6,66.7,4.3,Sunny,Night,99.6,258.5
Construction,Demolition,5,7,36.4,8.18,Sunny,Day,78.9,190.3
Data Center Power,Cooling System Inspection,4,9,47.6,5.64,Cloudy,Day,85.2,59.8
Mining,Hauling Ore,3,6,15.4,6.23,Cloudy,Day,96.8,89.9
Marine & Rail,Locomotive Maintenance,6,7,21.5,3.92,Rainy,Day,80.9,224.2
Oil & Gas,Well Drilling,8,9,48.7,1.46,Sunny,Day,84.5,336.8
Oil & Gas,Pipeline Pumping,3,8,23.5,3.18,Rainy,Day,105.9,118.0
Oil & Gas,Well Servicing,8,8,32.5,6.12,Foggy,Day,89.2,266.3
Construction,Excavation,5,7,19.1,5.64,Foggy,Night,103.4,198.8
Oil & Gas,Well Servicing,8,7,29.3,8.74,Sunny,Day,87.4,293.1
Mining,Drilling,5,5,3.3,1.94,Sunny,Day,96.6,219.5
Mining,Drilling,7,9,47.3,7.14,Cloudy,Day,95.8,209.8
Marine & Rail,Tugboat Engine Service,9,8,52.1,16.31,Sunny,Day,102.3,266.5
Oil & Gas,Well Drilling,6,6,38.5,1.1,Rainy,Day,98.6,414.6
Construction,Demolition,5,5,47.3,7.11,Sunny,Night,94.7,240.8
Marine & Rail,Locomotive Maintenance,7,9,64.6,7.09,Cloudy,Day,92.2,233.8
Construction,Foundation Work,7,6,55.3,8.88,Rainy,Day,90.0,340.3
Data Center Power,Backup Generator Testing,4,7,6.5,5.7,Rainy,Night,79.8,69.3
Construction,Material Loading,7,8,73.0,5.34,Sunny,Day,102.9,83.5
Data Center Power,Backup Generator Testing,5,5,42.4,4.05,Rainy,Night,82.0,82.4
Oil & Gas,Gas Compression Service,5,7,59.5,2.71,Cloudy,Night,85.8,183.1
Marine & Rail,Locomotive Maintenance,6,8,37.9,11.97,Cloudy,Day,98.3,236.5
Construction,Material Loading,6,6,45.9,1.2,Cloudy,Night,89.0,75.2
Construction,Demolition,7,8,13.4,9.71,Cloudy,Day,91.7,205.0
Construction,Material Loading,3,9,66.2,3.46,Cloudy,Day,90.1,53.8
Mining,Hauling Ore,8,5,41.1,6.8,Sunny,Day,110.7,168.0
Marine & Rail,Freight Operations,4,9,21.5,13.47,Sunny,Day,102.6,183.9
Construction,Demolition,7,6,49.0,14.03,Foggy,Day,115.0,347.8
Marine & Rail,Tugboat Engine Service,5,7,31.9,5.15,Foggy,Night,96.3,211.1
Construction,Road Building,6,9,43.9,1.88,Sunny,Day,95.6,209.7
Oil & Gas,Well Servicing,7,8,59.6,13.0,Sunny,Night,84.9,303.7
Mining,Surface Excavation,8,9,23.0,6.38,Sunny,Day,103.8,167.1
Data Center Power,Backup Generator Testing,5,6,27.0,1.77,Cloudy,Day,88.4,72.4
Construction,Material Loading,3,6,35.0,2.17,Sunny,Day,97.0,55.3
Construction,Excavation,3,7,21.5,2.32,Sunny,Day,84.9,137.8
Mining,Surface Excavation,7,7,27.0,7.87,Rainy,Day,97.0,218.3
Oil & Gas,Pipeline Pumping,4,10,18.4,7.42,Cloudy,Day,89.6,112.7
Mining,Drilling,6,7,68.9,9.07,Rainy,Day,88.3,292.6
Oil & Gas,Well Drilling,6,7,28.1,5.53,Sunny,Day,106.3,373.8
Marine & Rail,Freight Operations,3,4,26.0,3.08,Foggy,Day,89.1,237.5
Construction,Material Loading,7,9,56.0,8.54,Sunny,Day,111.2,88.2
Mining,Drilling,6,8,26.0,1.81,Cloudy,Day,91.4,185.7
Oil & Gas,Well Servicing,8,10,33.4,9.47,Sunny,Day,106.0,232.9
Marine & Rail,Tugboat Engine Service,7,7,21.0,5.58,Cloudy,Day,96.0,188.1
Data Center Power,Emergency Power Deployment,7,9,65.7,5.22,Cloudy,Night,98.3,121.9
Oil & Gas,Well Drilling,8,6,41.7,10.17,Sunny,Day,102.7,505.4
Oil & Gas,Well Servicing,6,6,32.8,2.71,Cloudy,Day,87.8,256.8
Data Center Power,Emergency Power Deployment,6,7,2.5,3.9,Rainy,Day,111.8,114.8
Oil & Gas,Gas Compression Service,5,9,48.6,3.26,Rainy,Night,102.2,161.5
Data Center Power,Generator Maintenance,6,7,30.5,1.67,Cloudy,Day,93.6,116.0
Mining,Hauling Ore,5,10,30.7,4.65,Rainy,Day,101.6,102.4
Mining,Hauling Ore,9,8,32.7,13.4,Sunny,Day,101.8,156.2
Construction,Road Building,5,6,24.8,11.98,Rainy,Night,104.6,371.2
Oil & Gas,Well Drilling,6,6,23.8,10.58,Sunny,Day,105.1,417.8
Construction,Material Loading,7,9,40.9,11.22,Sunny,Day,88.3,77.8
Construction,Demolition,6,8,3.0,6.02,Sunny,Day,99.9,166.0
Mining,Drilling,8,9,7.3,4.11,Rainy,Day,93.7,211.8
Construction,Foundation Work,9,10,46.3,8.79,Sunny,Day,89.6,232.4
Oil & Gas,Well Servicing,6,9,29.2,6.32,Rainy,Day,86.9,220.8
Oil & Gas,Well Servicing,8,4,28.9,13.27,Sunny,Day,96.1,397.5
Construction,Road Building,4,9,58.7,8.76,Foggy,Day,100.6,217.5
Mining,Surface Excavation,6,9,57.9,8.05,Rainy,Day,104.3,181.3
Mining,Drilling,5,8,32.1,7.15,Sunny,Night,111.1,225.4
Marine & Rail,Tugboat Engine Service,4,7,66.1,8.82,Cloudy,Day,91.3,171.5
Mining,Aggregate Collection,3,6,45.6,8.89,Rainy,Night,115.0,92.5
Marine & Rail,Rail Network Inspection,6,3,11.7,14.94,Sunny,Day,94.9,200.6
Oil & Gas,Well Drilling,6,9,31.2,13.14,Cloudy,Day,113.7,373.2
Mining,Surface Excavation,8,8,82.2,3.48,Rainy,Night,96.8,268.8
Oil & Gas,Gas Compression Service,7,6,55.8,9.74,Cloudy,Night,97.1,276.2
Oil & Gas,Well Servicing,5,9,20.5,4.55,Cloudy,Day,102.8,183.8
Construction,Demolition,4,7,51.9,12.78,Sunny,Day,115.0,233.8
Mining,Surface Excavation,6,6,55.3,5.98,Rainy,Day,92.9,234.3
Mining,Drilling,5,10,62.9,9.32,Cloudy,Day,104.3,174.4
Oil & Gas,Gas Compression Service,7,6,10.7,4.41,Sunny,Day,104.8,212.5
Construction,Road Building,6,9,20.2,5.0,Sunny,Day,105.5,215.4
Mining,Drilling,7,8,55.0,3.58,Sunny,Day,84.0,220.1
Marine & Rail,Rail Network Inspection,7,4,46.4,5.05,Rainy,Night,78.2,250.6
Mining,Aggregate Collection,6,5,15.6,13.18,Cloudy,Night,103.0,91.2
Mining,Drilling,6,7,27.1,5.87,Cloudy,Day,81.2,220.5
Construction,Foundation Work,7,8,45.1,6.14,Cloudy,Day,100.7,248.7
Mining,Aggregate Collection,3,6,30.0,11.25,Sunny,Day,102.2,64.9
Mining,Surface Excavation,5,9,55.7,3.42,Rainy,Day,89.8,154.0
Construction,Foundation Work,7,7,40.8,8.52,Sunny,Day,93.8,259.3
Mining,Hauling Ore,5,10,39.1,9.3,Cloudy,Night,103.0,106.6
Construction,Material Loading,7,7,36.8,4.01,Rainy,Day,91.2,89.8
Mining,Hauling Ore,5,9,31.9,8.08,Cloudy,Day,96.4,102.1
Construction,Foundation Work,5,8,57.4,3.35,Cloudy,Night,88.6,228.4
Marine & Rail,Freight Operations,5,6,33.0,1.77,Cloudy,Day,100.4,219.3
Data Center Power,Cooling System Inspection,6,3,71.7,4.54,Sunny,Day,79.9,88.5
Marine & Rail,Freight Operations,6,9,38.8,5.28,Cloudy,Day,101.5,210.2
Oil & Gas,Pipeline Pumping,7,9,6.3,3.06,Rainy,Day,81.1,135.7
Mining,Surface Excavation,6,8,31.6,3.76,Sunny,Night,93.6,168.4
Data Center Power,Cooling System Inspection,4,5,26.6,1.89,Sunny,Night,78.1,68.4
Mining,Drilling,9,8,19.7,11.92,Rainy,Night,97.9,328.9
Marine & Rail,Freight Operations,4,8,43.1,10.69,Cloudy,Day,89.7,194.3
Data Center Power,Generator Maintenance,6,8,60.6,1.94,Rainy,Day,95.0,115.0
Construction,Excavation,6,6,36.7,3.61,Cloudy,Day,96.1,197.4
Marine & Rail,Locomotive Maintenance,6,8,50.5,7.2,Sunny,Day,89.6,218.5
Oil & Gas,Gas Compression Service,6,9,93.7,6.07,Rainy,Day,100.0,177.8
Mining,Aggregate Collection,3,8,31.5,3.89,Cloudy,Day,101.4,54.5
Data Center Power,Backup Generator Testing,3,6,55.7,7.78,Sunny,Day,81.7,66.0
Marine & Rail,Locomotive Maintenance,5,8,51.2,1.65,Sunny,Day,89.2,188.7
Marine & Rail,Freight Operations,3,7,60.4,6.72,Rainy,Night,98.9,227.8
Construction,Road Building,7,8,8.4,5.65,Sunny,Day,91.5,238.2
Mining,Aggregate Collection,7,8,51.3,10.32,Rainy,Day,93.4,92.7
Mining,Aggregate Collection,6,9,23.6,11.81,Sunny,Day,100.5,69.7
Data Center Power,Backup Generator Testing,5,5,60.7,5.58,Sunny,Day,75.0,79.3
Mining,Surface Excavation,6,9,49.5,2.21,Rainy,Day,90.1,158.6
Construction,Material Loading,5,4,16.3,0.73,Rainy,Day,88.3,75.5
Data Center Power,Cooling System Inspection,4,7,13.5,4.3,Sunny,Night,83.1,62.1
Data Center Power,Generator Maintenance,3,8,69.1,2.17,Sunny,Day,88.1,87.9
Oil & Gas,Well Drilling,9,8,27.0,1.37,Sunny,Day,99.4,380.1
Mining,Aggregate Collection,5,7,26.4,5.81,Sunny,Day,95.5,67.7
Data Center Power,Backup Generator Testing,4,9,9.8,6.02,Sunny,Day,75.9,57.9
Mining,Drilling,8,10,30.2,8.77,Sunny,Night,90.9,213.9
Mining,Surface Excavation,5,9,74.0,8.54,Sunny,Night,99.0,164.3
Construction,Material Loading,2,9,55.7,15.41,Sunny,Day,100.4,56.2
Data Center Power,Cooling System Inspection,6,8,30.6,5.87,Sunny,Night,96.7,77.9
Data Center Power,Cooling System Inspection,5,6,36.1,5.36,Cloudy,Night,81.4,74.9
Oil & Gas,Pipeline Pumping,4,9,66.5,2.47,Cloudy,Day,88.4,121.5
Construction,Foundation Work,5,6,3.5,9.15,Rainy,Day,105.5,273.4
Oil & Gas,Pipeline Pumping,6,7,49.6,6.25,Sunny,Day,94.6,157.0
Oil & Gas,Well Drilling,4,7,80.1,5.62,Sunny,Night,115.0,423.4
Mining,Hauling Ore,5,7,34.2,2.3,Rainy,Night,99.1,121.3
Data Center Power,Cooling System Inspection,3,6,35.5,3.19,Rainy,Day,94.4,61.5
Construction,Material Loading,7,8,11.8,3.24,Cloudy,Night,89.9,72.3
Oil & Gas,Well Servicing,7,7,14.7,0.92,Cloudy,Day,88.1,228.4
Construction,Excavation,6,7,13.0,12.71,Rainy,Day,104.4,230.1
Marine & Rail,Locomotive Maintenance,4,5,43.5,0.45,Sunny,Day,79.3,218.5
Construction,Excavation,4,5,16.4,6.98,Rainy,Day,94.2,214.0
Mining,Drilling,6,3,39.8,5.3,Rainy,Day,91.8,334.2
Mining,Surface Excavation,4,6,24.4,4.35,Foggy,Day,99.8,165.2
Oil & Gas,Well Servicing,8,8,20.4,6.86,Sunny,Day,83.1,244.7
Oil & Gas,Pipeline Pumping,5,8,17.2,6.9,Cloudy,Day,91.0,135.2
Oil & Gas,Gas Compression Service,8,6,54.8,13.72,Sunny,Day,106.6,304.8
Data Center Power,Cooling System Inspection,4,8,47.0,9.24,Cloudy,Night,87.1,67.1
Mining,Surface Excavation,5,7,15.6,5.9,Sunny,Night,93.3,170.3
Construction,Material Loading,6,8,41.1,7.0,Sunny,Day,98.7,69.0
Construction,Road Building,6,8,19.3,2.76,Sunny,Night,105.2,252.7
Mining,Surface Excavation,4,7,45.7,7.25,Rainy,Day,106.9,194.2
Mining,Surface Excavation,4,9,39.8,3.62,Cloudy,Day,89.1,124.8
Marine & Rail,Locomotive Maintenance,8,7,10.9,9.31,Cloudy,Day,106.0,288.3
Marine & Rail,Tugboat Engine Service,7,8,30.0,0.8,Sunny,Day,87.9,156.8
Data Center Power,Backup Generator Testing,4,9,9.6,7.01,Rainy,Night,91.1,63.8
Data Center Power,Backup Generator Testing,5,9,47.2,5.29,Sunny,Day,86.8,64.5
Marine & Rail,Locomotive Maintenance,4,8,69.2,1.61,Cloudy,Day,88.8,185.2
Mining,Aggregate Collection,6,5,67.9,7.94,Cloudy,Day,98.6,85.3
Marine & Rail,Freight Operations,7,8,32.8,12.1,Rainy,Day,93.3,279.0
Marine & Rail,Tugboat Engine Service,7,8,31.6,6.62,Cloudy,Night,100.6,196.4
Construction,Road Building,8,8,50.3,6.85,Foggy,Day,89.8,316.8
Data Center Power,Cooling System Inspection,4,7,39.2,3.16,Cloudy,Day,80.2,60.4
Marine & Rail,Locomotive Maintenance,7,8,53.4,6.0,Sunny,Day,95.1,232.5
Construction,Material Loading,4,7,13.3,7.16,Foggy,Day,113.5,73.3
Construction,Foundation Work,7,8,60.7,3.07,Cloudy,Day,107.7,269.4
Oil & Gas,Gas Compression Service,6,8,65.2,7.99,Rainy,Day,91.3,194.9
Mining,Surface Excavation,6,6,39.6,3.3,Rainy,Day,101.4,224.9
Oil & Gas,Pipeline Pumping,4,4,42.0,7.75,Sunny,Night,95.8,170.6
Construction,Demolition,7,9,23.8,6.46,Sunny,Day,94.6,171.4
Oil & Gas,Pipeline Pumping,6,8,26.2,5.36,Sunny,Day,88.9,148.7
Marine & Rail,Rail Network Inspection,4,9,26.7,3.59,Sunny,Day,96.7,127.8
Oil & Gas,Gas Compression Service,9,9,62.5,5.08,Sunny,Day,100.4,221.8
Oil & Gas,Well Servicing,9,7,7.5,5.54,Sunny,Day,90.3,273.1
Marine & Rail,Rail Network Inspection,6,9,35.2,4.09,Cloudy,Night,80.5,164.6
Data Center Power,Backup Generator Testing,6,7,21.3,13.51,Sunny,Day,84.4,76.3
Construction,Material Loading,4,7,15.3,3.61,Rainy,Day,102.1,63.2
Mining,Drilling,4,8,30.2,5.87,Sunny,Day,98.4,168.9
Mining,Drilling,9,6,55.3,3.48,Cloudy,Day,100.9,328.8
Oil & Gas,Well Servicing,5,6,41.6,6.08,Sunny,Night,86.0,265.4
Data Center Power,Backup Generator Testing,6,5,47.5,7.05,Sunny,Day,74.2,84.8
Oil & Gas,Well Servicing,3,10,26.0,6.35,Rainy,Night,89.1,173.7
Oil & Gas,Well Drilling,5,9,73.6,4.04,Sunny,Night,99.8,303.6
Oil & Gas,Well Servicing,6,8,39.3,6.57,Rainy,Night,88.6,274.3
Construction,Demolition,7,8,4.9,10.71,Sunny,Day,97.7,194.1
Mining,Drilling,6,7,58.1,8.47,Sunny,Night,86.7,259.5
Oil & Gas,Well Drilling,10,6,24.9,6.37,Sunny,Day,105.6,547.9
Construction,Material Loading,4,9,26.8,8.62,Rainy,Day,96.1,63.9
Oil & Gas,Well Drilling,8,8,63.6,6.71,Cloudy,Night,111.6,536.7
Mining,Surface Excavation,5,8,52.0,4.36,Sunny,Day,92.3,153.8
Construction,Road Building,7,7,20.8,7.05,Cloudy,Day,99.2,292.1
Oil & Gas,Well Servicing,6,7,49.0,1.06,Sunny,Night,81.7,243.3
Mining,Aggregate Collection,7,9,34.4,7.36,Sunny,Day,100.8,72.0
Marine & Rail,Locomotive Maintenance,5,9,52.4,8.65,Sunny,Night,101.7,209.0
Data Center Power,Backup Generator Testing,6,9,11.1,0.66,Sunny,Day,83.0,65.3
Construction,Material Loading,2,7,20.2,3.36,Sunny,Night,96.2,50.4
Oil & Gas,Gas Compression Service,8,8,43.1,3.31,Sunny,Night,94.1,221.4
Mining,Aggregate Collection,6,7,4.2,5.72,Sunny,Day,89.0,65.2
Data Center Power,Cooling System Inspection,6,8,22.4,9.02,Sunny,Day,94.4,72.1
Mining,Aggregate Collection,3,9,34.2,8.73,Sunny,Day,106.7,55.5
Oil & Gas,Well Servicing,6,7,59.5,2.09,Sunny,Day,86.1,237.9
Data Center Power,Backup Generator Testing,5,7,9.4,2.89,Sunny,Night,83.0,72.1
Mining,Surface Excavation,6,8,32.7,4.19,Foggy,Night,108.8,197.4
Mining,Drilling,7,6,29.9,14.02,Rainy,Day,95.0,321.0
Mining,Aggregate Collection,4,6,41.6,1.45,Sunny,Day,115.0,76.4
Data Center Power,Cooling System Inspection,4,7,33.6,3.26,Sunny,Night,79.7,64.1
Data Center Power,Backup Generator Testing,7,7,56.1,6.82,Cloudy,Day,86.2,89.5
Mining,Drilling,7,4,24.0,12.33,Cloudy,Day,114.5,384.7
Marine & Rail,Freight Operations,5,8,37.6,4.64,Cloudy,Night,92.2,221.0
Oil & Gas,Gas Compression Service,6,7,43.7,3.92,Rainy,Night,107.1,224.0
Marine & Rail,Tugboat Engine Service,5,7,66.6,3.84,Sunny,Day,103.5,176.4
Construction,Road Building,6,6,34.5,3.03,Rainy,Day,93.1,307.4
Construction,Foundation Work,5,9,45.3,3.43,Rainy,Day,85.4,196.4
Construction,Site Preparation,6,8,31.0,8.95,Cloudy,Day,98.0,170.3
Marine & Rail,Tugboat Engine Service,6,6,44.3,9.53,Foggy,Day,92.7,260.4
Construction,Material Loading,4,7,72.0,1.93,Cloudy,Day,102.2,64.8
Mining,Drilling,6,5,43.1,6.83,Sunny,Day,94.5,270.3
Data Center Power,Backup Generator Testing,6,6,29.4,9.95,Foggy,Day,95.6,87.5
Data Center Power,Backup Generator Testing,4,7,35.3,2.99,Sunny,Day,95.0,65.8
Oil & Gas,Gas Compression Service,8,7,54.0,4.53,Cloudy,Day,94.2,233.5
Mining,Hauling Ore,7,8,67.4,5.82,Rainy,Day,103.3,152.4
Oil & Gas,Well Servicing,7,5,5.1,4.01,Sunny,Day,91.8,276.5
Data Center Power,Emergency Power Deployment,8,8,15.3,1.46,Sunny,Night,93.5,110.2
Mining,Surface Excavation,5,9,3.8,4.79,Sunny,Day,91.4,121.2
Marine & Rail,Freight Operations,6,8,28.0,4.68,Rainy,Night,94.5,264.3
Mining,Surface Excavation,7,9,7.6,1.22,Sunny,Day,107.8,147.9
Marine & Rail,Locomotive Maintenance,6,6,32.5,5.27,Cloudy,Day,83.4,254.4
Marine & Rail,Locomotive Maintenance,7,9,27.2,12.2,Sunny,Day,82.3,218.4
Construction,Foundation Work,5,5,38.6,2.83,Sunny,Day,89.7,247.4
Mining,Drilling,4,8,70.0,4.52,Rainy,Day,97.6,204.2
Construction,Demolition,9,9,44.7,2.0,Sunny,Day,84.0,206.8
Mining,Hauling Ore,5,8,17.1,5.33,Cloudy,Day,97.6,97.1
Mining,Aggregate Collection,3,10,21.2,3.82,Rainy,Day,102.8,57.4
Marine & Rail,Locomotive Maintenance,6,5,46.8,8.25,Cloudy,Night,92.2,315.5
Marine & Rail,Freight Operations,3,8,27.2,6.2,Sunny,Night,94.0,176.0
Data Center Power,Cooling System Inspection,7,9,4.9,9.73,Sunny,Day,73.1,65.6
Construction,Excavation,5,6,12.2,4.1,Sunny,Night,85.3,192.0
Construction,Demolition,8,9,34.1,0.86,Sunny,Day,93.8,182.9
Mining,Drilling,3,9,25.1,13.94,Rainy,Day,99.0,185.0
Construction,Foundation Work,7,3,38.5,8.38,Sunny,Day,96.4,349.9
Construction,Excavation,4,7,21.6,6.08,Cloudy,Day,105.4,170.1
Data Center Power,Generator Maintenance,6,4,27.8,4.78,Cloudy,Day,92.6,152.4
Data Center Power,Cooling System Inspection,3,8,31.0,1.91,Foggy,Night,84.0,60.1
Mining,Surface Excavation,6,7,53.5,5.85,Cloudy,Day,87.7,182.5
Oil & Gas,Pipeline Pumping,4,9,80.6,7.55,Rainy,Day,115.0,156.9
Marine & Rail,Tugboat Engine Service,4,7,36.5,8.62,Foggy,Day,94.1,193.4
Oil & Gas,Well Servicing,7,8,45.7,14.54,Sunny,Day,93.6,285.3
Mining,Surface Excavation,4,10,19.0,2.88,Rainy,Night,103.4,134.1
Data Center Power,Emergency Power Deployment,8,9,14.1,7.15,Sunny,Day,84.8,104.9
Data Center Power,Backup Generator Testing,5,9,67.7,8.95,Rainy,Day,87.4,72.0
Construction,Road Building,7,6,14.9,4.44,Sunny,Day,87.7,283.3
Marine & Rail,Locomotive Maintenance,7,7,49.7,14.94,Sunny,Night,93.3,317.0
Mining,Hauling Ore,2,6,24.9,6.81,Cloudy,Day,89.6,86.2
Construction,Excavation,7,10,36.1,3.51,Cloudy,Day,90.6,147.6
Data Center Power,Cooling System Inspection,5,6,61.6,1.06,Cloudy,Night,90.4,79.3
Marine & Rail,Freight Operations,3,9,59.3,7.45,Foggy,Day,94.5,215.1
Mining,Drilling,6,9,48.1,11.06,Rainy,Day,101.0,232.5
Construction,Foundation Work,6,8,10.3,2.13,Sunny,Day,85.3,186.5
Oil & Gas,Gas Compression Service,4,8,41.6,3.27,Cloudy,Night,107.4,168.9
Mining,Surface Excavation,5,10,48.0,2.53,Sunny,Day,93.5,118.4
Marine & Rail,Freight Operations,4,7,13.4,5.04,Sunny,Night,95.7,198.1
Construction,Demolition,6,10,19.7,8.36,Cloudy,Day,113.9,173.4
Construction,Demolition,6,7,20.6,5.27,Cloudy,Night,109.4,235.4
Construction,Foundation Work,5,9,37.5,11.56,Cloudy,Day,88.1,189.4
Marine & Rail,Rail Network Inspection,6,4,31.5,11.28,Rainy,Day,86.6,220.5
Oil & Gas,Well Servicing,6,6,15.8,6.02,Sunny,Night,81.1,267.5
Marine & Rail,Freight Operations,7,8,38.6,4.83,Foggy,Night,96.5,315.3
Oil & Gas,Gas Compression Service,5,5,42.7,3.55,Rainy,Day,109.8,224.5
Marine & Rail,Rail Network Inspection,6,8,47.3,3.27,Sunny,Day,83.0,159.3
Marine & Rail,Rail Network Inspection,6,6,34.7,2.34,Foggy,Day,86.2,205.5
Oil & Gas,Pipeline Pumping,6,9,76.5,3.22,Sunny,Day,78.6,136.7
Data Center Power,Cooling System Inspection,6,7,24.0,9.3,Cloudy,Day,84.7,71.7
Construction,Road Building,5,3,18.1,7.34,Sunny,Day,95.4,330.0
Data Center Power,Backup Generator Testing,7,9,15.8,3.9,Sunny,Day,83.2,71.6
Construction,Excavation,5,7,43.1,7.04,Cloudy,Night,104.0,201.2
Oil & Gas,Well Drilling,6,9,16.4,5.56,Cloudy,Day,97.9,283.9
Mining,Surface Excavation,7,5,35.7,13.13,Cloudy,Day,106.4,275.6
Oil & Gas,Well Servicing,6,9,16.4,1.23,Sunny,Night,80.5,189.1
Marine & Rail,Tugboat Engine Service,7,6,58.8,7.5,Sunny,Day,99.0,232.5
Data Center Power,Backup Generator Testing,6,8,28.7,1.92,Sunny,Day,85.6,70.2
Oil & Gas,Pipeline Pumping,4,8,17.0,8.51,Cloudy,Night,97.8,139.5
Data Center Power,Cooling System Inspection,4,8,11.6,3.55,Rainy,Day,84.2,57.1
Construction,Foundation Work,6,9,50.5,6.61,Sunny,Night,88.2,213.3
Mining,Aggregate Collection,4,6,55.2,10.47,Foggy,Night,107.5,82.8
Data Center Power,Emergency Power Deployment,5,8,12.4,7.05,Sunny,Night,84.7,94.3
Oil & Gas,Well Servicing,7,8,9.0,15.5,Sunny,Day,93.6,254.5
Marine & Rail,Locomotive Maintenance,6,5,32.0,3.34,Cloudy,Day,87.5,265.7
Data Center Power,Emergency Power Deployment,5,8,11.7,9.09,Sunny,Night,88.7,98.2
Data Center Power,Backup Generator Testing,6,8,47.8,1.24,Foggy,Day,88.0,76.6
Marine & Rail,Rail Network Inspection,5,8,46.0,5.73,Sunny,Night,81.4,161.1
Mining,Hauling Ore,8,7,66.7,7.15,Rainy,Day,100.6,176.6
Mining,Surface Excavation,4,9,32.0,10.67,Sunny,Night,87.0,140.6
Oil & Gas,Well Drilling,7,7,32.8,8.35,Sunny,Night,92.4,425.5
Oil & Gas,Well Servicing,5,9,17.9,12.8,Foggy,Night,89.7,225.6
Mining,Surface Excavation,5,8,29.9,8.58,Rainy,Day,97.7,170.4
Mining,Aggregate Collection,6,8,66.7,2.07,Cloudy,Night,90.7,80.0
Mining,Surface Excavation,7,5,63.4,10.8,Cloudy,Day,98.6,271.6
Mining,Drilling,9,10,36.0,9.54,Sunny,Day,89.9,213.2
Mining,Hauling Ore,8,8,34.0,7.9,Sunny,Night,115.0,164.5
Mining,Aggregate Collection,7,6,27.4,4.13,Cloudy,Day,87.2,80.8
Oil & Gas,Well Drilling,6,7,22.6,7.79,Sunny,Night,102.2,388.4
Marine & Rail,Tugboat Engine Service,6,7,47.7,7.19,Sunny,Day,107.5,198.5
Data Center Power,Generator Maintenance,5,8,20.9,4.04,Sunny,Day,97.7,96.7
Data Center Power,Backup Generator Testing,4,8,34.2,5.14,Sunny,Night,81.2,67.1
Data Center Power,Emergency Power Deployment,7,9,14.4,5.29,Cloudy,Day,107.2,104.5
Construction,Material Loading,6,10,26.1,16.44,Sunny,Day,101.9,69.3
Construction,Demolition,7,6,42.2,2.64,Rainy,Day,88.9,255.2
Marine & Rail,Locomotive Maintenance,4,8,58.1,5.57,Foggy,Day,91.2,196.5
Construction,Site Preparation,5,9,19.6,6.15,Cloudy,Day,96.2,136.6
Data Center Power,Backup Generator Testing,2,8,37.3,4.05,Cloudy,Night,75.5,58.6
Mining,Drilling,4,7,43.0,6.99,Foggy,Night,113.0,251.5
Marine & Rail,Tugboat Engine Service,6,9,41.7,12.05,Rainy,Night,92.2,180.8
Oil & Gas,Well Servicing,8,8,16.9,8.15,Sunny,Day,89.8,257.6
Construction,Road Building,4,7,63.2,2.57,Rainy,Night,88.2,279.8
Oil & Gas,Well Servicing,8,8,26.6,2.58,Cloudy,Night,83.6,270.2
Construction,Road Building,4,9,28.8,5.57,Cloudy,Day,95.7,186.3
Marine & Rail,Rail Network Inspection,3,8,28.9,1.91,Rainy,Night,72.9,148.7
Construction,Material Loading,1,7,16.1,8.89,Rainy,Day,93.1,53.3
Oil & Gas,Pipeline Pumping,5,9,38.9,9.21,Cloudy,Day,101.2,139.1
Oil & Gas,Pipeline Pumping,6,7,40.7,15.32,Sunny,Day,99.8,170.7
Data Center Power,Cooling System Inspection,5,7,32.3,5.85,Foggy,Day,84.8,68.7
Oil & Gas,Well Servicing,5,8,34.9,3.15,Rainy,Day,76.6,214.4
Data Center Power,Backup Generator Testing,5,6,69.3,5.34,Sunny,Night,84.5,85.7
Oil & Gas,Well Servicing,7,9,22.7,10.88,Sunny,Day,91.1,217.3
Marine & Rail,Locomotive Maintenance,6,8,48.2,3.4,Sunny,Night,87.7,232.7
Construction,Site Preparation,4,7,71.6,8.68,Sunny,Day,93.7,157.9
Oil & Gas,Pipeline Pumping,6,9,44.1,10.17,Cloudy,Day,93.2,153.5
Marine & Rail,Locomotive Maintenance,6,10,66.0,12.42,Sunny,Day,97.5,200.4
Oil & Gas,Pipeline Pumping,6,8,34.6,9.27,Sunny,Night,94.3,159.0
Mining,Aggregate Collection,8,6,70.2,12.2,Sunny,Day,95.0,103.0
Oil & Gas,Well Drilling,6,10,28.9,1.68,Sunny,Day,105.7,248.5
Mining,Surface Excavation,3,10,38.1,8.08,Cloudy,Day,98.4,111.0
Construction,Excavation,4,7,63.6,3.83,Foggy,Day,92.6,175.2
Construction,Foundation Work,6,7,23.4,5.66,Rainy,Day,85.8,261.8
Construction,Foundation Work,7,8,62.8,7.23,Rainy,Day,114.0,338.8
Marine & Rail,Freight Operations,6,9,44.4,9.87,Foggy,Night,93.6,281.1
Oil & Gas,Well Servicing,6,8,44.0,5.27,Cloudy,Day,98.0,226.3
Oil & Gas,Pipeline Pumping,4,6,48.8,10.71,Sunny,Night,92.8,166.2
Construction,Demolition,6,8,18.6,4.39,Cloudy,Day,101.1,182.6
Mining,Surface Excavation,5,8,14.7,17.64,Rainy,Day,102.4,198.9
Marine & Rail,Rail Network Inspection,5,6,16.1,6.59,Sunny,Day,84.3,151.4
Marine & Rail,Locomotive Maintenance,7,8,42.5,11.96,Cloudy,Day,102.2,268.9
Marine & Rail,Rail Network Inspection,2,8,68.8,9.88,Cloudy,Day,78.1,128.8
Construction,Material Loading,3,7,21.1,11.07,Sunny,Day,99.7,58.8
Data Center Power,Emergency Power Deployment,6,6,41.6,9.91,Foggy,Day,97.2,135.0
Construction,Excavation,6,9,27.2,7.06,Sunny,Day,95.6,150.3
Construction,Road Building,7,8,29.4,5.43,Cloudy,Day,95.7,265.0
Data Center Power,Backup Generator Testing,5,8,24.7,7.13,Sunny,Day,87.0,65.9
Mining,Hauling Ore,5,8,57.8,12.03,Cloudy,Night,104.5,128.4
Marine & Rail,Freight Operations,4,8,56.7,10.46,Sunny,Day,98.1,201.0
Oil & Gas,Well Drilling,6,7,38.0,7.68,Rainy,Night,97.7,457.5
Oil & Gas,Well Drilling,5,9,37.8,6.45,Rainy,Night,95.1,337.0
Oil & Gas,Well Drilling,7,8,27.5,13.93,Rainy,Night,102.7,498.6
Construction,Foundation Work,7,6,43.7,9.39,Sunny,Night,104.8,336.3
Construction,Demolition,6,8,16.7,8.93,Cloudy,Day,102.8,195.1
Construction,Excavation,6,4,57.1,6.99,Rainy,Day,109.7,319.8
Marine & Rail,Rail Network Inspection,4,7,56.2,11.74,Cloudy,Day,90.1,161.5
Data Center Power,Cooling System Inspection,6,8,47.1,5.83,Sunny,Night,85.0,77.1
Marine & Rail,Freight Operations,5,7,26.8,8.29,Cloudy,Day,87.6,204.9
Marine & Rail,Locomotive Maintenance,5,7,54.8,0.98,Sunny,Day,88.1,203.6
Mining,Drilling,5,7,77.2,13.27,Rainy,Day,91.4,283.0
Marine & Rail,Locomotive Maintenance,4,7,17.1,9.55,Cloudy,Day,94.1,208.0
Oil & Gas,Pipeline Pumping,4,8,6.7,5.39,Cloudy,Day,100.9,126.9
Construction,Site Preparation,8,9,22.4,5.92,Cloudy,Day,93.6,171.6
Mining,Hauling Ore,4,6,48.0,10.86,Sunny,Night,94.4,118.8
Mining,Hauling Ore,5,8,74.2,8.58,Rainy,Night,99.6,138.3
Oil & Gas,Well Servicing,6,9,52.3,5.43,Cloudy,Day,104.5,216.1
Marine & Rail,Freight Operations,5,7,13.6,7.41,Sunny,Night,115.0,256.3
Oil & Gas,Well Drilling,4,9,49.6,9.57,Sunny,Night,108.5,305.6
Data Center Power,Backup Generator Testing,5,8,31.5,5.74,Sunny,Day,74.0,67.3
Oil & Gas,Pipeline Pumping,7,7,55.5,4.58,Rainy,Night,85.3,189.3
Construction,Excavation,6,8,21.7,1.77,Sunny,Day,93.2,158.3
Marine & Rail,Freight Operations,6,5,30.7,5.89,Foggy,Day,104.3,299.5
Construction,Foundation Work,5,7,66.9,3.73,Sunny,Night,78.7,228.6
Data Center Power,Cooling System Inspection,4,8,20.9,4.49,Sunny,Day,105.4,62.1
Construction,Excavation,4,8,17.0,1.7,Cloudy,Day,96.4,135.7
Oil & Gas,Well Servicing,7,8,28.7,10.89,Rainy,Day,97.2,288.5
Construction,Demolition,6,4,43.0,9.12,Sunny,Night,98.9,286.3
Oil & Gas,Well Servicing,8,7,24.1,6.59,Cloudy,Day,86.7,273.6
Mining,Surface Excavation,5,8,57.6,3.14,Rainy,Night,101.7,187.8
Construction,Demolition,9,10,39.9,5.68,Sunny,Day,91.4,186.5
Oil & Gas,Well Servicing,8,8,39.3,7.97,Sunny,Day,91.8,271.2
Mining,Drilling,7,8,10.0,6.8,Cloudy,Night,96.0,222.7
Construction,Material Loading,5,8,35.7,7.02,Rainy,Day,101.3,74.2
Construction,Excavation,7,6,64.8,11.54,Sunny,Night,99.8,284.0
Data Center Power,Emergency Power Deployment,8,8,28.1,7.18,Sunny,Day,95.8,120.1
Marine & Rail,Tugboat Engine Service,6,8,62.4,2.34,Sunny,Day,89.5,157.9
Marine & Rail,Locomotive Maintenance,3,7,29.1,4.34,Sunny,Day,89.8,175.3
Oil & Gas,Gas Compression Service,7,10,57.1,10.46,Sunny,Night,96.8,177.9
Marine & Rail,Locomotive Maintenance,7,9,28.0,10.5,Sunny,Day,103.1,224.6
Data Center Power,Generator Maintenance,7,9,30.7,1.77,Cloudy,Night,86.5,111.0
Construction,Foundation Work,5,8,31.1,9.45,Cloudy,Day,103.6,205.1
Construction,Foundation Work,6,7,56.0,7.82,Sunny,Day,95.7,246.8
Data Center Power,Backup Generator Testing,6,10,57.7,3.13,Cloudy,Day,88.0,70.9
Oil & Gas,Well Servicing,6,8,21.2,1.88,Sunny,Day,85.9,201.7
Mining,Aggregate Collection,6,7,50.4,4.22,Sunny,Day,90.4,74.8
Oil & Gas,Well Servicing,7,9,3.3,4.49,Sunny,Day,89.9,187.5
Mining,Drilling,8,8,15.4,4.96,Cloudy,Day,95.7,228.0
Construction,Site Preparation,4,9,22.6,2.54,Sunny,Day,100.6,121.7
Mining,Aggregate Collection,4,7,69.3,4.98,Sunny,Night,100.2,72.3
Mining,Hauling Ore,4,8,31.3,9.61,Rainy,Night,98.4,119.6
Construction,Foundation Work,3,8,72.8,2.09,Sunny,Day,88.3,175.0
Marine & Rail,Locomotive Maintenance,3,9,46.8,7.85,Sunny,Night,97.5,172.4
Data Center Power,Backup Generator Testing,5,6,21.5,1.48,Rainy,Day,86.8,73.0
Oil & Gas,Pipeline Pumping,6,7,56.0,10.78,Rainy,Day,97.7,177.1
Mining,Aggregate Collection,6,6,30.8,12.47,Cloudy,Day,98.2,81.9
Oil & Gas,Pipeline Pumping,6,8,14.1,3.04,Sunny,Day,87.0,132.8
Construction,Road Building,6,10,23.2,4.01,Rainy,Day,86.1,214.3
Marine & Rail,Locomotive Maintenance,5,8,52.8,15.1,Sunny,Day,89.8,229.5
Construction,Excavation,5,9,29.9,6.84,Rainy,Day,88.9,164.6
Oil & Gas,Gas Compression Service,5,9,39.1,12.46,Cloudy,Night,102.0,179.3
Oil & Gas,Gas Compression Service,9,7,42.1,2.18,Sunny,Day,106.2,245.2
Marine & Rail,Freight Operations,6,10,21.3,6.19,Cloudy,Night,98.8,205.7
Data Center Power,Generator Maintenance,5,6,54.1,2.34,Sunny,Day,87.3,117.3
Construction,Foundation Work,7,10,17.4,11.1,Cloudy,Day,102.4,197.5
Mining,Aggregate Collection,4,9,17.5,9.89,Cloudy,Day,110.0,65.5
Marine & Rail,Locomotive Maintenance,7,9,34.2,5.81,Sunny,Day,100.2,209.0
Mining,Surface Excavation,5,8,16.6,12.14,Rainy,Day,92.7,179.0
Mining,Surface Excavation,8,6,14.7,6.87,Sunny,Day,104.9,230.9
Construction,Demolition,5,7,16.6,7.06,Cloudy,Night,92.3,201.0
Construction,Foundation Work,7,6,73.5,0.15,Sunny,Day,85.9,292.7
Marine & Rail,Locomotive Maintenance,4,5,24.3,12.25,Cloudy,Night,90.5,277.0
Marine & Rail,Freight Operations,6,8,14.1,10.87,Sunny,Day,104.4,220.0
Oil & Gas,Well Servicing,7,5,30.7,5.38,Sunny,Night,89.5,321.5
Marine & Rail,Freight Operations,6,9,32.0,1.59,Rainy,Night,93.7,246.0
Marine & Rail,Locomotive Maintenance,5,6,57.1,3.3,Rainy,Day,85.8,239.3
Oil & Gas,Pipeline Pumping,6,9,37.1,5.82,Rainy,Day,96.9,147.5
Data Center Power,Emergency Power Deployment,6,8,9.4,4.8,Cloudy,Day,94.4,95.3
Construction,Excavation,7,8,65.0,7.03,Sunny,Night,98.1,228.0
Oil & Gas,Pipeline Pumping,3,8,27.7,8.94,Sunny,Day,89.7,119.2
Oil & Gas,Well Servicing,7,7,22.3,2.79,Sunny,Day,83.6,235.2
Data Center Power,Generator Maintenance,6,9,2.0,5.19,Cloudy,Day,97.2,95.1
Mining,Surface Excavation,7,9,63.9,11.04,Sunny,Day,100.9,182.1
Data Center Power,Emergency Power Deployment,6,9,12.7,4.19,Sunny,Night,97.9,90.3
Marine & Rail,Locomotive Maintenance,7,5,71.8,11.04,Sunny,Day,78.7,349.7
Data Center Power,Generator Maintenance,6,8,15.5,5.58,Cloudy,Night,96.4,114.2
Mining,Hauling Ore,6,9,15.0,8.55,Cloudy,Day,99.6,106.4
Mining,Surface Excavation,6,6,14.0,3.26,Sunny,Day,93.6,174.8
Oil & Gas,Well Servicing,5,6,46.0,6.17,Rainy,Night,91.7,311.6
Oil & Gas,Gas Compression Service,4,10,22.4,2.12,Sunny,Day,94.8,107.1
Marine & Rail,Rail Network Inspection,6,7,26.6,13.99,Rainy,Night,96.6,220.4
Mining,Surface Excavation,9,9,50.3,6.27,Sunny,Day,93.7,192.9
Mining,Aggregate Collection,4,8,7.8,3.36,Cloudy,Day,93.6,56.9
Oil & Gas,Pipeline Pumping,7,6,29.6,4.54,Sunny,Day,87.1,170.0
Oil & Gas,Pipeline Pumping,6,8,60.9,4.27,Sunny,Day,99.8,146.7
Construction,Demolition,7,6,39.7,5.92,Cloudy,Day,96.0,234.0
Oil & Gas,Pipeline Pumping,5,6,10.6,2.36,Cloudy,Day,83.9,131.7
Construction,Excavation,6,6,43.4,10.83,Sunny,Night,93.5,229.9
Mining,Hauling Ore,6,9,67.6,7.72,Cloudy,Night,95.2,122.6
Marine & Rail,Locomotive Maintenance,8,9,18.3,13.06,Rainy,Night,88.9,258.3
Marine & Rail,Rail Network Inspection,3,6,35.9,9.26,Cloudy,Day,89.8,143.1
Marine & Rail,Tugboat Engine Service,7,7,53.1,12.41,Cloudy,Day,93.7,228.0
Oil & Gas,Well Drilling,5,9,27.1,12.58,Sunny,Night,97.1,311.8
Data Center Power,Backup Generator Testing,6,6,41.1,5.41,Cloudy,Day,86.7,84.6
Oil & Gas,Well Servicing,6,8,22.7,5.77,Sunny,Day,99.4,212.8
Oil & Gas,Pipeline Pumping,6,7,14.2,13.3,Sunny,Day,79.3,153.1
Marine & Rail,Rail Network Inspection,5,8,27.2,4.01,Cloudy,Night,75.8,158.5
Construction,Excavation,7,10,73.7,8.8,Cloudy,Day,101.3,183.2
Data Center Power,Emergency Power Deployment,7,8,39.0,1.61,Cloudy,Day,87.6,110.0
Oil & Gas,Pipeline Pumping,6,7,51.9,8.89,Sunny,Night,92.2,176.8
Construction,Demolition,8,9,32.2,3.94,Sunny,Day,87.9,185.0
Oil & Gas,Pipeline Pumping,8,6,36.4,10.19,Cloudy,Day,102.1,210.4
Mining,Hauling Ore,5,5,14.0,11.83,Sunny,Night,97.9,124.2
Marine & Rail,Freight Operations,5,5,45.7,12.97,Cloudy,Night,103.8,276.6
Data Center Power,Cooling System Inspection,4,9,67.8,3.4,Cloudy,Day,87.6,60.1
Construction,Material Loading,4,6,52.1,12.75,Rainy,Night,94.2,90.1
Construction,Demolition,8,6,59.5,13.85,Sunny,Day,97.1,304.6
Construction,Foundation Work,7,6,36.8,0.28,Rainy,Night,94.2,324.7
Oil & Gas,Well Servicing,6,7,28.2,7.47,Sunny,Day,86.7,243.5
Construction,Material Loading,4,9,36.9,1.44,Cloudy,Day,97.8,52.1
Data Center Power,Cooling System Inspection,3,5,22.7,2.54,Foggy,Day,74.9,60.9
Construction,Material Loading,2,9,27.3,7.81,Cloudy,Day,92.1,46.9
Oil & Gas,Well Drilling,7,3,29.0,3.87,Rainy,Night,90.8,625.5
Marine & Rail,Freight Operations,6,7,71.6,5.75,Sunny,Night,93.1,257.2
Marine & Rail,Tugboat Engine Service,3,7,69.0,4.95,Sunny,Day,87.8,143.8
Mining,Drilling,6,6,38.4,3.99,Sunny,Day,96.6,230.5
Data Center Power,Emergency Power Deployment,6,9,7.8,2.85,Cloudy,Day,90.3,81.5
Construction,Foundation Work,8,9,13.2,0.32,Rainy,Day,84.8,234.6
Marine & Rail,Freight Operations,3,8,21.7,7.05,Rainy,Night,107.4,231.7
Construction,Site Preparation,5,8,8.8,1.81,Sunny,Night,94.2,137.6
Oil & Gas,Well Drilling,8,9,45.8,1.86,Rainy,Day,96.9,393.9
Mining,Surface Excavation,7,5,45.5,3.96,Sunny,Day,99.8,238.1
Data Center Power,Emergency Power Deployment,8,7,56.1,7.87,Rainy,Night,96.6,163.3
Oil & Gas,Gas Compression Service,4,6,44.8,8.37,Cloudy,Night,101.1,208.6
Mining,Aggregate Collection,5,6,49.5,13.98,Sunny,Day,96.3,76.2
Marine & Rail,Locomotive Maintenance,5,10,34.9,3.47,Foggy,Day,87.4,150.4
Oil & Gas,Well Drilling,8,9,40.7,4.3,Rainy,Night,93.4,415.5
Mining,Aggregate Collection,2,5,20.4,8.65,Cloudy,Day,104.8,60.5
Marine & Rail,Freight Operations,7,8,39.9,5.43,Sunny,Night,97.0,252.3
Oil & Gas,Well Servicing,9,8,28.2,4.57,Sunny,Night,91.6,291.7
Mining,Hauling Ore,7,8,59.0,5.81,Cloudy,Day,99.5,128.6
Data Center Power,Emergency Power Deployment,5,9,60.7,5.86,Foggy,Night,79.6,96.6
Data Center Power,Emergency Power Deployment,7,6,33.3,2.8,Sunny,Night,87.7,130.3
Marine & Rail,Tugboat Engine Service,4,8,18.8,9.56,Cloudy,Night,93.5,156.9
Construction,Material Loading,7,8,25.9,4.28,Sunny,Night,107.1,83.0
Oil & Gas,Pipeline Pumping,5,5,16.9,4.62,Sunny,Day,88.9,143.8
Data Center Power,Cooling System Inspection,5,8,37.6,4.21,Rainy,Night,78.0,69.2
Mining,Hauling Ore,4,7,49.0,16.06,Sunny,Day,109.4,127.0
Oil & Gas,Gas Compression Service,7,9,15.2,8.29,Sunny,Day,89.7,157.5
Mining,Drilling,8,6,16.9,9.68,Cloudy,Day,101.8,279.7
Construction,Foundation Work,8,6,39.1,3.09,Sunny,Day,92.7,289.7
Construction,Demolition,6,9,90.9,9.52,Cloudy,Day,102.9,202.7
Construction,Demolition,8,4,40.3,10.71,Sunny,Day,88.4,328.9
Mining,Drilling,8,8,57.8,7.74,Sunny,Day,88.2,258.1
Data Center Power,Emergency Power Deployment,6,8,27.5,11.49,Sunny,Night,100.7,114.9
Construction,Site Preparation,6,8,20.9,0.93,Cloudy,Night,96.1,152.3
Construction,Road Building,7,7,44.5,2.41,Sunny,Night,93.1,298.6
Data Center Power,Cooling System Inspection,4,8,32.6,3.57,Rainy,Day,81.0,59.9
Mining,Surface Excavation,6,7,70.7,8.92,Rainy,Day,99.1,237.4
Oil & Gas,Pipeline Pumping,6,9,9.4,0.56,Sunny,Night,93.0,137.3
Marine & Rail,Tugboat Engine Service,8,7,38.6,19.0,Sunny,Day,93.8,251.3
Construction,Material Loading,4,8,29.8,6.8,Rainy,Night,93.3,70.7
Mining,Surface Excavation,6,8,1.9,8.3,Cloudy,Day,96.1,159.1
Marine & Rail,Tugboat Engine Service,5,8,11.2,0.66,Sunny,Night,85.3,139.2
Marine & Rail,Rail Network Inspection,5,8,14.8,8.65,Foggy,Day,93.0,177.9
Oil & Gas,Well Servicing,4,9,33.4,11.35,Cloudy,Night,98.2,196.1
Mining,Drilling,7,9,25.9,3.56,Rainy,Night,94.4,223.7
Mining,Aggregate Collection,4,7,26.3,4.61,Sunny,Day,94.1,59.8
Marine & Rail,Locomotive Maintenance,6,7,12.2,7.66,Sunny,Day,88.6,220.1
Oil & Gas,Well Drilling,6,8,50.1,4.07,Cloudy,Day,84.3,327.7
Mining,Aggregate Collection,4,7,20.8,6.23,Sunny,Day,94.2,62.3
Oil & Gas,Well Servicing,5,7,45.5,1.18,Cloudy,Night,91.1,233.3
Construction,Demolition,5,6,16.4,9.5,Foggy,Night,96.5,241.5
Construction,Foundation Work,9,8,11.3,6.79,Sunny,Day,87.6,248.1
Construction,Material Loading,3,8,23.6,5.21,Sunny,Night,84.7,57.5
Marine & Rail,Tugboat Engine Service,4,8,44.5,2.89,Sunny,Day,84.0,133.7
Oil & Gas,Pipeline Pumping,6,8,52.5,8.61,Sunny,Day,90.5,161.6
Data Center Power,Generator Maintenance,7,6,70.1,13.63,Cloudy,Day,109.2,202.1
Marine & Rail,Tugboat Engine Service,6,7,61.1,5.75,Sunny,Day,85.5,178.7
Construction,Site Preparation,4,6,90.8,0.69,Sunny,Day,91.9,149.2
Data Center Power,Backup Generator Testing,5,8,16.4,3.82,Sunny,Day,78.4,66.1
Mining,Drilling,6,8,28.6,11.32,Sunny,Night,102.9,238.5
Data Center Power,Emergency Power Deployment,8,7,61.0,2.5,Cloudy,Day,95.7,136.1
Oil & Gas,Well Servicing,6,9,61.7,6.29,Foggy,Day,92.6,224.1
Mining,Hauling Ore,4,8,41.0,3.75,Cloudy,Night,97.5,99.3
Marine & Rail,Freight Operations,8,4,44.6,7.82,Sunny,Day,90.4,317.0
Marine & Rail,Tugboat Engine Service,8,5,30.5,2.39,Cloudy,Day,96.4,239.6
Data Center Power,Generator Maintenance,7,6,44.4,1.99,Sunny,Night,89.6,148.8
Marine & Rail,Rail Network Inspection,5,8,12.2,4.58,Rainy,Night,83.0,170.4
Marine & Rail,Locomotive Maintenance,8,9,26.3,4.68,Rainy,Day,89.2,222.7
Mining,Drilling,5,6,10.1,8.03,Rainy,Night,99.9,269.2
Construction,Material Loading,4,7,32.4,6.37,Rainy,Day,96.5,71.8
Construction,Road Building,7,7,22.1,1.9,Sunny,Day,95.5,255.3
Oil & Gas,Well Servicing,8,8,42.2,8.78,Sunny,Night,91.1,304.7
Oil & Gas,Gas Compression Service,3,7,51.6,5.9,Sunny,Day,85.9,154.4
Construction,Material Loading,4,7,31.1,3.13,Sunny,Day,93.5,58.6
Data Center Power,Backup Generator Testing,6,7,25.3,6.29,Cloudy,Night,82.5,84.4
Marine & Rail,Tugboat Engine Service,7,6,28.3,8.26,Sunny,Day,101.4,214.0
Oil & Gas,Well Servicing,6,10,10.7,6.01,Sunny,Day,88.0,170.1
Oil & Gas,Well Drilling,7,8,31.9,3.05,Sunny,Day,92.3,341.5
Oil & Gas,Gas Compression Service,3,9,80.6,4.58,Sunny,Day,98.3,128.1
Data Center Power,Cooling System Inspection,4,9,34.5,7.93,Foggy,Day,81.6,58.7
Marine & Rail,Tugboat Engine Service,6,9,32.8,4.95,Cloudy,Night,100.6,156.8
Mining,Hauling Ore,3,6,23.5,9.46,Cloudy,Day,96.5,98.8
Construction,Road Building,5,8,17.3,10.02,Cloudy,Night,110.8,278.9
Oil & Gas,Well Drilling,8,9,31.3,1.4,Sunny,Day,94.0,326.3
Oil & Gas,Well Servicing,5,8,14.0,9.61,Sunny,Night,108.0,247.4
Marine & Rail,Tugboat Engine Service,8,6,19.7,7.12,Cloudy,Day,90.8,216.4
Marine & Rail,Rail Network Inspection,5,9,50.1,10.96,Sunny,Day,88.0,152.2
Data Center Power,Generator Maintenance,3,6,61.0,2.92,Sunny,Night,94.5,112.2
Construction,Foundation Work,6,10,37.4,11.53,Sunny,Day,101.9,177.1
Marine & Rail,Locomotive Maintenance,7,9,22.1,9.17,Sunny,Night,105.5,239.0
Construction,Material Loading,4,7,48.9,12.7,Sunny,Day,105.3,71.9
Oil & Gas,Well Servicing,8,8,8.0,4.98,Rainy,Day,78.9,257.5
Data Center Power,Cooling System Inspection,4,8,56.4,4.82,Sunny,Night,79.2,64.3
Data Center Power,Cooling System Inspection,4,8,18.0,2.67,Cloudy,Day,89.0,59.3
Oil & Gas,Pipeline Pumping,3,7,46.0,6.99,Sunny,Night,99.4,134.4
Mining,Surface Excavation,6,9,58.4,9.46,Sunny,Day,95.7,161.9
Marine & Rail,Locomotive Maintenance,7,8,65.3,2.98,Rainy,Night,90.6,271.9
Data Center Power,Generator Maintenance,6,5,21.6,3.42,Sunny,Night,82.6,141.0
Oil & Gas,Well Drilling,8,7,12.1,8.67,Sunny,Day,98.0,409.0
Marine & Rail,Locomotive Maintenance,4,8,73.7,6.27,Foggy,Day,88.6,206.3
Mining,Drilling,4,8,59.0,9.73,Cloudy,Night,102.2,211.7
Oil & Gas,Well Servicing,8,6,24.4,12.9,Cloudy,Day,106.9,365.6
Marine & Rail,Tugboat Engine Service,6,7,25.2,4.05,Sunny,Day,82.1,165.3
Construction,Excavation,7,7,60.6,3.92,Cloudy,Day,103.8,229.2
Marine & Rail,Freight Operations,4,8,10.1,5.09,Cloudy,Night,105.5,199.3
Mining,Aggregate Collection,5,8,28.5,6.5,Sunny,Night,102.0,71.6
Data Center Power,Cooling System Inspection,7,7,29.2,1.74,Rainy,Day,88.6,77.1
Oil & Gas,Well Drilling,7,9,52.9,0.9,Sunny,Day,98.4,308.1
Oil & Gas,Well Drilling,5,9,39.8,2.6,Cloudy,Day,84.1,257.6
Mining,Hauling Ore,4,7,3.0,3.62,Sunny,Day,97.8,84.0
Mining,Hauling Ore,3,9,63.1,7.88,Rainy,Day,95.1,97.2
Oil & Gas,Well Drilling,5,8,8.9,0.83,Sunny,Day,91.6,259.5
Data Center Power,Emergency Power Deployment,7,7,24.4,2.22,Sunny,Day,81.7,111.5
Data Center Power,Emergency Power Deployment,7,5,23.7,7.77,Rainy,Day,115.0,174.1
Construction,Foundation Work,6,5,23.3,7.83,Sunny,Night,95.1,285.9
Construction,Material Loading,5,8,45.8,11.94,Cloudy,Night,109.9,87.3
Data Center Power,Backup Generator Testing,8,10,23.3,2.81,Sunny,Day,73.7,74.4
Data Center Power,Emergency Power Deployment,6,9,30.6,4.94,Sunny,Day,88.7,88.6
Oil & Gas,Pipeline Pumping,6,9,18.1,7.38,Sunny,Day,84.1,134.0
Oil & Gas,Pipeline Pumping,5,9,35.6,9.99,Sunny,Day,93.1,138.1
Construction,Foundation Work,8,7,22.5,9.89,Sunny,Night,84.7,294.1
Data Center Power,Generator Maintenance,7,8,13.8,3.84,Rainy,Night,90.7,122.8
Mining,Drilling,3,9,49.0,3.01,Cloudy,Day,100.5,145.0
Construction,Road Building,6,8,35.5,4.82,Sunny,Day,100.9,245.7
Marine & Rail,Tugboat Engine Service,7,9,40.3,6.01,Sunny,Night,96.5,170.1
Construction,Material Loading,5,7,49.6,8.54,Sunny,Day,96.3,68.8
Oil & Gas,Pipeline Pumping,7,9,77.7,2.9,Cloudy,Day,96.9,168.5
Oil & Gas,Well Drilling,9,9,28.4,6.09,Sunny,Day,91.6,365.7
Mining,Drilling,7,5,10.5,6.73,Rainy,Day,98.0,311.2
Oil & Gas,Pipeline Pumping,4,8,4.2,9.13,Sunny,Day,96.7,119.2
Data Center Power,Backup Generator Testing,4,8,15.0,12.11,Sunny,Day,90.4,65.4
Oil & Gas,Well Drilling,7,8,5.3,8.55,Sunny,Day,93.9,335.1
Data Center Power,Backup Generator Testing,7,8,14.5,4.78,Sunny,Night,85.1,83.1
Construction,Excavation,8,7,54.2,6.19,Sunny,Day,95.0,237.8
Marine & Rail,Locomotive Maintenance,7,9,35.6,9.79,Sunny,Day,97.4,223.8
Construction,Road Building,5,6,26.8,11.33,Sunny,Night,113.6,361.1
Oil & Gas,Well Servicing,4,9,36.7,12.65,Cloudy,Day,94.2,193.0
Construction,Excavation,6,9,12.8,9.9,Sunny,Day,94.2,155.5
Data Center Power,Cooling System Inspection,3,9,9.1,2.9,Cloudy,Day,82.2,49.9
Construction,Foundation Work,6,6,11.4,13.76,Cloudy,Day,83.9,253.6
Mining,Hauling Ore,7,9,7.7,7.73,Rainy,Day,98.6,122.1
Oil & Gas,Well Servicing,8,7,37.0,7.08,Rainy,Day,89.6,338.3
Construction,Site Preparation,4,7,14.7,1.93,Cloudy,Day,89.6,127.0
Data Center Power,Generator Maintenance,8,8,32.8,1.05,Sunny,Day,74.2,118.4
Construction,Foundation Work,8,8,18.0,1.81,Rainy,Night,89.0,275.5
Mining,Surface Excavation,7,7,52.5,3.35,Rainy,Day,97.2,220.2
Data Center Power,Emergency Power Deployment,4,7,40.2,2.37,Sunny,Day,93.6,89.4
Mining,Drilling,6,9,59.0,5.85,Cloudy,Night,94.0,201.4
Marine & Rail,Freight Operations,8,10,52.2,4.94,Sunny,Day,90.7,240.6
Oil & Gas,Pipeline Pumping,5,10,37.7,2.6,Sunny,Day,95.9,114.5
Mining,Surface Excavation,6,8,22.7,5.78,Sunny,Day,104.1,163.7
Mining,Hauling Ore,6,6,16.4,2.67,Sunny,Night,100.0,114.9
Oil & Gas,Gas Compression Service,4,10,75.4,7.36,Sunny,Night,94.7,139.9
Construction,Material Loading,4,7,28.9,4.7,Cloudy,Day,88.6,59.3
Oil & Gas,Pipeline Pumping,3,10,65.6,11.75,Sunny,Night,101.3,130.7
Oil & Gas,Well Drilling,9,9,15.6,7.72,Cloudy,Day,101.6,363.1
Mining,Surface Excavation,5,8,18.0,8.41,Sunny,Day,114.7,178.0
Marine & Rail,Tugboat Engine Service,7,8,52.9,7.03,Cloudy,Day,86.2,187.8
Marine & Rail,Locomotive Maintenance,5,7,23.5,10.59,Rainy,Day,88.4,223.4
Mining,Drilling,6,7,32.3,2.93,Rainy,Day,89.6,245.7
Marine & Rail,Locomotive Maintenance,8,9,5.6,9.7,Sunny,Night,89.5,225.0
Construction,Excavation,6,8,45.8,4.88,Foggy,Day,99.6,184.2
Data Center Power,Emergency Power Deployment,6,3,73.7,0.52,Sunny,Day,84.1,146.7
Mining,Drilling,6,8,33.8,8.43,Sunny,Day,99.9,209.6
Marine & Rail,Tugboat Engine Service,7,6,41.9,8.05,Sunny,Night,82.6,232.3
Oil & Gas,Gas Compression Service,6,7,18.6,8.64,Sunny,Day,97.3,185.8
Oil & Gas,Well Drilling,6,6,25.3,8.54,Rainy,Night,104.2,501.9
Construction,Demolition,5,7,37.0,4.31,Rainy,Day,99.7,208.3
Oil & Gas,Well Drilling,8,8,50.1,9.42,Cloudy,Day,91.2,446.1
Mining,Hauling Ore,5,7,52.7,7.94,Sunny,Night,100.6,116.8
Construction,Excavation,7,8,21.3,1.81,Sunny,Day,99.4,169.8
Construction,Demolition,5,7,3.9,5.28,Sunny,Day,88.7,173.6
Marine & Rail,Locomotive Maintenance,5,5,52.4,2.72,Rainy,Night,90.9,272.6
Data Center Power,Generator Maintenance,6,7,15.1,5.67,Rainy,Night,89.5,125.4
Construction,Material Loading,6,7,34.7,5.64,Cloudy,Night,90.8,77.4
Marine & Rail,Locomotive Maintenance,7,6,29.2,10.78,Sunny,Night,87.1,302.6
Mining,Surface Excavation,7,5,46.1,3.58,Cloudy,Night,92.0,251.3
Mining,Drilling,9,6,43.8,8.77,Rainy,Day,96.2,366.6
Oil & Gas,Well Servicing,4,8,65.3,11.13,Cloudy,Day,95.5,236.5
Oil & Gas,Pipeline Pumping,5,6,42.6,12.8,Sunny,Night,93.4,179.5
Marine & Rail,Locomotive Maintenance,8,7,21.7,2.86,Sunny,Day,93.2,245.6
Oil & Gas,Well Servicing,7,8,13.5,4.38,Sunny,Day,104.9,226.5
Mining,Hauling Ore,6,7,46.0,3.24,Sunny,Day,111.3,120.4
Marine & Rail,Locomotive Maintenance,7,6,20.6,7.2,Foggy,Night,94.4,304.7
Oil & Gas,Well Drilling,4,7,20.9,6.68,Cloudy,Day,112.6,341.9
Mining,Drilling,7,9,35.4,7.47,Cloudy,Night,113.5,261.0
Oil & Gas,Gas Compression Service,6,7,63.7,12.05,Cloudy,Day,105.4,237.5
Construction,Road Building,6,9,37.8,7.38,Cloudy,Day,90.6,225.4
Marine & Rail,Locomotive Maintenance,6,9,21.0,7.86,Foggy,Night,90.7,211.5
Data Center Power,Generator Maintenance,3,7,4.6,3.47,Sunny,Night,96.5,96.1
Oil & Gas,Well Drilling,8,8,20.4,4.25,Sunny,Night,95.2,388.9
Oil & Gas,Well Servicing,5,8,19.4,6.71,Rainy,Day,102.1,228.5
Oil & Gas,Pipeline Pumping,6,6,18.3,9.39,Sunny,Day,103.9,161.8
Data Center Power,Emergency Power Deployment,6,8,35.4,5.84,Rainy,Day,90.1,102.7
Construction,Material Loading,4,7,22.0,3.43,Sunny,Night,86.9,60.8
Construction,Road Building,4,8,40.7,2.8,Sunny,Night,89.2,219.6
Construction,Excavation,7,6,11.8,2.22,Cloudy,Day,93.5,202.8
Mining,Drilling,4,8,45.2,6.5,Cloudy,Day,92.0,174.5
Oil & Gas,Gas Compression Service,7,7,37.8,2.5,Cloudy,Day,93.9,199.8
Mining,Drilling,7,9,10.9,4.46,Sunny,Day,107.1,189.1
Data Center Power,Backup Generator Testing,6,9,34.3,9.42,Cloudy,Night,78.0,76.0
Data Center Power,Backup Generator Testing,5,9,16.6,3.8,Sunny,Day,81.7,60.7
Construction,Demolition,5,5,63.9,3.94,Sunny,Night,98.7,245.7
Oil & Gas,Pipeline Pumping,4,8,8.1,5.41,Sunny,Night,84.3,127.1
Marine & Rail,Tugboat Engine Service,8,5,6.5,2.66,Cloudy,Night,96.3,231.8
Mining,Hauling Ore,4,9,34.7,0.57,Cloudy,Day,98.9,83.6
Marine & Rail,Locomotive Maintenance,5,7,26.4,11.81,Rainy,Night,98.0,251.3
Data Center Power,Backup Generator Testing,5,4,10.1,13.03,Sunny,Night,82.7,83.4
Mining,Aggregate Collection,8,8,6.2,2.84,Sunny,Day,102.4,73.6
Construction,Road Building,6,5,17.9,10.88,Rainy,Day,104.9,379.9
Construction,Demolition,8,6,21.3,0.35,Sunny,Day,88.2,222.1
Marine & Rail,Rail Network Inspection,4,8,7.2,10.14,Cloudy,Day,83.6,137.6
Construction,Site Preparation,4,6,7.5,12.76,Cloudy,Day,105.8,164.9
Construction,Site Preparation,3,8,21.8,14.69,Rainy,Day,110.0,174.4
Oil & Gas,Pipeline Pumping,5,8,25.8,4.04,Rainy,Day,86.9,131.9
Mining,Hauling Ore,6,9,13.2,14.66,Cloudy,Day,105.1,121.6
Data Center Power,Backup Generator Testing,6,9,37.3,4.69,Cloudy,Day,96.4,73.5
Marine & Rail,Rail Network Inspection,7,6,23.8,4.87,Cloudy,Day,79.6,187.8
Construction,Excavation,6,9,28.4,13.94,Cloudy,Night,91.1,182.6
Mining,Drilling,6,9,58.1,6.59,Sunny,Day,103.6,201.1
Mining,Surface Excavation,6,9,4.8,11.23,Rainy,Day,90.6,173.4
Oil & Gas,Well Drilling,6,8,24.1,4.81,Sunny,Night,103.8,342.1
Construction,Excavation,5,8,79.9,3.19,Rainy,Day,93.4,190.6
Mining,Drilling,6,8,13.9,15.09,Foggy,Day,102.6,232.8
Oil & Gas,Well Servicing,7,8,34.2,7.53,Cloudy,Day,94.1,248.9
Mining,Surface Excavation,6,5,20.6,6.63,Rainy,Day,100.5,235.0
Data Center Power,Emergency Power Deployment,4,8,56.1,1.41,Cloudy,Night,90.3,93.1
Construction,Material Loading,4,10,40.9,8.88,Sunny,Day,88.1,54.3
Marine & Rail,Locomotive Maintenance,6,7,30.8,4.24,Rainy,Night,92.5,240.5
Marine & Rail,Locomotive Maintenance,6,9,31.9,8.57,Sunny,Night,87.9,208.7
Construction,Excavation,5,10,25.7,3.17,Foggy,Day,91.0,124.3
Mining,Surface Excavation,6,8,35.9,3.15,Sunny,Night,86.9,162.9
Construction,Site Preparation,6,9,48.7,4.2,Sunny,Night,92.9,161.3
Mining,Surface Excavation,6,9,20.8,4.8,Sunny,Day,89.0,140.3
Marine & Rail,Freight Operations,4,5,38.2,6.77,Sunny,Night,97.0,221.8
Construction,Excavation,9,10,50.8,7.34,Cloudy,Night,98.5,212.9
Construction,Foundation Work,6,9,20.2,7.1,Sunny,Day,101.2,189.6
Marine & Rail,Tugboat Engine Service,7,8,26.2,5.2,Sunny,Day,85.2,172.8
Data Center Power,Emergency Power Deployment,7,8,34.1,6.64,Sunny,Day,86.4,109.4
Data Center Power,Generator Maintenance,4,8,31.0,11.18,Sunny,Night,97.4,111.5
Mining,Aggregate Collection,8,7,23.5,9.78,Rainy,Night,106.9,110.5
Mining,Drilling,7,9,51.9,13.73,Sunny,Day,99.4,233.6
Mining,Surface Excavation,6,8,38.7,2.2,Rainy,Day,93.6,180.7
Construction,Demolition,6,9,23.9,4.1,Rainy,Day,89.0,176.3
Mining,Drilling,5,6,62.4,5.13,Sunny,Night,103.4,262.5
Mining,Surface Excavation,5,9,70.4,1.44,Sunny,Day,103.3,134.8
Data Center Power,Generator Maintenance,5,7,32.3,3.75,Cloudy,Day,89.5,109.6
Oil & Gas,Well Drilling,6,7,62.1,4.03,Sunny,Night,95.8,391.7
Data Center Power,Emergency Power Deployment,6,8,30.5,7.41,Sunny,Day,102.5,101.3
Oil & Gas,Well Servicing,8,9,37.8,9.08,Sunny,Day,95.2,255.2
Construction,Material Loading,5,6,52.1,3.39,Sunny,Day,92.3,67.5
Construction,Site Preparation,6,5,24.6,7.57,Cloudy,Night,99.8,201.7
Oil & Gas,Pipeline Pumping,5,10,50.8,5.65,Rainy,Night,92.7,142.9
Oil & Gas,Well Drilling,6,7,40.0,4.03,Sunny,Day,98.9,349.6
Oil & Gas,Well Servicing,6,8,77.3,5.86,Sunny,Night,78.4,262.9
Mining,Surface Excavation,4,7,52.0,0.63,Sunny,Day,94.3,146.6
Oil & Gas,Well Drilling,8,5,51.5,2.87,Sunny,Night,98.4,553.4
Mining,Drilling,6,8,56.7,7.79,Sunny,Day,99.1,221.3
Marine & Rail,Rail Network Inspection,5,8,21.3,8.7,Sunny,Day,82.1,144.8
Oil & Gas,Well Servicing,5,7,10.3,5.46,Cloudy,Night,79.0,226.6
Marine & Rail,Rail Network Inspection,2,7,58.6,1.61,Sunny,Night,82.3,134.9
Mining,Drilling,8,8,66.9,5.79,Cloudy,Day,93.5,268.7
Oil & Gas,Well Servicing,7,9,47.5,4.16,Sunny,Night,86.0,230.9
Marine & Rail,Freight Operations,6,6,12.3,12.14,Cloudy,Day,97.8,232.8
Mining,Surface Excavation,3,8,12.6,6.81,Sunny,Day,93.7,120.9
Construction,Excavation,5,9,14.0,3.14,Sunny,Day,94.2,127.9
Construction,Material Loading,4,7,24.4,4.06,Sunny,Day,108.4,64.6
Marine & Rail,Freight Operations,6,9,32.9,12.1,Sunny,Day,104.7,221.2
Construction,Site Preparation,3,10,5.5,7.26,Sunny,Day,108.7,121.3
Construction,Excavation,6,8,29.2,7.05,Rainy,Day,105.2,205.4
Marine & Rail,Locomotive Maintenance,7,9,38.1,2.41,Sunny,Night,95.7,213.5
Construction,Excavation,5,7,20.7,9.12,Cloudy,Day,112.1,206.7
Oil & Gas,Well Servicing,6,7,37.0,9.66,Cloudy,Day,99.6,265.1
Mining,Hauling Ore,6,6,17.3,1.81,Cloudy,Night,87.8,115.2
Construction,Demolition,6,7,19.0,8.09,Sunny,Night,90.4,211.4
Oil & Gas,Well Drilling,6,7,18.0,10.9,Cloudy,Day,101.7,376.3
Construction,Site Preparation,7,6,51.5,5.24,Sunny,Day,93.6,193.7
Construction,Excavation,6,6,26.0,6.57,Sunny,Day,103.4,204.1
Construction,Site Preparation,4,10,52.9,12.37,Rainy,Day,88.6,159.9
Construction,Material Loading,4,7,12.3,1.04,Sunny,Day,96.9,53.3
Marine & Rail,Rail Network Inspection,6,7,27.6,5.47,Foggy,Day,90.7,202.3
Oil & Gas,Pipeline Pumping,5,6,26.5,6.24,Sunny,Day,91.8,141.8
Marine & Rail,Tugboat Engine Service,7,9,41.5,7.73,Sunny,Day,90.3,164.5
Marine & Rail,Locomotive Maintenance,7,8,49.1,12.36,Sunny,Day,89.3,264.3
Construction,Road Building,5,8,3.5,9.96,Sunny,Night,104.8,256.3
Mining,Hauling Ore,5,6,22.6,3.48,Rainy,Night,91.6,122.2
Data Center Power,Backup Generator Testing,6,7,15.7,10.18,Sunny,Night,88.4,81.9
Data Center Power,Cooling System Inspection,6,7,15.6,1.1,Sunny,Night,103.6,73.7
Marine & Rail,Rail Network Inspection,6,5,13.3,6.54,Cloudy,Night,70.0,190.6
Data Center Power,Generator Maintenance,7,8,29.2,3.81,Sunny,Day,84.5,113.0
Data Center Power,Cooling System Inspection,4,7,71.5,5.08,Sunny,Night,83.0,71.8
Oil & Gas,Well Servicing,8,7,44.2,8.19,Cloudy,Night,98.1,350.4
Data Center Power,Backup Generator Testing,6,6,29.5,8.99,Sunny,Night,80.6,86.4
Mining,Surface Excavation,6,9,22.8,7.52,Rainy,Day,94.8,161.7
Oil & Gas,Well Servicing,7,9,30.4,5.85,Sunny,Day,96.9,216.4
Oil & Gas,Well Drilling,8,9,79.0,8.11,Rainy,Night,99.3,504.4
Mining,Aggregate Collection,4,8,42.9,7.55,Sunny,Day,89.3,61.0
Data Center Power,Emergency Power Deployment,7,6,23.2,5.59,Sunny,Day,82.8,123.6
Construction,Road Building,7,6,62.8,10.63,Rainy,Day,101.3,413.1
Mining,Hauling Ore,6,7,66.6,5.41,Sunny,Day,94.9,118.6
Construction,Demolition,4,8,26.2,2.43,Sunny,Day,96.3,148.7
Data Center Power,Cooling System Inspection,8,7,51.2,2.64,Sunny,Day,88.0,88.7
Construction,Road Building,7,8,23.9,4.71,Rainy,Day,92.0,283.2
Marine & Rail,Locomotive Maintenance,5,8,13.7,5.0,Sunny,Night,90.7,200.3
Mining,Drilling,7,7,41.9,10.92,Sunny,Day,97.8,258.3
Mining,Hauling Ore,7,8,23.7,2.91,Sunny,Day,86.8,108.0
Data Center Power,Cooling System Inspection,7,7,8.3,10.92,Cloudy,Day,82.7,75.8
Data Center Power,Cooling System Inspection,6,6,44.0,0.36,Cloudy,Day,81.3,74.8
Data Center Power,Backup Generator Testing,5,7,15.6,2.95,Cloudy,Day,92.7,68.9
Mining,Drilling,7,7,54.1,6.63,Rainy,Day,101.8,304.1
Marine & Rail,Freight Operations,4,9,24.7,4.95,Sunny,Day,84.9,168.8
Data Center Power,Backup Generator Testing,4,9,52.5,4.66,Sunny,Night,92.8,69.4
Marine & Rail,Tugboat Engine Service,6,8,63.9,11.23,Sunny,Night,91.6,197.1
Construction,Excavation,3,7,45.8,10.14,Rainy,Night,95.6,199.5
Mining,Drilling,5,9,47.0,6.89,Rainy,Night,91.4,222.0
Mining,Hauling Ore,6,8,62.6,1.73,Sunny,Night,98.7,122.2
Oil & Gas,Well Servicing,6,8,37.2,4.41,Sunny,Day,89.1,215.4
Marine & Rail,Freight Operations,5,9,6.7,3.87,Sunny,Night,94.6,191.1
Data Center Power,Cooling System Inspection,6,8,57.8,5.05,Sunny,Day,83.4,71.1
Data Center Power,Emergency Power Deployment,7,7,66.2,6.38,Rainy,Day,85.5,131.2
Construction,Foundation Work,5,7,40.1,10.05,Sunny,Day,87.9,215.7
Marine & Rail,Tugboat Engine Service,4,5,30.1,7.01,Sunny,Night,88.2,195.6
Oil & Gas,Gas Compression Service,6,10,10.9,12.69,Sunny,Day,107.5,159.3
Construction,Foundation Work,9,6,29.5,6.81,Foggy,Day,83.0,327.4
Marine & Rail,Locomotive Maintenance,8,7,27.0,2.91,Rainy,Day,94.8,265.9
Oil & Gas,Well Servicing,7,8,32.0,4.9,Sunny,Day,89.7,230.8
Data Center Power,Generator Maintenance,4,9,38.3,0.67,Sunny,Day,101.3,83.2
Construction,Demolition,5,9,63.4,7.7,Foggy,Day,103.2,178.9
Construction,Foundation Work,5,9,50.8,12.71,Cloudy,Day,92.8,189.8
Marine & Rail,Tugboat Engine Service,8,9,23.5,11.92,Cloudy,Day,94.0,181.0
Data Center Power,Backup Generator Testing,7,6,20.5,2.07,Sunny,Night,89.1,91.6
Data Center Power,Generator Maintenance,6,8,39.1,5.58,Rainy,Night,85.9,120.9
Construction,Road Building,5,9,34.4,1.2,Cloudy,Day,97.0,195.9
Construction,Excavation,6,5,26.1,9.49,Rainy,Day,90.5,250.1
Oil & Gas,Pipeline Pumping,8,6,2.6,8.08,Cloudy,Night,92.5,187.3
Construction,Excavation,6,8,19.4,10.24,Rainy,Night,104.1,226.6
Construction,Demolition,3,7,30.7,5.53,Sunny,Day,95.9,151.7
Data Center Power,Emergency Power Deployment,8,9,56.9,4.58,Rainy,Day,92.2,113.2
Oil & Gas,Well Servicing,5,8,34.6,8.02,Sunny,Day,94.0,212.0
Construction,Site Preparation,5,8,18.6,9.54,Foggy,Night,90.6,163.9
Data Center Power,Backup Generator Testing,6,6,17.9,6.93,Sunny,Day,87.9,78.3
Data Center Power,Backup Generator Testing,4,6,33.3,9.9,Sunny,Day,78.7,71.7
Construction,Demolition,9,7,15.5,8.28,Rainy,Day,88.9,271.8
Data Center Power,Backup Generator Testing,5,8,37.8,7.56,Sunny,Day,102.3,72.2
Construction,Foundation Work,6,8,16.3,6.83,Sunny,Day,94.2,203.5
Data Center Power,Emergency Power Deployment,9,8,26.8,4.63,Sunny,Day,92.1,122.9
Oil & Gas,Pipeline Pumping,5,6,5.3,4.72,Cloudy,Night,88.3,147.6
Oil & Gas,Pipeline Pumping,4,9,40.6,3.85,Rainy,Day,94.5,120.6
Oil & Gas,Well Drilling,8,7,37.7,7.88,Sunny,Day,97.5,423.9
Construction,Road Building,8,7,28.9,7.44,Sunny,Night,100.7,333.6
Marine & Rail,Tugboat Engine Service,5,6,45.4,12.16,Sunny,Night,100.1,217.6
Marine & Rail,Locomotive Maintenance,4,7,37.8,6.27,Sunny,Night,82.1,213.2
Mining,Drilling,5,8,43.7,8.09,Sunny,Day,102.8,200.5
Oil & Gas,Well Drilling,8,7,44.3,5.89,Cloudy,Night,87.0,450.7
Marine & Rail,Tugboat Engine Service,7,7,22.4,1.72,Sunny,Night,77.6,186.1
Mining,Drilling,6,6,54.7,2.87,Foggy,Day,95.1,258.4
Oil & Gas,Well Drilling,6,9,30.8,8.05,Rainy,Day,83.4,338.3
Marine & Rail,Freight Operations,5,7,41.3,6.69,Sunny,Day,98.9,211.8
Mining,Surface Excavation,7,6,35.3,3.85,Cloudy,Day,95.5,203.5
Construction,Foundation Work,6,7,52.8,3.69,Sunny,Day,90.5,240.7
Data Center Power,Cooling System Inspection,3,7,21.0,10.21,Sunny,Day,88.3,55.5
Oil & Gas,Pipeline Pumping,6,7,13.1,4.26,Cloudy,Day,94.0,146.0
Construction,Site Preparation,6,7,33.5,2.4,Foggy,Day,99.3,170.7
Construction,Material Loading,5,8,21.1,1.9,Cloudy,Day,95.8,58.1
Oil & Gas,Well Servicing,6,8,32.4,8.11,Sunny,Day,88.9,222.6
Marine & Rail,Locomotive Maintenance,8,8,37.1,6.21,Cloudy,Night,115.0,333.3
Marine & Rail,Tugboat Engine Service,5,9,25.8,5.79,Foggy,Day,89.1,156.7
Mining,Drilling,8,5,28.5,7.57,Sunny,Night,82.5,319.5
Oil & Gas,Pipeline Pumping,6,8,54.2,9.27,Rainy,Night,95.5,170.6
Construction,Excavation,7,8,41.6,3.68,Rainy,Day,87.6,209.6
Construction,Material Loading,5,8,26.6,0.59,Rainy,Day,98.5,67.3
Mining,Surface Excavation,4,8,32.5,4.33,Sunny,Night,95.4,150.8
Data Center Power,Backup Generator Testing,7,8,16.1,2.69,Sunny,Day,95.8,75.6
Mining,Aggregate Collection,7,9,22.8,5.44,Cloudy,Day,98.8,71.9
Construction,Demolition,3,6,32.7,6.47,Sunny,Day,89.8,168.7
Mining,Drilling,7,5,34.3,11.25,Sunny,Day,97.5,302.0
Construction,Road Building,4,6,28.4,9.39,Sunny,Day,107.1,286.5
Construction,Demolition,7,8,56.3,1.62,Cloudy,Day,101.7,206.2
Mining,Drilling,6,7,10.8,4.5,Rainy,Day,112.0,262.3
Mining,Aggregate Collection,4,3,25.4,7.84,Sunny,Day,99.6,73.1
Mining,Surface Excavation,7,7,57.8,11.34,Rainy,Day,99.2,258.2
Construction,Road Building,4,9,20.3,0.54,Sunny,Night,92.8,174.8
Construction,Material Loading,6,7,24.1,2.76,Cloudy,Day,105.1,71.4
Mining,Hauling Ore,6,10,44.5,6.07,Cloudy,Night,89.0,108.5
Oil & Gas,Well Drilling,6,7,9.0,5.96,Sunny,Day,96.5,342.4
Oil & Gas,Pipeline Pumping,6,8,34.3,1.45,Sunny,Day,96.3,137.9
Construction,Excavation,6,7,24.9,1.52,Cloudy,Night,91.7,189.5
Marine & Rail,Freight Operations,2,6,51.5,6.32,Cloudy,Day,103.6,183.9
Data Center Power,Cooling System Inspection,5,5,18.9,8.19,Sunny,Night,84.4,76.4
Oil & Gas,Pipeline Pumping,5,6,44.4,11.09,Sunny,Day,113.6,187.2
Oil & Gas,Pipeline Pumping,6,9,23.1,0.95,Rainy,Night,88.4,136.6
Construction,Road Building,7,8,26.0,7.92,Rainy,Day,99.2,307.3
Oil & Gas,Well Drilling,5,9,55.4,8.42,Rainy,Day,99.2,328.6
Marine & Rail,Locomotive Maintenance,6,5,36.8,8.44,Foggy,Day,89.1,290.9
Marine & Rail,Freight Operations,6,6,57.3,9.44,Sunny,Day,96.1,244.2
Data Center Power,Backup Generator Testing,7,8,21.6,5.62,Sunny,Day,87.1,79.7
Data Center Power,Cooling System Inspection,7,6,46.7,9.32,Rainy,Night,86.8,97.0
Data Center Power,Cooling System Inspection,5,9,46.7,1.4,Sunny,Day,85.2,61.0
Construction,Excavation,6,6,6.8,6.95,Sunny,Day,95.2,193.2
Data Center Power,Generator Maintenance,7,9,9.9,5.96,Cloudy,Night,89.2,111.9
Mining,Surface Excavation,6,8,8.1,8.11,Sunny,Day,114.1,183.3
Construction,Material Loading,6,8,28.2,13.97,Cloudy,Day,109.1,82.9
Marine & Rail,Locomotive Maintenance,6,6,6.5,13.9,Sunny,Day,84.4,265.4
Marine & Rail,Rail Network Inspection,4,7,22.7,6.37,Sunny,Day,85.9,137.7
Construction,Foundation Work,6,8,61.7,4.57,Cloudy,Day,111.7,255.0
Mining,Hauling Ore,4,6,19.9,5.33,Sunny,Night,94.4,106.7
Data Center Power,Emergency Power Deployment,9,8,68.3,5.67,Foggy,Night,99.8,170.0
Oil & Gas,Well Servicing,9,8,35.8,9.17,Cloudy,Night,95.9,339.6
Mining,Surface Excavation,4,6,73.3,7.45,Sunny,Night,95.3,199.0
Mining,Aggregate Collection,4,8,42.1,5.36,Rainy,Day,93.5,69.1
Construction,Foundation Work,8,7,14.9,9.04,Cloudy,Day,101.5,261.4
Mining,Drilling,8,8,35.2,1.43,Sunny,Day,91.3,214.3
Construction,Site Preparation,6,9,36.2,2.0,Rainy,Day,95.5,167.6
Construction,Foundation Work,8,8,2.2,7.51,Cloudy,Day,92.5,231.2
Marine & Rail,Freight Operations,5,8,36.4,11.61,Foggy,Day,108.8,285.6
Construction,Site Preparation,5,5,44.7,5.35,Sunny,Day,108.8,180.8
Construction,Excavation,4,5,33.5,5.5,Rainy,Day,102.1,226.4
Construction,Road Building,7,8,31.3,4.9,Cloudy,Day,101.1,271.0
Mining,Surface Excavation,6,7,3.5,8.56,Sunny,Day,90.9,169.1
Mining,Surface Excavation,6,8,11.6,4.76,Rainy,Day,95.9,172.6
Construction,Foundation Work,7,7,39.8,17.22,Cloudy,Day,91.3,282.1
Construction,Material Loading,4,7,30.6,10.68,Cloudy,Night,99.9,71.0
Construction,Demolition,9,6,50.5,8.66,Cloudy,Day,104.5,332.2
Marine & Rail,Tugboat Engine Service,6,5,50.7,7.56,Rainy,Night,100.4,239.5
Mining,Aggregate Collection,7,8,35.0,8.02,Cloudy,Day,94.5,79.8
Data Center Power,Backup Generator Testing,4,7,23.6,3.19,Rainy,Night,89.1,73.8
Mining,Aggregate Collection,5,9,63.2,6.06,Sunny,Day,99.7,65.5
Mining,Hauling Ore,5,9,6.6,1.07,Rainy,Day,97.5,94.8
Marine & Rail,Freight Operations,6,9,39.1,7.42,Sunny,Day,109.2,236.2
Oil & Gas,Well Servicing,7,5,16.2,8.95,Rainy,Day,94.5,355.9
Data Center Power,Backup Generator Testing,6,9,24.9,4.37,Sunny,Day,89.2,67.8
Data Center Power,Backup Generator Testing,6,8,32.1,11.16,Cloudy,Day,89.5,79.1
Data Center Power,Generator Maintenance,5,10,18.8,11.03,Sunny,Night,92.7,91.9
Construction,Foundation Work,5,6,40.1,2.57,Sunny,Night,93.2,249.9
Oil & Gas,Pipeline Pumping,6,5,51.2,7.37,Cloudy,Day,92.5,176.4
Data Center Power,Cooling System Inspection,5,10,26.3,4.44,Sunny,Night,76.8,60.5
Marine & Rail,Freight Operations,6,9,25.9,12.81,Cloudy,Night,97.6,228.0
Mining,Hauling Ore,6,5,66.3,15.76,Sunny,Day,110.9,163.7
Mining,Drilling,4,5,33.3,4.3,Rainy,Day,109.9,276.3
Mining,Surface Excavation,4,9,41.0,6.43,Sunny,Day,93.7,130.9
Data Center Power,Emergency Power Deployment,4,9,39.8,5.17,Sunny,Day,90.1,77.6
Construction,Demolition,5,8,17.2,11.67,Sunny,Day,92.3,174.8
Mining,Aggregate Collection,7,7,6.0,3.5,Sunny,Day,97.6,72.4
Construction,Material Loading,5,4,26.8,8.63,Sunny,Day,88.1,77.0
Marine & Rail,Rail Network Inspection,6,7,85.7,5.05,Cloudy,Night,86.7,206.8
Mining,Drilling,6,7,2.7,13.0,Rainy,Day,102.6,266.8
Oil & Gas,Gas Compression Service,7,9,46.8,9.36,Cloudy,Day,94.5,189.5
Oil & Gas,Gas Compression Service,6,7,37.5,4.91,Sunny,Day,99.9,186.9
Marine & Rail,Rail Network Inspection,4,10,11.2,4.91,Sunny,Day,82.1,121.9
Oil & Gas,Well Servicing,10,8,20.7,12.59,Sunny,Day,92.2,313.3
Mining,Aggregate Collection,2,7,38.7,7.84,Sunny,Day,92.2,52.8
Data Center Power,Generator Maintenance,7,7,30.0,7.98,Sunny,Night,95.5,149.8
Construction,Foundation Work,7,9,61.0,0.35,Cloudy,Day,86.6,216.9
Mining,Surface Excavation,3,9,56.4,12.26,Cloudy,Night,107.6,152.3
Mining,Surface Excavation,5,7,39.6,2.32,Sunny,Day,88.8,157.6
Mining,Drilling,8,10,17.5,6.05,Cloudy,Night,104.9,212.9
Data Center Power,Cooling System Inspection,5,6,35.9,9.63,Sunny,Day,91.8,71.3
Mining,Drilling,6,9,42.3,11.87,Rainy,Day,112.0,263.8
Data Center Power,Cooling System Inspection,3,7,25.0,2.05,Cloudy,Day,90.1,57.0
Marine & Rail,Freight Operations,5,4,42.4,5.2,Foggy,Night,106.6,323.0
Construction,Foundation Work,7,8,58.4,7.32,Rainy,Day,92.9,286.8
Data Center Power,Backup Generator Testing,5,5,37.4,2.9,Sunny,Day,77.4,75.3
Marine & Rail,Locomotive Maintenance,3,9,17.3,4.33,Sunny,Day,84.1,141.2
Construction,Excavation,8,7,40.9,0.82,Sunny,Day,96.3,207.9
Mining,Hauling Ore,5,9,74.8,12.49,Rainy,Day,105.3,138.2
Construction,Excavation,5,7,40.2,6.46,Cloudy,Day,93.3,184.8
Data Center Power,Generator Maintenance,7,8,19.5,6.33,Cloudy,Day,93.3,118.0
Mining,Surface Excavation,6,5,51.8,7.98,Sunny,Day,112.2,263.4
Oil & Gas,Well Servicing,7,8,55.3,8.32,Sunny,Day,100.0,266.4
Construction,Foundation Work,6,8,35.4,1.61,Rainy,Day,94.9,227.9
Data Center Power,Cooling System Inspection,5,8,25.8,8.02,Sunny,Night,87.5,66.1
Mining,Hauling Ore,4,8,22.8,4.76,Sunny,Day,92.7,85.3
Construction,Excavation,7,8,12.2,4.1,Cloudy,Day,85.1,174.1
Marine & Rail,Rail Network Inspection,6,5,25.8,10.21,Foggy,Night,89.3,239.7
Construction,Site Preparation,5,7,17.9,6.35,Sunny,Day,89.7,146.4
Construction,Foundation Work,9,9,35.3,4.94,Sunny,Day,86.1,241.1
Oil & Gas,Well Servicing,6,9,60.2,6.37,Cloudy,Day,86.8,216.3
Construction,Demolition,5,8,25.1,1.16,Cloudy,Day,94.7,155.6
Construction,Site Preparation,6,7,12.9,4.1,Sunny,Day,105.7,158.0
Oil & Gas,Well Drilling,6,5,26.3,7.02,Cloudy,Night,100.5,446.2
Data Center Power,Emergency Power Deployment,7,9,35.9,4.44,Rainy,Day,95.2,100.9
Data Center Power,Backup Generator Testing,5,7,45.5,2.53,Sunny,Night,87.3,79.8
Oil & Gas,Pipeline Pumping,7,6,73.1,1.1,Rainy,Night,95.3,197.3
Oil & Gas,Well Servicing,4,7,33.6,4.69,Cloudy,Day,91.8,208.2
Mining,Drilling,8,8,42.4,2.03,Sunny,Day,99.0,231.4
Construction,Material Loading,4,4,73.3,7.85,Sunny,Night,103.1,83.2
Oil & Gas,Well Servicing,6,8,33.2,2.74,Sunny,Day,92.8,207.0
Marine & Rail,Freight Operations,8,9,57.8,6.37,Sunny,Day,102.7,272.1
Data Center Power,Backup Generator Testing,5,9,53.1,3.89,Rainy,Night,80.4,74.3
Data Center Power,Cooling System Inspection,7,7,12.0,3.17,Sunny,Day,82.3,70.2
Mining,Surface Excavation,4,9,28.0,12.73,Cloudy,Night,107.1,160.5
Data Center Power,Emergency Power Deployment,9,8,12.5,9.92,Sunny,Night,93.8,133.5
Oil & Gas,Well Servicing,8,9,3.7,5.07,Sunny,Night,94.4,221.6
Construction,Foundation Work,9,7,53.4,9.58,Cloudy,Day,92.5,331.8
Construction,Material Loading,4,7,43.3,14.4,Sunny,Day,105.8,73.9
Data Center Power,Backup Generator Testing,5,9,20.4,4.72,Sunny,Day,76.0,62.1
Construction,Site Preparation,6,8,31.8,5.9,Sunny,Day,99.6,153.3
Oil & Gas,Well Servicing,7,6,37.3,5.43,Sunny,Night,94.5,309.1
Mining,Hauling Ore,3,9,51.2,2.7,Cloudy,Day,91.8,80.5
Mining,Surface Excavation,5,7,58.0,7.58,Sunny,Day,101.6,178.5
Construction,Road Building,8,4,20.3,2.23,Cloudy,Day,93.9,363.4
Construction,Foundation Work,6,7,28.5,4.98,Sunny,Day,87.7,232.5
Mining,Aggregate Collection,3,8,41.7,3.44,Sunny,Day,97.1,53.0
Mining,Hauling Ore,6,6,34.4,2.64,Rainy,Day,90.4,127.2
Data Center Power,Backup Generator Testing,4,8,79.4,8.51,Sunny,Day,77.9,68.3
Mining,Surface Excavation,9,9,41.8,6.05,Rainy,Day,99.2,218.0
Construction,Material Loading,4,7,45.1,8.84,Cloudy,Day,100.8,66.4
Construction,Material Loading,2,5,40.3,4.22,Sunny,Day,94.2,55.0
Oil & Gas,Pipeline Pumping,5,8,7.5,6.56,Sunny,Day,76.7,123.4
Data Center Power,Cooling System Inspection,5,9,37.2,7.35,Sunny,Day,91.5,59.7
Construction,Foundation Work,5,7,62.1,9.84,Rainy,Night,112.8,328.6
Construction,Material Loading,6,7,13.6,13.4,Sunny,Day,103.3,74.8
Mining,Aggregate Collection,6,5,69.6,6.61,Rainy,Day,89.8,96.9
Data Center Power,Emergency Power Deployment,7,9,43.4,7.36,Cloudy,Night,93.9,115.6
Mining,Hauling Ore,6,6,51.9,11.07,Rainy,Night,97.8,156.9
Oil & Gas,Gas Compression Service,7,7,42.5,3.18,Sunny,Night,99.8,217.0
Construction,Demolition,5,5,10.5,10.28,Sunny,Night,103.0,246.3
Marine & Rail,Locomotive Maintenance,3,9,66.8,2.05,Rainy,Day,93.7,156.2
Construction,Foundation Work,7,9,14.8,6.38,Cloudy,Day,94.4,202.9
Data Center Power,Backup Generator Testing,8,9,44.0,2.81,Cloudy,Day,82.6,87.8
Oil & Gas,Pipeline Pumping,6,7,31.5,4.43,Cloudy,Day,76.5,152.6
Marine & Rail,Locomotive Maintenance,6,6,49.2,6.73,Cloudy,Day,106.7,285.3
Oil & Gas,Well Servicing,6,7,16.6,6.1,Rainy,Day,93.2,271.5
Construction,Demolition,8,7,44.6,8.11,Cloudy,Day,107.1,271.8
Marine & Rail,Tugboat Engine Service,6,8,50.3,8.15,Rainy,Day,93.1,178.7
Oil & Gas,Well Drilling,5,8,32.8,8.78,Sunny,Night,105.1,334.6
Oil & Gas,Pipeline Pumping,3,7,32.9,8.68,Sunny,Night,92.0,139.4
Mining,Drilling,7,9,17.7,10.75,Sunny,Night,103.3,226.6
Marine & Rail,Freight Operations,7,8,52.1,4.31,Cloudy,Day,91.9,242.7
Data Center Power,Cooling System Inspection,4,9,17.4,10.08,Cloudy,Night,90.5,62.4
Mining,Aggregate Collection,4,7,19.6,2.96,Rainy,Day,96.2,68.1
Construction,Material Loading,3,9,27.4,8.16,Sunny,Day,97.4,54.2
Construction,Road Building,4,8,21.0,12.91,Cloudy,Day,92.1,229.2
Mining,Aggregate Collection,4,8,70.5,2.25,Sunny,Night,90.1,66.8
Oil & Gas,Pipeline Pumping,4,7,31.4,10.12,Sunny,Day,87.8,137.2
Construction,Demolition,5,9,22.2,5.33,Sunny,Night,88.5,159.8
Data Center Power,Backup Generator Testing,3,8,51.2,8.65,Sunny,Night,92.3,71.2
Data Center Power,Cooling System Inspection,6,10,58.2,1.72,Sunny,Day,84.7,65.1
Oil & Gas,Well Servicing,7,8,17.5,2.43,Rainy,Night,81.7,256.1
Data Center Power,Generator Maintenance,8,9,49.3,2.5,Cloudy,Day,89.3,120.3
Marine & Rail,Freight Operations,5,8,61.2,8.87,Cloudy,Day,102.6,220.1
Data Center Power,Cooling System Inspection,3,9,46.2,5.36,Cloudy,Day,82.7,54.0
Data Center Power,Emergency Power Deployment,6,9,54.9,7.21,Sunny,Night,94.6,102.6
Data Center Power,Cooling System Inspection,5,9,23.3,2.22,Rainy,Day,80.6,60.8
Mining,Aggregate Collection,4,8,7.0,1.69,Sunny,Night,94.4,59.4
Oil & Gas,Well Servicing,4,6,34.6,9.73,Sunny,Day,100.2,244.0
Data Center Power,Backup Generator Testing,7,5,28.9,6.64,Rainy,Day,85.6,92.7
Data Center Power,Emergency Power Deployment,8,6,37.3,0.76,Cloudy,Day,88.5,131.7
Data Center Power,Backup Generator Testing,4,8,3.0,2.89,Sunny,Day,90.0,59.0
Marine & Rail,Freight Operations,6,9,23.7,9.7,Rainy,Day,98.9,233.7
Oil & Gas,Pipeline Pumping,5,8,82.4,4.82,Sunny,Night,99.6,159.2
Construction,Foundation Work,7,4,51.4,3.7,Rainy,Day,97.2,381.5
Mining,Surface Excavation,6,8,33.6,7.87,Sunny,Day,92.8,166.7
Construction,Material Loading,6,9,30.5,11.31,Cloudy,Day,101.8,71.4
Oil & Gas,Gas Compression Service,6,6,80.4,11.67,Sunny,Day,98.0,239.5
Oil & Gas,Gas Compression Service,8,8,27.5,3.61,Rainy,Night,96.8,220.6
Data Center Power,Cooling System Inspection,5,4,30.1,0.81,Sunny,Night,70.2,77.5
Data Center Power,Backup Generator Testing,7,7,55.7,1.69,Sunny,Night,86.4,94.1
Mining,Drilling,5,10,32.7,4.44,Sunny,Day,95.7,144.7
Mining,Hauling Ore,7,9,53.2,12.68,Cloudy,Day,98.0,134.6
Marine & Rail,Locomotive Maintenance,6,4,44.9,4.07,Cloudy,Night,95.3,318.9
Data Center Power,Backup Generator Testing,6,8,81.0,3.34,Sunny,Day,80.1,79.6
Oil & Gas,Well Servicing,7,6,22.2,6.96,Cloudy,Night,91.8,307.6
Oil & Gas,Well Drilling,7,9,14.2,1.42,Sunny,Day,92.5,289.1
Oil & Gas,Well Servicing,8,8,58.6,4.64,Cloudy,Day,96.6,288.2
Construction,Road Building,7,5,1.7,3.92,Sunny,Day,76.7,295.8
Marine & Rail,Freight Operations,5,9,31.9,3.16,Sunny,Night,95.4,198.1
Marine & Rail,Rail Network Inspection,4,6,45.6,5.87,Foggy,Day,70.0,188.7
Construction,Road Building,7,6,42.0,1.84,Cloudy,Day,89.4,302.3
Construction,Demolition,6,7,41.1,4.49,Rainy,Day,92.5,226.0
Construction,Excavation,6,8,22.8,5.25,Foggy,Night,91.5,180.9
Marine & Rail,Tugboat Engine Service,6,8,28.9,15.12,Sunny,Night,104.8,208.1
Oil & Gas,Well Drilling,6,9,6.9,1.24,Sunny,Day,96.7,247.6
Marine & Rail,Rail Network Inspection,5,8,72.9,5.39,Sunny,Night,83.0,168.2
Oil & Gas,Well Drilling,9,7,69.7,7.89,Sunny,Day,89.2,527.1
Marine & Rail,Locomotive Maintenance,5,5,26.6,6.14,Rainy,Night,93.1,279.3
Oil & Gas,Well Servicing,7,8,92.3,5.07,Cloudy,Day,104.1,298.2
Marine & Rail,Rail Network Inspection,7,6,30.8,4.98,Sunny,Night,74.7,197.9
Oil & Gas,Pipeline Pumping,5,5,16.3,11.16,Sunny,Day,88.9,159.4
Data Center Power,Emergency Power Deployment,7,9,18.8,6.94,Rainy,Day,87.4,95.4
Mining,Drilling,6,6,58.3,12.84,Rainy,Night,104.4,360.7
Marine & Rail,Locomotive Maintenance,8,8,49.2,6.76,Sunny,Night,95.0,282.1
Oil & Gas,Well Drilling,7,10,20.1,5.4,Sunny,Night,100.6,291.9
Mining,Hauling Ore,5,8,54.8,2.29,Sunny,Day,104.0,94.2
Construction,Excavation,5,8,39.4,3.62,Sunny,Night,92.8,167.0
Oil & Gas,Gas Compression Service,7,8,30.0,8.13,Sunny,Night,96.3,213.9
Data Center Power,Cooling System Inspection,6,6,9.6,2.67,Sunny,Day,81.6,67.4
Marine & Rail,Locomotive Maintenance,9,6,6.3,6.5,Cloudy,Night,88.9,303.2
Marine & Rail,Locomotive Maintenance,7,8,10.5,5.6,Foggy,Day,90.0,230.1
Construction,Road Building,7,8,53.6,6.16,Rainy,Day,86.4,309.3
Mining,Aggregate Collection,6,7,18.2,5.8,Cloudy,Night,101.3,75.3
Oil & Gas,Pipeline Pumping,4,8,17.4,1.21,Sunny,Day,89.5,112.0
Data Center Power,Cooling System Inspection,2,9,56.2,4.54,Cloudy,Day,83.7,50.9
Data Center Power,Backup Generator Testing,2,9,42.1,2.46,Rainy,Day,90.7,52.7
Marine & Rail,Locomotive Maintenance,6,8,83.6,9.9,Sunny,Day,86.9,242.4
Marine & Rail,Tugboat Engine Service,4,8,44.7,9.98,Sunny,Day,90.9,148.7
Oil & Gas,Well Servicing,7,8,51.0,10.43,Rainy,Night,90.7,332.3
Construction,Foundation Work,6,6,20.6,3.69,Sunny,Day,82.7,241.6
Construction,Excavation,5,8,46.5,11.2,Foggy,Night,99.6,199.9
Oil & Gas,Well Servicing,4,8,39.2,1.39,Cloudy,Day,80.4,181.4
Marine & Rail,Tugboat Engine Service,7,6,39.9,8.11,Cloudy,Day,86.0,222.3
Data Center Power,Emergency Power Deployment,5,7,55.4,1.09,Cloudy,Night,85.1,106.0
Oil & Gas,Well Drilling,7,6,13.5,1.76,Sunny,Day,91.4,369.9
Marine & Rail,Freight Operations,4,8,46.1,5.43,Foggy,Day,90.3,229.3
Construction,Site Preparation,5,9,52.2,2.72,Sunny,Day,93.4,132.3
Oil & Gas,Well Drilling,8,10,54.1,1.49,Rainy,Night,92.9,393.5
Data Center Power,Cooling System Inspection,4,7,46.4,4.36,Sunny,Night,76.3,65.6
Construction,Foundation Work,7,6,18.3,7.82,Sunny,Day,93.5,271.2
Marine & Rail,Freight Operations,4,9,56.4,5.22,Sunny,Day,110.5,205.7
Construction,Site Preparation,7,7,5.1,6.4,Sunny,Day,113.0,194.1
Marine & Rail,Locomotive Maintenance,7,8,17.0,2.92,Cloudy,Day,88.0,212.0
Construction,Excavation,6,9,26.0,6.9,Sunny,Day,95.3,156.0
Construction,Excavation,5,9,4.4,6.87,Sunny,Day,96.7,137.8
Marine & Rail,Tugboat Engine Service,7,9,63.0,7.36,Sunny,Night,88.0,188.4
Construction,Material Loading,4,4,35.0,6.38,Foggy,Day,96.9,73.4
Oil & Gas,Pipeline Pumping,6,7,60.2,12.16,Sunny,Day,100.9,176.0
Construction,Site Preparation,5,9,46.0,2.26,Rainy,Day,93.2,154.6
Construction,Foundation Work,4,8,24.5,3.42,Sunny,Day,100.9,178.0
Marine & Rail,Freight Operations,4,7,58.5,12.68,Rainy,Day,98.1,236.6
Mining,Drilling,6,8,27.2,0.69,Sunny,Day,97.4,181.5
Construction,Excavation,5,8,22.3,3.13,Rainy,Day,96.1,169.7
Data Center Power,Generator Maintenance,4,8,77.1,5.2,Sunny,Day,90.9,99.3
Data Center Power,Backup Generator Testing,3,9,33.6,6.2,Cloudy,Day,86.7,56.8
Oil & Gas,Well Servicing,7,7,28.4,7.63,Rainy,Day,95.9,304.0
Data Center Power,Generator Maintenance,6,7,4.2,3.6,Rainy,Night,95.8,119.2
Data Center Power,Cooling System Inspection,5,7,63.6,2.24,Sunny,Night,77.0,73.6
Construction,Site Preparation,8,6,62.9,5.72,Sunny,Day,100.3,228.1
Data Center Power,Backup Generator Testing,5,6,61.4,4.71,Cloudy,Night,88.5,87.3
Construction,Road Building,7,9,63.1,3.82,Cloudy,Day,94.2,253.0
Construction,Foundation Work,6,8,42.6,7.31,Rainy,Day,115.0,298.2
Construction,Road Building,6,4,11.0,6.96,Sunny,Day,110.6,359.8
Construction,Material Loading,3,8,20.0,6.24,Sunny,Day,95.0,50.4
Marine & Rail,Rail Network Inspection,5,7,63.4,12.69,Foggy,Day,83.6,215.4
Construction,Material Loading,4,8,23.8,5.39,Rainy,Day,100.9,68.2
Marine & Rail,Freight Operations,8,9,38.2,7.24,Sunny,Night,100.7,270.8
Data Center Power,Cooling System Inspection,2,7,4.3,4.81,Sunny,Day,94.4,49.6
Marine & Rail,Locomotive Maintenance,4,5,28.1,5.55,Sunny,Night,87.7,251.2
Marine & Rail,Locomotive Maintenance,4,8,18.0,11.16,Sunny,Night,95.7,204.4
Marine & Rail,Locomotive Maintenance,6,9,13.7,9.02,Sunny,Night,88.0,203.3
Mining,Surface Excavation,6,7,47.9,2.34,Cloudy,Day,94.4,177.1
Construction,Site Preparation,6,9,2.9,5.69,Rainy,Day,95.7,161.6
Construction,Excavation,3,7,45.6,7.5,Sunny,Day,103.1,156.8
Construction,Demolition,4,10,32.6,2.92,Sunny,Day,96.9,119.2
Marine & Rail,Locomotive Maintenance,9,9,24.7,7.35,Rainy,Night,93.2,265.9
Oil & Gas,Well Servicing,8,8,6.1,6.51,Sunny,Night,97.0,257.5
Construction,Foundation Work,7,5,20.8,5.33,Sunny,Night,99.7,305.0
Data Center Power,Emergency Power Deployment,6,9,37.7,3.36,Sunny,Day,88.4,87.8
Construction,Foundation Work,8,7,10.6,5.79,Sunny,Night,82.5,264.3
Oil & Gas,Pipeline Pumping,5,3,45.4,3.81,Foggy,Day,91.6,169.0
Oil & Gas,Pipeline Pumping,5,10,29.5,2.74,Sunny,Night,80.7,123.0
Marine & Rail,Freight Operations,6,8,27.4,9.83,Sunny,Day,110.3,247.9
Data Center Power,Cooling System Inspection,5,9,9.6,5.86,Foggy,Night,76.4,65.1
Oil & Gas,Well Servicing,7,8,34.7,6.99,Sunny,Day,96.5,248.5
Construction,Foundation Work,4,8,18.8,4.28,Sunny,Day,88.8,170.0
Marine & Rail,Freight Operations,5,8,35.9,4.47,Foggy,Day,114.3,271.4
Oil & Gas,Pipeline Pumping,6,8,33.7,8.31,Sunny,Day,90.9,146.1
Marine & Rail,Locomotive Maintenance,6,7,60.6,8.69,Sunny,Night,96.4,266.6
Construction,Foundation Work,7,7,9.0,8.85,Sunny,Night,95.5,250.4
Oil & Gas,Well Servicing,5,7,34.8,4.32,Cloudy,Night,82.8,239.5
Oil & Gas,Pipeline Pumping,8,7,44.2,8.37,Rainy,Day,92.2,196.4
Oil & Gas,Well Servicing,8,6,16.5,5.78,Rainy,Day,82.8,339.8
Oil & Gas,Gas Compression Service,8,6,9.7,4.67,Foggy,Night,91.2,241.8
Oil & Gas,Pipeline Pumping,5,6,84.8,6.94,Foggy,Day,88.9,169.4
Mining,Aggregate Collection,7,7,11.1,12.53,Sunny,Day,92.5,76.9
Data Center Power,Backup Generator Testing,3,7,38.1,1.11,Cloudy,Day,79.7,60.4
Mining,Surface Excavation,5,9,29.0,11.75,Sunny,Day,98.5,142.0
Mining,Surface Excavation,4,5,68.4,1.24,Sunny,Night,115.0,228.9
Data Center Power,Emergency Power Deployment,6,8,45.1,8.4,Rainy,Day,89.1,108.7
Data Center Power,Backup Generator Testing,6,4,22.8,1.68,Sunny,Day,73.1,84.4
Mining,Hauling Ore,6,9,31.3,11.33,Sunny,Day,98.6,110.9
Mining,Aggregate Collection,6,4,38.2,10.57,Rainy,Day,94.4,98.3
Marine & Rail,Freight Operations,5,8,14.7,15.5,Sunny,Night,111.3,243.6
Data Center Power,Emergency Power Deployment,6,6,11.8,7.58,Sunny,Day,105.2,123.3
Marine & Rail,Locomotive Maintenance,7,9,48.2,12.02,Sunny,Day,94.4,239.3
Construction,Road Building,7,9,68.6,0.92,Rainy,Night,85.4,290.5
Oil & Gas,Pipeline Pumping,4,5,29.3,11.97,Sunny,Night,93.6,167.6
Data Center Power,Cooling System Inspection,6,7,32.7,7.35,Sunny,Day,90.3,70.5
Construction,Demolition,6,9,25.0,8.6,Rainy,Day,100.8,199.0
Construction,Road Building,5,9,37.8,14.36,Sunny,Night,100.5,244.8
Marine & Rail,Freight Operations,7,7,32.5,11.21,Cloudy,Night,95.4,274.2
Data Center Power,Backup Generator Testing,5,9,18.9,3.48,Cloudy,Day,86.7,65.1
Construction,Material Loading,7,9,16.6,6.11,Sunny,Night,100.0,73.3
Marine & Rail,Freight Operations,6,8,66.7,1.46,Sunny,Night,106.8,250.9
Construction,Demolition,5,8,19.4,4.28,Cloudy,Day,95.8,161.9
Oil & Gas,Well Servicing,7,7,46.5,16.62,Foggy,Day,95.8,328.0
Mining,Hauling Ore,4,10,58.7,3.84,Sunny,Night,100.4,91.5
Marine & Rail,Tugboat Engine Service,3,9,64.9,5.94,Sunny,Day,85.2,120.2
Marine & Rail,Tugboat Engine Service,7,8,8.5,12.35,Rainy,Day,94.7,181.8
Data Center Power,Cooling System Inspection,5,9,6.3,0.4,Rainy,Night,76.5,61.0
Data Center Power,Emergency Power Deployment,6,7,83.7,5.62,Sunny,Night,98.8,133.4
Marine & Rail,Rail Network Inspection,7,8,53.9,2.82,Cloudy,Night,74.4,205.5
Construction,Foundation Work,5,6,50.7,5.28,Sunny,Day,92.4,228.6
Construction,Foundation Work,7,9,1.5,1.58,Sunny,Day,90.6,180.8
Oil & Gas,Pipeline Pumping,5,7,54.1,6.03,Sunny,Night,95.4,156.3
Construction,Foundation Work,5,8,56.8,5.9,Cloudy,Day,107.0,230.7
Construction,Excavation,2,8,34.0,7.88,Sunny,Night,103.8,143.5
Oil & Gas,Pipeline Pumping,5,6,37.2,12.42,Cloudy,Day,100.0,169.6
Marine & Rail,Tugboat Engine Service,6,7,61.7,2.4,Cloudy,Day,90.5,179.8
Data Center Power,Backup Generator Testing,6,9,5.7,10.72,Sunny,Night,91.8,76.1
Mining,Aggregate Collection,2,8,8.4,4.43,Foggy,Day,93.4,50.8
Data Center Power,Cooling System Inspection,3,10,62.4,2.2,Cloudy,Night,81.2,56.7
Construction,Excavation,7,9,35.3,4.96,Rainy,Day,89.9,183.5
Mining,Surface Excavation,8,7,65.4,6.18,Sunny,Day,115.0,270.6
Oil & Gas,Well Servicing,7,7,33.6,5.32,Rainy,Night,87.4,325.9
Construction,Excavation,5,8,7.7,10.95,Cloudy,Day,107.2,177.1
Oil & Gas,Pipeline Pumping,4,6,55.8,9.08,Sunny,Night,89.7,157.8
Data Center Power,Cooling System Inspection,2,7,14.7,6.42,Cloudy,Night,88.5,58.1
Oil & Gas,Well Servicing,5,7,24.9,5.68,Cloudy,Day,88.4,217.0
Mining,Surface Excavation,7,7,32.2,8.59,Rainy,Day,102.0,233.8
Mining,Aggregate Collection,4,7,7.9,4.89,Cloudy,Day,96.6,59.6
Marine & Rail,Freight Operations,6,5,25.5,4.94,Foggy,Day,94.1,284.1
Marine & Rail,Locomotive Maintenance,5,6,65.4,7.6,Rainy,Day,101.9,263.6
Data Center Power,Backup Generator Testing,5,8,36.1,5.12,Rainy,Night,83.1,75.8
Mining,Aggregate Collection,6,8,35.9,8.28,Sunny,Day,91.9,71.6
Marine & Rail,Locomotive Maintenance,6,8,47.3,10.85,Sunny,Day,84.0,229.7
Construction,Material Loading,4,9,47.5,2.1,Cloudy,Night,99.3,60.4
Construction,Demolition,9,10,20.3,6.55,Sunny,Night,91.7,187.4
Data Center Power,Cooling System Inspection,6,9,60.2,0.56,Rainy,Day,84.7,69.2
Data Center Power,Backup Generator Testing,7,9,60.6,3.47,Sunny,Night,83.8,89.3
Mining,Aggregate Collection,4,8,56.7,5.61,Sunny,Day,97.1,63.2
Construction,Material Loading,4,9,77.1,6.87,Sunny,Day,100.0,60.9
Construction,Road Building,3,9,25.2,5.56,Sunny,Day,106.1,186.5
Construction,Demolition,7,6,69.8,1.34,Cloudy,Day,96.8,248.1
Mining,Surface Excavation,7,7,40.5,6.92,Sunny,Day,94.5,197.4
Marine & Rail,Freight Operations,5,8,20.5,7.76,Sunny,Night,101.5,220.7
Marine & Rail,Tugboat Engine Service,4,10,43.2,3.06,Sunny,Day,90.0,108.9
Construction,Foundation Work,7,9,51.4,13.96,Foggy,Day,98.5,248.8
Construction,Excavation,5,6,17.3,4.78,Sunny,Night,100.2,195.1
Oil & Gas,Pipeline Pumping,5,9,72.9,2.53,Rainy,Day,89.5,140.5
Mining,Drilling,6,8,72.1,9.16,Cloudy,Day,98.9,233.6
Construction,Excavation,5,7,2.1,12.43,Sunny,Day,103.4,189.8
Mining,Hauling Ore,5,3,67.1,12.55,Rainy,Day,108.1,173.2
Data Center Power,Emergency Power Deployment,6,9,13.7,9.7,Sunny,Day,98.2,91.5
Data Center Power,Generator Maintenance,5,8,71.1,4.87,Cloudy,Night,92.8,116.5
Marine & Rail,Locomotive Maintenance,6,8,15.6,3.34,Sunny,Night,86.5,203.3
Data Center Power,Emergency Power Deployment,3,10,4.8,3.72,Sunny,Night,89.9,64.0
Oil & Gas,Well Drilling,7,6,54.8,2.77,Cloudy,Day,98.1,427.6
Mining,Surface Excavation,5,8,59.5,2.05,Rainy,Night,93.8,179.2
Construction,Material Loading,5,8,19.3,8.16,Rainy,Day,83.5,68.9
Data Center Power,Backup Generator Testing,4,7,46.2,6.91,Cloudy,Night,99.1,77.0
Data Center Power,Generator Maintenance,3,4,20.1,3.28,Sunny,Day,88.8,114.2
Data Center Power,Cooling System Inspection,7,6,46.0,2.44,Cloudy,Night,76.0,87.1
Construction,Foundation Work,7,7,42.3,6.84,Rainy,Day,87.1,283.8
Mining,Surface Excavation,5,9,18.1,9.32,Sunny,Day,97.1,139.1
Marine & Rail,Tugboat Engine Service,4,7,45.9,4.49,Sunny,Night,98.0,166.2
Mining,Hauling Ore,6,7,27.2,1.25,Rainy,Night,99.7,127.6
Construction,Demolition,6,8,29.7,2.93,Sunny,Night,91.8,177.3
Construction,Demolition,7,8,25.1,3.23,Sunny,Night,90.0,190.2
Construction,Road Building,8,7,54.7,4.21,Sunny,Day,90.6,321.2
Marine & Rail,Freight Operations,8,9,37.6,9.85,Sunny,Night,98.6,270.9
Oil & Gas,Pipeline Pumping,3,6,70.6,1.8,Sunny,Night,85.3,131.7
Marine & Rail,Freight Operations,3,5,67.8,5.55,Sunny,Day,100.5,208.4
Construction,Excavation,5,8,50.8,5.87,Sunny,Day,90.4,160.2
Oil & Gas,Gas Compression Service,6,4,72.8,4.96,Sunny,Day,99.3,257.8
Oil & Gas,Pipeline Pumping,6,7,6.2,1.84,Cloudy,Day,100.1,137.6
Construction,Road Building,5,9,17.6,6.06,Sunny,Day,95.2,197.4
Mining,Surface Excavation,8,9,2.7,8.14,Cloudy,Day,95.8,163.7
Marine & Rail,Freight Operations,8,8,48.3,11.95,Sunny,Day,95.2,269.3
Mining,Aggregate Collection,8,7,49.9,3.78,Sunny,Day,100.8,87.6
Marine & Rail,Rail Network Inspection,4,8,71.1,7.43,Foggy,Day,78.2,179.4
Construction,Foundation Work,6,10,46.2,10.89,Cloudy,Night,92.7,201.3
Construction,Excavation,5,3,50.3,1.17,Rainy,Day,108.4,281.4
Construction,Foundation Work,7,5,43.7,5.86,Rainy,Day,96.6,339.6
Construction,Foundation Work,4,8,74.6,6.8,Sunny,Day,81.3,189.2
Mining,Hauling Ore,6,9,35.2,1.54,Sunny,Day,92.2,95.7
Data Center Power,Backup Generator Testing,7,5,15.4,2.3,Rainy,Day,76.5,87.7
Marine & Rail,Locomotive Maintenance,6,8,52.9,9.05,Sunny,Day,94.0,231.9
Construction,Material Loading,5,6,4.1,0.33,Cloudy,Day,106.6,63.5
Marine & Rail,Locomotive Maintenance,6,5,13.1,5.53,Sunny,Day,89.5,255.9
Mining,Aggregate Collection,4,8,13.2,4.89,Rainy,Day,91.0,65.3
Construction,Foundation Work,4,9,9.3,5.31,Sunny,Day,84.2,146.2
Construction,Site Preparation,6,5,44.9,3.31,Rainy,Day,89.7,204.0
Construction,Site Preparation,4,8,37.8,4.93,Cloudy,Day,102.2,144.6
Construction,Foundation Work,7,8,59.0,8.88,Sunny,Day,98.2,250.4
Marine & Rail,Tugboat Engine Service,7,9,60.2,2.91,Foggy,Day,89.5,197.4
Marine & Rail,Freight Operations,6,9,43.9,8.97,Sunny,Day,98.8,207.3
Oil & Gas,Well Servicing,7,8,39.3,6.1,Sunny,Night,90.4,265.2
Data Center Power,Backup Generator Testing,7,9,20.5,3.93,Cloudy,Day,87.6,74.5
Construction,Material Loading,5,6,37.9,2.4,Cloudy,Day,100.2,66.0
Marine & Rail,Freight Operations,4,9,35.2,3.78,Cloudy,Day,95.0,178.1
Construction,Road Building,7,8,32.2,7.35,Rainy,Day,86.8,306.0
Data Center Power,Emergency Power Deployment,8,10,37.5,5.6,Sunny,Day,80.7,93.1
Data Center Power,Cooling System Inspection,8,7,27.0,3.45,Sunny,Night,85.4,88.3
Construction,Site Preparation,4,8,56.6,4.97,Sunny,Day,93.0,134.6
Construction,Foundation Work,8,7,40.3,1.27,Sunny,Night,97.3,290.1
Oil & Gas,Well Servicing,4,9,26.1,10.91,Rainy,Day,86.6,207.8
Mining,Surface Excavation,3,8,21.7,4.61,Cloudy,Day,105.7,131.7
Mining,Hauling Ore,4,7,36.4,10.58,Sunny,Day,97.8,106.5
Oil & Gas,Gas Compression Service,3,5,14.9,9.32,Sunny,Day,105.1,185.9
Marine & Rail,Freight Operations,7,10,40.9,3.46,Sunny,Night,99.6,240.6
Data Center Power,Backup Generator Testing,2,9,32.9,3.31,Cloudy,Night,85.1,53.7
Data Center Power,Backup Generator Testing,2,7,44.5,5.4,Rainy,Night,74.0,63.7
Construction,Excavation,5,6,19.1,12.53,Cloudy,Day,109.2,227.7
Marine & Rail,Rail Network Inspection,5,7,21.0,5.81,Sunny,Night,83.9,158.2
Data Center Power,Backup Generator Testing,3,7,52.6,4.88,Sunny,Day,73.5,63.3
Oil & Gas,Pipeline Pumping,3,6,47.5,6.76,Cloudy,Day,82.0,129.0
Oil & Gas,Well Servicing,9,5,30.5,2.39,Cloudy,Day,98.3,361.5
Mining,Surface Excavation,6,6,11.8,5.26,Cloudy,Night,102.7,197.8
Oil & Gas,Pipeline Pumping,6,8,60.8,6.97,Rainy,Day,90.4,162.1
Oil & Gas,Pipeline Pumping,5,8,51.1,3.66,Sunny,Night,88.2,143.9
Construction,Site Preparation,5,7,8.1,11.5,Sunny,Day,106.4,166.2
Mining,Surface Excavation,7,7,54.4,10.96,Cloudy,Day,115.0,264.0
Data Center Power,Emergency Power Deployment,7,9,58.5,5.76,Sunny,Night,85.6,112.3
Marine & Rail,Locomotive Maintenance,3,5,50.9,10.01,Sunny,Day,106.2,255.4
Marine & Rail,Rail Network Inspection,3,5,40.7,4.14,Sunny,Day,81.5,140.7
Oil & Gas,Gas Compression Service,4,8,39.1,4.76,Sunny,Day,100.7,144.8
Marine & Rail,Locomotive Maintenance,8,8,42.3,7.86,Sunny,Night,84.6,279.2
Construction,Foundation Work,7,7,35.9,1.64,Cloudy,Night,89.0,266.1
Mining,Surface Excavation,5,4,27.5,3.89,Cloudy,Day,91.3,202.9
Construction,Demolition,5,8,34.4,5.42,Sunny,Day,86.6,164.0
Oil & Gas,Gas Compression Service,4,7,17.8,4.32,Cloudy,Day,90.4,156.2
Oil & Gas,Well Drilling,8,7,26.4,3.24,Cloudy,Day,88.8,406.9
Mining,Aggregate Collection,5,7,21.0,14.51,Cloudy,Day,115.0,84.0
Marine & Rail,Freight Operations,6,9,45.6,15.13,Sunny,Day,106.4,235.0
Construction,Material Loading,3,8,47.0,6.11,Cloudy,Day,95.4,55.8
Oil & Gas,Pipeline Pumping,6,8,36.7,15.82,Foggy,Night,88.1,185.0
Mining,Surface Excavation,3,6,18.1,4.82,Rainy,Night,93.5,176.5
Mining,Surface Excavation,6,4,16.7,8.87,Cloudy,Day,96.1,234.0
Data Center Power,Emergency Power Deployment,7,5,68.6,12.14,Sunny,Day,83.5,168.0
Marine & Rail,Locomotive Maintenance,7,6,13.0,4.93,Cloudy,Day,85.7,265.7
Construction,Foundation Work,6,8,46.4,8.44,Sunny,Day,84.3,214.4
Data Center Power,Backup Generator Testing,4,8,37.3,7.19,Sunny,Day,107.7,71.9
Marine & Rail,Freight Operations,4,9,4.4,9.86,Sunny,Night,100.9,186.0
Mining,Drilling,8,9,41.8,6.07,Sunny,Day,91.4,212.9
Data Center Power,Generator Maintenance,5,7,46.7,2.94,Sunny,Day,84.5,108.6
Data Center Power,Generator Maintenance,6,7,79.3,7.0,Cloudy,Day,86.9,138.1
Mining,Drilling,6,7,45.2,5.38,Cloudy,Day,84.9,228.4
Mining,Surface Excavation,6,9,34.8,5.25,Sunny,Day,102.2,149.5
Mining,Drilling,5,8,21.9,4.39,Cloudy,Day,99.0,177.6
Construction,Demolition,6,9,49.7,6.97,Cloudy,Night,100.9,192.9
Construction,Excavation,5,8,27.0,12.7,Cloudy,Day,109.2,195.8
Construction,Material Loading,6,8,52.1,9.37,Sunny,Day,89.7,73.4
Mining,Surface Excavation,7,6,21.8,6.18,Cloudy,Night,89.8,217.7
Marine & Rail,Tugboat Engine Service,7,7,56.5,6.62,Rainy,Day,95.8,206.5
Construction,Demolition,8,6,27.4,10.2,Cloudy,Day,101.2,273.7
Construction,Site Preparation,5,8,23.9,5.02,Rainy,Day,92.4,161.4
Oil & Gas,Well Servicing,8,7,15.6,8.76,Cloudy,Day,92.1,290.5
Oil & Gas,Pipeline Pumping,6,7,30.8,10.87,Sunny,Night,92.0,171.0
Construction,Foundation Work,4,6,39.1,2.71,Sunny,Night,107.4,253.9
Mining,Surface Excavation,5,8,20.4,3.04,Rainy,Day,103.7,165.3
Construction,Foundation Work,8,8,43.6,9.39,Sunny,Day,93.4,262.6
Marine & Rail,Locomotive Maintenance,4,5,46.9,3.61,Sunny,Day,85.5,225.4
Oil & Gas,Well Drilling,4,5,51.1,9.68,Sunny,Night,106.8,449.5
Construction,Excavation,5,3,23.1,6.1,Sunny,Day,91.1,230.1
Marine & Rail,Freight Operations,5,9,23.4,6.54,Rainy,Night,101.7,238.2
Marine & Rail,Locomotive Maintenance,7,9,81.2,4.3,Foggy,Night,97.0,264.7
Oil & Gas,Gas Compression Service,6,8,15.7,14.82,Sunny,Day,115.0,229.8
Mining,Surface Excavation,7,4,22.6,1.43,Rainy,Night,102.8,278.3
Data Center Power,Emergency Power Deployment,6,10,33.6,4.46,Cloudy,Night,91.1,86.3
Mining,Surface Excavation,5,9,22.7,4.62,Rainy,Day,94.9,149.9
Mining,Drilling,5,7,36.2,10.05,Cloudy,Day,100.6,221.3
Construction,Foundation Work,6,6,28.3,6.67,Sunny,Day,101.0,258.3
Data Center Power,Cooling System Inspection,6,9,74.4,7.85,Cloudy,Night,72.5,78.0
Oil & Gas,Gas Compression Service,8,7,56.4,6.79,Sunny,Day,99.3,247.9
Construction,Excavation,3,8,41.2,4.29,Sunny,Day,96.4,136.3
Data Center Power,Emergency Power Deployment,5,5,48.4,7.19,Sunny,Day,86.7,126.7
Oil & Gas,Well Drilling,7,3,29.8,4.02,Sunny,Day,95.2,505.9
Mining,Drilling,7,6,44.5,4.91,Rainy,Day,97.8,308.0
Oil & Gas,Gas Compression Service,5,8,38.6,5.42,Rainy,Night,94.4,175.7
Oil & Gas,Well Drilling,8,8,14.6,7.25,Rainy,Day,106.9,437.5
Construction,Material Loading,5,9,23.5,14.03,Sunny,Night,101.1,69.1
Data Center Power,Emergency Power Deployment,5,7,34.2,1.55,Sunny,Day,102.4,97.0
Construction,Material Loading,5,5,32.6,3.22,Rainy,Day,112.3,90.2
Marine & Rail,Locomotive Maintenance,7,7,55.9,7.41,Cloudy,Night,93.0,296.6
Mining,Hauling Ore,8,7,50.6,5.22,Sunny,Night,101.5,152.1
Data Center Power,Emergency Power Deployment,5,5,17.5,4.68,Cloudy,Night,92.5,125.0
Construction,Excavation,8,8,43.8,11.03,Cloudy,Night,95.0,245.6
Construction,Foundation Work,4,10,31.2,8.09,Sunny,Day,84.0,146.2
Oil & Gas,Pipeline Pumping,3,9,24.0,10.75,Rainy,Night,88.1,130.7
Construction,Road Building,3,8,8.1,3.3,Cloudy,Day,90.8,177.6
Data Center Power,Emergency Power Deployment,7,8,35.2,8.3,Sunny,Day,97.1,112.0
Marine & Rail,Locomotive Maintenance,7,8,44.3,15.43,Cloudy,Night,94.8,300.6
Oil & Gas,Pipeline Pumping,5,6,39.7,5.96,Cloudy,Day,88.5,150.5
Mining,Hauling Ore,5,7,30.4,1.19,Sunny,Night,98.0,102.3
Mining,Drilling,7,8,45.5,1.88,Sunny,Day,99.7,212.6
Data Center Power,Backup Generator Testing,3,6,29.4,3.7,Cloudy,Night,85.0,66.9
Construction,Material Loading,6,7,57.0,12.09,Cloudy,Day,91.6,81.4
Construction,Site Preparation,5,6,32.5,11.27,Cloudy,Day,97.1,175.6
Marine & Rail,Locomotive Maintenance,4,6,13.0,12.81,Sunny,Day,112.9,262.2
Construction,Material Loading,7,9,46.5,2.73,Cloudy,Day,99.0,71.9
Mining,Aggregate Collection,5,4,56.7,10.1,Sunny,Night,100.2,86.5
Marine & Rail,Freight Operations,6,9,36.0,7.67,Sunny,Day,111.0,233.5
Mining,Surface Excavation,5,5,17.1,12.81,Rainy,Day,100.6,237.3
Oil & Gas,Pipeline Pumping,7,9,39.3,8.06,Sunny,Night,95.1,172.4
Marine & Rail,Freight Operations,4,7,26.3,7.84,Cloudy,Day,92.1,191.0
Marine & Rail,Freight Operations,4,8,33.9,9.15,Sunny,Day,96.6,184.5
Marine & Rail,Tugboat Engine Service,6,9,45.0,0.95,Cloudy,Night,94.1,151.2
Marine & Rail,Locomotive Maintenance,7,8,11.9,8.64,Sunny,Day,93.1,220.7
Mining,Surface Excavation,8,7,24.2,3.08,Rainy,Day,95.2,217.4
Construction,Excavation,4,9,79.2,4.45,Sunny,Day,97.7,143.2
Mining,Aggregate Collection,3,6,5.6,12.31,Rainy,Night,103.1,79.8
Construction,Site Preparation,6,8,10.3,10.44,Cloudy,Day,101.4,164.2
Construction,Excavation,9,9,29.7,12.55,Sunny,Night,102.9,227.9
Marine & Rail,Tugboat Engine Service,6,9,2.4,1.5,Rainy,Day,82.0,128.2
Construction,Excavation,7,8,27.1,9.21,Sunny,Day,101.3,193.4
Marine & Rail,Freight Operations,4,7,9.7,4.12,Sunny,Day,88.0,183.2
Marine & Rail,Rail Network Inspection,5,7,71.5,2.62,Sunny,Day,81.8,156.7
Mining,Hauling Ore,5,10,29.5,2.43,Cloudy,Night,85.9,90.3
Oil & Gas,Pipeline Pumping,5,9,51.0,4.72,Cloudy,Night,98.5,145.1
Oil & Gas,Pipeline Pumping,7,7,18.7,5.72,Sunny,Night,93.4,173.0
Oil & Gas,Well Servicing,6,8,41.6,12.29,Rainy,Day,88.7,290.0
Oil & Gas,Well Servicing,6,9,54.5,8.35,Cloudy,Day,87.1,217.4
Construction,Material Loading,5,8,29.4,4.99,Rainy,Night,87.2,76.1
Data Center Power,Emergency Power Deployment,6,7,21.5,1.15,Rainy,Night,83.0,105.0
Marine & Rail,Tugboat Engine Service,6,9,36.0,3.46,Sunny,Night,92.3,156.4
Mining,Hauling Ore,6,8,12.3,6.72,Cloudy,Day,97.3,103.7
Marine & Rail,Rail Network Inspection,4,5,27.3,7.54,Rainy,Day,75.1,181.9
Marine & Rail,Freight Operations,6,7,20.8,8.35,Rainy,Day,96.4,254.3
Oil & Gas,Well Servicing,7,9,38.5,4.3,Rainy,Day,88.7,247.3
Mining,Aggregate Collection,5,9,26.6,7.52,Rainy,Day,106.9,75.1
Data Center Power,Backup Generator Testing,4,8,43.8,2.14,Sunny,Night,76.7,68.8
Marine & Rail,Freight Operations,7,7,33.3,8.09,Sunny,Night,97.3,265.9
Mining,Aggregate Collection,4,9,33.9,6.79,Cloudy,Day,93.1,58.5
Data Center Power,Generator Maintenance,5,7,56.1,3.9,Cloudy,Day,88.3,112.9
Mining,Surface Excavation,7,5,48.8,4.17,Rainy,Day,101.4,280.9
Mining,Surface Excavation,6,9,41.1,12.7,Sunny,Day,92.0,157.6
Data Center Power,Backup Generator Testing,5,7,58.0,3.15,Cloudy,Day,93.6,75.2
Oil & Gas,Well Drilling,7,6,7.9,5.39,Sunny,Night,97.5,405.3
Marine & Rail,Tugboat Engine Service,6,10,25.4,2.89,Sunny,Night,87.9,130.9
Construction,Material Loading,5,8,31.6,8.74,Rainy,Night,101.8,82.5
Marine & Rail,Rail Network Inspection,2,9,9.2,10.7,Sunny,Day,93.9,108.6
Marine & Rail,Tugboat Engine Service,6,7,45.2,4.73,Sunny,Night,85.6,192.4
Construction,Excavation,4,8,79.9,7.09,Cloudy,Day,94.6,166.2
Mining,Hauling Ore,3,9,59.0,5.43,Rainy,Night,90.7,103.9
Marine & Rail,Rail Network Inspection,7,8,53.3,5.61,Sunny,Day,86.2,184.1
Construction,Road Building,7,9,35.5,11.42,Rainy,Night,115.0,387.3
Mining,Drilling,8,5,26.5,5.84,Rainy,Day,102.9,344.7
Construction,Road Building,6,9,66.2,5.16,Rainy,Night,103.7,301.4
Marine & Rail,Freight Operations,5,7,21.6,3.68,Cloudy,Day,96.8,200.1
Data Center Power,Backup Generator Testing,4,6,26.1,7.19,Rainy,Night,88.9,80.5
Data Center Power,Generator Maintenance,7,8,37.4,7.54,Sunny,Day,88.6,122.2
Oil & Gas,Pipeline Pumping,4,7,48.4,14.07,Cloudy,Day,88.8,153.5
Mining,Drilling,6,7,14.2,9.48,Sunny,Day,87.8,224.1
Mining,Drilling,8,6,21.9,5.0,Rainy,Day,96.5,310.1
Construction,Excavation,4,5,43.2,5.13,Sunny,Day,100.2,191.6
Construction,Excavation,3,8,25.4,2.55,Cloudy,Day,99.7,130.0
Data Center Power,Emergency Power Deployment,8,10,43.8,3.96,Sunny,Day,100.5,99.1
Construction,Demolition,6,8,59.2,1.25,Cloudy,Day,84.5,182.1
Oil & Gas,Well Servicing,7,5,11.3,2.93,Sunny,Day,94.1,275.0
Mining,Surface Excavation,6,8,38.7,4.26,Sunny,Day,100.8,161.6
Oil & Gas,Well Servicing,7,8,18.2,1.8,Sunny,Day,90.6,218.6
Oil & Gas,Well Drilling,10,9,30.7,1.46,Sunny,Day,93.3,356.5
Construction,Material Loading,4,8,16.7,1.9,Sunny,Day,101.1,52.3
Oil & Gas,Well Servicing,5,7,26.7,9.27,Sunny,Day,77.9,229.3
Mining,Drilling,6,9,69.9,1.2,Rainy,Day,95.8,214.3
Oil & Gas,Well Drilling,6,6,26.3,7.52,Sunny,Night,102.1,434.1
Marine & Rail,Tugboat Engine Service,3,8,16.1,1.5,Sunny,Night,86.3,121.0
Marine & Rail,Locomotive Maintenance,7,7,25.0,5.06,Sunny,Day,94.0,241.3
Construction,Excavation,6,6,25.5,8.86,Rainy,Day,91.1,236.7
Construction,Demolition,8,4,9.4,7.92,Rainy,Day,100.7,319.2
Marine & Rail,Freight Operations,6,9,20.4,9.71,Cloudy,Day,93.8,207.8
Data Center Power,Backup Generator Testing,5,6,15.0,7.76,Cloudy,Day,87.5,74.2
Mining,Surface Excavation,3,10,8.0,8.74,Sunny,Day,109.2,111.9
Data Center Power,Generator Maintenance,5,10,33.6,5.61,Cloudy,Day,83.5,86.8
Construction,Demolition,7,9,10.1,3.91,Cloudy,Day,95.5,161.4
Construction,Foundation Work,6,9,39.7,9.01,Cloudy,Night,89.6,210.3
Oil & Gas,Well Servicing,4,10,28.2,11.9,Sunny,Day,97.8,161.7
Mining,Surface Excavation,8,9,3.2,6.26,Cloudy,Day,95.0,155.7
Marine & Rail,Freight Operations,4,8,9.6,2.7,Foggy,Night,100.4,229.4
Mining,Surface Excavation,4,8,6.1,16.56,Rainy,Night,100.2,191.8
Oil & Gas,Gas Compression Service,6,8,45.0,4.27,Sunny,Night,104.8,186.0
Oil & Gas,Well Drilling,6,8,45.6,6.36,Foggy,Day,101.7,350.1
Construction,Road Building,7,10,55.0,6.35,Sunny,Day,95.0,226.7
Construction,Site Preparation,7,5,58.7,2.36,Sunny,Day,91.0,193.4
Construction,Site Preparation,7,8,11.0,4.64,Sunny,Day,91.4,163.0
Marine & Rail,Freight Operations,7,9,26.5,1.62,Sunny,Night,95.1,230.8
Marine & Rail,Freight Operations,5,9,4.5,9.62,Cloudy,Day,98.2,188.4
Data Center Power,Cooling System Inspection,4,8,57.7,3.9,Cloudy,Day,82.8,61.4
Mining,Hauling Ore,3,9,32.6,0.77,Sunny,Day,89.5,72.2
Oil & Gas,Well Drilling,7,8,44.7,8.83,Sunny,Day,92.9,372.3
Mining,Hauling Ore,3,8,77.0,4.55,Cloudy,Day,89.4,89.5
Construction,Road Building,7,4,25.9,3.87,Sunny,Night,98.0,376.8
Oil & Gas,Well Servicing,6,9,60.2,4.78,Sunny,Night,90.1,223.2
Mining,Surface Excavation,6,8,11.8,5.33,Cloudy,Day,95.1,157.6
Oil & Gas,Pipeline Pumping,5,8,61.5,9.04,Sunny,Day,91.6,145.2
Data Center Power,Cooling System Inspection,5,7,68.0,5.3,Sunny,Day,87.9,71.1
Mining,Surface Excavation,8,8,10.8,2.38,Rainy,Night,94.3,205.7
Mining,Surface Excavation,5,9,65.1,1.52,Sunny,Night,98.4,146.0
Marine & Rail,Locomotive Maintenance,5,8,62.3,8.43,Sunny,Day,99.5,207.5
Mining,Surface Excavation,5,8,59.6,9.06,Sunny,Night,111.1,197.8
Oil & Gas,Well Servicing,9,8,24.5,4.48,Sunny,Day,95.0,264.8
Construction,Road Building,6,9,79.8,7.07,Sunny,Day,81.5,237.1
Data Center Power,Emergency Power Deployment,4,8,32.6,1.09,Rainy,Day,96.1,82.4
Construction,Material Loading,7,8,42.7,8.97,Rainy,Day,115.0,106.5
Construction,Material Loading,7,7,59.8,6.21,Rainy,Night,90.5,100.6
Marine & Rail,Freight Operations,3,9,11.2,14.34,Foggy,Day,99.8,201.2
Construction,Material Loading,5,8,28.2,7.45,Rainy,Day,106.9,75.3
Construction,Site Preparation,5,7,44.3,7.77,Sunny,Day,100.2,157.0
Marine & Rail,Locomotive Maintenance,4,8,32.9,7.63,Sunny,Day,85.4,185.3
Construction,Material Loading,5,7,38.6,3.49,Rainy,Day,95.7,74.4
Construction,Material Loading,7,7,38.7,4.88,Rainy,Night,94.6,93.8
Mining,Hauling Ore,6,5,29.8,0.44,Cloudy,Day,87.0,112.7
Mining,Hauling Ore,4,9,29.7,6.39,Rainy,Day,100.6,102.2
Oil & Gas,Gas Compression Service,4,9,32.4,3.9,Rainy,Night,95.6,141.3
Construction,Site Preparation,5,9,46.1,9.58,Sunny,Day,102.6,152.4
Mining,Hauling Ore,6,9,26.2,9.45,Sunny,Day,97.6,103.5
Mining,Drilling,5,8,59.4,7.66,Cloudy,Day,103.9,213.6
Mining,Drilling,5,5,11.7,9.88,Rainy,Night,103.6,304.2
Oil & Gas,Well Servicing,7,9,12.6,3.51,Sunny,Day,87.1,199.0
Oil & Gas,Well Servicing,7,7,17.1,9.0,Sunny,Day,88.1,262.3
Marine & Rail,Locomotive Maintenance,6,4,29.3,12.59,Rainy,Day,87.5,333.3
Construction,Excavation,6,9,40.5,7.33,Foggy,Day,94.9,166.9
Data Center Power,Backup Generator Testing,4,8,58.4,1.76,Sunny,Day,76.8,63.5
Oil & Gas,Pipeline Pumping,5,7,6.6,14.43,Sunny,Night,88.7,164.8
Marine & Rail,Freight Operations,6,10,39.8,14.87,Sunny,Day,95.6,211.1
Construction,Site Preparation,5,7,24.9,11.38,Sunny,Night,115.0,209.9
Oil & Gas,Pipeline Pumping,6,6,19.1,5.15,Sunny,Night,101.2,160.3
Mining,Drilling,7,7,23.7,6.16,Rainy,Day,94.8,265.1
Construction,Road Building,6,9,26.7,2.98,Rainy,Day,106.1,248.6
Data Center Power,Generator Maintenance,3,7,3.4,5.74,Sunny,Day,98.7,91.9
Data Center Power,Backup Generator Testing,8,6,54.9,4.55,Sunny,Day,78.0,101.2
Mining,Drilling,5,8,7.5,7.63,Sunny,Day,99.6,182.2
Data Center Power,Emergency Power Deployment,8,7,15.1,5.14,Sunny,Day,96.1,120.8
Marine & Rail,Tugboat Engine Service,4,5,9.3,5.75,Sunny,Night,93.0,179.2
Oil & Gas,Well Servicing,7,6,3.8,0.66,Sunny,Night,90.1,259.5
Construction,Demolition,6,8,38.2,4.09,Sunny,Day,90.4,174.7
Marine & Rail,Rail Network Inspection,5,7,41.8,2.16,Cloudy,Day,92.9,162.1
Construction,Demolition,4,7,10.5,5.1,Sunny,Day,90.5,158.4
Mining,Surface Excavation,8,9,60.0,8.39,Sunny,Day,104.6,204.9
Marine & Rail,Tugboat Engine Service,5,8,42.5,1.72,Sunny,Night,105.7,161.0
Marine & Rail,Freight Operations,7,6,19.7,4.47,Foggy,Night,91.9,318.6
Construction,Road Building,7,5,33.1,7.13,Sunny,Day,94.4,336.9
Oil & Gas,Well Servicing,7,7,33.5,9.71,Sunny,Day,99.7,283.4
Oil & Gas,Well Drilling,7,6,24.6,8.51,Cloudy,Day,105.1,462.6
Data Center Power,Backup Generator Testing,5,8,2.7,3.47,Sunny,Day,87.4,63.1
Construction,Material Loading,6,6,12.0,3.02,Rainy,Night,94.7,82.0
Construction,Road Building,7,9,31.1,9.29,Sunny,Day,103.7,257.1
Marine & Rail,Locomotive Maintenance,6,10,12.3,5.21,Sunny,Night,88.6,172.6
Oil & Gas,Well Servicing,6,9,46.5,9.35,Cloudy,Night,93.5,236.1
Marine & Rail,Freight Operations,6,8,53.6,7.88,Sunny,Day,112.8,260.3
Construction,Demolition,3,8,6.4,12.98,Cloudy,Day,115.0,181.1
Construction,Excavation,5,7,12.2,6.77,Sunny,Day,96.4,166.5
Construction,Material Loading,7,7,19.1,6.16,Cloudy,Day,97.0,76.0
Marine & Rail,Locomotive Maintenance,6,4,19.5,2.89,Sunny,Day,107.4,295.0
Data Center Power,Emergency Power Deployment,5,8,74.6,2.14,Sunny,Day,89.5,90.7
Oil & Gas,Gas Compression Service,6,8,17.3,6.45,Sunny,Day,99.6,168.3
Mining,Hauling Ore,6,8,62.4,8.01,Sunny,Night,96.2,128.0
Data Center Power,Backup Generator Testing,5,8,23.9,1.66,Sunny,Day,81.2,64.2
Oil & Gas,Gas Compression Service,9,6,85.7,4.52,Rainy,Day,103.9,328.7
Oil & Gas,Pipeline Pumping,6,9,18.1,7.41,Cloudy,Day,95.0,137.2
Construction,Material Loading,3,9,44.8,13.41,Sunny,Day,99.8,57.3
Mining,Aggregate Collection,6,6,34.3,10.07,Sunny,Day,99.5,76.9
Oil & Gas,Pipeline Pumping,6,7,46.7,10.02,Rainy,Night,88.8,185.8
Oil & Gas,Pipeline Pumping,4,8,44.0,6.0,Sunny,Day,95.5,126.9
Oil & Gas,Pipeline Pumping,5,7,18.2,3.44,Sunny,Day,88.8,128.8
Marine & Rail,Locomotive Maintenance,6,6,24.6,1.41,Foggy,Day,87.4,235.2
Oil & Gas,Well Servicing,6,10,4.0,10.91,Cloudy,Day,103.5,182.2
Construction,Foundation Work,5,8,75.1,2.88,Sunny,Day,81.6,198.5
Data Center Power,Cooling System Inspection,5,8,44.8,4.56,Sunny,Day,80.8,63.8
Oil & Gas,Well Servicing,8,4,39.3,1.29,Sunny,Night,85.9,368.1
Mining,Surface Excavation,6,10,6.4,3.0,Cloudy,Day,113.0,138.4
Marine & Rail,Tugboat Engine Service,8,9,59.1,9.6,Sunny,Day,91.6,196.1
Marine & Rail,Rail Network Inspection,4,8,26.2,11.12,Foggy,Day,95.0,170.0
Mining,Hauling Ore,7,8,13.0,3.62,Rainy,Day,92.6,119.6
Oil & Gas,Gas Compression Service,8,8,24.4,9.47,Cloudy,Night,101.9,226.5
Marine & Rail,Freight Operations,6,5,50.9,10.8,Sunny,Day,103.5,258.5
Mining,Drilling,4,7,15.9,6.4,Cloudy,Day,100.1,187.1
Construction,Foundation Work,7,9,52.0,8.49,Sunny,Night,95.4,237.4
Construction,Foundation Work,5,9,12.5,1.86,Rainy,Day,98.0,191.4
Data Center Power,Emergency Power Deployment,6,8,79.3,5.75,Sunny,Night,86.0,114.5
Construction,Foundation Work,6,8,4.1,4.8,Sunny,Day,97.9,192.3
Construction,Site Preparation,7,8,28.1,3.92,Foggy,Night,84.7,180.3
Marine & Rail,Locomotive Maintenance,8,9,73.1,10.56,Cloudy,Night,92.9,310.7
Data Center Power,Backup Generator Testing,7,9,41.4,3.44,Sunny,Day,74.6,78.4
Mining,Aggregate Collection,6,5,26.8,8.44,Rainy,Day,98.1,88.6
Mining,Drilling,4,8,32.9,5.94,Cloudy,Night,90.3,184.5
Construction,Road Building,4,8,36.9,3.26,Sunny,Day,88.8,194.8
Marine & Rail,Freight Operations,3,6,27.6,11.86,Rainy,Day,101.5,214.1
Construction,Foundation Work,8,8,74.9,6.44,Sunny,Day,89.9,275.9
Mining,Surface Excavation,8,7,54.4,7.81,Rainy,Day,109.4,288.0
Oil & Gas,Well Servicing,6,8,10.4,10.38,Sunny,Day,105.2,237.4
Construction,Material Loading,4,6,23.1,0.64,Cloudy,Day,111.1,66.0
Mining,Aggregate Collection,5,5,53.9,0.65,Rainy,Night,105.3,96.0
Data Center Power,Generator Maintenance,5,9,49.5,2.62,Sunny,Night,86.9,97.2
Data Center Power,Emergency Power Deployment,5,6,69.0,2.45,Cloudy,Night,88.3,123.3
Mining,Surface Excavation,5,9,33.0,13.99,Sunny,Day,102.6,146.8
Data Center Power,Emergency Power Deployment,6,8,36.7,4.08,Sunny,Night,88.9,106.7
Construction,Site Preparation,4,9,72.1,7.35,Sunny,Day,102.1,145.4
Marine & Rail,Tugboat Engine Service,4,6,31.8,4.02,Sunny,Day,87.4,163.7
Mining,Hauling Ore,5,6,32.2,2.83,Sunny,Day,94.6,101.1
Marine & Rail,Tugboat Engine Service,4,7,28.8,11.1,Cloudy,Day,102.0,165.8
Data Center Power,Backup Generator Testing,6,9,68.3,3.75,Cloudy,Day,78.6,76.0
Marine & Rail,Freight Operations,5,10,45.5,18.15,Sunny,Day,103.1,203.8
Oil & Gas,Well Servicing,8,5,71.4,12.65,Rainy,Day,86.0,468.6
Construction,Material Loading,5,7,12.9,3.96,Rainy,Day,101.2,70.3
Mining,Surface Excavation,5,7,29.7,8.92,Rainy,Day,105.2,205.1
Oil & Gas,Well Drilling,9,8,50.8,9.02,Cloudy,Day,98.7,465.2
Mining,Surface Excavation,6,8,26.3,5.07,Sunny,Day,100.4,154.4
Mining,Surface Excavation,7,7,39.4,5.55,Sunny,Night,93.7,215.9
Marine & Rail,Freight Operations,5,8,31.8,11.36,Sunny,Day,104.4,208.8
Mining,Aggregate Collection,2,7,35.4,14.04,Rainy,Day,106.6,70.5
Marine & Rail,Locomotive Maintenance,5,7,65.6,7.9,Rainy,Day,89.5,239.3
Mining,Drilling,6,9,39.8,6.17,Sunny,Day,92.3,182.1
Mining,Hauling Ore,7,6,58.0,5.69,Sunny,Day,94.7,139.5
Mining,Hauling Ore,4,7,9.5,1.9,Sunny,Day,97.0,81.8
Mining,Surface Excavation,6,7,36.1,2.19,Sunny,Night,91.2,180.7
Oil & Gas,Well Drilling,9,4,20.0,8.97,Cloudy,Day,96.1,571.6
Mining,Hauling Ore,5,9,31.6,8.72,Rainy,Day,104.9,116.3
Data Center Power,Backup Generator Testing,6,7,37.7,2.4,Cloudy,Day,73.5,76.3
Oil & Gas,Well Servicing,6,9,16.2,1.44,Sunny,Day,105.4,185.5
Oil & Gas,Pipeline Pumping,4,10,57.1,4.88,Sunny,Night,89.1,128.5
Marine & Rail,Rail Network Inspection,4,7,70.6,10.73,Rainy,Night,97.9,190.4
Data Center Power,Emergency Power Deployment,6,9,13.6,2.34,Sunny,Night,94.5,87.5
Oil & Gas,Gas Compression Service,6,7,6.4,5.22,Sunny,Day,99.4,171.3
Marine & Rail,Freight Operations,5,6,32.4,6.12,Rainy,Night,96.2,264.0
Data Center Power,Generator Maintenance,6,7,39.9,8.13,Rainy,Day,93.4,131.0
Oil & Gas,Well Drilling,4,9,76.0,12.2,Rainy,Day,99.5,338.0
Marine & Rail,Tugboat Engine Service,6,7,59.2,9.1,Sunny,Night,84.6,202.4
Construction,Foundation Work,7,6,41.8,2.32,Sunny,Day,91.7,269.6
Mining,Hauling Ore,4,7,46.7,10.42,Sunny,Night,96.6,114.8
Marine & Rail,Locomotive Maintenance,5,7,59.1,9.57,Sunny,Day,93.0,228.5
Construction,Site Preparation,3,6,15.0,10.8,Foggy,Day,111.6,169.9
Construction,Road Building,6,6,52.6,4.49,Rainy,Day,85.0,325.8
Construction,Demolition,5,9,32.4,8.34,Rainy,Day,101.9,185.1
Marine & Rail,Locomotive Maintenance,7,8,48.9,10.18,Sunny,Day,86.8,251.9
Construction,Excavation,4,4,42.4,1.7,Cloudy,Day,106.4,206.9
Marine & Rail,Rail Network Inspection,3,9,28.1,6.13,Sunny,Day,83.7,119.4
Marine & Rail,Locomotive Maintenance,8,8,50.2,3.29,Sunny,Day,95.9,251.3
Construction,Excavation,8,8,24.3,9.42,Rainy,Night,89.7,252.5
Construction,Material Loading,6,8,55.6,1.75,Rainy,Night,92.7,81.4
Mining,Drilling,5,7,66.7,9.89,Rainy,Day,91.2,258.3
Construction,Road Building,7,9,55.8,8.52,Cloudy,Day,90.2,259.3
Mining,Hauling Ore,6,6,15.9,1.19,Rainy,Day,98.0,118.5
Construction,Site Preparation,7,6,7.5,7.45,Cloudy,Day,115.0,215.4
Mining,Aggregate Collection,6,4,15.5,2.95,Sunny,Day,98.5,78.1
Construction,Excavation,7,5,36.8,4.87,Rainy,Night,91.4,295.6
Data Center Power,Generator Maintenance,4,7,35.2,2.9,Sunny,Day,94.4,99.2
Data Center Power,Backup Generator Testing,6,9,13.9,0.86,Sunny,Day,74.3,63.7
Marine & Rail,Tugboat Engine Service,9,8,24.2,6.03,Sunny,Night,87.8,207.2
Oil & Gas,Well Servicing,8,8,15.0,8.3,Sunny,Day,93.0,252.7
Mining,Aggregate Collection,7,6,35.3,2.68,Cloudy,Night,100.5,87.5
Construction,Road Building,6,5,45.8,10.69,Sunny,Day,107.6,384.9
Marine & Rail,Freight Operations,5,8,37.0,11.6,Sunny,Day,89.6,206.7
Construction,Excavation,5,6,29.5,8.0,Sunny,Day,97.7,187.8
Mining,Aggregate Collection,5,8,19.4,10.12,Cloudy,Day,97.4,65.8
Oil & Gas,Well Servicing,6,7,50.3,2.23,Sunny,Night,86.8,244.1
Mining,Aggregate Collection,6,7,35.5,5.77,Sunny,Day,98.6,73.3
Oil & Gas,Well Drilling,6,6,36.6,7.37,Sunny,Day,92.5,395.0
Construction,Site Preparation,4,8,26.3,2.39,Cloudy,Day,91.6,125.4
Mining,Surface Excavation,7,8,34.8,2.08,Cloudy,Day,89.2,163.4
Marine & Rail,Freight Operations,4,9,41.6,9.27,Cloudy,Day,100.7,182.8
Mining,Drilling,9,7,16.5,13.27,Rainy,Night,99.3,344.7
Mining,Surface Excavation,8,6,54.5,9.17,Cloudy,Day,94.8,253.6
Marine & Rail,Locomotive Maintenance,6,7,22.4,1.86,Sunny,Day,88.6,206.9
Mining,Drilling,9,5,3.2,3.35,Cloudy,Night,94.5,314.5
Oil & Gas,Well Servicing,4,9,56.0,7.98,Foggy,Day,96.2,201.1
Construction,Material Loading,3,9,30.8,5.63,Rainy,Day,95.0,58.7
Marine & Rail,Rail Network Inspection,8,7,46.4,13.59,Foggy,Day,85.2,265.0
Construction,Demolition,5,5,58.3,6.32,Sunny,Day,90.1,216.3
Construction,Material Loading,7,7,69.1,9.21,Sunny,Night,95.6,99.6
Mining,Surface Excavation,7,8,9.0,4.98,Rainy,Day,105.9,193.1
Data Center Power,Cooling System Inspection,6,7,51.5,1.22,Cloudy,Day,79.8,73.5
Mining,Drilling,5,7,32.4,9.35,Rainy,Day,113.9,282.5
Construction,Excavation,6,7,51.0,9.01,Sunny,Night,99.0,216.4
Marine & Rail,Tugboat Engine Service,7,8,54.3,7.28,Cloudy,Day,97.3,187.2
Oil & Gas,Well Drilling,6,9,70.6,5.34,Foggy,Day,93.3,325.4
Construction,Demolition,6,9,51.8,4.61,Rainy,Day,81.9,184.7
Marine & Rail,Freight Operations,6,9,39.5,5.48,Sunny,Day,102.4,212.7
Data Center Power,Backup Generator Testing,5,8,36.8,7.67,Sunny,Night,95.1,75.0
Construction,Site Preparation,5,9,4.9,9.21,Cloudy,Day,95.6,140.7
Marine & Rail,Tugboat Engine Service,7,5,43.2,6.38,Sunny,Night,86.7,250.8
Data Center Power,Backup Generator Testing,6,9,64.8,2.85,Sunny,Night,90.2,80.8
Construction,Site Preparation,6,9,15.1,3.28,Rainy,Day,104.1,167.2
Construction,Material Loading,6,8,21.5,11.03,Rainy,Night,104.6,88.4
Construction,Material Loading,6,7,33.4,2.93,Rainy,Day,91.9,79.9
Oil & Gas,Well Drilling,4,9,33.6,6.76,Sunny,Day,98.5,255.0
Marine & Rail,Locomotive Maintenance,8,6,38.4,10.03,Foggy,Night,84.1,360.6
Data Center Power,Cooling System Inspection,6,8,31.4,2.96,Sunny,Night,72.8,72.5
Mining,Surface Excavation,7,9,33.2,6.46,Sunny,Day,98.3,159.8
Construction,Demolition,6,7,27.3,6.95,Cloudy,Day,113.3,234.1
Construction,Site Preparation,6,7,26.2,4.37,Sunny,Day,104.1,164.1
Oil & Gas,Pipeline Pumping,6,9,67.5,12.34,Cloudy,Day,98.2,164.5
Mining,Aggregate Collection,4,8,23.5,11.78,Cloudy,Day,102.9,65.0
Data Center Power,Emergency Power Deployment,5,10,17.0,12.68,Cloudy,Day,92.5,81.1
Mining,Aggregate Collection,8,6,65.2,2.61,Cloudy,Night,115.0,125.4
Mining,Drilling,7,7,23.7,6.32,Rainy,Day,93.9,264.6
Marine & Rail,Tugboat Engine Service,7,7,13.9,9.01,Cloudy,Day,92.5,193.9
Data Center Power,Backup Generator Testing,6,8,29.4,9.68,Sunny,Night,83.9,79.1
Construction,Foundation Work,7,8,37.3,8.5,Rainy,Day,96.1,263.8
Construction,Foundation Work,7,9,10.5,7.8,Sunny,Night,84.2,206.7
Oil & Gas,Pipeline Pumping,4,9,30.2,3.89,Cloudy,Night,94.6,126.6
Data Center Power,Emergency Power Deployment,6,5,14.1,5.7,Sunny,Night,92.6,129.4
Data Center Power,Emergency Power Deployment,7,7,41.9,10.95,Rainy,Day,91.3,138.9
Construction,Site Preparation,5,7,55.1,8.17,Sunny,Day,106.7,171.5
Mining,Hauling Ore,5,6,31.4,15.99,Rainy,Day,107.2,151.9
Data Center Power,Generator Maintenance,7,8,35.7,3.05,Cloudy,Day,81.6,118.8
Mining,Drilling,8,9,4.8,13.75,Foggy,Day,102.0,228.4
Construction,Material Loading,7,8,52.0,2.47,Foggy,Day,97.0,78.9
Data Center Power,Emergency Power Deployment,8,8,16.6,5.22,Cloudy,Day,93.0,113.4
Data Center Power,Emergency Power Deployment,4,6,77.6,3.93,Cloudy,Night,81.5,117.0
Construction,Road Building,4,9,20.7,11.11,Sunny,Day,94.2,198.5
Construction,Site Preparation,4,7,25.1,11.38,Sunny,Day,99.0,149.8
Construction,Material Loading,3,6,59.2,3.35,Cloudy,Day,86.3,62.2
Marine & Rail,Locomotive Maintenance,6,8,7.8,9.77,Sunny,Night,94.3,228.9
Data Center Power,Generator Maintenance,7,7,57.3,4.63,Rainy,Day,94.5,144.6
Marine & Rail,Freight Operations,4,8,9.3,5.27,Sunny,Day,95.3,176.0
Construction,Site Preparation,5,9,58.8,0.87,Cloudy,Day,104.5,140.5
Mining,Hauling Ore,5,7,81.9,8.81,Foggy,Night,98.8,152.3
Marine & Rail,Freight Operations,5,5,56.6,13.08,Sunny,Day,97.3,235.6
Mining,Drilling,7,9,26.5,8.57,Foggy,Day,94.6,213.5
Data Center Power,Emergency Power Deployment,6,8,60.9,5.27,Sunny,Night,89.4,111.7
Oil & Gas,Well Drilling,8,8,17.3,4.77,Sunny,Night,101.8,386.5
Marine & Rail,Locomotive Maintenance,7,7,35.4,10.18,Cloudy,Day,94.1,280.1
Construction,Demolition,5,5,39.9,6.52,Cloudy,Day,88.8,221.3
Oil & Gas,Pipeline Pumping,6,9,39.7,2.8,Sunny,Day,88.9,133.8
Mining,Hauling Ore,3,9,13.8,8.01,Cloudy,Night,100.7,89.0
Oil & Gas,Well Servicing,7,9,55.0,4.13,Rainy,Day,93.5,255.1
Marine & Rail,Locomotive Maintenance,7,6,29.6,3.22,Cloudy,Night,89.5,278.3
Mining,Surface Excavation,7,10,7.9,3.47,Cloudy,Day,102.3,136.1
Construction,Material Loading,6,10,23.1,13.27,Foggy,Day,110.6,81.1
Data Center Power,Cooling System Inspection,6,6,20.7,3.12,Cloudy,Night,83.2,75.6
Marine & Rail,Locomotive Maintenance,7,6,24.4,5.61,Foggy,Day,99.3,281.0
Construction,Foundation Work,6,7,40.3,4.92,Sunny,Day,98.6,231.8
Marine & Rail,Freight Operations,6,7,34.4,6.38,Sunny,Day,94.5,225.7
Oil & Gas,Pipeline Pumping,7,7,55.5,3.92,Cloudy,Night,91.5,184.3
Construction,Material Loading,5,9,34.5,4.37,Cloudy,Day,93.4,61.7
Mining,Drilling,6,8,42.5,2.59,Foggy,Night,97.5,215.9
Mining,Drilling,5,6,25.6,8.84,Sunny,Day,94.9,226.4
Construction,Road Building,5,9,47.5,2.76,Sunny,Night,91.5,211.1
Marine & Rail,Freight Operations,6,9,39.7,5.8,Sunny,Day,90.0,208.3
Construction,Site Preparation,4,6,9.5,3.65,Sunny,Day,96.1,138.0
Oil & Gas,Well Drilling,9,6,8.9,13.22,Foggy,Day,102.6,534.8
Data Center Power,Cooling System Inspection,5,8,61.8,4.04,Cloudy,Day,81.6,68.1
Marine & Rail,Tugboat Engine Service,7,8,65.0,8.02,Cloudy,Night,87.8,204.2
Construction,Foundation Work,7,9,42.1,3.88,Sunny,Night,91.7,228.6
Marine & Rail,Freight Operations,6,7,45.5,5.98,Sunny,Night,96.5,250.1
Oil & Gas,Pipeline Pumping,5,9,25.9,3.33,Sunny,Night,87.5,129.7
Mining,Surface Excavation,6,7,87.3,13.29,Sunny,Day,106.8,231.3
Oil & Gas,Well Drilling,8,8,23.0,7.91,Sunny,Night,113.5,461.3
Marine & Rail,Locomotive Maintenance,4,8,28.3,10.06,Sunny,Day,90.4,189.3
Mining,Surface Excavation,6,7,51.7,10.83,Rainy,Day,93.8,220.1
Mining,Drilling,5,6,7.2,4.34,Rainy,Day,92.4,235.3
Construction,Material Loading,6,10,32.1,3.64,Rainy,Night,93.2,73.2
Marine & Rail,Locomotive Maintenance,7,5,20.2,1.44,Sunny,Day,101.2,274.5
Data Center Power,Cooling System Inspection,8,7,26.3,9.0,Sunny,Day,74.0,85.3
Marine & Rail,Locomotive Maintenance,8,6,46.6,12.94,Foggy,Day,101.9,360.8
Oil & Gas,Well Drilling,8,8,34.8,8.74,Cloudy,Day,102.7,422.8
Construction,Material Loading,4,6,33.2,5.67,Sunny,Day,94.5,62.1
Construction,Foundation Work,8,9,22.5,6.7,Sunny,Day,92.3,212.0
Marine & Rail,Locomotive Maintenance,5,9,28.4,7.0,Cloudy,Day,100.5,182.0
Mining,Surface Excavation,7,7,55.8,10.71,Cloudy,Day,96.8,221.0
Oil & Gas,Well Drilling,4,9,38.8,1.82,Sunny,Night,87.7,261.2
Marine & Rail,Freight Operations,6,9,83.3,6.55,Sunny,Night,99.0,239.5
Data Center Power,Generator Maintenance,5,7,83.2,4.98,Sunny,Day,88.8,121.4
Oil & Gas,Well Drilling,4,7,10.3,9.61,Sunny,Day,99.6,300.6
Construction,Excavation,7,8,55.5,11.26,Sunny,Day,95.0,208.1
Mining,Aggregate Collection,2,5,32.5,11.46,Cloudy,Day,98.8,61.4
Data Center Power,Backup Generator Testing,7,9,50.2,10.15,Sunny,Night,89.1,87.4
Data Center Power,Emergency Power Deployment,6,8,48.4,3.54,Sunny,Night,101.7,109.5
Construction,Material Loading,6,7,30.9,5.42,Rainy,Day,89.8,76.6
Marine & Rail,Locomotive Maintenance,7,8,51.8,7.68,Sunny,Day,96.5,247.8
Marine & Rail,Tugboat Engine Service,5,8,36.4,9.18,Sunny,Night,93.0,170.7
Oil & Gas,Well Drilling,8,5,24.2,8.63,Rainy,Night,103.1,629.5
Data Center Power,Backup Generator Testing,5,8,19.3,7.88,Cloudy,Night,77.9,71.9
Data Center Power,Cooling System Inspection,5,9,21.0,4.33,Rainy,Day,79.5,59.2
Marine & Rail,Locomotive Maintenance,6,7,17.7,11.62,Cloudy,Night,100.3,261.6
Marine & Rail,Locomotive Maintenance,6,10,33.2,9.12,Cloudy,Night,87.6,192.5
Data Center Power,Generator Maintenance,6,6,10.6,8.5,Cloudy,Night,104.3,148.5
Marine & Rail,Freight Operations,4,8,41.5,5.11,Cloudy,Day,92.4,191.0
Oil & Gas,Pipeline Pumping,6,8,81.3,8.93,Sunny,Night,93.1,184.4
Mining,Aggregate Collection,4,6,24.2,7.5,Cloudy,Day,93.8,64.3
Marine & Rail,Locomotive Maintenance,5,9,16.3,7.7,Sunny,Day,93.3,177.7
Oil & Gas,Well Servicing,6,8,22.2,8.82,Cloudy,Night,84.6,238.3
Construction,Demolition,5,7,28.8,2.78,Foggy,Day,101.0,186.2
Marine & Rail,Rail Network Inspection,6,8,40.8,8.98,Sunny,Night,91.4,178.7
Construction,Foundation Work,7,9,15.9,4.89,Cloudy,Day,88.3,206.0
Construction,Excavation,5,6,27.0,9.77,Sunny,Day,102.8,202.8
Oil & Gas,Pipeline Pumping,6,10,9.9,7.19,Sunny,Day,90.0,129.9
Data Center Power,Generator Maintenance,3,8,61.1,1.84,Cloudy,Night,91.5,94.8
Marine & Rail,Locomotive Maintenance,5,7,60.5,3.31,Cloudy,Day,87.8,218.6
Data Center Power,Emergency Power Deployment,6,10,17.2,1.08,Sunny,Night,93.8,78.0
Oil & Gas,Well Servicing,8,9,76.1,11.08,Foggy,Day,95.4,309.9
Construction,Site Preparation,5,7,58.5,7.0,Sunny,Night,95.7,169.8
Mining,Drilling,6,7,71.6,5.07,Cloudy,Night,100.8,250.4
Construction,Excavation,7,8,34.7,3.52,Sunny,Day,96.0,176.0
Marine & Rail,Freight Operations,8,9,30.0,16.08,Rainy,Day,109.1,321.3
Construction,Site Preparation,5,8,12.8,11.22,Rainy,Day,98.9,167.7
Construction,Demolition,6,8,41.7,0.6,Cloudy,Day,92.1,173.3
Marine & Rail,Freight Operations,7,7,5.1,3.45,Foggy,Day,86.0,269.7
Construction,Excavation,7,9,52.4,2.81,Sunny,Day,91.4,167.1
Mining,Surface Excavation,5,9,60.0,6.97,Sunny,Day,92.0,141.9
Oil & Gas,Well Servicing,7,4,6.3,12.82,Sunny,Day,102.9,350.4
Data Center Power,Generator Maintenance,9,9,61.1,6.4,Sunny,Day,89.5,140.6
Marine & Rail,Tugboat Engine Service,6,6,48.4,12.44,Sunny,Night,101.8,237.6
Construction,Site Preparation,4,9,18.6,7.68,Sunny,Night,95.1,142.7
Mining,Surface Excavation,5,7,32.8,6.81,Sunny,Day,99.0,162.1
Marine & Rail,Freight Operations,8,9,58.1,14.47,Cloudy,Day,109.2,312.7
Marine & Rail,Tugboat Engine Service,4,8,22.9,5.55,Sunny,Day,87.8,132.8
Mining,Drilling,6,8,8.3,1.93,Sunny,Day,96.4,178.0
Data Center Power,Backup Generator Testing,5,9,21.9,4.93,Sunny,Day,85.9,64.5
Data Center Power,Backup Generator Testing,3,7,39.5,3.68,Cloudy,Day,79.4,63.7
Oil & Gas,Pipeline Pumping,6,7,37.6,5.29,Sunny,Day,88.6,152.0
Data Center Power,Generator Maintenance,5,9,13.3,10.22,Cloudy,Night,94.4,105.3
Mining,Surface Excavation,7,8,41.8,4.41,Rainy,Night,99.1,218.9
Construction,Excavation,5,7,42.9,6.8,Sunny,Day,100.9,181.8
Oil & Gas,Well Servicing,7,7,21.9,12.35,Rainy,Day,93.6,317.8
Marine & Rail,Freight Operations,4,6,16.4,4.81,Sunny,Night,89.0,207.6
Data Center Power,Emergency Power Deployment,5,6,2.9,12.91,Sunny,Night,108.5,134.9
Mining,Surface Excavation,8,9,50.6,14.76,Sunny,Night,113.9,271.6
Data Center Power,Cooling System Inspection,7,7,25.0,8.0,Cloudy,Day,83.6,79.6
Data Center Power,Cooling System Inspection,4,5,49.2,11.5,Sunny,Day,88.8,72.6
Data Center Power,Cooling System Inspection,6,8,37.6,5.85,Cloudy,Day,97.1,72.0
Oil & Gas,Pipeline Pumping,5,8,43.9,6.86,Rainy,Day,102.0,143.3
Marine & Rail,Rail Network Inspection,7,8,12.1,13.59,Sunny,Night,86.6,189.2
Oil & Gas,Well Drilling,7,6,29.9,9.36,Rainy,Day,112.4,582.8
Mining,Surface Excavation,6,6,22.8,1.94,Sunny,Day,89.8,173.6
Mining,Surface Excavation,5,9,19.4,1.25,Rainy,Night,108.7,166.1
Data Center Power,Emergency Power Deployment,6,8,27.1,3.25,Sunny,Night,76.4,102.0
Mining,Drilling,6,8,26.7,0.83,Sunny,Day,89.1,180.1
Data Center Power,Cooling System Inspection,3,7,67.5,2.33,Cloudy,Day,78.7,60.3
Marine & Rail,Locomotive Maintenance,4,8,35.5,3.77,Rainy,Day,93.5,182.3
Oil & Gas,Pipeline Pumping,3,8,5.9,2.22,Sunny,Day,87.7,104.8
Mining,Drilling,5,8,54.7,3.68,Sunny,Day,110.5,204.1
Oil & Gas,Gas Compression Service,6,6,47.4,7.54,Sunny,Day,96.7,215.5
Oil & Gas,Well Drilling,7,6,29.3,14.04,Sunny,Night,107.1,527.3
Data Center Power,Backup Generator Testing,6,6,28.8,4.84,Cloudy,Day,99.1,78.9
Oil & Gas,Pipeline Pumping,5,9,48.4,1.56,Rainy,Night,82.9,137.4
Marine & Rail,Tugboat Engine Service,7,9,57.7,4.32,Cloudy,Night,89.4,177.1
Mining,Hauling Ore,4,5,29.7,6.9,Sunny,Day,90.8,100.7
Construction,Road Building,4,9,55.8,7.96,Sunny,Day,95.0,199.6
Oil & Gas,Well Servicing,8,7,34.6,5.93,Sunny,Night,103.8,326.2
Oil & Gas,Well Servicing,6,7,34.7,6.58,Foggy,Night,89.0,273.0
Marine & Rail,Freight Operations,6,8,30.0,3.5,Rainy,Day,93.9,236.4
Oil & Gas,Pipeline Pumping,6,5,18.7,1.33,Cloudy,Night,82.4,161.4
Oil & Gas,Gas Compression Service,6,7,8.7,5.92,Rainy,Night,101.5,198.6
Mining,Hauling Ore,4,5,43.0,14.38,Rainy,Night,99.8,148.7
Oil & Gas,Well Servicing,7,5,23.1,6.09,Cloudy,Day,91.9,301.9
Marine & Rail,Freight Operations,7,7,33.2,3.81,Sunny,Day,96.5,237.7
Mining,Hauling Ore,2,8,41.5,12.73,Sunny,Day,107.4,95.3
Construction,Foundation Work,6,8,46.7,2.12,Sunny,Day,100.0,204.4
Construction,Demolition,6,6,19.1,6.24,Sunny,Day,94.7,204.4
Construction,Excavation,7,10,49.9,8.01,Foggy,Day,105.3,179.8
Data Center Power,Backup Generator Testing,4,7,46.1,2.53,Sunny,Night,82.4,69.7
Mining,Hauling Ore,5,6,67.7,4.08,Sunny,Night,91.0,117.9
Marine & Rail,Rail Network Inspection,5,8,45.6,12.41,Sunny,Day,89.7,161.1
Oil & Gas,Gas Compression Service,9,7,31.2,3.88,Rainy,Night,95.5,257.1
Construction,Demolition,5,8,65.4,6.06,Cloudy,Day,105.4,188.4
Construction,Excavation,4,8,4.9,5.85,Cloudy,Day,97.5,142.4
Mining,Hauling Ore,5,7,18.2,9.79,Sunny,Night,99.4,117.7
Mining,Aggregate Collection,5,6,41.1,12.28,Sunny,Day,84.8,73.2
Mining,Drilling,8,7,33.6,0.92,Cloudy,Day,84.5,241.6
Oil & Gas,Well Servicing,6,7,50.0,6.59,Cloudy,Day,106.4,277.8
Marine & Rail,Tugboat Engine Service,4,10,64.7,3.22,Foggy,Night,87.5,149.2
Mining,Surface Excavation,3,7,63.3,1.96,Rainy,Day,91.3,160.7
Oil & Gas,Well Servicing,5,6,28.6,12.27,Sunny,Day,99.9,259.6
Mining,Hauling Ore,5,9,41.7,2.7,Cloudy,Night,107.4,106.1
Construction,Material Loading,3,8,36.5,10.22,Foggy,Day,106.8,63.1
Mining,Aggregate Collection,6,10,17.5,4.18,Sunny,Day,89.3,61.3
Mining,Surface Excavation,8,7,59.9,9.11,Foggy,Night,112.6,305.0
Marine & Rail,Tugboat Engine Service,3,9,50.4,6.69,Rainy,Night,88.2,132.8
Oil & Gas,Well Drilling,8,7,11.8,10.0,Sunny,Night,93.2,425.0
Construction,Excavation,5,6,7.9,0.48,Cloudy,Day,89.3,163.9
Oil & Gas,Well Drilling,4,8,38.5,1.53,Sunny,Day,92.9,258.1
Marine & Rail,Locomotive Maintenance,7,8,52.9,6.57,Sunny,Night,81.8,267.0
Data Center Power,Generator Maintenance,7,8,51.0,3.55,Cloudy,Night,98.3,135.6
Oil & Gas,Well Servicing,7,8,70.7,8.95,Cloudy,Day,83.2,273.6
Construction,Material Loading,4,6,46.0,6.3,Sunny,Night,108.8,73.3
Oil & Gas,Well Drilling,5,8,16.6,1.47,Cloudy,Day,87.2,274.8
Mining,Drilling,7,5,39.4,3.2,Rainy,Day,98.7,319.8
Data Center Power,Cooling System Inspection,7,6,10.3,4.74,Sunny,Day,80.8,74.6
Construction,Material Loading,4,7,38.5,5.52,Cloudy,Day,95.1,59.9
Construction,Demolition,9,7,34.0,15.28,Cloudy,Day,103.3,298.9
Mining,Drilling,8,6,51.3,13.71,Rainy,Day,115.0,460.9
Mining,Surface Excavation,6,8,25.1,14.13,Cloudy,Night,108.3,217.4
Oil & Gas,Well Drilling,7,8,31.3,5.8,Rainy,Day,96.4,396.0
Construction,Foundation Work,5,7,27.7,12.8,Sunny,Day,97.4,225.2
Construction,Foundation Work,6,8,1.8,15.09,Rainy,Day,115.0,282.8
Mining,Aggregate Collection,2,8,11.1,6.3,Sunny,Day,90.2,46.7
Oil & Gas,Pipeline Pumping,5,8,30.1,13.62,Sunny,Day,104.6,160.0
Mining,Drilling,9,6,23.0,5.72,Rainy,Night,93.1,365.9
Data Center Power,Generator Maintenance,5,3,26.8,2.05,Foggy,Night,99.0,161.7
Marine & Rail,Freight Operations,8,7,13.5,6.01,Sunny,Day,107.7,261.2
Construction,Excavation,3,5,10.2,10.37,Cloudy,Day,100.1,183.6
Marine & Rail,Freight Operations,8,9,51.8,6.0,Cloudy,Night,95.0,283.4
Marine & Rail,Locomotive Maintenance,8,8,32.0,13.74,Cloudy,Night,105.6,323.2
Construction,Excavation,6,7,42.7,4.27,Sunny,Night,103.5,208.4
Mining,Surface Excavation,4,8,9.6,1.68,Rainy,Night,94.5,152.6
Marine & Rail,Tugboat Engine Service,5,8,36.9,6.39,Cloudy,Night,92.7,165.5
Mining,Drilling,8,8,45.6,7.02,Rainy,Night,93.0,307.6
Mining,Drilling,8,6,61.6,9.67,Rainy,Day,105.1,379.5
Mining,Aggregate Collection,4,8,32.2,6.41,Cloudy,Day,107.1,66.9
Data Center Power,Cooling System Inspection,4,8,42.0,3.25,Sunny,Night,87.5,65.0
Data Center Power,Backup Generator Testing,5,9,29.3,4.72,Sunny,Day,80.0,64.9
Marine & Rail,Locomotive Maintenance,6,8,18.5,10.74,Foggy,Day,83.5,225.7
Oil & Gas,Well Drilling,8,5,25.5,5.04,Sunny,Day,113.8,531.0
Construction,Excavation,6,7,17.7,9.69,Sunny,Day,97.7,193.6
Marine & Rail,Rail Network Inspection,2,5,45.3,4.31,Sunny,Night,74.1,144.8
Marine & Rail,Freight Operations,7,6,36.3,11.98,Cloudy,Night,113.7,347.4
Mining,Aggregate Collection,2,7,53.2,7.82,Rainy,Night,94.5,69.0
Construction,Road Building,5,5,23.8,8.45,Sunny,Day,112.9,345.0
Data Center Power,Cooling System Inspection,6,7,52.2,2.07,Cloudy,Day,85.0,74.0
Oil & Gas,Well Drilling,6,5,53.3,2.88,Cloudy,Night,97.0,461.7
Construction,Road Building,8,8,16.6,6.26,Sunny,Day,99.0,265.8
Marine & Rail,Tugboat Engine Service,7,5,18.2,5.82,Cloudy,Night,91.8,238.6
Marine & Rail,Tugboat Engine Service,7,6,56.8,1.83,Sunny,Night,83.9,225.0
Mining,Hauling Ore,5,8,10.9,10.81,Foggy,Day,105.8,131.2
Marine & Rail,Tugboat Engine Service,7,5,30.6,3.18,Foggy,Day,91.9,261.8
Construction,Material Loading,4,10,68.0,2.93,Sunny,Day,104.1,57.2
Data Center Power,Generator Maintenance,5,6,49.8,5.22,Sunny,Night,83.8,132.9
Data Center Power,Generator Maintenance,6,7,68.0,13.37,Sunny,Night,90.2,157.6
Marine & Rail,Tugboat Engine Service,5,5,38.2,2.03,Rainy,Day,93.3,182.4
Marine & Rail,Tugboat Engine Service,7,5,37.6,6.69,Sunny,Night,89.0,244.6
Oil & Gas,Well Servicing,7,8,29.9,2.4,Rainy,Day,87.7,262.4
Construction,Site Preparation,5,7,38.3,5.26,Sunny,Day,89.8,151.6
Construction,Material Loading,5,7,67.0,9.21,Sunny,Day,89.9,70.9
Oil & Gas,Well Servicing,8,9,16.5,6.92,Sunny,Day,96.9,230.8
Data Center Power,Cooling System Inspection,4,6,51.7,5.12,Sunny,Day,76.5,66.8
Construction,Foundation Work,5,6,65.2,9.01,Sunny,Day,97.8,251.0
Construction,Foundation Work,5,8,32.8,5.34,Cloudy,Day,84.1,190.7
Marine & Rail,Freight Operations,4,4,59.9,10.75,Sunny,Night,99.3,249.9
Data Center Power,Emergency Power Deployment,7,5,16.7,4.94,Sunny,Night,85.0,138.4
Mining,Aggregate Collection,4,9,77.7,7.38,Rainy,Day,102.8,74.6
Marine & Rail,Tugboat Engine Service,7,9,54.8,9.84,Foggy,Day,114.4,252.3
Oil & Gas,Well Servicing,4,7,30.6,11.3,Sunny,Day,94.4,218.8
Marine & Rail,Rail Network Inspection,5,5,25.6,2.33,Cloudy,Night,86.3,178.6
Marine & Rail,Locomotive Maintenance,8,8,39.3,11.22,Sunny,Day,89.8,275.5
Oil & Gas,Well Drilling,7,7,39.0,12.52,Sunny,Night,101.3,461.5
Oil & Gas,Gas Compression Service,6,9,13.8,8.21,Foggy,Night,96.1,173.2
Marine & Rail,Freight Operations,5,10,46.3,9.06,Foggy,Night,94.9,245.4
Construction,Demolition,7,9,26.6,12.5,Sunny,Day,102.2,192.7
Construction,Material Loading,4,9,27.5,4.18,Sunny,Night,103.9,61.4
Oil & Gas,Pipeline Pumping,5,9,39.3,12.28,Sunny,Day,91.3,138.6
Construction,Excavation,4,6,23.7,11.49,Cloudy,Day,93.4,187.1
Oil & Gas,Well Drilling,8,8,73.8,6.6,Sunny,Day,90.4,429.9
Data Center Power,Backup Generator Testing,4,9,37.9,2.54,Sunny,Day,81.0,59.7
Data Center Power,Backup Generator Testing,5,10,27.1,4.13,Cloudy,Day,78.8,60.6
Marine & Rail,Locomotive Maintenance,6,7,31.2,5.32,Sunny,Day,95.0,231.7
Construction,Road Building,7,9,61.0,1.22,Sunny,Day,97.0,238.4
Mining,Hauling Ore,3,8,54.8,3.43,Sunny,Day,112.8,97.3
Marine & Rail,Locomotive Maintenance,6,9,17.6,6.48,Cloudy,Day,83.4,188.7
Marine & Rail,Tugboat Engine Service,7,7,41.0,8.29,Sunny,Night,93.5,221.3
Marine & Rail,Locomotive Maintenance,6,7,68.8,6.3,Sunny,Night,87.3,267.6
Oil & Gas,Pipeline Pumping,5,7,37.5,9.59,Sunny,Day,88.6,144.3
Mining,Surface Excavation,4,8,10.2,10.58,Cloudy,Day,100.0,146.2
Mining,Hauling Ore,2,7,21.6,1.66,Sunny,Day,93.5,74.7
Mining,Surface Excavation,6,6,60.1,6.11,Cloudy,Day,91.9,209.6
Mining,Hauling Ore,7,6,9.0,8.81,Rainy,Night,95.6,156.1
Data Center Power,Backup Generator Testing,8,9,65.0,3.4,Cloudy,Day,85.8,92.0
Construction,Excavation,7,6,46.0,4.76,Rainy,Day,104.3,267.2
Oil & Gas,Pipeline Pumping,8,7,58.4,3.07,Sunny,Day,87.1,180.4
Construction,Excavation,5,8,19.0,8.87,Rainy,Day,94.8,187.0
Mining,Drilling,7,8,81.5,7.12,Cloudy,Day,95.0,257.7
Oil & Gas,Well Servicing,7,7,16.5,11.5,Rainy,Day,96.2,306.9
Data Center Power,Backup Generator Testing,7,7,15.4,0.44,Sunny,Night,78.6,82.2
Mining,Surface Excavation,6,6,24.8,6.06,Rainy,Day,84.0,209.5
Marine & Rail,Locomotive Maintenance,7,7,41.1,11.1,Sunny,Night,86.8,291.0
Mining,Drilling,5,9,35.1,10.47,Sunny,Day,97.8,184.0
Construction,Road Building,7,7,5.3,2.7,Foggy,Day,93.8,260.2
Marine & Rail,Locomotive Maintenance,6,4,26.9,4.56,Rainy,Day,88.1,279.9
Marine & Rail,Freight Operations,7,7,27.1,4.66,Sunny,Day,85.2,234.3
Oil & Gas,Well Drilling,7,9,13.9,5.19,Rainy,Day,96.7,332.9
Construction,Road Building,8,6,55.8,2.96,Rainy,Day,92.3,394.6
Mining,Drilling,8,6,52.7,9.7,Rainy,Day,115.0,443.2
Construction,Foundation Work,6,6,59.9,5.66,Cloudy,Day,101.1,272.9
Data Center Power,Emergency Power Deployment,4,5,43.5,5.53,Sunny,Day,89.6,110.0
Mining,Drilling,8,10,1.6,4.16,Sunny,Day,89.6,164.8
Construction,Foundation Work,6,7,37.0,9.92,Rainy,Day,99.0,276.2
Data Center Power,Emergency Power Deployment,7,7,36.7,2.67,Sunny,Day,94.5,114.6
Oil & Gas,Well Servicing,5,7,53.9,7.05,Sunny,Night,92.9,241.1
Mining,Drilling,6,5,62.3,1.31,Sunny,Day,111.3,283.1
Marine & Rail,Rail Network Inspection,4,8,11.1,9.27,Rainy,Day,82.7,154.1
Mining,Drilling,6,4,32.9,10.73,Cloudy,Day,105.3,328.2
Construction,Excavation,6,7,8.9,6.49,Rainy,Day,102.0,215.9
Mining,Drilling,9,5,22.8,1.76,Sunny,Day,97.8,301.2
Oil & Gas,Well Servicing,5,9,19.2,11.68,Rainy,Day,90.7,220.9
Marine & Rail,Freight Operations,5,6,44.7,8.75,Sunny,Day,99.4,230.3
Mining,Hauling Ore,6,7,24.6,12.57,Cloudy,Night,99.9,130.0
Construction,Foundation Work,5,6,44.9,1.26,Rainy,Day,91.3,261.7
Mining,Drilling,4,9,25.7,18.44,Sunny,Night,98.5,195.9
Marine & Rail,Locomotive Maintenance,6,5,34.7,10.91,Sunny,Day,88.4,300.9
Construction,Material Loading,3,9,35.8,5.61,Rainy,Day,89.7,59.1
Marine & Rail,Rail Network Inspection,6,6,60.9,1.96,Foggy,Night,73.1,230.0
Data Center Power,Generator Maintenance,8,7,20.2,1.94,Sunny,Day,96.1,128.6
Marine & Rail,Locomotive Maintenance,5,9,20.4,8.79,Rainy,Day,86.7,185.1
Mining,Drilling,6,8,14.8,2.73,Rainy,Day,106.6,223.3
Mining,Drilling,7,6,13.2,2.42,Sunny,Day,101.4,237.9
Mining,Drilling,5,8,44.3,5.06,Foggy,Day,111.1,221.9
Construction,Foundation Work,8,10,16.4,9.8,Rainy,Night,85.5,239.7
Data Center Power,Backup Generator Testing,6,8,14.5,7.46,Sunny,Night,86.5,76.1
Oil & Gas,Pipeline Pumping,7,9,44.7,9.65,Cloudy,Night,93.6,180.7
Mining,Drilling,3,6,41.5,9.04,Foggy,Day,104.0,223.4
Construction,Material Loading,5,6,29.7,7.64,Sunny,Day,94.9,69.8
Mining,Surface Excavation,8,9,37.7,4.06,Rainy,Night,95.2,212.4
Oil & Gas,Pipeline Pumping,6,9,39.7,11.9,Sunny,Night,102.7,169.9
Mining,Hauling Ore,7,7,30.8,6.09,Cloudy,Day,85.9,119.3
Construction,Excavation,4,6,25.2,4.44,Sunny,Day,106.3,183.8
Data Center Power,Backup Generator Testing,7,8,48.8,6.85,Sunny,Night,84.7,89.8
Mining,Surface Excavation,4,6,24.2,7.34,Sunny,Day,90.8,161.8
Construction,Material Loading,3,8,5.4,8.42,Cloudy,Day,92.9,52.9
Construction,Site Preparation,4,8,11.3,6.83,Sunny,Day,91.8,130.9
Marine & Rail,Locomotive Maintenance,4,9,50.1,10.42,Foggy,Night,86.7,208.9
Data Center Power,Emergency Power Deployment,8,8,17.4,4.48,Sunny,Night,97.1,120.9
Data Center Power,Backup Generator Testing,6,4,35.9,0.41,Cloudy,Day,82.0,85.7
Oil & Gas,Pipeline Pumping,4,8,20.4,3.15,Cloudy,Day,94.8,121.5
Construction,Material Loading,5,6,19.7,8.73,Cloudy,Day,101.6,70.4
Marine & Rail,Rail Network Inspection,6,9,46.1,8.45,Cloudy,Day,98.5,164.2
Mining,Surface Excavation,7,6,68.3,4.53,Cloudy,Night,97.1,241.3
Mining,Surface Excavation,4,9,64.6,9.38,Cloudy,Day,99.2,143.0
Marine & Rail,Tugboat Engine Service,4,5,8.1,6.14,Foggy,Night,96.4,224.9
Marine & Rail,Locomotive Maintenance,6,9,46.3,3.56,Rainy,Day,105.5,209.8
Marine & Rail,Freight Operations,3,9,28.1,12.43,Cloudy,Night,106.2,194.7
Data Center Power,Cooling System Inspection,8,7,20.2,4.11,Sunny,Night,83.2,87.2
Construction,Site Preparation,7,4,21.6,1.31,Rainy,Day,92.8,200.4
Construction,Demolition,7,8,39.5,10.25,Sunny,Day,108.6,228.9
Marine & Rail,Rail Network Inspection,4,8,15.1,7.06,Sunny,Day,89.6,135.2
Mining,Surface Excavation,8,9,9.4,13.45,Sunny,Day,105.6,179.3
Mining,Hauling Ore,4,6,45.9,1.6,Cloudy,Day,102.0,101.6
Oil & Gas,Gas Compression Service,6,8,7.9,1.15,Rainy,Night,94.7,166.0
Mining,Drilling,7,7,79.7,12.18,Cloudy,Day,95.4,297.6
Marine & Rail,Locomotive Maintenance,5,7,52.3,8.22,Foggy,Night,87.0,249.9
Oil & Gas,Well Servicing,8,4,27.0,5.04,Sunny,Night,93.0,369.4
Data Center Power,Emergency Power Deployment,6,8,14.7,4.01,Sunny,Day,90.6,92.0
Data Center Power,Cooling System Inspection,3,7,38.1,3.36,Cloudy,Night,76.0,62.8
Marine & Rail,Tugboat Engine Service,5,7,43.0,8.21,Foggy,Night,89.4,227.6
Marine & Rail,Rail Network Inspection,4,8,45.3,8.86,Cloudy,Day,82.7,146.7
Oil & Gas,Well Drilling,6,5,30.3,12.91,Sunny,Night,101.9,492.2
Data Center Power,Cooling System Inspection,6,9,33.9,6.12,Rainy,Night,86.8,72.5
Marine & Rail,Freight Operations,5,5,68.4,5.98,Sunny,Day,108.7,260.7
Oil & Gas,Gas Compression Service,6,9,16.2,6.24,Rainy,Day,98.1,154.1
Marine & Rail,Tugboat Engine Service,3,8,28.2,6.91,Cloudy,Day,89.3,130.0
Oil & Gas,Pipeline Pumping,6,8,72.3,5.37,Sunny,Day,81.7,153.9
Construction,Excavation,9,8,18.9,8.29,Sunny,Day,94.5,209.8
Mining,Hauling Ore,5,8,14.5,2.68,Sunny,Day,106.3,96.8
Mining,Hauling Ore,4,9,52.5,2.97,Rainy,Day,89.6,102.3
Construction,Material Loading,5,8,66.9,7.31,Rainy,Day,114.4,91.3
Data Center Power,Cooling System Inspection,5,6,30.4,4.32,Cloudy,Day,81.4,69.1
Construction,Material Loading,4,8,64.8,2.41,Sunny,Day,86.5,57.6
Oil & Gas,Well Servicing,7,4,42.6,6.74,Sunny,Day,102.0,334.5
Data Center Power,Generator Maintenance,4,5,18.9,6.28,Foggy,Day,102.2,128.7
Construction,Demolition,9,9,43.4,5.91,Sunny,Day,95.4,212.0
Marine & Rail,Locomotive Maintenance,4,8,50.8,7.93,Foggy,Night,87.7,222.3
Construction,Road Building,6,8,18.7,3.89,Sunny,Day,88.0,229.5
Data Center Power,Emergency Power Deployment,7,8,43.8,5.09,Cloudy,Night,99.7,121.3
Construction,Material Loading,4,7,35.8,8.76,Rainy,Day,93.1,71.8
Mining,Surface Excavation,6,9,22.4,8.28,Rainy,Day,92.9,162.4
Mining,Drilling,4,7,70.7,5.04,Rainy,Night,111.8,293.4
Mining,Drilling,7,7,49.0,7.81,Sunny,Night,88.8,276.7
Data Center Power,Cooling System Inspection,5,7,3.8,5.96,Sunny,Day,85.0,63.7
Mining,Aggregate Collection,6,7,44.2,2.67,Sunny,Day,92.9,70.2
Data Center Power,Cooling System Inspection,4,8,25.1,15.02,Cloudy,Night,88.7,67.9
Oil & Gas,Gas Compression Service,3,7,45.8,6.86,Sunny,Day,90.9,148.7
Mining,Aggregate Collection,6,8,40.4,2.64,Rainy,Day,96.2,79.2
Construction,Excavation,5,8,15.9,1.36,Rainy,Night,95.6,174.7
Oil & Gas,Well Servicing,9,7,72.3,7.15,Cloudy,Day,94.4,365.2
Mining,Surface Excavation,6,8,22.4,3.63,Cloudy,Day,91.7,153.9
Data Center Power,Backup Generator Testing,6,7,34.8,8.98,Cloudy,Night,84.9,87.8
Oil & Gas,Well Drilling,6,8,25.3,2.86,Sunny,Day,91.0,307.2
Construction,Road Building,7,8,70.3,5.63,Rainy,Day,108.0,346.6
Oil & Gas,Gas Compression Service,7,7,30.2,9.26,Sunny,Night,108.3,243.8
Construction,Excavation,5,4,42.1,10.34,Cloudy,Day,99.4,237.3
Construction,Foundation Work,6,9,33.0,6.16,Sunny,Night,92.0,203.6
Mining,Drilling,5,10,9.7,7.95,Cloudy,Night,92.5,156.1
Construction,Site Preparation,4,5,43.3,7.66,Rainy,Day,98.5,176.1
Construction,Material Loading,6,7,26.5,13.0,Rainy,Night,97.9,93.9
Marine & Rail,Freight Operations,5,9,33.3,8.12,Cloudy,Night,92.4,208.0
Construction,Material Loading,3,8,39.5,4.15,Rainy,Night,111.8,71.4
Mining,Drilling,6,7,20.8,3.78,Cloudy,Day,95.0,210.3
Mining,Drilling,8,9,11.4,5.9,Cloudy,Day,94.8,200.4
Data Center Power,Backup Generator Testing,7,9,36.9,2.21,Sunny,Night,81.5,82.0
Construction,Road Building,7,9,40.3,8.78,Cloudy,Day,98.5,245.5
Construction,Excavation,6,7,43.0,3.25,Sunny,Night,96.0,199.5
Marine & Rail,Tugboat Engine Service,5,5,22.8,12.72,Foggy,Night,86.9,269.8
Marine & Rail,Tugboat Engine Service,7,9,13.4,4.32,Sunny,Day,87.1,141.5
Mining,Drilling,6,7,50.7,8.1,Sunny,Day,98.5,232.3
Marine & Rail,Freight Operations,5,9,56.0,4.88,Sunny,Day,94.5,194.4
Data Center Power,Backup Generator Testing,4,7,7.3,4.63,Sunny,Night,80.6,67.7
Mining,Aggregate Collection,4,9,33.8,7.83,Rainy,Night,109.6,76.2
Construction,Road Building,6,6,22.0,11.28,Sunny,Day,99.8,308.8
Oil & Gas,Well Servicing,9,10,71.5,3.95,Cloudy,Day,94.3,259.0
Construction,Material Loading,4,7,62.3,3.01,Foggy,Day,96.8,62.6
Construction,Demolition,5,8,37.6,6.83,Sunny,Night,101.8,182.8
Construction,Material Loading,3,8,9.6,9.26,Rainy,Day,105.7,63.0
Oil & Gas,Well Drilling,6,8,13.4,6.8,Cloudy,Day,89.5,325.1
Oil & Gas,Well Servicing,8,8,57.3,3.94,Sunny,Day,92.5,275.1
Oil & Gas,Gas Compression Service,8,6,51.5,11.17,Cloudy,Day,102.1,285.1
Construction,Site Preparation,5,7,18.5,9.49,Rainy,Night,104.3,202.2
Oil & Gas,Well Servicing,4,6,30.0,3.37,Sunny,Day,89.0,209.4
Marine & Rail,Locomotive Maintenance,7,8,10.3,1.93,Rainy,Night,93.6,228.1
Mining,Surface Excavation,5,8,36.8,1.55,Foggy,Night,89.2,156.1
Construction,Material Loading,5,5,3.8,6.8,Sunny,Day,92.7,66.2
Oil & Gas,Well Servicing,7,9,47.4,14.0,Sunny,Day,103.3,255.3
Data Center Power,Backup Generator Testing,6,8,53.8,3.51,Sunny,Day,87.4,76.8
Construction,Foundation Work,5,4,38.6,5.29,Rainy,Day,95.7,308.7
Mining,Drilling,7,7,62.5,10.58,Rainy,Night,92.8,343.6
Construction,Demolition,5,7,76.5,2.65,Rainy,Night,102.9,242.5
Marine & Rail,Tugboat Engine Service,5,6,10.3,11.2,Cloudy,Day,82.1,185.5
Oil & Gas,Pipeline Pumping,5,8,38.7,5.3,Sunny,Day,96.7,136.7
Oil & Gas,Pipeline Pumping,6,8,11.4,0.94,Sunny,Night,93.4,136.9
Oil & Gas,Gas Compression Service,5,7,6.8,8.59,Cloudy,Night,96.4,183.4
Marine & Rail,Freight Operations,6,7,40.6,4.18,Cloudy,Night,99.1,254.4
Construction,Excavation,5,7,63.3,12.21,Cloudy,Day,98.1,204.0
Mining,Surface Excavation,3,9,63.3,1.66,Sunny,Night,97.6,124.7
Marine & Rail,Locomotive Maintenance,7,8,35.1,6.02,Sunny,Day,82.7,221.9
Construction,Material Loading,6,9,37.9,5.35,Cloudy,Day,93.8,67.3
Mining,Drilling,8,7,35.7,6.12,Rainy,Day,85.9,305.6
Data Center Power,Cooling System Inspection,5,9,30.2,4.65,Rainy,Day,84.5,61.1
Mining,Drilling,6,5,17.2,14.91,Sunny,Day,95.5,287.5
Mining,Drilling,5,8,88.4,4.67,Rainy,Night,102.8,248.3
Construction,Site Preparation,2,6,37.9,5.46,Rainy,Day,102.1,145.5
Marine & Rail,Tugboat Engine Service,4,6,15.9,5.67,Sunny,Night,93.8,172.5
Oil & Gas,Well Servicing,7,8,52.4,11.23,Sunny,Day,98.5,282.9
Data Center Power,Cooling System Inspection,6,9,8.4,5.84,Sunny,Day,80.6,59.6
Oil & Gas,Gas Compression Service,7,6,7.4,6.27,Sunny,Night,97.8,233.9
Marine & Rail,Freight Operations,7,6,49.9,5.15,Cloudy,Day,90.3,268.0
Construction,Foundation Work,6,7,47.5,16.1,Sunny,Night,95.8,265.0
Marine & Rail,Rail Network Inspection,4,9,20.0,0.78,Sunny,Day,77.6,117.3
Construction,Road Building,4,6,28.2,6.84,Cloudy,Day,101.5,263.2
Mining,Drilling,5,8,37.0,6.03,Foggy,Night,98.6,211.2
Construction,Material Loading,6,7,65.2,3.79,Sunny,Night,91.6,79.8
Mining,Drilling,6,9,86.0,2.74,Sunny,Day,99.6,194.4
Construction,Road Building,6,9,38.8,4.06,Foggy,Night,88.6,249.4
Oil & Gas,Well Drilling,9,9,63.4,7.71,Rainy,Day,97.8,490.0
Oil & Gas,Well Servicing,5,7,26.7,9.32,Sunny,Day,98.5,234.4
Mining,Surface Excavation,6,8,29.6,1.02,Cloudy,Day,102.9,154.6
Data Center Power,Backup Generator Testing,5,9,23.8,12.11,Sunny,Night,76.2,73.4
Oil & Gas,Well Drilling,8,8,49.4,4.49,Rainy,Night,112.2,548.3
Construction,Foundation Work,7,7,31.3,2.05,Sunny,Day,80.7,240.2
Marine & Rail,Tugboat Engine Service,7,9,1.0,15.63,Sunny,Day,113.1,189.8
Oil & Gas,Pipeline Pumping,5,9,33.9,2.34,Rainy,Day,90.9,129.3
Construction,Demolition,8,5,37.5,4.27,Sunny,Day,101.2,273.9
Marine & Rail,Freight Operations,6,8,25.0,3.32,Sunny,Day,93.0,207.1
Construction,Road Building,3,9,42.7,5.72,Sunny,Day,98.1,170.1
Mining,Aggregate Collection,5,8,28.1,3.6,Sunny,Day,88.8,59.7
Mining,Surface Excavation,6,6,70.0,10.51,Rainy,Night,91.2,272.3
Oil & Gas,Gas Compression Service,8,8,44.2,3.47,Sunny,Day,93.9,206.4
Marine & Rail,Locomotive Maintenance,6,8,35.4,4.0,Foggy,Day,97.2,209.9
Mining,Surface Excavation,5,4,23.7,8.94,Sunny,Day,98.4,198.9
Data Center Power,Emergency Power Deployment,4,7,20.4,4.96,Cloudy,Day,88.6,93.3
Marine & Rail,Locomotive Maintenance,8,7,89.3,7.17,Rainy,Night,79.6,365.6
Construction,Road Building,6,5,15.0,13.63,Sunny,Day,108.9,366.9
Data Center Power,Cooling System Inspection,2,9,17.1,4.07,Cloudy,Day,94.0,49.0
Marine & Rail,Tugboat Engine Service,5,8,5.8,7.02,Cloudy,Day,110.4,161.7
Construction,Site Preparation,6,7,10.1,9.56,Foggy,Day,98.7,172.9
Mining,Aggregate Collection,6,6,54.3,1.68,Rainy,Night,92.4,96.6
Data Center Power,Backup Generator Testing,6,6,40.7,1.48,Cloudy,Day,76.3,81.7
Oil & Gas,Well Servicing,7,8,50.4,7.72,Sunny,Day,107.7,276.4
Mining,Aggregate Collection,4,6,44.7,14.17,Foggy,Day,103.8,77.7
Construction,Road Building,8,8,58.0,0.97,Sunny,Day,89.8,289.5
Data Center Power,Cooling System Inspection,4,7,61.7,6.45,Cloudy,Night,87.6,72.0
Construction,Site Preparation,6,7,32.5,4.34,Rainy,Day,94.7,189.1
Marine & Rail,Tugboat Engine Service,4,6,60.2,8.17,Cloudy,Day,99.5,183.2
Data Center Power,Generator Maintenance,4,9,23.6,1.41,Cloudy,Day,85.0,79.5
Mining,Aggregate Collection,3,9,34.5,11.06,Rainy,Day,90.3,63.2
Oil & Gas,Well Drilling,6,8,23.8,2.2,Cloudy,Night,94.4,325.5
Marine & Rail,Locomotive Maintenance,7,8,16.4,8.76,Sunny,Day,103.5,236.1
Oil & Gas,Gas Compression Service,6,8,36.4,17.55,Sunny,Day,101.2,196.9
Oil & Gas,Well Drilling,5,6,24.8,5.7,Sunny,Night,106.0,401.8
Construction,Excavation,4,8,37.2,7.75,Cloudy,Day,98.2,159.1
Oil & Gas,Pipeline Pumping,5,5,31.0,9.25,Sunny,Night,86.8,167.8
Construction,Excavation,5,10,4.2,3.73,Sunny,Night,102.1,126.1
Mining,Drilling,8,6,40.3,7.38,Cloudy,Day,98.7,306.1
Marine & Rail,Freight Operations,5,8,10.8,1.76,Sunny,Day,97.7,182.0
Marine & Rail,Freight Operations,4,10,16.9,0.73,Sunny,Day,93.6,156.9
Marine & Rail,Freight Operations,5,7,61.6,9.89,Sunny,Night,107.3,250.6
Construction,Foundation Work,8,9,15.4,7.25,Rainy,Day,94.0,243.5
Data Center Power,Backup Generator Testing,4,6,43.8,9.02,Sunny,Day,94.5,70.2
Data Center Power,Generator Maintenance,5,9,80.7,3.05,Sunny,Day,85.5,98.5
Data Center Power,Generator Maintenance,6,6,39.6,5.21,Rainy,Day,96.4,138.8
Data Center Power,Backup Generator Testing,6,8,41.5,4.17,Sunny,Night,72.7,80.9
Data Center Power,Generator Maintenance,6,5,39.2,6.61,Cloudy,Day,91.9,148.2
Oil & Gas,Gas Compression Service,6,9,71.1,7.34,Cloudy,Day,95.4,174.5
Oil & Gas,Gas Compression Service,6,9,1.5,8.18,Cloudy,Day,102.9,149.2
Mining,Surface Excavation,6,3,12.2,11.52,Sunny,Night,91.6,265.6
Mining,Surface Excavation,6,6,66.8,12.67,Sunny,Day,112.9,264.0
Data Center Power,Backup Generator Testing,6,6,35.5,8.16,Cloudy,Day,82.2,84.8
Mining,Hauling Ore,5,10,47.6,6.18,Cloudy,Day,102.3,97.8
Construction,Demolition,4,7,14.2,5.93,Sunny,Night,101.7,178.2
Construction,Site Preparation,3,10,28.2,5.59,Sunny,Day,93.1,110.6
Oil & Gas,Well Drilling,7,10,35.1,18.88,Cloudy,Night,98.8,374.0
Construction,Foundation Work,6,7,48.6,2.3,Sunny,Night,88.0,250.6
Oil & Gas,Pipeline Pumping,5,6,27.0,10.78,Sunny,Day,92.2,156.3
Oil & Gas,Well Drilling,7,8,9.8,7.42,Cloudy,Night,99.8,371.8
Oil & Gas,Well Drilling,7,7,35.6,2.95,Sunny,Night,96.1,392.2
Data Center Power,Cooling System Inspection,7,9,53.1,6.5,Cloudy,Day,87.7,76.5
Marine & Rail,Locomotive Maintenance,7,10,51.3,0.76,Sunny,Night,84.2,189.9
Construction,Excavation,7,8,49.0,6.55,Rainy,Day,104.5,234.5
Data Center Power,Cooling System Inspection,5,5,47.7,0.8,Cloudy,Day,86.0,72.1
Data Center Power,Emergency Power Deployment,7,4,21.3,2.96,Cloudy,Night,88.6,153.8
Marine & Rail,Locomotive Maintenance,6,5,40.4,0.87,Rainy,Night,90.2,285.8
Oil & Gas,Gas Compression Service,6,6,32.9,1.76,Sunny,Day,92.5,191.0
Mining,Drilling,5,8,8.4,9.13,Sunny,Day,100.8,190.2
Data Center Power,Backup Generator Testing,5,9,15.8,2.57,Cloudy,Night,70.0,67.6
Mining,Surface Excavation,5,7,44.2,6.88,Cloudy,Day,103.3,175.2
Marine & Rail,Locomotive Maintenance,6,8,56.0,3.07,Cloudy,Night,89.7,232.5
Marine & Rail,Freight Operations,4,8,66.3,9.49,Foggy,Night,108.9,279.5
Data Center Power,Cooling System Inspection,4,9,5.4,10.8,Sunny,Night,94.3,61.5
Marine & Rail,Rail Network Inspection,6,8,24.2,14.53,Sunny,Night,88.5,174.8
Mining,Aggregate Collection,5,7,43.5,2.97,Sunny,Day,91.6,67.8
Construction,Excavation,7,7,33.6,5.46,Cloudy,Night,97.5,221.9
Construction,Excavation,3,9,59.5,6.97,Rainy,Night,97.9,168.1
Data Center Power,Cooling System Inspection,6,8,63.9,3.07,Sunny,Night,82.2,76.4
Mining,Drilling,8,6,44.2,3.75,Cloudy,Day,93.6,287.5
Oil & Gas,Well Servicing,7,8,49.2,8.25,Sunny,Day,94.3,259.8
Data Center Power,Backup Generator Testing,6,7,44.6,2.71,Sunny,Night,72.6,80.6
Mining,Drilling,6,10,40.7,4.6,Cloudy,Day,90.1,163.5
Marine & Rail,Tugboat Engine Service,5,9,64.0,9.18,Sunny,Day,84.8,146.2
Mining,Surface Excavation,5,6,41.8,7.83,Cloudy,Night,98.2,204.7
Mining,Surface Excavation,4,8,33.3,3.62,Rainy,Night,97.0,167.2
Mining,Aggregate Collection,4,10,37.1,11.54,Sunny,Day,113.6,65.4
Construction,Road Building,5,6,29.2,4.84,Cloudy,Day,114.6,305.1
Construction,Foundation Work,8,9,51.0,7.64,Rainy,Day,90.9,277.8
Data Center Power,Backup Generator Testing,4,8,8.1,4.7,Cloudy,Night,77.2,65.7
Mining,Surface Excavation,4,7,8.2,1.94,Sunny,Day,91.9,137.1
Mining,Drilling,6,8,39.7,6.58,Sunny,Night,85.9,221.5
Marine & Rail,Freight Operations,4,7,23.7,3.95,Sunny,Night,97.9,194.8
Data Center Power,Cooling System Inspection,6,7,29.2,7.47,Sunny,Day,77.9,72.8
Mining,Hauling Ore,4,8,18.6,11.32,Rainy,Day,106.6,116.7
Mining,Hauling Ore,6,7,49.5,12.87,Cloudy,Day,104.7,132.9
Oil & Gas,Well Drilling,6,6,16.3,5.88,Sunny,Day,84.8,376.5
Data Center Power,Emergency Power Deployment,6,8,26.8,3.13,Cloudy,Day,88.1,93.6
Marine & Rail,Rail Network Inspection,5,6,14.8,8.43,Sunny,Night,88.2,167.2
Data Center Power,Cooling System Inspection,5,7,17.3,1.64,Sunny,Night,71.4,67.2
Oil & Gas,Well Drilling,8,6,74.7,9.97,Cloudy,Day,95.1,554.0
Mining,Aggregate Collection,4,7,32.2,4.97,Cloudy,Day,102.4,63.7
Mining,Hauling Ore,5,10,3.2,12.31,Foggy,Day,97.3,111.6
Oil & Gas,Well Drilling,6,6,30.8,9.44,Rainy,Night,90.3,504.1
Oil & Gas,Well Servicing,5,8,6.7,9.25,Cloudy,Night,102.6,233.4
Oil & Gas,Well Servicing,7,9,15.8,0.56,Rainy,Night,87.6,233.9
Marine & Rail,Locomotive Maintenance,9,8,13.5,5.43,Sunny,Day,91.1,246.6
Data Center Power,Cooling System Inspection,5,8,18.5,0.66,Sunny,Night,87.7,65.2
Data Center Power,Generator Maintenance,5,7,19.7,0.75,Rainy,Night,85.8,110.4
Data Center Power,Cooling System Inspection,6,7,3.0,6.69,Sunny,Night,85.8,72.5
Marine & Rail,Locomotive Maintenance,6,7,17.0,9.86,Sunny,Day,95.7,235.4
Construction,Material Loading,4,7,34.8,8.24,Rainy,Day,101.9,72.6
Mining,Drilling,7,6,64.0,6.07,Sunny,Day,95.0,280.5
Construction,Road Building,4,8,44.4,3.84,Cloudy,Night,93.7,222.0
Construction,Road Building,4,8,64.1,7.29,Rainy,Day,101.0,255.5
Marine & Rail,Tugboat Engine Service,5,7,43.4,15.86,Cloudy,Night,98.0,209.7
Marine & Rail,Freight Operations,7,10,6.5,3.33,Sunny,Day,99.6,197.6
Data Center Power,Backup Generator Testing,6,8,43.9,6.7,Cloudy,Day,83.4,76.6
Data Center Power,Backup Generator Testing,3,9,12.9,1.51,Sunny,Day,79.0,51.9
Oil & Gas,Well Drilling,5,6,61.7,3.75,Foggy,Night,89.0,406.3
Construction,Excavation,5,8,23.4,9.21,Cloudy,Day,114.0,196.1
Marine & Rail,Locomotive Maintenance,5,5,63.5,7.35,Sunny,Night,94.8,289.6
Marine & Rail,Freight Operations,8,6,30.7,8.14,Sunny,Day,89.4,277.6
Data Center Power,Generator Maintenance,6,9,16.0,4.67,Sunny,Day,93.6,95.1
Construction,Material Loading,6,7,9.6,6.86,Rainy,Night,107.0,88.6
Mining,Drilling,6,9,28.5,3.67,Sunny,Night,113.4,218.6
Marine & Rail,Freight Operations,5,8,39.7,3.89,Cloudy,Day,105.0,212.4
Data Center Power,Cooling System Inspection,4,7,20.9,4.11,Sunny,Day,74.9,57.7
Oil & Gas,Well Drilling,6,10,48.0,2.2,Rainy,Day,99.3,288.0
Mining,Hauling Ore,5,6,18.6,12.0,Sunny,Day,107.9,125.8
Mining,Aggregate Collection,4,9,31.5,14.33,Rainy,Night,105.8,76.9
Data Center Power,Backup Generator Testing,5,6,16.1,3.31,Rainy,Night,70.0,78.0
Construction,Foundation Work,6,7,25.4,5.4,Sunny,Day,87.6,213.3
Mining,Hauling Ore,5,8,21.5,7.45,Foggy,Night,90.4,128.8
Marine & Rail,Locomotive Maintenance,4,9,42.5,8.73,Cloudy,Day,87.5,172.6
Construction,Excavation,7,6,48.6,5.79,Cloudy,Day,99.2,235.7
Mining,Aggregate Collection,7,5,43.0,6.26,Sunny,Night,90.4,95.7
Marine & Rail,Rail Network Inspection,2,8,22.3,5.4,Cloudy,Night,88.8,124.0
Oil & Gas,Pipeline Pumping,7,7,48.6,6.39,Sunny,Day,94.8,175.7
Marine & Rail,Freight Operations,8,8,42.1,6.49,Sunny,Night,104.5,297.8
Data Center Power,Generator Maintenance,7,8,60.8,6.26,Cloudy,Night,87.1,137.5
Construction,Foundation Work,6,8,7.7,13.31,Cloudy,Night,90.2,222.1
Marine & Rail,Locomotive Maintenance,6,5,24.6,4.31,Cloudy,Day,91.6,265.9
Oil & Gas,Gas Compression Service,5,7,10.9,3.57,Rainy,Night,98.0,177.1
Mining,Surface Excavation,7,8,33.9,10.52,Rainy,Night,92.7,230.0
Oil & Gas,Well Servicing,5,8,48.5,7.9,Sunny,Day,92.2,219.4
Mining,Aggregate Collection,6,5,32.7,10.11,Sunny,Day,98.8,79.6
Construction,Road Building,5,3,78.4,12.75,Cloudy,Night,103.2,444.2
Oil & Gas,Well Servicing,6,7,57.5,8.18,Sunny,Day,94.3,271.2
Marine & Rail,Locomotive Maintenance,7,8,21.8,6.87,Cloudy,Night,94.7,245.0
Construction,Excavation,8,6,34.0,11.27,Cloudy,Day,98.5,263.0
Marine & Rail,Freight Operations,4,8,45.0,0.74,Sunny,Night,91.0,190.1
Oil & Gas,Pipeline Pumping,4,8,18.2,7.8,Foggy,Night,92.8,142.4
Marine & Rail,Locomotive Maintenance,5,10,45.4,12.45,Rainy,Day,87.4,179.1
Mining,Surface Excavation,6,6,16.7,4.98,Rainy,Night,96.0,222.4
Mining,Surface Excavation,7,6,18.9,11.25,Cloudy,Day,93.9,220.9
Oil & Gas,Pipeline Pumping,6,8,83.3,10.49,Cloudy,Day,91.6,172.5
Oil & Gas,Well Drilling,7,6,64.2,3.45,Cloudy,Night,93.7,482.9
Marine & Rail,Tugboat Engine Service,5,7,83.9,8.48,Rainy,Night,92.9,202.4
Mining,Drilling,7,9,36.5,7.74,Rainy,Night,98.9,252.0
Data Center Power,Generator Maintenance,6,6,59.5,3.16,Rainy,Day,80.2,137.3
Data Center Power,Cooling System Inspection,8,8,24.2,5.93,Sunny,Night,99.4,85.6
Oil & Gas,Pipeline Pumping,7,7,10.0,13.68,Cloudy,Night,106.1,207.2
Mining,Drilling,5,7,71.8,10.61,Sunny,Day,98.6,231.6
Marine & Rail,Freight Operations,5,4,55.4,1.12,Sunny,Day,85.9,232.7
Mining,Drilling,7,5,14.3,2.68,Sunny,Day,96.5,251.4
Data Center Power,Backup Generator Testing,5,8,49.4,3.17,Sunny,Day,95.9,68.6
Mining,Hauling Ore,5,6,13.1,3.2,Sunny,Night,93.9,104.2
Data Center Power,Emergency Power Deployment,7,7,27.3,2.21,Foggy,Night,88.4,124.1
Mining,Surface Excavation,4,6,33.8,6.59,Rainy,Night,99.2,213.2
Construction,Site Preparation,6,8,49.7,1.7,Cloudy,Day,96.2,160.5
Marine & Rail,Freight Operations,5,7,52.7,3.25,Rainy,Day,102.9,247.6
Mining,Drilling,6,8,31.8,8.5,Sunny,Night,104.1,228.2
Marine & Rail,Tugboat Engine Service,9,8,15.9,10.41,Cloudy,Day,82.8,200.8
Mining,Drilling,8,10,42.1,6.91,Cloudy,Night,102.4,228.6
Construction,Road Building,7,6,13.0,5.19,Sunny,Day,89.0,282.9
Mining,Drilling,7,8,16.4,3.52,Sunny,Night,91.0,207.9
Data Center Power,Generator Maintenance,6,10,39.4,8.72,Sunny,Night,115.0,121.6
Oil & Gas,Gas Compression Service,6,7,36.8,3.03,Sunny,Day,95.0,184.8
Marine & Rail,Locomotive Maintenance,8,8,41.9,4.96,Sunny,Day,90.2,262.4
Marine & Rail,Freight Operations,4,8,64.8,8.94,Sunny,Night,92.4,219.2
Marine & Rail,Locomotive Maintenance,7,6,41.4,8.09,Cloudy,Day,94.0,303.0
Mining,Aggregate Collection,7,7,31.1,12.2,Cloudy,Night,105.9,95.9
Construction,Demolition,5,7,73.5,9.71,Cloudy,Day,103.9,224.1
Oil & Gas,Well Servicing,5,8,14.1,5.95,Sunny,Night,105.2,222.1
Oil & Gas,Pipeline Pumping,8,8,13.7,6.83,Rainy,Day,90.0,162.7
Oil & Gas,Well Servicing,7,8,6.3,0.08,Cloudy,Day,83.6,201.5
Mining,Hauling Ore,3,7,58.6,10.46,Sunny,Day,103.7,102.8
Oil & Gas,Gas Compression Service,7,8,49.4,8.06,Cloudy,Day,95.0,208.3
Mining,Surface Excavation,5,6,32.2,1.5,Cloudy,Day,94.8,172.5
Marine & Rail,Tugboat Engine Service,6,5,55.9,4.55,Sunny,Day,87.3,211.8
Marine & Rail,Freight Operations,6,9,42.1,11.91,Sunny,Day,95.7,209.7
Marine & Rail,Freight Operations,3,7,11.7,9.98,Rainy,Night,110.3,241.8
Construction,Excavation,7,7,6.9,10.05,Sunny,Night,92.9,211.2
Data Center Power,Generator Maintenance,5,6,35.4,2.39,Rainy,Day,99.2,118.0
Construction,Demolition,5,8,38.2,15.72,Cloudy,Day,93.3,193.9
Construction,Site Preparation,5,8,53.7,5.96,Rainy,Day,96.8,169.7
Construction,Road Building,7,7,8.3,4.76,Cloudy,Day,100.6,260.8
Data Center Power,Backup Generator Testing,7,5,42.9,2.83,Rainy,Day,70.0,93.1
Data Center Power,Cooling System Inspection,6,7,19.9,7.71,Sunny,Night,94.6,76.9
Marine & Rail,Rail Network Inspection,6,4,19.6,5.5,Rainy,Night,83.4,222.8
Construction,Foundation Work,7,8,57.3,8.71,Cloudy,Day,101.2,250.6
Construction,Demolition,8,5,7.5,8.25,Sunny,Day,115.0,309.6
Marine & Rail,Locomotive Maintenance,6,9,74.0,7.79,Sunny,Day,102.1,217.7
Construction,Road Building,5,7,40.1,4.15,Cloudy,Night,92.3,265.2
Oil & Gas,Well Servicing,9,9,24.4,10.33,Sunny,Day,92.0,264.9
Data Center Power,Cooling System Inspection,3,9,49.1,3.4,Sunny,Day,82.7,53.1
Construction,Foundation Work,7,8,23.5,4.37,Cloudy,Day,84.3,212.0
Marine & Rail,Freight Operations,5,8,6.7,9.71,Rainy,Day,105.4,229.1
Marine & Rail,Locomotive Maintenance,6,8,66.6,4.11,Rainy,Day,83.7,215.7
Construction,Demolition,3,8,24.1,7.31,Cloudy,Day,99.6,143.9
Construction,Demolition,6,9,56.5,8.7,Cloudy,Day,95.8,182.9
Marine & Rail,Freight Operations,7,8,26.2,4.84,Foggy,Day,106.5,297.2
Data Center Power,Backup Generator Testing,4,8,46.6,5.33,Sunny,Night,85.5,69.9
Oil & Gas,Gas Compression Service,8,9,33.0,2.53,Sunny,Day,97.8,171.8
Mining,Drilling,6,10,34.1,17.17,Rainy,Night,100.1,240.6
Oil & Gas,Gas Compression Service,6,4,30.1,8.57,Cloudy,Night,111.1,291.9
Data Center Power,Cooling System Inspection,7,7,77.5,4.2,Sunny,Night,76.4,94.5
Construction,Excavation,8,8,25.6,1.68,Sunny,Night,115.0,237.4
Construction,Site Preparation,6,7,17.8,5.81,Cloudy,Day,97.3,161.0
Oil & Gas,Well Drilling,9,9,30.5,1.08,Sunny,Night,107.6,394.3
Construction,Foundation Work,9,7,27.8,1.79,Sunny,Day,92.0,284.4
Data Center Power,Emergency Power Deployment,5,8,9.0,2.6,Sunny,Day,89.5,84.2
Marine & Rail,Rail Network Inspection,6,7,24.1,5.27,Cloudy,Night,83.4,174.3
Marine & Rail,Tugboat Engine Service,6,10,13.3,14.39,Sunny,Day,108.0,147.1
Mining,Surface Excavation,7,10,16.6,6.37,Cloudy,Day,98.5,139.4
Mining,Drilling,9,6,42.7,5.88,Rainy,Day,86.6,362.5
Mining,Surface Excavation,6,7,37.0,6.28,Sunny,Night,97.1,188.1
Data Center Power,Generator Maintenance,6,4,39.9,8.09,Cloudy,Night,92.7,179.2
Oil & Gas,Well Drilling,6,5,31.8,7.83,Cloudy,Night,98.8,465.8
Mining,Surface Excavation,6,6,28.6,7.17,Sunny,Day,99.0,189.9
Construction,Excavation,5,8,27.3,2.26,Rainy,Night,93.6,176.6
Mining,Drilling,5,9,15.6,8.8,Cloudy,Night,101.2,193.9
Mining,Drilling,8,6,58.2,1.04,Cloudy,Day,89.0,283.0
Construction,Material Loading,5,8,68.6,9.58,Sunny,Day,97.4,71.5
Data Center Power,Generator Maintenance,6,5,11.9,7.77,Sunny,Night,85.1,154.8
Oil & Gas,Pipeline Pumping,4,8,38.5,11.15,Rainy,Day,95.1,139.6
Mining,Hauling Ore,5,7,33.7,3.83,Rainy,Night,91.2,124.0
Data Center Power,Emergency Power Deployment,6,10,1.2,4.63,Sunny,Day,94.5,73.5
Construction,Foundation Work,5,7,28.0,3.53,Rainy,Day,85.2,239.6
Construction,Foundation Work,8,6,93.6,2.86,Sunny,Day,93.6,346.8
Data Center Power,Backup Generator Testing,6,6,68.4,3.04,Sunny,Day,84.0,82.6
Mining,Hauling Ore,3,10,27.3,15.06,Foggy,Night,101.2,115.6
Data Center Power,Cooling System Inspection,5,6,10.3,4.75,Cloudy,Day,76.7,67.3
Construction,Foundation Work,8,5,54.2,9.17,Sunny,Day,89.8,345.2
Data Center Power,Cooling System Inspection,5,8,37.7,2.56,Rainy,Night,96.5,67.7
Construction,Material Loading,4,8,27.6,7.02,Sunny,Day,87.7,56.1
Mining,Aggregate Collection,6,6,55.3,3.25,Cloudy,Night,96.0,83.9
Construction,Demolition,4,4,26.4,5.17,Sunny,Day,92.4,206.4
Construction,Foundation Work,5,7,27.2,7.32,Rainy,Day,90.1,239.1
Data Center Power,Cooling System Inspection,4,4,12.6,3.62,Cloudy,Day,78.9,66.4
Construction,Site Preparation,3,8,88.0,4.23,Sunny,Day,99.2,136.5
Oil & Gas,Pipeline Pumping,3,9,35.2,3.57,Sunny,Day,98.1,105.9
Oil & Gas,Well Servicing,9,5,48.0,11.33,Sunny,Day,94.7,429.7
Construction,Excavation,5,8,44.7,7.04,Sunny,Night,90.7,173.1
Construction,Foundation Work,8,7,13.3,6.34,Sunny,Day,90.9,250.4
Marine & Rail,Freight Operations,7,6,16.1,6.13,Sunny,Night,89.4,254.4
Oil & Gas,Well Drilling,5,9,69.4,10.72,Sunny,Day,97.1,305.7
Construction,Excavation,7,7,54.6,7.39,Cloudy,Day,102.0,221.1
Mining,Drilling,4,8,21.6,5.55,Foggy,Night,91.2,184.4
Data Center Power,Cooling System Inspection,5,7,14.7,5.96,Sunny,Night,84.4,69.2
Construction,Material Loading,5,8,32.2,8.66,Sunny,Day,91.7,64.3
Data Center Power,Backup Generator Testing,4,5,20.7,1.75,Sunny,Day,76.1,69.2
Data Center Power,Emergency Power Deployment,8,6,37.2,12.59,Sunny,Day,85.5,156.1
Data Center Power,Cooling System Inspection,6,8,50.4,8.65,Sunny,Night,77.4,79.0
Marine & Rail,Tugboat Engine Service,3,6,48.0,6.91,Sunny,Day,92.1,157.2
Oil & Gas,Well Drilling,6,9,49.4,3.94,Sunny,Night,88.5,310.0
Marine & Rail,Tugboat Engine Service,4,8,30.4,14.89,Sunny,Day,104.7,161.9
Mining,Aggregate Collection,4,4,12.9,4.53,Sunny,Day,100.5,68.5
Data Center Power,Cooling System Inspection,4,7,70.7,9.55,Sunny,Day,96.8,68.9
Mining,Aggregate Collection,4,9,42.7,3.99,Sunny,Night,94.3,59.8
Data Center Power,Emergency Power Deployment,6,9,18.7,4.72,Sunny,Day,78.4,82.9
Construction,Foundation Work,7,8,25.1,11.48,Rainy,Day,92.6,256.7
Mining,Hauling Ore,6,9,29.2,6.85,Sunny,Night,95.4,109.2
Oil & Gas,Pipeline Pumping,6,6,43.6,11.3,Rainy,Night,101.2,197.3
Marine & Rail,Rail Network Inspection,5,5,60.0,5.3,Cloudy,Day,82.4,175.9
Marine & Rail,Locomotive Maintenance,6,8,8.6,3.71,Cloudy,Day,105.2,200.0
Data Center Power,Emergency Power Deployment,8,7,5.0,1.07,Cloudy,Day,83.9,108.4
Oil & Gas,Pipeline Pumping,4,8,12.8,8.35,Sunny,Night,93.4,133.9
Construction,Foundation Work,8,6,16.2,5.12,Sunny,Night,91.6,292.5
Mining,Surface Excavation,6,9,33.0,6.03,Sunny,Day,93.3,151.1
Construction,Site Preparation,4,8,38.3,3.98,Sunny,Day,98.5,133.3
Mining,Drilling,8,7,24.0,10.13,Cloudy,Day,101.3,273.5
Mining,Drilling,5,9,49.0,7.28,Cloudy,Day,91.7,182.1
Marine & Rail,Locomotive Maintenance,4,9,27.1,9.14,Rainy,Day,88.8,171.2
Construction,Demolition,6,6,35.5,7.18,Rainy,Day,90.4,258.0
Mining,Hauling Ore,4,7,69.0,8.29,Cloudy,Day,91.2,107.1
Marine & Rail,Locomotive Maintenance,8,6,28.6,11.34,Cloudy,Day,98.5,329.2
Construction,Demolition,6,5,39.2,1.88,Rainy,Day,114.6,307.8
Construction,Road Building,6,7,53.8,8.48,Rainy,Day,83.5,314.4
Construction,Site Preparation,3,8,55.6,9.68,Rainy,Day,112.1,180.8
Mining,Drilling,6,9,50.6,1.16,Rainy,Night,90.6,215.8
Oil & Gas,Well Servicing,4,8,49.9,10.41,Sunny,Day,101.4,214.6
Construction,Material Loading,3,7,29.4,7.51,Rainy,Day,93.4,67.4
Marine & Rail,Locomotive Maintenance,7,8,24.9,1.98,Foggy,Night,85.0,241.8
Construction,Foundation Work,5,7,32.4,0.79,Foggy,Day,75.8,214.9
Mining,Aggregate Collection,6,6,26.5,7.04,Cloudy,Night,99.2,81.2
Construction,Demolition,6,8,29.4,7.07,Rainy,Day,111.7,234.9
Mining,Hauling Ore,2,8,27.4,7.67,Rainy,Night,109.5,106.6
Oil & Gas,Well Drilling,6,9,11.4,7.46,Cloudy,Day,94.6,278.3
Oil & Gas,Gas Compression Service,6,6,23.6,5.73,Rainy,Day,106.6,225.5
Oil & Gas,Well Drilling,5,6,38.2,3.99,Sunny,Day,99.4,338.2
Construction,Excavation,6,5,35.9,7.3,Cloudy,Day,95.9,227.3
Data Center Power,Cooling System Inspection,7,3,75.4,4.28,Sunny,Day,86.8,98.7
Construction,Road Building,4,5,17.8,14.51,Sunny,Day,104.1,298.6
Mining,Drilling,7,10,7.6,7.87,Sunny,Night,101.8,183.6
Marine & Rail,Tugboat Engine Service,7,6,24.2,7.62,Rainy,Night,98.4,228.8
Data Center Power,Cooling System Inspection,4,7,40.6,4.85,Rainy,Day,92.2,63.7
Mining,Hauling Ore,4,9,48.2,1.55,Rainy,Day,87.8,97.7
Oil & Gas,Pipeline Pumping,4,8,39.9,11.6,Sunny,Day,95.6,132.1
Marine & Rail,Tugboat Engine Service,7,7,53.0,2.8,Sunny,Day,90.1,192.9
Oil & Gas,Gas Compression Service,5,5,25.2,6.04,Rainy,Day,98.9,201.4
Mining,Drilling,8,4,45.6,2.28,Sunny,Day,91.6,313.8
Marine & Rail,Tugboat Engine Service,5,7,42.9,6.0,Sunny,Night,87.7,177.4
Data Center Power,Emergency Power Deployment,7,9,39.2,6.16,Cloudy,Day,80.8,103.5
Marine & Rail,Freight Operations,5,9,45.0,12.51,Sunny,Day,115.0,237.8
Construction,Material Loading,4,9,46.3,0.31,Cloudy,Day,95.0,50.5
Marine & Rail,Rail Network Inspection,5,8,1.1,5.11,Sunny,Day,73.4,134.0
Construction,Material Loading,6,8,25.2,2.89,Rainy,Day,97.8,71.3
Marine & Rail,Locomotive Maintenance,3,5,41.3,6.61,Cloudy,Night,85.9,237.9
Oil & Gas,Pipeline Pumping,3,7,51.3,5.49,Sunny,Day,78.3,122.0
Construction,Excavation,4,8,27.0,2.13,Cloudy,Day,89.0,140.0
Data Center Power,Cooling System Inspection,4,7,42.0,2.21,Sunny,Day,94.0,60.9
Oil & Gas,Well Servicing,7,4,54.3,3.17,Sunny,Day,88.7,346.7
Data Center Power,Cooling System Inspection,4,9,16.5,8.99,Sunny,Night,86.4,62.7
Construction,Road Building,5,7,31.9,7.47,Rainy,Day,93.7,288.2
Construction,Demolition,6,8,17.2,3.61,Sunny,Night,98.2,181.5
Construction,Excavation,9,8,20.2,5.95,Sunny,Day,102.4,210.5
Mining,Aggregate Collection,7,7,48.4,10.24,Cloudy,Night,100.9,88.8
Data Center Power,Backup Generator Testing,5,8,9.3,3.47,Sunny,Night,70.5,70.1
Construction,Road Building,6,8,47.9,5.9,Cloudy,Day,98.4,251.1
Data Center Power,Backup Generator Testing,5,9,43.6,5.21,Sunny,Night,94.5,69.8
Data Center Power,Emergency Power Deployment,6,8,18.0,7.52,Sunny,Night,109.8,114.5
Marine & Rail,Freight Operations,5,9,10.9,13.49,Sunny,Day,106.8,210.3
Construction,Demolition,3,6,50.8,1.74,Sunny,Day,96.4,167.2
Construction,Foundation Work,7,7,60.0,14.49,Sunny,Day,93.9,278.0
Construction,Foundation Work,10,7,45.1,2.23,Foggy,Day,86.4,334.1
Oil & Gas,Pipeline Pumping,5,8,17.1,4.91,Sunny,Day,97.7,126.0
Data Center Power,Backup Generator Testing,5,7,47.7,3.66,Cloudy,Day,79.9,71.7
Oil & Gas,Well Servicing,9,6,28.5,2.21,Sunny,Day,84.4,307.5
Oil & Gas,Pipeline Pumping,7,7,17.3,0.39,Rainy,Day,94.0,147.0
Construction,Road Building,5,5,14.4,4.37,Sunny,Day,94.7,265.9
Construction,Site Preparation,7,5,55.7,5.35,Rainy,Day,99.1,235.8
Data Center Power,Backup Generator Testing,8,9,57.9,5.36,Sunny,Night,81.3,99.1
Construction,Excavation,5,5,42.8,11.12,Sunny,Day,101.1,231.2
Oil & Gas,Pipeline Pumping,5,9,23.4,15.14,Cloudy,Day,91.0,146.9
Mining,Hauling Ore,5,9,22.6,6.9,Rainy,Night,87.3,113.1
Mining,Drilling,6,7,23.2,9.36,Sunny,Day,111.8,260.2
Oil & Gas,Well Drilling,7,5,21.9,10.45,Rainy,Night,115.0,691.8
Marine & Rail,Rail Network Inspection,3,5,46.8,2.8,Rainy,Day,79.6,161.3
Marine & Rail,Freight Operations,7,7,55.2,12.74,Sunny,Day,101.1,270.6
Marine & Rail,Tugboat Engine Service,6,8,14.0,4.63,Sunny,Day,92.5,151.5
Marine & Rail,Locomotive Maintenance,7,9,16.0,12.96,Sunny,Day,97.2,221.5
Mining,Surface Excavation,6,8,52.7,4.51,Cloudy,Day,96.0,169.1
Marine & Rail,Locomotive Maintenance,4,9,49.9,0.25,Sunny,Night,89.2,163.4
Data Center Power,Emergency Power Deployment,8,9,28.0,1.26,Sunny,Day,94.1,100.8
Oil & Gas,Well Drilling,8,9,21.9,0.47,Sunny,Night,97.0,326.4
Data Center Power,Emergency Power Deployment,5,8,41.3,0.87,Cloudy,Day,93.6,85.9
Mining,Surface Excavation,5,9,14.3,3.53,Sunny,Day,92.5,129.9
Data Center Power,Generator Maintenance,6,7,4.5,3.14,Rainy,Day,90.2,107.2
Construction,Excavation,5,7,28.7,12.86,Cloudy,Night,102.8,211.1
Data Center Power,Generator Maintenance,5,6,58.1,10.03,Cloudy,Day,93.6,137.4
Mining,Drilling,8,8,36.4,8.57,Rainy,Day,96.5,291.1
Data Center Power,Backup Generator Testing,4,9,28.2,5.99,Sunny,Day,73.3,59.7
Oil & Gas,Well Servicing,6,9,35.1,12.27,Foggy,Day,99.1,229.1
Mining,Drilling,7,5,60.4,1.25,Sunny,Day,86.1,277.7
Data Center Power,Cooling System Inspection,5,7,56.9,7.55,Cloudy,Night,92.4,77.6
Construction,Foundation Work,6,8,44.9,3.39,Sunny,Day,87.4,213.8
Marine & Rail,Freight Operations,6,9,41.2,7.61,Foggy,Day,100.3,248.1
Mining,Hauling Ore,5,7,11.5,9.57,Sunny,Day,91.4,102.4
Mining,Hauling Ore,8,7,69.3,5.59,Rainy,Night,103.2,188.4
Construction,Road Building,4,8,34.9,9.08,Sunny,Day,96.3,220.0
Mining,Drilling,8,8,11.4,6.3,Cloudy,Night,97.5,240.3
Construction,Foundation Work,4,10,9.4,5.39,Cloudy,Night,94.1,151.3
Marine & Rail,Locomotive Maintenance,5,9,17.3,3.65,Sunny,Day,86.3,159.2
Marine & Rail,Tugboat Engine Service,7,8,41.3,7.9,Sunny,Day,93.5,184.3
Data Center Power,Cooling System Inspection,6,7,64.2,3.92,Sunny,Day,82.8,76.7
Mining,Hauling Ore,6,9,15.4,13.7,Sunny,Day,99.8,109.0
Construction,Foundation Work,3,9,33.0,7.78,Cloudy,Night,97.6,171.8
Data Center Power,Emergency Power Deployment,5,6,59.3,1.39,Sunny,Night,85.3,117.7
Mining,Drilling,7,6,9.4,2.64,Cloudy,Night,106.2,271.2
Data Center Power,Backup Generator Testing,5,5,21.1,3.15,Cloudy,Night,73.6,83.5
Oil & Gas,Well Drilling,6,5,41.4,6.74,Cloudy,Day,91.1,435.5
Construction,Road Building,7,4,7.4,3.41,Sunny,Day,98.7,315.7
Mining,Surface Excavation,6,6,47.6,13.55,Rainy,Day,106.8,267.2
Data Center Power,Cooling System Inspection,7,7,71.4,4.97,Sunny,Day,76.0,87.0
Data Center Power,Cooling System Inspection,6,7,56.2,1.59,Sunny,Night,85.5,78.5
Construction,Excavation,6,4,12.8,10.86,Rainy,Day,99.2,286.6
Construction,Road Building,6,5,48.4,5.65,Sunny,Night,87.8,359.9
Construction,Road Building,5,9,45.5,6.56,Sunny,Night,103.9,235.5
Mining,Surface Excavation,7,9,18.8,13.27,Rainy,Day,115.0,228.9
Oil & Gas,Well Drilling,8,6,33.2,6.65,Cloudy,Night,106.2,538.2
Marine & Rail,Locomotive Maintenance,6,6,24.7,6.37,Cloudy,Day,90.9,250.8
Construction,Road Building,4,5,35.7,3.32,Sunny,Night,99.9,283.0
Mining,Surface Excavation,5,8,43.0,3.57,Sunny,Day,93.6,145.7
Construction,Excavation,5,8,35.8,6.51,Cloudy,Day,95.6,162.2
Oil & Gas,Well Drilling,7,9,17.3,6.12,Sunny,Night,94.6,329.1
Oil & Gas,Well Servicing,4,6,9.5,5.45,Rainy,Night,86.6,271.5
Data Center Power,Cooling System Inspection,5,7,52.1,0.94,Rainy,Day,82.7,66.5
Oil & Gas,Pipeline Pumping,7,5,26.9,12.24,Cloudy,Day,97.5,195.4
Mining,Hauling Ore,3,7,41.0,16.27,Sunny,Night,95.7,111.2
Mining,Surface Excavation,5,9,27.9,9.76,Cloudy,Day,95.5,144.5
Data Center Power,Backup Generator Testing,5,9,46.7,2.55,Sunny,Day,86.1,66.1
Marine & Rail,Freight Operations,4,6,45.3,5.77,Sunny,Night,80.7,218.0
Oil & Gas,Well Drilling,7,6,51.6,7.02,Sunny,Day,93.9,438.1
Mining,Drilling,4,9,51.5,4.05,Foggy,Day,99.6,167.2
Mining,Drilling,6,8,48.3,10.2,Sunny,Day,105.4,228.2
Construction,Site Preparation,6,8,48.0,7.04,Cloudy,Night,100.5,181.3
Marine & Rail,Freight Operations,5,8,31.3,7.41,Sunny,Day,98.7,199.3
Mining,Surface Excavation,6,6,7.7,7.07,Cloudy,Day,99.3,188.0
Marine & Rail,Tugboat Engine Service,4,8,63.8,7.85,Sunny,Night,87.4,155.0
Construction,Demolition,8,8,53.1,8.72,Sunny,Day,92.1,245.8
Data Center Power,Emergency Power Deployment,5,9,54.4,3.95,Sunny,Night,82.9,89.0
Construction,Material Loading,3,7,36.9,1.57,Sunny,Night,101.0,56.0
Construction,Foundation Work,6,8,12.9,8.67,Rainy,Day,87.6,231.8
Construction,Foundation Work,7,6,32.4,8.44,Cloudy,Night,94.1,301.2
Oil & Gas,Well Servicing,7,7,25.3,3.37,Sunny,Night,95.3,267.2
Mining,Drilling,5,8,33.6,6.68,Rainy,Day,98.5,218.9
Data Center Power,Backup Generator Testing,5,8,38.9,4.55,Rainy,Night,90.8,75.6
Marine & Rail,Locomotive Maintenance,4,5,55.0,13.24,Cloudy,Day,94.3,272.9
Marine & Rail,Locomotive Maintenance,6,8,19.3,8.3,Cloudy,Day,87.0,214.9
Mining,Surface Excavation,4,9,39.5,6.32,Cloudy,Night,98.9,138.3
Construction,Excavation,6,6,46.2,3.55,Sunny,Day,105.9,214.0
Mining,Hauling Ore,8,6,28.3,0.66,Rainy,Day,96.8,143.0
Construction,Foundation Work,6,9,36.9,3.45,Rainy,Day,90.6,215.0
Data Center Power,Emergency Power Deployment,7,10,32.1,1.87,Cloudy,Night,106.3,98.9
Marine & Rail,Freight Operations,4,8,16.7,9.16,Cloudy,Night,102.0,205.1
Marine & Rail,Rail Network Inspection,5,7,17.1,5.71,Cloudy,Night,103.4,171.5
Marine & Rail,Tugboat Engine Service,6,7,60.5,6.62,Foggy,Night,100.8,248.5
Data Center Power,Cooling System Inspection,5,6,16.5,8.86,Sunny,Day,74.2,68.2
Mining,Drilling,7,7,47.9,6.21,Sunny,Day,104.5,257.8
Construction,Foundation Work,5,7,39.8,3.33,Cloudy,Day,95.8,222.2
Construction,Excavation,7,7,15.1,5.59,Sunny,Day,97.6,189.3
Construction,Road Building,6,8,36.9,11.73,Cloudy,Day,95.3,277.8
Data Center Power,Cooling System Inspection,4,4,43.8,6.06,Cloudy,Day,75.2,70.2
Marine & Rail,Freight Operations,7,6,22.4,5.39,Rainy,Day,107.7,298.4
Marine & Rail,Freight Operations,2,7,22.7,6.9,Sunny,Day,93.2,164.4
Construction,Material Loading,5,6,9.7,5.41,Sunny,Day,92.9,62.7
Marine & Rail,Locomotive Maintenance,6,9,31.9,3.42,Sunny,Day,92.2,183.4
Data Center Power,Backup Generator Testing,3,10,45.3,8.23,Rainy,Night,81.5,63.5
Mining,Drilling,5,8,36.5,13.46,Rainy,Day,103.0,241.8
Mining,Surface Excavation,9,7,63.8,6.62,Cloudy,Day,94.7,252.9
Marine & Rail,Freight Operations,6,9,15.3,5.47,Sunny,Day,87.1,194.3
Mining,Surface Excavation,5,6,19.8,8.75,Rainy,Day,103.1,209.5
Marine & Rail,Locomotive Maintenance,4,9,59.1,7.13,Sunny,Day,92.3,171.4
Oil & Gas,Well Drilling,4,7,45.4,14.52,Sunny,Night,100.6,375.3
Construction,Foundation Work,9,9,20.8,7.14,Cloudy,Day,96.7,230.9
Construction,Foundation Work,5,7,42.3,7.63,Cloudy,Day,85.2,216.8
Data Center Power,Backup Generator Testing,6,6,76.0,9.94,Cloudy,Night,90.1,99.3
Data Center Power,Emergency Power Deployment,6,9,32.0,8.66,Sunny,Day,107.8,102.2
Construction,Material Loading,6,8,40.2,6.74,Cloudy,Day,90.6,69.8
Data Center Power,Backup Generator Testing,4,8,45.4,1.62,Cloudy,Day,80.0,64.2
Mining,Surface Excavation,9,6,16.7,2.92,Rainy,Night,85.5,270.7
Data Center Power,Emergency Power Deployment,6,6,42.2,3.58,Sunny,Day,83.2,114.4
Data Center Power,Backup Generator Testing,4,7,57.8,7.39,Sunny,Day,93.4,70.5
Data Center Power,Backup Generator Testing,3,4,63.9,6.98,Rainy,Night,90.4,82.5
Data Center Power,Backup Generator Testing,3,8,46.8,1.63,Foggy,Day,88.3,59.7
Construction,Material Loading,3,9,60.3,12.65,Sunny,Day,106.3,64.7
Marine & Rail,Locomotive Maintenance,8,6,21.5,10.59,Sunny,Night,85.6,327.5
Oil & Gas,Pipeline Pumping,5,8,19.0,7.97,Sunny,Day,90.5,134.8
Marine & Rail,Freight Operations,3,9,53.9,5.07,Sunny,Night,103.8,193.5
Oil & Gas,Pipeline Pumping,5,5,63.2,3.72,Sunny,Day,80.9,154.6
Marine & Rail,Freight Operations,3,7,19.0,6.55,Cloudy,Day,95.7,165.8
Oil & Gas,Well Drilling,7,5,59.2,8.38,Cloudy,Day,109.5,568.2
Marine & Rail,Locomotive Maintenance,5,9,43.9,8.3,Sunny,Day,101.5,188.9
Oil & Gas,Gas Compression Service,7,6,2.8,9.01,Rainy,Day,95.1,217.7
Construction,Demolition,5,7,19.2,7.78,Rainy,Day,102.3,209.6
Data Center Power,Emergency Power Deployment,7,4,25.3,4.06,Cloudy,Night,93.4,156.4
Oil & Gas,Gas Compression Service,4,7,20.4,10.71,Rainy,Day,96.4,168.9
Construction,Excavation,7,8,56.2,4.75,Cloudy,Day,97.8,197.5
Data Center Power,Cooling System Inspection,3,7,22.7,2.25,Cloudy,Day,80.9,55.7
Oil & Gas,Pipeline Pumping,5,5,21.8,3.42,Sunny,Day,81.0,141.3
Marine & Rail,Freight Operations,5,6,18.9,5.11,Foggy,Night,110.5,311.6
Mining,Drilling,3,8,41.0,4.81,Cloudy,Day,104.6,170.0
Mining,Hauling Ore,4,8,35.0,1.99,Rainy,Day,93.4,100.4
Marine & Rail,Locomotive Maintenance,5,9,12.4,13.25,Sunny,Day,78.3,180.9
Marine & Rail,Rail Network Inspection,4,9,60.0,1.52,Rainy,Day,83.4,152.9
Marine & Rail,Freight Operations,6,9,25.8,3.07,Sunny,Night,94.2,202.6
Marine & Rail,Freight Operations,6,7,36.3,15.85,Sunny,Day,104.0,247.0
Mining,Drilling,4,8,43.4,4.7,Sunny,Day,102.7,183.3
Mining,Aggregate Collection,5,6,41.8,0.84,Cloudy,Day,101.2,71.6
Data Center Power,Emergency Power Deployment,4,7,68.8,7.68,Cloudy,Day,82.6,103.0
Construction,Road Building,6,8,48.1,0.51,Sunny,Night,111.5,295.5
Data Center Power,Generator Maintenance,7,8,35.0,6.61,Foggy,Night,91.1,138.2
Mining,Surface Excavation,5,6,59.1,3.09,Rainy,Day,104.4,216.7
Oil & Gas,Well Servicing,6,9,41.4,3.63,Sunny,Day,94.2,194.4
Marine & Rail,Rail Network Inspection,5,8,51.8,1.4,Sunny,Day,81.4,145.1
Marine & Rail,Locomotive Maintenance,6,8,22.0,7.98,Sunny,Night,93.6,230.8
Oil & Gas,Pipeline Pumping,5,9,22.8,2.62,Cloudy,Day,90.2,120.5
Construction,Material Loading,7,5,60.5,10.21,Sunny,Day,95.3,97.3
Marine & Rail,Locomotive Maintenance,8,7,65.6,0.69,Sunny,Day,100.7,283.1
Oil & Gas,Well Servicing,5,7,45.4,9.68,Sunny,Day,95.7,245.9
Oil & Gas,Pipeline Pumping,5,7,24.0,14.01,Cloudy,Night,91.2,170.1
Oil & Gas,Pipeline Pumping,6,4,73.4,7.9,Sunny,Night,94.5,207.3
Construction,Demolition,4,8,24.2,7.8,Rainy,Night,85.4,195.6
Marine & Rail,Locomotive Maintenance,4,7,45.5,1.2,Sunny,Day,87.7,189.1
Data Center Power,Backup Generator Testing,5,9,15.8,4.33,Sunny,Night,85.9,67.1
Mining,Drilling,5,6,61.5,11.15,Cloudy,Night,112.9,326.4
Mining,Drilling,7,9,35.5,8.3,Sunny,Day,105.5,214.2
Construction,Foundation Work,6,8,64.7,9.57,Sunny,Day,92.5,224.7
Marine & Rail,Freight Operations,5,8,25.4,12.22,Sunny,Day,100.2,204.0
Data Center Power,Cooling System Inspection,5,9,18.8,0.72,Rainy,Day,83.7,58.8
Construction,Foundation Work,6,7,29.3,5.97,Sunny,Night,84.7,245.4
Mining,Drilling,6,8,26.9,5.37,Rainy,Night,115.0,288.5
Oil & Gas,Well Servicing,6,8,51.8,9.9,Rainy,Night,97.9,311.2
Mining,Hauling Ore,8,9,14.8,2.23,Sunny,Night,94.2,110.5
Construction,Material Loading,5,8,33.8,3.06,Cloudy,Day,91.5,58.9
Oil & Gas,Well Servicing,3,5,40.6,5.58,Sunny,Day,86.4,219.9
Oil & Gas,Well Servicing,6,8,39.0,10.37,Sunny,Night,92.4,265.7
Marine & Rail,Freight Operations,5,7,15.8,12.07,Foggy,Day,94.9,246.2
Data Center Power,Backup Generator Testing,6,6,19.0,2.18,Cloudy,Day,91.2,78.1
Construction,Site Preparation,6,10,51.1,12.08,Rainy,Day,106.4,204.5
Mining,Aggregate Collection,2,6,35.3,13.9,Sunny,Day,115.0,67.4
Mining,Drilling,7,6,62.8,10.67,Sunny,Night,93.1,323.4
Mining,Surface Excavation,6,8,11.3,9.92,Sunny,Day,106.3,174.1
Construction,Road Building,6,9,9.1,10.16,Cloudy,Day,94.6,223.5
Oil & Gas,Pipeline Pumping,7,9,5.8,5.12,Foggy,Day,87.7,143.2
Mining,Surface Excavation,3,9,30.9,6.37,Sunny,Day,101.3,120.8
Data Center Power,Backup Generator Testing,6,9,35.7,6.61,Sunny,Day,90.2,73.6
Mining,Aggregate Collection,6,8,56.8,1.82,Sunny,Night,89.9,74.1
Mining,Surface Excavation,4,7,31.1,6.12,Sunny,Day,91.1,149.8
Data Center Power,Backup Generator Testing,6,9,42.5,5.26,Foggy,Night,85.8,80.5
Mining,Drilling,5,6,21.5,10.82,Sunny,Day,115.0,279.0
Construction,Material Loading,6,8,66.2,7.88,Cloudy,Day,109.1,83.3
Oil & Gas,Well Drilling,7,8,61.4,2.75,Sunny,Night,105.5,413.6
Mining,Surface Excavation,7,7,18.7,6.97,Rainy,Day,95.3,212.4
Oil & Gas,Pipeline Pumping,5,9,46.0,7.71,Rainy,Day,94.1,138.1
Oil & Gas,Pipeline Pumping,6,9,29.8,9.14,Cloudy,Night,97.8,155.2
Oil & Gas,Pipeline Pumping,6,9,33.5,4.77,Rainy,Night,108.3,165.3
Data Center Power,Backup Generator Testing,4,9,21.7,7.16,Rainy,Day,85.5,59.0
Construction,Foundation Work,4,8,21.3,9.47,Rainy,Day,90.9,204.4
Oil & Gas,Pipeline Pumping,4,6,13.9,5.99,Sunny,Day,101.5,131.2
Mining,Surface Excavation,7,10,31.4,12.23,Sunny,Night,108.9,186.2
Marine & Rail,Freight Operations,8,6,49.1,1.03,Rainy,Day,91.3,322.2
Oil & Gas,Well Servicing,7,6,13.5,5.35,Cloudy,Day,99.7,264.2
Mining,Hauling Ore,7,8,34.7,5.13,Cloudy,Night,94.2,128.0
Oil & Gas,Well Drilling,7,9,51.8,3.02,Foggy,Day,105.7,349.7
Mining,Drilling,6,9,56.4,7.85,Sunny,Day,102.4,193.3
Marine & Rail,Tugboat Engine Service,7,7,13.2,4.98,Sunny,Night,91.2,194.2
Marine & Rail,Tugboat Engine Service,4,9,17.2,11.35,Rainy,Day,86.6,134.6
Mining,Aggregate Collection,4,8,19.6,0.64,Sunny,Day,99.9,56.4
Oil & Gas,Pipeline Pumping,6,8,37.8,2.85,Sunny,Night,89.3,148.4
Data Center Power,Cooling System Inspection,4,8,29.1,2.76,Sunny,Night,75.4,60.5
Construction,Demolition,8,7,39.7,7.41,Sunny,Day,104.6,247.0
Data Center Power,Emergency Power Deployment,10,7,33.8,3.18,Sunny,Day,85.4,146.8
Data Center Power,Generator Maintenance,7,6,6.6,3.44,Sunny,Night,96.0,138.6
Oil & Gas,Well Servicing,8,10,21.3,13.27,Rainy,Night,106.2,288.7
Construction,Site Preparation,6,8,40.1,2.63,Sunny,Day,88.8,150.4
Mining,Hauling Ore,5,9,71.0,4.62,Cloudy,Night,91.1,109.0
Marine & Rail,Rail Network Inspection,5,5,15.9,7.19,Sunny,Night,89.5,173.7
Oil & Gas,Pipeline Pumping,4,7,58.2,5.49,Sunny,Day,84.1,135.6
Construction,Excavation,4,8,37.5,3.89,Sunny,Night,110.0,177.8
Data Center Power,Backup Generator Testing,6,8,71.5,5.71,Sunny,Day,82.0,77.5
Construction,Material Loading,5,7,50.0,3.59,Sunny,Day,112.4,74.3
Oil & Gas,Well Drilling,5,9,12.6,11.06,Cloudy,Day,102.4,286.4
Construction,Material Loading,4,9,62.4,12.62,Sunny,Day,96.9,65.7
Mining,Hauling Ore,4,8,12.9,3.96,Sunny,Day,103.6,87.2
Mining,Surface Excavation,7,8,11.7,9.05,Sunny,Day,95.4,172.8
Construction,Road Building,5,7,21.9,8.43,Rainy,Day,83.4,270.1
Construction,Site Preparation,6,9,9.1,1.17,Rainy,Day,88.0,145.7
Construction,Foundation Work,6,9,19.9,8.35,Rainy,Day,98.2,212.9
Marine & Rail,Freight Operations,4,9,74.8,6.64,Rainy,Night,89.5,232.1
Data Center Power,Emergency Power Deployment,8,9,84.3,1.65,Cloudy,Day,96.4,121.3
Data Center Power,Cooling System Inspection,6,7,6.4,5.52,Cloudy,Night,84.2,75.4
Marine & Rail,Locomotive Maintenance,6,6,66.7,8.48,Rainy,Day,91.7,291.9
Data Center Power,Backup Generator Testing,6,3,24.6,7.36,Cloudy,Day,100.5,95.5
Construction,Foundation Work,6,6,15.1,3.03,Rainy,Day,81.7,266.8
Construction,Demolition,8,9,40.3,4.75,Cloudy,Day,86.6,198.4
Oil & Gas,Pipeline Pumping,3,9,55.3,5.02,Sunny,Day,94.5,113.9
Mining,Drilling,7,8,65.5,0.66,Sunny,Night,88.2,237.2
Mining,Aggregate Collection,5,7,36.8,12.0,Sunny,Day,98.0,73.8
Construction,Excavation,3,7,30.0,13.38,Sunny,Day,100.2,167.7
Data Center Power,Cooling System Inspection,4,8,26.3,4.61,Cloudy,Day,78.1,57.9
Mining,Aggregate Collection,4,8,16.6,5.42,Foggy,Day,88.3,61.3
Oil & Gas,Well Servicing,8,5,66.0,5.24,Sunny,Day,98.6,374.0
Data Center Power,Cooling System Inspection,5,7,62.9,3.76,Sunny,Day,73.5,69.7
Mining,Drilling,6,10,25.2,3.92,Rainy,Day,105.9,187.4
Data Center Power,Cooling System Inspection,3,8,20.2,3.39,Sunny,Day,87.9,52.4
Marine & Rail,Tugboat Engine Service,3,8,14.7,9.69,Sunny,Day,85.5,124.0
Oil & Gas,Well Drilling,7,10,37.5,8.76,Sunny,Day,94.8,294.0
Marine & Rail,Freight Operations,8,7,51.7,2.93,Sunny,Day,104.0,282.3
Marine & Rail,Locomotive Maintenance,6,8,57.8,4.96,Cloudy,Night,115.0,283.9
Marine & Rail,Rail Network Inspection,6,6,71.9,6.38,Sunny,Day,103.0,201.8
Marine & Rail,Freight Operations,6,8,23.0,7.9,Rainy,Day,89.9,239.5
Oil & Gas,Well Servicing,8,3,5.6,4.44,Rainy,Night,90.7,424.9
Marine & Rail,Freight Operations,5,7,50.1,12.57,Sunny,Day,95.6,220.4
Marine & Rail,Rail Network Inspection,6,6,28.5,11.39,Foggy,Day,87.6,210.5
Data Center Power,Cooling System Inspection,5,7,63.3,3.63,Sunny,Night,88.3,74.9
Construction,Material Loading,5,6,37.3,10.51,Cloudy,Night,101.2,79.8
Marine & Rail,Tugboat Engine Service,5,10,53.8,9.32,Rainy,Day,92.1,131.5
Oil & Gas,Pipeline Pumping,4,9,6.5,7.91,Sunny,Night,115.0,152.1
Marine & Rail,Locomotive Maintenance,7,9,29.4,8.69,Cloudy,Day,84.3,218.9
Data Center Power,Backup Generator Testing,8,9,68.4,8.31,Rainy,Day,83.7,93.4
Data Center Power,Emergency Power Deployment,7,6,19.3,2.57,Sunny,Day,83.9,116.1
Construction,Road Building,4,9,6.7,6.45,Sunny,Day,111.0,202.2
Construction,Road Building,8,5,31.9,6.09,Sunny,Day,97.7,354.1
Marine & Rail,Freight Operations,6,7,53.6,4.53,Cloudy,Day,99.5,236.2
Oil & Gas,Well Servicing,4,9,35.8,8.78,Sunny,Night,90.9,188.7
Construction,Site Preparation,6,8,41.5,4.91,Foggy,Day,93.4,163.1
Construction,Material Loading,7,7,24.0,9.58,Cloudy,Day,101.3,79.1
Construction,Material Loading,3,6,35.8,11.2,Rainy,Night,97.6,77.0
Mining,Surface Excavation,6,9,62.0,6.51,Sunny,Day,99.1,151.1
Oil & Gas,Gas Compression Service,4,8,22.2,7.0,Foggy,Night,101.9,165.2
Mining,Hauling Ore,8,7,44.8,8.77,Cloudy,Night,99.9,153.7
Construction,Demolition,7,7,47.6,8.22,Sunny,Day,100.0,227.7
Construction,Foundation Work,6,6,19.9,4.26,Cloudy,Day,95.0,239.4
Mining,Drilling,4,6,67.1,4.14,Sunny,Day,107.0,239.3
Marine & Rail,Locomotive Maintenance,4,10,27.8,10.86,Rainy,Day,94.7,158.3
Data Center Power,Emergency Power Deployment,7,6,13.5,2.46,Rainy,Day,86.1,116.6
Mining,Surface Excavation,6,8,24.1,4.62,Rainy,Night,96.1,185.1
Oil & Gas,Well Servicing,8,9,80.1,7.65,Cloudy,Day,91.1,278.4
Oil & Gas,Well Drilling,7,8,12.7,9.06,Sunny,Day,101.8,357.8
Data Center Power,Emergency Power Deployment,5,9,46.0,5.52,Sunny,Day,91.0,84.0
Mining,Drilling,7,9,2.3,10.03,Sunny,Day,90.9,185.0
Mining,Hauling Ore,4,7,48.5,1.51,Rainy,Day,98.9,104.7
Mining,Aggregate Collection,6,6,53.4,5.18,Rainy,Day,91.8,89.5
Data Center Power,Cooling System Inspection,5,6,9.8,2.48,Cloudy,Day,87.1,67.5
Marine & Rail,Freight Operations,7,8,43.8,12.85,Rainy,Night,103.7,321.2
Mining,Hauling Ore,5,9,35.6,7.23,Foggy,Day,107.7,126.3
Mining,Surface Excavation,6,9,8.0,3.46,Cloudy,Day,85.7,131.6
Marine & Rail,Freight Operations,3,8,77.3,4.68,Rainy,Day,98.5,217.6
Oil & Gas,Pipeline Pumping,7,9,37.1,15.25,Rainy,Day,109.8,196.0
Data Center Power,Backup Generator Testing,6,3,9.4,5.5,Sunny,Night,92.0,94.3
Construction,Road Building,7,10,51.4,5.14,Rainy,Day,92.7,260.8
Data Center Power,Backup Generator Testing,8,7,23.3,5.09,Cloudy,Day,87.3,87.2
Data Center Power,Emergency Power Deployment,5,9,36.3,9.2,Sunny,Night,90.8,95.8
Mining,Aggregate Collection,6,7,13.1,7.09,Cloudy,Night,91.2,78.7
Data Center Power,Backup Generator Testing,4,7,46.7,7.92,Sunny,Day,77.6,70.6
Mining,Surface Excavation,5,8,38.9,11.72,Sunny,Day,93.8,164.7
Data Center Power,Generator Maintenance,5,8,9.8,0.83,Sunny,Night,93.7,96.9
Oil & Gas,Well Servicing,8,6,54.7,0.62,Rainy,Night,85.7,373.5
Oil & Gas,Well Servicing,6,8,48.1,12.01,Cloudy,Night,92.6,265.0
Construction,Excavation,3,7,24.4,12.31,Cloudy,Night,103.1,176.1
Construction,Material Loading,3,7,30.8,0.94,Sunny,Night,96.1,54.7
Construction,Demolition,5,7,24.2,2.8,Sunny,Day,92.2,176.3
Mining,Hauling Ore,6,9,36.0,3.15,Sunny,Night,91.7,100.3
Marine & Rail,Tugboat Engine Service,7,8,30.7,4.0,Rainy,Day,95.1,172.9
Construction,Demolition,8,8,26.0,7.28,Sunny,Day,94.1,211.6
Mining,Aggregate Collection,6,8,39.1,5.29,Cloudy,Day,103.1,73.6
Data Center Power,Backup Generator Testing,4,9,86.3,15.94,Sunny,Day,92.1,72.4
Marine & Rail,Freight Operations,3,9,7.0,9.85,Rainy,Day,99.6,179.9
Mining,Surface Excavation,4,7,26.6,13.41,Sunny,Day,93.9,163.3
Oil & Gas,Gas Compression Service,9,8,16.7,14.49,Sunny,Night,109.8,280.0
Data Center Power,Emergency Power Deployment,5,7,57.2,4.81,Rainy,Day,97.2,104.2
Construction,Road Building,7,6,34.5,8.97,Sunny,Day,94.8,328.3
Data Center Power,Backup Generator Testing,5,6,62.0,9.92,Cloudy,Night,83.9,88.2
Marine & Rail,Rail Network Inspection,3,6,22.4,7.03,Cloudy,Night,93.2,150.1
Marine & Rail,Freight Operations,3,7,21.8,14.14,Sunny,Night,104.6,202.3
Marine & Rail,Rail Network Inspection,5,8,12.6,8.05,Sunny,Night,87.3,157.0
Mining,Drilling,6,8,47.3,3.37,Sunny,Night,92.6,214.6
Oil & Gas,Well Drilling,9,8,25.7,8.3,Rainy,Day,98.9,473.6
Marine & Rail,Freight Operations,4,6,56.2,9.81,Sunny,Night,95.5,235.1
Marine & Rail,Freight Operations,7,9,33.6,7.33,Cloudy,Night,87.1,247.9
Marine & Rail,Locomotive Maintenance,6,9,28.5,2.75,Cloudy,Day,86.4,178.1
Oil & Gas,Well Servicing,7,10,33.9,11.1,Sunny,Day,92.2,198.7
Oil & Gas,Well Servicing,6,9,28.9,7.95,Rainy,Day,105.5,246.2
Marine & Rail,Freight Operations,8,9,60.8,11.68,Sunny,Night,104.9,316.7
Marine & Rail,Freight Operations,5,8,14.3,13.34,Cloudy,Day,99.6,202.8
Construction,Foundation Work,6,7,35.6,4.08,Rainy,Night,92.7,279.4
Data Center Power,Backup Generator Testing,3,7,46.2,5.49,Rainy,Night,72.7,72.2
Marine & Rail,Freight Operations,6,9,20.1,6.17,Foggy,Night,93.7,256.2
Oil & Gas,Gas Compression Service,6,8,50.1,2.34,Cloudy,Night,88.5,177.9
Marine & Rail,Locomotive Maintenance,6,8,58.2,7.29,Sunny,Day,97.2,223.4
Construction,Road Building,4,5,11.8,5.01,Cloudy,Night,88.4,277.9
Construction,Road Building,6,9,13.3,5.28,Sunny,Day,98.8,208.3
Construction,Excavation,8,7,22.0,8.26,Sunny,Day,95.0,213.8
Mining,Surface Excavation,6,8,9.8,7.15,Cloudy,Day,94.8,156.2
Construction,Road Building,3,7,46.1,6.3,Sunny,Night,96.5,229.6
Construction,Excavation,6,4,48.2,3.24,Sunny,Day,91.7,233.4
Data Center Power,Emergency Power Deployment,7,8,18.6,5.79,Cloudy,Night,90.6,116.6
Oil & Gas,Well Servicing,7,9,45.9,1.4,Sunny,Day,84.5,214.6
Data Center Power,Emergency Power Deployment,8,6,14.9,1.04,Cloudy,Night,88.2,138.0
Marine & Rail,Locomotive Maintenance,4,8,21.6,10.25,Cloudy,Night,91.6,207.7
Construction,Road Building,7,9,64.7,12.79,Rainy,Day,111.2,373.5
Marine & Rail,Freight Operations,5,3,10.9,1.52,Rainy,Day,86.5,256.0
Construction,Foundation Work,6,7,26.9,5.2,Cloudy,Day,90.8,233.5
Oil & Gas,Well Drilling,9,8,32.9,6.61,Sunny,Day,96.9,409.1
Construction,Material Loading,7,8,58.6,3.95,Sunny,Day,104.6,80.7
Data Center Power,Generator Maintenance,4,6,54.8,5.61,Rainy,Day,95.7,120.6
Oil & Gas,Well Servicing,7,7,11.5,8.01,Sunny,Day,96.5,257.1
Marine & Rail,Freight Operations,4,5,87.8,12.85,Sunny,Day,90.4,235.2
Mining,Hauling Ore,7,6,26.0,0.67,Rainy,Night,97.4,139.8
Construction,Material Loading,4,7,15.8,2.05,Rainy,Night,93.2,65.9
Construction,Site Preparation,3,7,33.1,7.48,Sunny,Day,106.6,140.1
Mining,Surface Excavation,4,8,64.1,8.13,Rainy,Day,105.5,183.2
Construction,Road Building,6,5,65.8,2.06,Sunny,Day,89.5,309.8
Construction,Road Building,5,8,48.4,4.89,Rainy,Day,92.2,267.4
Data Center Power,Generator Maintenance,7,3,45.1,2.88,Cloudy,Day,89.8,181.7
Construction,Excavation,6,8,3.4,6.71,Sunny,Day,93.2,158.7
Marine & Rail,Freight Operations,6,8,15.7,8.44,Sunny,Day,94.2,206.0
Marine & Rail,Freight Operations,6,8,34.3,3.95,Cloudy,Day,97.0,216.9
Construction,Material Loading,4,4,57.4,2.33,Sunny,Day,96.1,68.9
Data Center Power,Cooling System Inspection,4,7,31.2,8.62,Rainy,Day,77.7,63.3
Construction,Site Preparation,7,8,73.6,6.2,Sunny,Night,100.3,205.9
Mining,Surface Excavation,6,6,28.7,9.46,Sunny,Day,94.5,199.6
Marine & Rail,Tugboat Engine Service,6,8,27.1,12.76,Cloudy,Night,88.8,195.4
Mining,Hauling Ore,5,7,4.4,2.41,Cloudy,Day,91.4,91.2
Construction,Road Building,9,7,10.0,10.32,Rainy,Day,97.5,373.8
Data Center Power,Cooling System Inspection,4,8,19.5,2.53,Sunny,Night,77.9,59.0
Marine & Rail,Freight Operations,3,9,46.0,11.47,Sunny,Night,105.9,190.9
Data Center Power,Emergency Power Deployment,7,9,28.8,4.75,Sunny,Day,91.9,95.7
Construction,Foundation Work,7,9,79.1,10.18,Foggy,Day,90.9,253.0
Construction,Site Preparation,3,7,48.9,1.92,Rainy,Night,97.4,154.1
Marine & Rail,Freight Operations,3,6,70.3,6.92,Sunny,Day,87.7,198.9
Construction,Excavation,4,10,31.6,4.16,Foggy,Day,96.7,123.0
Marine & Rail,Tugboat Engine Service,5,6,29.9,7.54,Sunny,Night,87.4,195.6
Mining,Surface Excavation,6,8,25.3,15.67,Sunny,Day,101.0,184.0
Construction,Material Loading,5,9,17.2,3.62,Rainy,Night,85.3,65.8
Marine & Rail,Rail Network Inspection,5,8,61.5,6.29,Sunny,Day,94.5,151.8
Oil & Gas,Well Drilling,6,8,30.7,7.62,Rainy,Day,105.3,384.4
Marine & Rail,Freight Operations,7,7,15.8,9.78,Foggy,Day,99.3,295.9
Oil & Gas,Well Servicing,9,5,48.9,8.35,Sunny,Day,95.8,399.4
Mining,Surface Excavation,6,9,17.2,2.13,Rainy,Night,105.5,172.4
Data Center Power,Cooling System Inspection,4,7,50.4,4.79,Sunny,Night,81.7,67.9
Oil & Gas,Gas Compression Service,6,10,38.7,6.82,Sunny,Day,97.5,142.7
Oil & Gas,Well Servicing,8,8,52.5,6.94,Sunny,Day,95.0,281.8
Oil & Gas,Well Drilling,8,8,49.8,5.47,Rainy,Night,94.3,493.8
Construction,Material Loading,6,8,18.7,6.33,Rainy,Day,98.4,75.5
Oil & Gas,Pipeline Pumping,8,7,60.9,8.29,Foggy,Day,89.4,214.6
Mining,Drilling,4,5,17.0,2.23,Sunny,Night,105.3,227.2
Data Center Power,Cooling System Inspection,4,6,27.1,1.27,Foggy,Night,72.6,68.2
Construction,Excavation,6,7,52.8,4.06,Sunny,Night,97.0,201.8
Mining,Aggregate Collection,6,5,19.6,7.69,Cloudy,Day,91.7,77.8
Mining,Hauling Ore,7,8,33.9,10.52,Rainy,Night,100.7,157.2
Marine & Rail,Freight Operations,7,9,48.3,6.59,Cloudy,Day,101.6,235.8
Construction,Road Building,5,9,19.4,4.47,Sunny,Day,109.5,211.1
Marine & Rail,Freight Operations,7,6,10.0,8.79,Cloudy,Day,102.2,247.3
Marine & Rail,Freight Operations,4,7,2.9,7.89,Sunny,Night,96.8,193.8
Construction,Demolition,3,8,44.6,7.53,Cloudy,Day,106.1,161.8
Oil & Gas,Gas Compression Service,4,10,23.2,3.76,Cloudy,Day,90.4,116.6
Data Center Power,Emergency Power Deployment,6,5,48.8,1.56,Sunny,Day,86.9,125.1
Construction,Road Building,6,9,18.7,4.55,Rainy,Day,108.0,255.1
Mining,Drilling,7,7,7.3,6.32,Sunny,Day,94.5,215.5
Construction,Site Preparation,5,5,69.8,2.46,Sunny,Day,91.9,166.6
Construction,Site Preparation,5,9,46.4,2.41,Sunny,Day,89.9,133.2
Oil & Gas,Well Drilling,9,8,26.4,5.65,Sunny,Day,108.8,431.0
Data Center Power,Cooling System Inspection,4,7,39.8,7.15,Cloudy,Night,91.7,69.6
Mining,Aggregate Collection,5,7,67.1,10.22,Sunny,Day,109.8,81.3
Marine & Rail,Locomotive Maintenance,6,9,56.1,4.44,Rainy,Day,75.2,199.6
Marine & Rail,Tugboat Engine Service,5,10,24.2,12.54,Sunny,Day,87.5,127.9
Mining,Surface Excavation,5,9,31.9,10.42,Sunny,Night,104.7,158.0
Mining,Aggregate Collection,6,6,56.6,7.06,Rainy,Day,92.1,91.1
Construction,Material Loading,5,10,22.5,1.44,Rainy,Day,106.6,62.7
Data Center Power,Cooling System Inspection,6,7,53.2,8.14,Rainy,Day,86.7,79.1
Mining,Surface Excavation,3,10,52.1,10.03,Rainy,Day,114.1,154.9
Mining,Surface Excavation,5,9,34.8,13.68,Rainy,Day,107.9,184.5
Marine & Rail,Tugboat Engine Service,8,7,57.2,16.69,Rainy,Day,103.1,271.2
Marine & Rail,Locomotive Maintenance,7,6,19.6,4.13,Rainy,Day,83.6,263.6
Construction,Foundation Work,5,9,8.7,11.64,Rainy,Day,90.1,196.5
Construction,Material Loading,5,8,24.9,7.26,Sunny,Night,97.1,66.0
Data Center Power,Backup Generator Testing,5,8,17.9,4.32,Sunny,Day,82.2,65.7
Mining,Drilling,6,6,34.1,7.92,Cloudy,Day,99.4,243.0
Oil & Gas,Well Servicing,4,7,28.5,4.1,Sunny,Night,91.1,217.4
Mining,Aggregate Collection,5,7,61.5,6.45,Sunny,Day,90.1,70.8
Marine & Rail,Locomotive Maintenance,7,9,5.5,9.99,Sunny,Day,97.5,199.8
Mining,Surface Excavation,4,10,22.8,1.6,Sunny,Night,90.3,110.1
Mining,Surface Excavation,6,9,30.8,6.29,Sunny,Day,96.8,149.7
Oil & Gas,Well Servicing,8,9,40.2,7.88,Sunny,Day,88.4,250.2
Data Center Power,Cooling System Inspection,4,8,41.3,8.46,Rainy,Day,95.4,62.2
Mining,Drilling,8,7,15.5,14.02,Sunny,Day,101.3,283.9
Construction,Road Building,7,8,38.6,2.87,Foggy,Day,99.2,271.6
Oil & Gas,Well Drilling,4,9,41.2,13.82,Cloudy,Day,102.5,294.0
Marine & Rail,Tugboat Engine Service,6,6,9.1,11.36,Cloudy,Night,93.1,206.3
Construction,Material Loading,4,8,13.3,11.33,Sunny,Day,110.1,65.9
Construction,Foundation Work,5,6,45.9,16.37,Cloudy,Night,91.6,285.7
Construction,Excavation,4,7,47.9,9.76,Sunny,Night,93.8,190.0
Marine & Rail,Tugboat Engine Service,6,8,44.9,2.02,Sunny,Day,88.5,157.0
Data Center Power,Cooling System Inspection,5,9,46.0,8.3,Sunny,Day,88.9,63.5
Oil & Gas,Pipeline Pumping,4,9,66.7,5.64,Sunny,Night,89.9,131.3
Construction,Site Preparation,8,9,32.2,4.43,Cloudy,Day,105.3,183.4
Mining,Drilling,6,9,14.9,4.42,Cloudy,Day,97.5,171.2
Oil & Gas,Pipeline Pumping,3,4,11.2,7.24,Cloudy,Night,98.7,148.8
Marine & Rail,Tugboat Engine Service,8,10,18.6,10.4,Rainy,Day,87.0,157.6
Construction,Material Loading,6,8,7.6,6.09,Rainy,Day,93.2,74.3
Mining,Aggregate Collection,3,5,15.6,13.87,Sunny,Day,99.0,63.0
Oil & Gas,Pipeline Pumping,5,8,22.6,6.85,Rainy,Night,90.9,146.5
Construction,Foundation Work,9,7,75.5,2.69,Rainy,Day,83.4,385.6
Oil & Gas,Gas Compression Service,5,7,10.5,4.16,Rainy,Day,100.8,168.2
Marine & Rail,Freight Operations,7,6,33.1,5.63,Foggy,Day,91.8,310.3
Data Center Power,Emergency Power Deployment,8,8,23.8,3.59,Sunny,Day,84.7,107.1
Marine & Rail,Locomotive Maintenance,5,10,24.6,12.03,Sunny,Night,99.6,184.3
Construction,Demolition,8,5,9.2,0.57,Sunny,Day,92.3,240.6
Construction,Excavation,4,8,70.6,8.55,Rainy,Day,95.9,187.4
Mining,Surface Excavation,5,7,62.7,8.1,Sunny,Day,95.5,175.3
Mining,Surface Excavation,5,6,17.8,9.79,Sunny,Day,94.9,173.0
Data Center Power,Backup Generator Testing,3,6,18.9,2.08,Cloudy,Night,88.1,67.7
Data Center Power,Cooling System Inspection,6,6,63.7,3.97,Sunny,Night,77.2,82.2
Oil & Gas,Well Servicing,9,9,59.6,12.4,Sunny,Day,97.9,307.7
Marine & Rail,Rail Network Inspection,7,7,37.4,4.01,Sunny,Day,88.4,175.6
Oil & Gas,Well Servicing,7,6,21.1,7.79,Sunny,Day,90.4,284.3
Oil & Gas,Well Servicing,5,5,64.6,3.64,Rainy,Day,85.9,305.6
Mining,Hauling Ore,2,5,51.6,3.1,Rainy,Day,98.8,100.1
Mining,Drilling,6,8,61.3,1.28,Cloudy,Day,98.8,198.3
Mining,Drilling,7,8,40.9,0.96,Sunny,Day,90.9,211.1
Construction,Material Loading,5,9,53.0,3.87,Cloudy,Night,101.3,67.5
Mining,Hauling Ore,4,7,54.5,4.59,Cloudy,Night,100.0,107.1
Data Center Power,Backup Generator Testing,7,7,34.7,3.02,Cloudy,Day,82.6,84.4
Mining,Surface Excavation,7,4,36.9,2.89,Cloudy,Day,103.0,241.5
Marine & Rail,Locomotive Maintenance,6,8,22.7,4.7,Foggy,Day,91.2,209.8
Data Center Power,Backup Generator Testing,5,8,56.4,7.51,Sunny,Day,84.0,69.6
Mining,Hauling Ore,4,4,30.1,1.08,Cloudy,Day,95.5,99.9
Construction,Road Building,7,9,12.2,3.36,Cloudy,Day,100.3,220.3
Construction,Site Preparation,4,6,18.9,2.36,Sunny,Day,110.1,152.0
Data Center Power,Backup Generator Testing,4,5,18.4,4.09,Cloudy,Day,92.5,69.5
Marine & Rail,Freight Operations,8,4,51.3,12.93,Cloudy,Day,97.0,329.4
Construction,Excavation,4,5,62.5,9.24,Sunny,Day,104.7,213.0
Mining,Hauling Ore,4,6,7.5,5.18,Rainy,Night,104.3,119.4
Data Center Power,Backup Generator Testing,5,9,15.9,8.45,Sunny,Day,93.5,64.3
Oil & Gas,Well Drilling,6,7,25.8,17.26,Rainy,Day,115.0,555.5
Construction,Site Preparation,3,7,12.2,2.57,Sunny,Night,94.9,129.4
Construction,Demolition,4,9,37.5,1.31,Sunny,Day,90.3,132.6
Construction,Material Loading,6,8,38.0,15.35,Cloudy,Day,101.0,80.2
Construction,Foundation Work,8,8,73.2,6.93,Sunny,Night,94.3,302.3
Construction,Road Building,6,9,59.0,4.38,Sunny,Day,95.2,221.8
Mining,Aggregate Collection,4,8,23.8,9.59,Cloudy,Day,97.6,64.1
Marine & Rail,Locomotive Maintenance,5,8,25.3,6.51,Rainy,Night,86.0,208.8
Marine & Rail,Freight Operations,6,9,64.5,9.1,Rainy,Day,95.8,252.1
Oil & Gas,Gas Compression Service,5,8,17.3,7.99,Sunny,Day,96.6,157.4
Data Center Power,Generator Maintenance,7,9,53.5,1.54,Sunny,Night,84.8,115.8
Oil & Gas,Well Drilling,9,6,43.0,5.75,Cloudy,Night,90.6,556.1
Mining,Surface Excavation,7,9,35.5,7.71,Rainy,Day,94.8,187.9
Data Center Power,Emergency Power Deployment,8,8,36.9,4.74,Sunny,Day,92.5,115.8
Marine & Rail,Rail Network Inspection,6,8,51.8,10.0,Sunny,Day,104.8,183.3
Construction,Road Building,7,9,23.2,5.31,Cloudy,Night,92.8,245.4
Mining,Surface Excavation,6,9,33.0,3.04,Sunny,Day,91.0,135.0
Marine & Rail,Tugboat Engine Service,5,9,41.9,13.63,Sunny,Night,94.3,158.9
Data Center Power,Cooling System Inspection,4,9,41.7,0.68,Cloudy,Day,86.5,56.0
Oil & Gas,Pipeline Pumping,5,9,10.4,3.23,Sunny,Day,88.1,116.0
Data Center Power,Emergency Power Deployment,7,6,27.9,1.97,Cloudy,Day,88.0,121.3
Oil & Gas,Well Servicing,8,7,26.4,3.38,Foggy,Day,86.7,276.8
Oil & Gas,Pipeline Pumping,6,5,5.1,5.58,Cloudy,Night,104.2,180.7
Mining,Drilling,6,8,40.7,5.66,Cloudy,Night,85.3,227.6
Oil & Gas,Well Servicing,7,9,55.4,8.19,Sunny,Day,95.2,243.4
Oil & Gas,Pipeline Pumping,5,9,55.9,5.49,Sunny,Day,81.6,135.7
Marine & Rail,Freight Operations,7,10,42.0,7.66,Sunny,Day,93.9,224.4
Marine & Rail,Locomotive Maintenance,7,9,24.5,4.5,Cloudy,Day,79.6,197.1
Mining,Drilling,9,9,79.0,10.07,Sunny,Day,100.9,300.6
Data Center Power,Generator Maintenance,6,10,34.4,1.54,Sunny,Day,76.3,81.2
Data Center Power,Generator Maintenance,5,6,53.3,5.5,Sunny,Night,98.7,135.6
Oil & Gas,Well Drilling,8,9,41.2,9.38,Sunny,Day,96.3,366.4
Construction,Road Building,7,9,32.2,1.69,Cloudy,Day,87.3,218.4
Marine & Rail,Locomotive Maintenance,5,9,32.2,11.28,Foggy,Night,111.1,241.3
Oil & Gas,Well Servicing,6,8,4.3,1.89,Sunny,Day,87.8,192.8
Marine & Rail,Locomotive Maintenance,7,6,13.7,2.34,Foggy,Day,91.0,260.6
Mining,Surface Excavation,6,6,52.3,10.6,Rainy,Day,106.4,265.7
Mining,Aggregate Collection,4,8,44.2,8.4,Cloudy,Day,94.9,63.5
Mining,Hauling Ore,4,6,33.7,11.54,Rainy,Night,99.7,134.7
Data Center Power,Backup Generator Testing,3,8,19.9,3.17,Rainy,Day,83.9,59.3
Oil & Gas,Gas Compression Service,6,9,16.5,9.58,Sunny,Night,96.4,164.2
Construction,Excavation,5,5,60.7,4.72,Cloudy,Day,99.3,220.4
Construction,Road Building,5,9,17.2,8.03,Rainy,Night,114.3,298.5
Marine & Rail,Freight Operations,8,9,33.8,4.94,Sunny,Day,103.4,257.5
Construction,Foundation Work,8,8,30.9,2.58,Sunny,Day,92.3,240.6
Marine & Rail,Freight Operations,6,8,52.3,14.12,Rainy,Day,101.5,283.1
Mining,Drilling,6,8,19.3,8.9,Rainy,Day,97.5,235.2
Construction,Excavation,7,8,23.0,6.57,Sunny,Night,103.6,200.2
Oil & Gas,Pipeline Pumping,4,8,7.3,5.9,Sunny,Night,94.2,123.6
Construction,Excavation,3,6,17.6,6.86,Sunny,Day,102.7,169.0
Construction,Site Preparation,3,7,34.0,3.09,Sunny,Day,92.2,127.6
Construction,Excavation,5,8,42.4,1.9,Sunny,Day,95.1,152.0
Oil & Gas,Well Servicing,7,5,2.2,2.61,Cloudy,Day,89.6,275.9
Oil & Gas,Well Servicing,4,9,46.6,4.6,Foggy,Night,98.9,190.1
Mining,Drilling,7,8,18.0,3.49,Sunny,Day,92.3,202.6
Oil & Gas,Pipeline Pumping,5,6,12.7,3.83,Cloudy,Day,90.3,137.1
Mining,Surface Excavation,5,8,93.5,10.19,Rainy,Day,90.1,203.5
Data Center Power,Backup Generator Testing,4,10,51.1,6.65,Sunny,Night,84.9,65.0
Mining,Drilling,7,10,7.1,2.68,Cloudy,Day,104.4,166.4
Construction,Demolition,5,9,7.4,8.1,Foggy,Night,91.5,171.3
Marine & Rail,Tugboat Engine Service,4,7,4.5,6.42,Sunny,Day,96.9,146.8
Construction,Demolition,7,8,31.0,4.41,Sunny,Night,103.5,205.5
Marine & Rail,Locomotive Maintenance,5,7,61.9,7.85,Rainy,Day,90.9,228.2
Construction,Material Loading,5,7,75.6,7.31,Sunny,Day,101.9,72.1
Data Center Power,Emergency Power Deployment,5,6,9.9,2.11,Cloudy,Day,94.4,103.1
Mining,Aggregate Collection,6,7,12.8,4.71,Cloudy,Day,98.0,72.1
Construction,Material Loading,6,7,23.5,5.13,Foggy,Day,91.5,70.2
Construction,Foundation Work,5,6,17.2,5.24,Sunny,Night,91.7,238.7
Mining,Aggregate Collection,3,10,26.0,5.77,Sunny,Night,92.6,54.0
Construction,Material Loading,5,6,52.2,11.05,Cloudy,Night,109.5,95.3
Construction,Foundation Work,6,7,63.2,1.68,Sunny,Day,79.7,232.4
Construction,Site Preparation,5,7,62.2,7.35,Sunny,Day,110.1,183.7
Data Center Power,Backup Generator Testing,2,6,20.2,4.99,Sunny,Night,84.7,60.9
Data Center Power,Emergency Power Deployment,7,6,41.5,3.76,Cloudy,Night,93.4,146.9
Data Center Power,Emergency Power Deployment,5,9,24.1,4.06,Sunny,Night,94.2,86.4
Data Center Power,Generator Maintenance,6,8,35.2,2.6,Sunny,Day,88.6,102.6
Data Center Power,Backup Generator Testing,8,8,6.4,3.55,Sunny,Night,76.8,81.8
Mining,Drilling,6,9,35.8,2.81,Sunny,Night,98.9,189.6
Oil & Gas,Pipeline Pumping,3,9,14.8,2.92,Sunny,Night,97.8,109.5
Mining,Aggregate Collection,6,7,49.5,2.83,Sunny,Night,92.3,78.2
Marine & Rail,Rail Network Inspection,2,8,46.3,8.98,Rainy,Day,80.4,135.2
Marine & Rail,Locomotive Maintenance,6,7,36.5,3.77,Foggy,Day,84.3,228.2
Construction,Material Loading,4,5,60.4,6.19,Sunny,Day,83.2,69.5
Construction,Road Building,5,9,38.6,11.7,Rainy,Day,96.4,255.4
Mining,Drilling,8,7,85.8,4.5,Rainy,Night,96.0,376.2
Marine & Rail,Tugboat Engine Service,6,8,36.5,7.74,Cloudy,Night,92.8,182.1
Marine & Rail,Locomotive Maintenance,8,3,38.0,2.12,Rainy,Night,95.9,402.4
Construction,Site Preparation,7,7,48.9,0.43,Cloudy,Day,87.4,170.5
Marine & Rail,Locomotive Maintenance,9,6,54.1,12.18,Rainy,Night,105.7,447.1
Marine & Rail,Freight Operations,6,7,76.3,13.62,Cloudy,Day,111.3,304.6
Construction,Foundation Work,7,9,63.2,4.14,Sunny,Day,82.3,216.9
Mining,Drilling,6,9,2.4,4.41,Rainy,Day,104.7,197.3
Marine & Rail,Tugboat Engine Service,7,5,51.8,6.22,Rainy,Night,92.6,258.6
Mining,Hauling Ore,5,10,32.2,6.56,Sunny,Night,107.9,104.4
Mining,Aggregate Collection,5,6,30.8,3.68,Rainy,Night,89.6,83.4
Construction,Road Building,5,7,38.2,3.79,Cloudy,Night,105.9,282.1
Marine & Rail,Tugboat Engine Service,5,4,23.5,3.11,Sunny,Day,91.8,193.1
Mining,Surface Excavation,7,7,8.1,4.56,Sunny,Day,94.1,170.6
Mining,Hauling Ore,4,8,28.7,11.49,Rainy,Day,91.6,111.1
Mining,Drilling,8,9,59.1,12.32,Rainy,Night,108.2,339.4
Marine & Rail,Locomotive Maintenance,4,8,48.8,9.14,Foggy,Day,115.0,246.2
Marine & Rail,Freight Operations,6,6,56.0,10.6,Sunny,Day,115.0,299.8
Construction,Excavation,4,9,36.4,4.53,Cloudy,Day,92.0,130.6
Mining,Drilling,7,10,23.0,3.65,Sunny,Night,94.6,175.1
Mining,Drilling,7,8,54.6,9.81,Sunny,Day,101.4,258.0
Oil & Gas,Well Servicing,8,6,14.9,12.9,Foggy,Night,100.7,368.2
Construction,Material Loading,4,8,25.2,3.92,Sunny,Day,104.2,56.9
Marine & Rail,Freight Operations,5,9,63.5,3.95,Rainy,Day,95.5,222.1
Mining,Aggregate Collection,7,7,51.4,8.14,Sunny,Night,94.3,89.9
Marine & Rail,Tugboat Engine Service,7,8,27.5,5.9,Cloudy,Day,85.3,170.8
Construction,Foundation Work,5,8,34.1,1.37,Rainy,Day,75.1,213.6
Marine & Rail,Rail Network Inspection,6,9,50.7,10.91,Sunny,Day,92.0,164.6
Marine & Rail,Freight Operations,6,8,28.0,15.13,Sunny,Day,106.9,237.7
Marine & Rail,Locomotive Maintenance,7,9,29.8,1.76,Rainy,Day,90.0,195.2
Oil & Gas,Well Servicing,7,5,24.7,14.49,Cloudy,Day,89.8,347.9
Marine & Rail,Freight Operations,5,5,73.8,6.61,Sunny,Day,99.2,246.5
Construction,Demolition,7,9,26.6,3.77,Foggy,Night,91.7,187.8
Oil & Gas,Well Servicing,8,6,37.8,9.68,Sunny,Day,93.1,328.8
Marine & Rail,Rail Network Inspection,4,9,57.8,9.11,Cloudy,Day,86.6,146.5
Mining,Drilling,5,8,68.2,7.7,Cloudy,Day,101.0,202.4
Oil & Gas,Well Servicing,7,10,30.4,5.41,Sunny,Day,99.9,193.3
Marine & Rail,Rail Network Inspection,2,7,42.7,11.12,Cloudy,Night,76.6,139.5
Construction,Site Preparation,5,9,23.8,9.19,Cloudy,Day,92.2,144.8
Construction,Excavation,7,5,58.4,5.25,Rainy,Night,107.3,347.8
Construction,Excavation,3,8,44.3,2.13,Foggy,Day,97.0,134.9
Marine & Rail,Freight Operations,6,3,29.1,1.23,Sunny,Day,92.3,250.9
Mining,Aggregate Collection,6,7,41.4,8.66,Sunny,Day,105.5,80.0
Marine & Rail,Tugboat Engine Service,6,8,32.5,8.63,Sunny,Day,84.5,162.4
Oil & Gas,Well Servicing,6,9,23.5,8.83,Sunny,Day,86.2,204.3
Data Center Power,Backup Generator Testing,8,9,24.1,4.33,Sunny,Day,82.4,78.9
Oil & Gas,Well Servicing,7,10,30.4,5.75,Sunny,Night,82.7,207.0
Marine & Rail,Freight Operations,3,9,30.5,7.04,Sunny,Day,85.7,161.5
Data Center Power,Backup Generator Testing,5,7,47.6,4.67,Sunny,Night,88.5,79.4
Oil & Gas,Well Servicing,7,5,72.6,5.52,Rainy,Day,98.9,405.0
Oil & Gas,Well Drilling,7,8,4.6,3.61,Sunny,Night,93.9,326.0
Marine & Rail,Tugboat Engine Service,7,6,32.0,1.51,Sunny,Day,103.3,203.8
Mining,Hauling Ore,5,8,48.0,2.67,Rainy,Day,87.9,107.0
Marine & Rail,Freight Operations,6,10,30.6,5.16,Rainy,Day,91.8,218.4
Construction,Foundation Work,9,8,33.7,2.38,Foggy,Day,89.3,274.3
Marine & Rail,Tugboat Engine Service,9,5,55.5,11.08,Rainy,Day,89.2,316.4
Marine & Rail,Freight Operations,5,8,58.2,8.89,Cloudy,Night,99.5,236.0
Construction,Road Building,6,7,29.0,2.36,Sunny,Day,100.2,251.8
Data Center Power,Backup Generator Testing,1,7,37.4,10.18,Cloudy,Day,77.7,52.8
Construction,Demolition,4,9,46.7,3.68,Rainy,Day,94.3,160.3
Data Center Power,Backup Generator Testing,5,9,63.5,5.31,Rainy,Day,88.2,70.8
Construction,Excavation,7,8,8.6,1.71,Sunny,Night,97.5,179.1
Oil & Gas,Pipeline Pumping,5,5,17.4,10.37,Sunny,Day,88.0,155.8
Data Center Power,Emergency Power Deployment,3,6,39.6,5.7,Sunny,Night,91.5,103.6
Construction,Foundation Work,4,9,55.8,11.1,Sunny,Day,89.8,182.7
Mining,Surface Excavation,5,9,27.4,8.04,Cloudy,Day,98.5,137.9
Construction,Demolition,8,7,22.0,3.11,Foggy,Day,97.1,230.8
Mining,Aggregate Collection,6,7,53.4,8.81,Sunny,Day,112.5,87.2
Marine & Rail,Tugboat Engine Service,7,9,30.6,5.96,Rainy,Night,111.9,197.2
Oil & Gas,Well Servicing,5,8,8.1,8.18,Foggy,Day,87.7,207.8
Data Center Power,Generator Maintenance,4,7,30.5,4.1,Foggy,Day,89.2,104.7
Mining,Drilling,5,7,64.0,4.4,Sunny,Night,96.1,226.7
Mining,Surface Excavation,3,8,19.7,1.36,Sunny,Day,91.6,115.4
Mining,Drilling,5,8,53.9,6.13,Sunny,Day,96.2,186.9
Mining,Surface Excavation,8,7,17.8,11.97,Sunny,Night,95.3,226.9
Marine & Rail,Locomotive Maintenance,7,8,32.8,8.76,Sunny,Night,102.5,259.7
Oil & Gas,Well Servicing,8,6,52.9,3.13,Rainy,Day,88.1,360.2
Mining,Aggregate Collection,6,8,24.2,10.68,Sunny,Day,93.5,69.1
Construction,Foundation Work,9,6,40.1,7.42,Sunny,Day,84.3,321.3
Mining,Aggregate Collection,7,8,56.0,5.7,Rainy,Night,99.8,100.4
Oil & Gas,Well Servicing,7,6,41.6,1.92,Foggy,Day,80.1,281.9
Oil & Gas,Well Servicing,6,8,13.5,13.26,Sunny,Day,97.3,230.7
Oil & Gas,Pipeline Pumping,5,8,54.1,5.08,Cloudy,Day,97.6,143.5
Data Center Power,Backup Generator Testing,2,9,67.1,7.97,Cloudy,Night,102.0,64.7
Data Center Power,Backup Generator Testing,6,6,32.3,7.24,Cloudy,Day,78.2,83.2
Construction,Site Preparation,6,7,21.4,4.03,Sunny,Day,80.1,157.0
Oil & Gas,Well Drilling,8,9,29.7,4.9,Sunny,Night,102.3,367.1
Marine & Rail,Freight Operations,3,8,22.4,7.0,Foggy,Day,101.7,207.5
Construction,Material Loading,3,9,28.5,14.77,Sunny,Day,100.7,58.9
Data Center Power,Cooling System Inspection,5,7,60.7,6.72,Cloudy,Day,80.1,71.5
Data Center Power,Cooling System Inspection,4,9,42.5,6.05,Sunny,Day,91.0,58.6
Marine & Rail,Tugboat Engine Service,5,10,34.8,4.82,Sunny,Night,83.5,124.9
Mining,Drilling,5,9,39.4,6.54,Sunny,Night,99.2,182.1
Construction,Road Building,5,8,43.6,5.91,Rainy,Day,98.7,255.2
Marine & Rail,Tugboat Engine Service,7,9,51.8,8.31,Rainy,Night,93.9,193.1
Construction,Material Loading,4,9,52.8,6.88,Sunny,Night,96.0,64.0
Marine & Rail,Freight Operations,5,6,39.4,3.61,Cloudy,Night,98.9,243.0
Marine & Rail,Freight Operations,5,6,16.3,7.49,Sunny,Day,101.6,217.0
Mining,Drilling,7,8,17.5,14.08,Cloudy,Night,105.1,262.8
Construction,Material Loading,3,9,78.7,1.56,Sunny,Day,87.8,50.7
Construction,Road Building,5,9,27.0,11.3,Foggy,Day,89.4,225.4
Mining,Drilling,6,8,53.1,9.1,Cloudy,Day,115.0,260.7
Oil & Gas,Well Drilling,6,6,41.7,5.13,Cloudy,Day,91.3,383.8
Mining,Surface Excavation,3,8,50.3,8.92,Cloudy,Day,94.5,138.6
Mining,Surface Excavation,8,9,81.8,5.14,Sunny,Day,102.4,207.8
Data Center Power,Backup Generator Testing,5,7,53.0,6.79,Cloudy,Day,82.2,76.7
Mining,Surface Excavation,9,8,5.9,6.99,Sunny,Night,89.8,195.6
Marine & Rail,Freight Operations,6,7,41.7,5.53,Sunny,Day,97.6,223.3
Oil & Gas,Pipeline Pumping,6,9,24.5,0.5,Cloudy,Night,88.8,140.5
Construction,Foundation Work,5,8,44.1,0.44,Rainy,Day,81.9,214.8
Construction,Site Preparation,5,5,26.1,1.74,Sunny,Day,106.2,161.5
Oil & Gas,Well Drilling,7,9,41.3,4.31,Sunny,Day,96.7,322.4
Mining,Aggregate Collection,7,6,46.0,2.88,Sunny,Day,94.4,82.9
Data Center Power,Generator Maintenance,6,9,18.2,4.32,Sunny,Day,88.7,91.7
Data Center Power,Generator Maintenance,5,9,35.8,7.08,Sunny,Night,78.4,98.3
Mining,Drilling,7,7,39.0,1.57,Sunny,Day,91.0,228.2
Mining,Hauling Ore,5,9,41.2,6.7,Sunny,Night,88.7,102.4
Mining,Aggregate Collection,6,8,38.8,1.88,Cloudy,Night,99.7,76.2
Data Center Power,Cooling System Inspection,4,4,27.0,0.37,Rainy,Day,75.9,67.7
Mining,Surface Excavation,4,7,5.5,8.73,Cloudy,Night,106.1,173.1
Construction,Material Loading,3,3,53.8,4.68,Sunny,Day,88.1,67.0
Marine & Rail,Freight Operations,6,9,19.7,5.34,Sunny,Night,93.2,212.5
Mining,Aggregate Collection,6,7,23.4,7.11,Sunny,Night,104.8,78.0
Data Center Power,Emergency Power Deployment,8,5,41.7,8.14,Rainy,Day,92.7,171.3
Mining,Surface Excavation,5,5,7.7,5.72,Foggy,Day,94.8,190.5
Mining,Surface Excavation,5,8,17.6,0.29,Sunny,Night,93.7,142.4
Data Center Power,Backup Generator Testing,7,9,31.5,6.36,Sunny,Day,91.0,76.8
Mining,Surface Excavation,6,9,3.5,3.38,Sunny,Night,98.7,141.1
Mining,Surface Excavation,7,9,64.2,12.84,Sunny,Day,94.1,190.1
Marine & Rail,Locomotive Maintenance,7,8,16.7,2.69,Rainy,Day,94.5,210.9
Data Center Power,Emergency Power Deployment,8,8,23.8,0.32,Sunny,Night,82.9,113.7
Mining,Hauling Ore,4,9,21.0,4.71,Rainy,Day,90.8,92.8
Mining,Surface Excavation,6,7,22.3,8.5,Cloudy,Night,101.5,194.1
Construction,Foundation Work,5,8,21.2,7.59,Sunny,Day,88.6,192.5
Construction,Foundation Work,8,8,58.8,6.08,Sunny,Night,84.6,289.3
Construction,Excavation,6,8,19.6,6.63,Cloudy,Night,114.0,220.4
Data Center Power,Backup Generator Testing,7,9,36.7,5.6,Rainy,Day,86.3,79.5
Marine & Rail,Freight Operations,4,9,24.1,12.49,Rainy,Day,115.0,245.5
Data Center Power,Backup Generator Testing,7,7,57.6,8.66,Sunny,Night,86.9,99.7
Construction,Excavation,7,7,11.4,6.52,Rainy,Day,106.6,239.9
Construction,Road Building,5,8,27.0,3.95,Cloudy,Day,94.1,210.0
Mining,Drilling,6,7,45.6,7.47,Rainy,Night,93.8,280.5
Data Center Power,Emergency Power Deployment,5,8,17.5,1.95,Foggy,Night,78.5,94.7
Mining,Surface Excavation,5,9,8.9,5.59,Sunny,Night,99.6,136.8
Construction,Foundation Work,5,9,2.8,0.73,Sunny,Day,95.5,163.0
Data Center Power,Cooling System Inspection,5,9,17.6,10.22,Rainy,Day,80.5,61.9
Oil & Gas,Pipeline Pumping,4,9,29.9,4.79,Rainy,Night,93.3,134.8
Marine & Rail,Freight Operations,6,10,62.7,6.29,Sunny,Night,98.7,221.9
Marine & Rail,Locomotive Maintenance,4,7,40.2,8.88,Sunny,Day,97.5,212.0
Mining,Hauling Ore,5,9,39.0,3.46,Rainy,Day,84.7,104.3
Marine & Rail,Freight Operations,7,7,29.3,8.47,Sunny,Day,115.0,296.2
Oil & Gas,Pipeline Pumping,6,10,35.1,6.39,Rainy,Day,85.0,136.5
Marine & Rail,Locomotive Maintenance,3,6,47.0,9.23,Sunny,Night,91.6,237.8
Data Center Power,Backup Generator Testing,4,9,54.6,8.64,Cloudy,Night,90.7,69.4
Oil & Gas,Well Servicing,5,9,46.8,6.01,Sunny,Day,91.1,195.3
Mining,Aggregate Collection,5,7,19.1,11.02,Cloudy,Night,100.1,75.8
Construction,Road Building,5,4,54.7,4.52,Sunny,Night,90.5,335.8
Mining,Surface Excavation,8,9,6.2,2.75,Cloudy,Day,98.0,151.5
Mining,Aggregate Collection,3,7,53.6,6.39,Sunny,Night,94.0,63.8
Data Center Power,Generator Maintenance,7,8,19.9,2.46,Cloudy,Night,80.8,118.0
Construction,Road Building,6,9,32.0,1.96,Sunny,Day,93.5,206.7
Construction,Demolition,6,9,52.0,5.9,Rainy,Day,96.6,199.7
Data Center Power,Backup Generator Testing,6,9,29.7,3.87,Sunny,Night,84.4,76.6
Marine & Rail,Freight Operations,8,6,18.2,9.48,Sunny,Day,95.8,265.3
Oil & Gas,Gas Compression Service,4,6,11.3,9.2,Rainy,Day,106.7,189.5
Construction,Road Building,5,8,26.2,8.73,Cloudy,Day,87.6,229.3
Marine & Rail,Freight Operations,6,9,46.7,2.07,Rainy,Day,87.8,238.2
Oil & Gas,Well Servicing,6,7,21.6,5.4,Sunny,Night,96.9,265.0
Oil & Gas,Well Drilling,6,9,21.1,2.84,Sunny,Day,97.8,266.7
Construction,Demolition,7,7,55.6,3.49,Cloudy,Day,106.4,241.1
Oil & Gas,Well Servicing,8,8,30.1,6.58,Rainy,Night,91.8,319.9
Marine & Rail,Freight Operations,5,5,17.6,3.04,Sunny,Day,107.1,230.1
Construction,Foundation Work,5,9,45.4,6.3,Sunny,Day,88.1,179.1
Mining,Drilling,6,8,30.1,5.65,Cloudy,Day,93.2,199.8
Construction,Demolition,8,9,10.1,6.92,Sunny,Day,80.3,181.6
Construction,Foundation Work,4,7,55.5,10.65,Rainy,Night,86.0,269.0
Construction,Excavation,5,5,3.6,3.94,Rainy,Day,91.9,210.3
Construction,Material Loading,6,6,76.3,9.16,Sunny,Day,97.9,88.4
Oil & Gas,Pipeline Pumping,6,7,33.5,3.32,Sunny,Day,91.6,147.4
Construction,Foundation Work,6,9,22.2,7.91,Sunny,Day,101.2,195.0
Mining,Surface Excavation,8,10,7.6,1.09,Rainy,Day,98.6,157.2
Data Center Power,Cooling System Inspection,7,8,58.1,3.5,Rainy,Day,78.5,81.4
Data Center Power,Backup Generator Testing,6,9,10.5,6.14,Cloudy,Day,85.0,68.1
Construction,Foundation Work,6,8,4.1,3.67,Sunny,Day,98.1,191.6
Oil & Gas,Well Servicing,6,9,6.3,1.32,Rainy,Day,82.1,194.4
Mining,Aggregate Collection,6,8,30.7,17.68,Cloudy,Day,106.8,78.9
Marine & Rail,Freight Operations,7,3,27.0,12.43,Foggy,Day,98.3,348.4
Oil & Gas,Well Servicing,8,6,16.2,9.34,Rainy,Night,106.4,401.0
Marine & Rail,Rail Network Inspection,5,8,5.2,12.02,Sunny,Night,99.0,156.1
Mining,Surface Excavation,5,8,21.0,4.24,Sunny,Day,104.0,143.4
Construction,Demolition,4,8,54.9,0.21,Sunny,Day,93.6,147.8
Oil & Gas,Pipeline Pumping,3,8,24.7,12.01,Sunny,Night,86.4,137.0
Construction,Material Loading,4,6,27.2,1.96,Rainy,Night,88.7,72.3
Construction,Excavation,8,6,10.5,2.26,Sunny,Night,112.3,256.3
Data Center Power,Generator Maintenance,5,2,40.5,3.77,Cloudy,Day,79.8,158.5
Construction,Material Loading,5,5,13.9,6.75,Cloudy,Night,100.7,78.8
Mining,Aggregate Collection,5,5,40.4,13.44,Sunny,Night,99.1,84.6
Data Center Power,Backup Generator Testing,5,8,80.3,3.42,Cloudy,Day,83.9,74.3
Data Center Power,Backup Generator Testing,3,6,13.9,7.27,Cloudy,Day,89.7,64.4
Mining,Drilling,6,8,64.4,11.25,Cloudy,Night,87.3,242.6
Mining,Drilling,7,7,7.7,6.11,Sunny,Day,112.9,262.2
Construction,Foundation Work,6,9,59.0,7.82,Sunny,Day,109.0,223.3
Oil & Gas,Pipeline Pumping,4,4,30.0,8.08,Cloudy,Night,96.5,164.1
Oil & Gas,Well Servicing,7,7,40.8,6.75,Rainy,Night,90.4,324.6
Data Center Power,Backup Generator Testing,8,4,30.5,3.34,Cloudy,Night,83.7,111.9
Construction,Material Loading,4,9,22.9,6.82,Rainy,Day,97.6,61.6
Construction,Excavation,5,9,43.3,2.53,Cloudy,Day,96.3,142.3
Marine & Rail,Freight Operations,5,7,41.5,6.27,Rainy,Night,96.7,265.0
Marine & Rail,Rail Network Inspection,7,8,31.8,10.44,Foggy,Day,86.2,221.9
Construction,Material Loading,5,9,48.6,16.3,Rainy,Night,107.1,95.2
Data Center Power,Cooling System Inspection,5,8,15.8,7.33,Sunny,Night,88.4,64.4
Construction,Demolition,4,9,28.3,7.14,Cloudy,Night,90.3,152.9
Mining,Surface Excavation,6,10,28.5,3.42,Sunny,Day,106.3,132.4
Construction,Site Preparation,4,6,38.3,6.29,Sunny,Day,89.3,149.9
Marine & Rail,Freight Operations,3,9,34.1,3.56,Rainy,Night,96.8,195.1
Oil & Gas,Gas Compression Service,9,7,56.3,5.82,Sunny,Night,92.9,275.8
Mining,Aggregate Collection,7,8,59.9,8.67,Cloudy,Day,112.3,97.0
Oil & Gas,Pipeline Pumping,5,10,50.4,3.48,Sunny,Day,88.9,116.8
Mining,Drilling,7,8,17.6,7.4,Rainy,Day,91.9,244.0
Oil & Gas,Gas Compression Service,5,9,26.0,10.6,Rainy,Night,98.1,160.3
Construction,Demolition,5,9,34.9,7.09,Rainy,Day,96.8,179.0
Oil & Gas,Pipeline Pumping,8,8,54.0,12.75,Rainy,Night,96.6,225.6
Mining,Aggregate Collection,4,8,31.0,8.34,Sunny,Day,96.8,60.9
Construction,Excavation,6,7,68.7,6.11,Foggy,Day,92.0,213.7
Mining,Surface Excavation,4,10,27.9,3.02,Cloudy,Day,92.9,105.6
Marine & Rail,Tugboat Engine Service,4,7,29.0,5.02,Cloudy,Night,85.5,162.8
Construction,Material Loading,7,9,15.9,8.23,Cloudy,Night,91.7,76.0
Construction,Road Building,4,6,10.7,5.4,Cloudy,Day,103.7,246.9
Oil & Gas,Pipeline Pumping,7,8,37.1,5.92,Sunny,Day,103.6,166.1
Marine & Rail,Locomotive Maintenance,6,4,28.2,8.88,Sunny,Day,91.4,290.4
Mining,Drilling,9,9,64.5,2.17,Sunny,Day,95.0,245.7
Marine & Rail,Locomotive Maintenance,7,7,31.1,13.49,Rainy,Day,99.3,290.1
Oil & Gas,Gas Compression Service,6,8,7.1,7.22,Sunny,Day,103.0,168.1
Mining,Surface Excavation,4,6,20.8,5.26,Sunny,Day,106.9,167.3
Marine & Rail,Tugboat Engine Service,5,6,28.7,2.21,Sunny,Night,90.9,182.4
Mining,Drilling,5,6,29.5,2.16,Cloudy,Day,97.8,214.0
Data Center Power,Cooling System Inspection,5,5,23.1,3.59,Cloudy,Day,85.4,71.9
Data Center Power,Backup Generator Testing,7,7,66.7,3.57,Sunny,Day,73.6,90.8
Marine & Rail,Freight Operations,4,5,16.3,1.69,Cloudy,Day,91.4,198.7
Marine & Rail,Tugboat Engine Service,5,9,21.0,9.33,Rainy,Day,108.1,151.9
Marine & Rail,Locomotive Maintenance,7,7,44.2,3.61,Cloudy,Day,82.8,251.1
Marine & Rail,Freight Operations,6,9,28.9,5.22,Foggy,Day,101.4,240.6
Mining,Surface Excavation,5,9,8.9,5.19,Rainy,Day,91.3,148.9
Construction,Site Preparation,3,5,36.6,5.32,Sunny,Night,92.5,158.7
Marine & Rail,Tugboat Engine Service,8,7,21.2,2.62,Sunny,Night,90.4,203.8
Mining,Surface Excavation,6,4,15.5,9.04,Cloudy,Day,100.8,228.1
Mining,Hauling Ore,5,9,67.4,6.4,Cloudy,Night,108.4,122.1
Oil & Gas,Pipeline Pumping,5,8,43.4,11.04,Cloudy,Day,90.7,149.8
Data Center Power,Generator Maintenance,4,8,62.0,6.17,Cloudy,Night,86.7,108.7
Construction,Excavation,7,8,49.9,12.93,Cloudy,Day,108.5,240.9
Oil & Gas,Pipeline Pumping,7,4,30.9,5.46,Cloudy,Night,86.3,211.0
Mining,Surface Excavation,6,7,19.4,13.81,Rainy,Night,102.2,243.1
Mining,Surface Excavation,5,7,20.3,12.69,Sunny,Day,95.4,171.0
Oil & Gas,Gas Compression Service,4,8,9.1,6.96,Rainy,Day,97.8,147.6
Data Center Power,Backup Generator Testing,6,9,44.7,3.17,Sunny,Day,85.1,71.0
Data Center Power,Backup Generator Testing,4,7,25.0,1.02,Sunny,Night,77.0,65.4
Oil & Gas,Well Drilling,7,7,7.2,8.27,Sunny,Day,104.3,386.1
Construction,Foundation Work,4,6,13.8,8.94,Sunny,Day,96.5,207.4
Mining,Surface Excavation,5,6,36.7,5.25,Sunny,Night,105.1,198.6
Oil & Gas,Well Servicing,7,6,29.7,8.64,Rainy,Night,96.4,365.9
Construction,Excavation,7,9,78.7,4.45,Sunny,Day,92.9,190.2
Mining,Surface Excavation,4,9,24.5,2.21,Rainy,Night,87.5,139.6
Construction,Material Loading,4,9,72.7,3.89,Rainy,Day,95.2,67.5
Mining,Surface Excavation,5,9,12.6,2.21,Rainy,Day,102.4,139.1
Oil & Gas,Well Servicing,6,9,8.6,2.37,Sunny,Day,88.1,181.8
Mining,Aggregate Collection,4,7,12.4,3.49,Rainy,Day,102.0,68.4
Data Center Power,Emergency Power Deployment,5,4,29.2,5.49,Sunny,Day,89.3,126.2
Mining,Surface Excavation,8,8,55.8,5.37,Sunny,Day,97.8,206.0
Construction,Material Loading,2,8,23.6,5.92,Rainy,Day,113.2,64.5
Mining,Hauling Ore,4,8,64.0,11.47,Rainy,Night,80.7,128.9
Construction,Excavation,5,10,19.3,3.85,Sunny,Day,100.2,121.1
Oil & Gas,Gas Compression Service,8,7,23.8,5.16,Sunny,Day,92.6,214.5
Construction,Excavation,3,8,42.8,4.34,Sunny,Day,100.4,132.4
Construction,Excavation,4,7,72.1,3.72,Sunny,Night,92.6,177.8
Construction,Material Loading,6,7,69.7,7.07,Rainy,Day,97.4,87.4
Mining,Hauling Ore,5,7,42.9,5.83,Rainy,Day,98.3,119.7
Marine & Rail,Locomotive Maintenance,5,9,63.6,10.08,Rainy,Day,91.1,198.0
Construction,Demolition,5,7,54.9,3.73,Sunny,Day,94.8,189.2
Mining,Aggregate Collection,4,7,15.0,4.04,Sunny,Day,95.9,60.2
Construction,Excavation,5,7,19.2,6.91,Cloudy,Day,102.5,186.2
Data Center Power,Backup Generator Testing,5,10,29.9,2.5,Sunny,Night,83.5,65.5
Mining,Surface Excavation,7,7,36.1,1.38,Sunny,Day,98.9,180.9
Data Center Power,Backup Generator Testing,4,5,27.3,3.92,Sunny,Day,84.2,69.3
Marine & Rail,Freight Operations,6,9,11.1,2.36,Sunny,Day,85.9,178.7
Construction,Road Building,5,9,11.0,6.89,Rainy,Day,97.7,225.6
Construction,Foundation Work,5,6,42.5,8.31,Cloudy,Day,96.5,249.2
Construction,Material Loading,4,9,59.6,4.14,Cloudy,Night,94.0,61.3
Oil & Gas,Pipeline Pumping,3,8,56.2,5.57,Sunny,Night,88.2,127.0
Construction,Foundation Work,6,7,52.5,5.92,Sunny,Day,88.0,232.5
Oil & Gas,Pipeline Pumping,3,9,55.1,3.15,Sunny,Night,109.6,133.6
Oil & Gas,Gas Compression Service,3,5,47.7,1.97,Sunny,Day,93.8,166.9
Mining,Aggregate Collection,4,5,28.6,7.91,Rainy,Day,86.6,75.7
Mining,Surface Excavation,8,9,35.0,10.04,Sunny,Day,101.3,185.7
Mining,Hauling Ore,5,6,43.7,3.65,Rainy,Night,91.6,133.4
Marine & Rail,Locomotive Maintenance,3,6,54.3,2.46,Rainy,Day,85.8,203.9
Marine & Rail,Freight Operations,6,9,49.4,10.2,Sunny,Day,105.7,231.5
Construction,Demolition,6,8,47.5,6.7,Sunny,Day,102.1,184.7
Mining,Drilling,8,8,22.2,4.31,Cloudy,Day,94.2,227.3
Mining,Surface Excavation,7,9,24.4,14.06,Cloudy,Night,87.0,186.9
Marine & Rail,Freight Operations,3,9,45.9,4.32,Sunny,Night,93.1,179.0
Mining,Aggregate Collection,8,7,20.5,8.54,Sunny,Day,98.5,81.8
Construction,Site Preparation,8,9,51.1,8.62,Rainy,Night,96.3,240.5
Construction,Excavation,5,9,56.1,2.13,Sunny,Day,89.6,141.9
Mining,Surface Excavation,3,9,31.1,5.33,Rainy,Night,84.6,140.4
Marine & Rail,Freight Operations,7,8,48.4,11.06,Cloudy,Day,110.0,288.7
Oil & Gas,Pipeline Pumping,4,8,16.2,8.57,Sunny,Day,104.1,131.5
Mining,Hauling Ore,4,8,45.5,8.03,Sunny,Day,97.7,98.0
Marine & Rail,Freight Operations,4,7,60.0,7.19,Foggy,Day,106.8,277.2
Data Center Power,Generator Maintenance,6,8,35.4,7.53,Rainy,Day,83.5,114.3
Mining,Drilling,7,7,35.2,2.92,Rainy,Day,91.5,265.8
Construction,Excavation,6,7,36.6,9.12,Cloudy,Day,106.1,217.0
Marine & Rail,Tugboat Engine Service,6,9,23.3,1.5,Sunny,Day,75.5,128.2
Mining,Drilling,6,7,61.8,10.23,Sunny,Day,99.1,244.1
Mining,Drilling,4,8,36.8,2.44,Cloudy,Day,91.1,163.2
Mining,Hauling Ore,5,4,33.2,9.58,Rainy,Day,105.9,147.9
Construction,Foundation Work,5,7,58.6,7.21,Cloudy,Day,105.8,241.5
Construction,Road Building,6,9,45.0,8.43,Cloudy,Day,93.5,230.3
Data Center Power,Cooling System Inspection,4,10,71.5,8.39,Sunny,Day,88.7,57.5
Construction,Excavation,5,10,60.7,4.53,Cloudy,Night,96.1,145.4
Mining,Aggregate Collection,6,8,8.6,4.71,Cloudy,Night,90.9,69.5
Mining,Surface Excavation,7,8,41.9,2.54,Rainy,Day,98.3,193.8
Data Center Power,Cooling System Inspection,8,7,79.0,11.5,Sunny,Day,80.3,102.1
Mining,Surface Excavation,7,8,38.2,11.26,Cloudy,Day,95.0,191.7
Marine & Rail,Freight Operations,5,6,26.9,9.92,Rainy,Night,93.8,274.8
Marine & Rail,Tugboat Engine Service,5,8,45.0,8.49,Sunny,Night,96.8,173.5
Oil & Gas,Well Servicing,4,7,29.7,7.81,Sunny,Day,83.4,210.6
Mining,Aggregate Collection,3,4,48.3,9.01,Foggy,Day,112.9,82.1
Data Center Power,Backup Generator Testing,4,9,23.7,8.52,Sunny,Night,83.0,62.8
Mining,Hauling Ore,4,9,23.7,3.13,Foggy,Day,91.0,101.8
Construction,Foundation Work,6,4,50.4,8.39,Cloudy,Day,95.9,315.7
Oil & Gas,Gas Compression Service,6,8,40.0,8.28,Sunny,Night,109.8,217.6
Construction,Demolition,5,8,30.3,8.18,Sunny,Day,101.6,167.9
Mining,Hauling Ore,4,10,48.7,2.5,Sunny,Night,91.0,87.1
Mining,Hauling Ore,4,7,32.2,9.13,Sunny,Night,108.6,119.5
Data Center Power,Backup Generator Testing,7,7,16.8,6.29,Sunny,Night,91.0,85.3
Construction,Material Loading,3,8,32.7,5.43,Sunny,Day,95.5,54.7
Construction,Material Loading,6,7,58.9,6.51,Rainy,Day,90.8,83.0
Marine & Rail,Locomotive Maintenance,7,7,41.9,5.26,Rainy,Day,86.8,255.6
Data Center Power,Backup Generator Testing,6,9,10.8,4.68,Cloudy,Day,84.2,68.3
Data Center Power,Cooling System Inspection,7,9,53.7,2.67,Sunny,Day,70.2,72.0
Mining,Aggregate Collection,5,6,46.1,5.15,Sunny,Day,91.4,73.0
Construction,Road Building,5,9,33.8,5.58,Rainy,Day,91.9,229.8
Marine & Rail,Locomotive Maintenance,5,9,34.6,10.12,Sunny,Night,93.6,200.8
Construction,Foundation Work,6,4,38.0,5.09,Sunny,Day,87.2,285.2
Data Center Power,Emergency Power Deployment,9,9,18.0,2.74,Sunny,Night,90.7,110.9
Mining,Drilling,5,6,26.5,13.81,Sunny,Night,92.8,261.6
Data Center Power,Backup Generator Testing,5,8,40.1,4.5,Cloudy,Night,81.4,76.5
Oil & Gas,Pipeline Pumping,5,8,37.8,12.42,Sunny,Night,93.7,161.8
Data Center Power,Cooling System Inspection,7,9,38.2,6.81,Sunny,Day,94.3,72.8
Mining,Drilling,8,7,40.2,3.15,Sunny,Day,95.3,256.6
Mining,Hauling Ore,6,9,10.7,3.21,Sunny,Day,95.2,95.1
Construction,Foundation Work,6,7,24.0,6.9,Rainy,Day,90.4,261.6
Marine & Rail,Locomotive Maintenance,4,6,45.7,6.87,Cloudy,Day,81.2,229.4
Oil & Gas,Well Drilling,8,8,38.9,8.47,Sunny,Night,97.7,445.7
Marine & Rail,Tugboat Engine Service,5,8,71.5,4.19,Sunny,Night,84.4,162.4
Mining,Surface Excavation,7,8,22.6,10.71,Foggy,Night,93.4,198.9
Marine & Rail,Locomotive Maintenance,7,9,63.1,5.2,Sunny,Day,85.7,214.4
Marine & Rail,Rail Network Inspection,4,6,30.9,4.9,Rainy,Night,81.5,173.3
Construction,Excavation,6,8,62.0,5.57,Foggy,Night,103.0,214.9
Marine & Rail,Freight Operations,5,7,44.7,4.33,Sunny,Day,115.0,249.9
Construction,Foundation Work,7,7,36.5,11.16,Sunny,Day,100.5,259.8
Mining,Drilling,9,6,36.8,5.92,Foggy,Night,94.3,361.9
Marine & Rail,Rail Network Inspection,2,6,31.7,4.38,Sunny,Night,89.3,133.8
Marine & Rail,Freight Operations,4,6,46.7,3.89,Rainy,Day,93.5,230.2
Mining,Surface Excavation,6,9,12.1,10.04,Cloudy,Night,97.9,160.1
Mining,Drilling,8,9,16.8,2.28,Sunny,Day,94.9,188.5
Oil & Gas,Pipeline Pumping,4,6,24.5,14.26,Cloudy,Day,92.8,155.2
Construction,Foundation Work,4,6,67.6,3.01,Cloudy,Day,83.2,223.8
Marine & Rail,Rail Network Inspection,6,7,58.0,6.77,Cloudy,Day,83.3,176.3
Construction,Demolition,7,10,72.0,4.02,Sunny,Day,95.3,178.4
Marine & Rail,Rail Network Inspection,5,5,15.1,11.24,Sunny,Day,82.9,166.4
Marine & Rail,Locomotive Maintenance,3,7,16.5,1.44,Cloudy,Day,87.5,168.8
Oil & Gas,Gas Compression Service,5,8,61.9,9.25,Sunny,Day,110.3,189.8
Data Center Power,Emergency Power Deployment,7,8,64.1,4.06,Sunny,Day,107.4,128.5
Mining,Aggregate Collection,5,6,34.1,2.59,Cloudy,Day,97.1,69.5
Mining,Drilling,5,8,15.9,3.92,Rainy,Day,105.2,209.1
Oil & Gas,Pipeline Pumping,5,8,28.2,11.06,Cloudy,Night,88.7,156.5
Construction,Excavation,5,8,85.8,9.83,Rainy,Day,102.3,214.9
Marine & Rail,Locomotive Maintenance,4,6,31.3,8.22,Rainy,Day,86.6,231.3
Marine & Rail,Rail Network Inspection,5,8,13.8,9.61,Sunny,Day,83.6,149.3
Oil & Gas,Well Servicing,6,6,55.3,9.44,Sunny,Night,82.7,299.9
Construction,Material Loading,4,8,22.7,7.65,Cloudy,Day,112.4,69.0
Mining,Drilling,6,8,12.1,1.46,Rainy,Night,92.3,218.0
Construction,Foundation Work,7,8,50.9,1.84,Rainy,Day,87.0,259.6
Construction,Foundation Work,6,7,53.2,9.67,Sunny,Day,86.2,239.4
Marine & Rail,Locomotive Maintenance,7,6,57.5,16.88,Foggy,Day,98.0,356.9
Construction,Excavation,5,8,40.6,4.98,Sunny,Night,89.4,167.2
Oil & Gas,Pipeline Pumping,6,6,30.5,2.63,Rainy,Night,91.1,165.7
Mining,Surface Excavation,7,9,20.3,1.77,Sunny,Night,99.0,153.3
Mining,Aggregate Collection,5,8,25.4,11.02,Sunny,Day,98.2,66.0
Marine & Rail,Rail Network Inspection,4,9,3.9,17.52,Sunny,Day,92.9,133.3
Marine & Rail,Tugboat Engine Service,4,5,50.9,11.12,Foggy,Day,94.6,243.4
Mining,Surface Excavation,6,7,34.9,13.13,Sunny,Day,96.5,189.0
Data Center Power,Cooling System Inspection,7,9,40.4,5.95,Cloudy,Day,78.3,75.1
Marine & Rail,Rail Network Inspection,8,10,11.4,10.36,Sunny,Day,83.3,157.1
Data Center Power,Cooling System Inspection,4,8,48.9,3.18,Cloudy,Day,80.7,58.1
Marine & Rail,Locomotive Maintenance,6,7,33.2,9.95,Sunny,Night,82.4,266.5
Marine & Rail,Tugboat Engine Service,6,8,42.8,8.03,Sunny,Night,95.5,179.2
Marine & Rail,Freight Operations,6,5,10.8,10.01,Foggy,Day,88.7,282.0
Mining,Drilling,8,9,23.5,11.74,Rainy,Night,109.3,308.7
Mining,Drilling,5,5,38.6,15.59,Foggy,Day,115.0,328.9
Mining,Hauling Ore,6,8,25.2,2.86,Sunny,Day,78.8,99.5
Oil & Gas,Gas Compression Service,7,9,41.1,10.93,Sunny,Day,105.4,199.5
Construction,Excavation,5,8,5.8,6.55,Rainy,Night,100.6,180.9
Construction,Excavation,5,9,32.7,5.92,Foggy,Day,89.0,143.7
Data Center Power,Generator Maintenance,8,6,71.0,6.32,Cloudy,Day,94.4,186.3
Construction,Material Loading,7,8,77.3,8.89,Foggy,Day,96.7,90.0
Data Center Power,Cooling System Inspection,5,7,21.5,0.86,Sunny,Day,87.2,62.2
Construction,Demolition,6,8,17.6,7.29,Sunny,Night,96.2,191.1
Mining,Surface Excavation,7,9,63.2,12.05,Sunny,Day,101.5,193.3
Marine & Rail,Locomotive Maintenance,6,10,52.6,6.17,Rainy,Day,108.7,202.6
Construction,Excavation,5,9,46.4,6.61,Sunny,Night,94.7,159.6
Oil & Gas,Gas Compression Service,8,9,22.1,6.04,Rainy,Day,90.1,180.5
Construction,Demolition,6,8,14.4,7.01,Rainy,Day,99.9,199.0
Oil & Gas,Well Servicing,10,9,23.7,7.11,Cloudy,Day,92.3,270.0
Mining,Hauling Ore,6,8,14.9,11.99,Sunny,Day,105.3,119.2
Data Center Power,Cooling System Inspection,4,6,22.9,8.28,Sunny,Day,90.9,66.0
Mining,Hauling Ore,4,9,35.9,0.7,Rainy,Day,87.2,93.9
Oil & Gas,Well Servicing,7,9,41.1,7.83,Sunny,Night,91.1,249.1
Marine & Rail,Locomotive Maintenance,6,8,11.8,4.12,Sunny,Night,86.5,209.0
Data Center Power,Generator Maintenance,7,9,44.3,4.62,Cloudy,Night,94.0,121.5
Data Center Power,Backup Generator Testing,6,9,80.8,0.46,Sunny,Day,91.9,74.8
Construction,Site Preparation,4,7,49.7,14.18,Cloudy,Day,112.9,193.5
Oil & Gas,Well Servicing,8,9,42.8,7.97,Rainy,Day,98.1,292.5
Mining,Surface Excavation,7,7,39.7,0.38,Sunny,Day,102.5,185.0
Mining,Aggregate Collection,5,8,29.3,4.99,Sunny,Day,96.8,64.3
Mining,Surface Excavation,4,4,58.9,7.06,Cloudy,Day,102.7,209.6
Construction,Demolition,7,7,42.8,10.0,Rainy,Day,106.2,282.9
Construction,Material Loading,5,10,33.4,8.26,Rainy,Day,98.7,66.3
Oil & Gas,Well Drilling,7,8,14.5,8.15,Sunny,Day,102.8,344.2
Marine & Rail,Tugboat Engine Service,5,9,28.1,7.72,Cloudy,Night,93.4,149.4
Data Center Power,Emergency Power Deployment,7,8,19.7,9.22,Sunny,Day,93.6,110.4
Oil & Gas,Well Servicing,5,7,70.5,10.19,Cloudy,Day,112.9,293.6
Mining,Surface Excavation,5,8,12.9,2.76,Rainy,Day,104.9,163.3
Construction,Foundation Work,7,8,49.0,2.05,Rainy,Night,88.5,289.2
Marine & Rail,Rail Network Inspection,6,4,59.4,7.78,Rainy,Day,87.1,230.5
Data Center Power,Cooling System Inspection,5,6,15.9,3.43,Sunny,Night,90.0,72.8
Marine & Rail,Freight Operations,5,9,22.6,7.9,Sunny,Day,98.4,184.3
Mining,Surface Excavation,7,9,75.0,6.4,Sunny,Day,96.2,175.3
Mining,Drilling,6,7,25.5,7.03,Foggy,Day,103.4,238.4
Mining,Drilling,5,9,57.6,6.17,Sunny,Day,100.8,179.1
Marine & Rail,Freight Operations,4,9,45.4,3.23,Cloudy,Day,95.1,179.5
Mining,Surface Excavation,6,7,6.2,9.95,Sunny,Day,96.1,172.6
Mining,Drilling,4,8,35.2,3.92,Foggy,Day,86.8,174.9
Construction,Road Building,8,7,46.7,2.43,Sunny,Day,93.5,308.9
Construction,Road Building,3,7,44.4,0.42,Rainy,Night,97.8,242.4
Mining,Drilling,8,7,33.7,9.59,Sunny,Night,95.0,297.8
Construction,Material Loading,3,3,52.0,7.07,Rainy,Day,88.9,77.0
Data Center Power,Cooling System Inspection,4,9,47.2,2.51,Sunny,Day,91.7,59.3
Oil & Gas,Well Drilling,6,9,40.6,2.55,Rainy,Night,91.7,357.1
Oil & Gas,Well Servicing,7,8,24.2,7.99,Rainy,Day,90.5,280.3
Data Center Power,Backup Generator Testing,7,8,56.8,1.58,Sunny,Night,82.1,89.3
Mining,Surface Excavation,4,9,82.5,11.11,Cloudy,Day,97.1,147.3
Construction,Material Loading,6,10,51.2,15.39,Sunny,Day,115.0,88.9
Construction,Demolition,5,9,63.1,4.48,Sunny,Night,99.8,177.7
Marine & Rail,Locomotive Maintenance,6,6,12.8,8.83,Sunny,Day,87.5,247.4
Data Center Power,Cooling System Inspection,3,8,30.7,1.2,Sunny,Night,81.2,56.3
Construction,Material Loading,2,7,62.4,9.36,Cloudy,Day,107.2,63.0
Mining,Drilling,4,5,2.9,9.25,Rainy,Day,102.3,256.2
Marine & Rail,Locomotive Maintenance,7,8,11.5,6.07,Sunny,Day,93.4,217.0
Marine & Rail,Locomotive Maintenance,6,6,13.2,11.34,Sunny,Day,86.4,256.7
Construction,Excavation,5,8,57.8,6.73,Sunny,Day,92.5,163.3
Construction,Material Loading,4,8,18.9,3.56,Rainy,Day,97.4,61.5
Construction,Road Building,6,6,31.3,16.2,Cloudy,Day,101.6,347.1
Oil & Gas,Pipeline Pumping,6,7,21.3,10.75,Sunny,Night,93.4,171.5
Marine & Rail,Rail Network Inspection,6,8,33.8,3.78,Rainy,Night,77.6,191.9
Construction,Foundation Work,6,5,5.3,6.68,Cloudy,Day,111.2,293.2
Construction,Foundation Work,7,6,26.1,7.59,Cloudy,Night,95.3,288.5
Oil & Gas,Well Servicing,8,7,44.2,2.58,Cloudy,Night,96.3,314.7
Oil & Gas,Well Servicing,6,8,33.0,1.41,Sunny,Day,96.5,207.6
Construction,Foundation Work,8,9,19.7,2.92,Rainy,Day,92.4,241.4
Marine & Rail,Tugboat Engine Service,4,10,20.5,3.66,Cloudy,Day,90.7,105.9
Marine & Rail,Tugboat Engine Service,6,6,77.2,12.74,Cloudy,Night,94.0,256.2
Mining,Aggregate Collection,4,9,17.1,10.28,Foggy,Night,99.2,66.0
Marine & Rail,Freight Operations,7,8,32.6,4.52,Sunny,Day,100.9,240.3
Construction,Demolition,6,9,45.4,10.51,Rainy,Day,96.2,202.1
Mining,Drilling,7,8,39.3,9.71,Rainy,Night,102.8,307.6
Construction,Excavation,8,9,64.7,3.1,Sunny,Day,91.7,191.0
Marine & Rail,Tugboat Engine Service,4,9,62.1,7.65,Rainy,Day,97.8,143.5
Data Center Power,Backup Generator Testing,5,9,43.7,8.06,Cloudy,Night,88.5,77.0
Marine & Rail,Locomotive Maintenance,7,9,34.6,6.51,Sunny,Day,96.3,209.0
Data Center Power,Backup Generator Testing,5,8,20.1,2.82,Rainy,Night,82.9,72.0
Mining,Hauling Ore,3,10,44.5,4.23,Sunny,Day,93.5,76.8
Construction,Road Building,8,8,30.6,2.37,Rainy,Day,95.8,316.8
Oil & Gas,Well Drilling,10,7,53.6,7.53,Rainy,Day,97.3,642.9
Mining,Surface Excavation,8,5,67.1,2.33,Rainy,Day,99.5,302.2
Construction,Site Preparation,4,6,40.2,7.35,Sunny,Day,94.3,154.1
Construction,Foundation Work,5,8,23.2,8.33,Rainy,Day,91.6,221.6
Marine & Rail,Tugboat Engine Service,6,6,15.5,8.49,Sunny,Night,102.2,213.3
Oil & Gas,Well Drilling,6,7,7.7,11.14,Cloudy,Night,100.7,380.0
Construction,Demolition,6,9,33.8,3.89,Rainy,Day,96.7,181.1
Construction,Site Preparation,6,7,31.5,5.76,Sunny,Day,96.1,163.6
Construction,Material Loading,5,9,44.8,4.47,Rainy,Day,88.9,67.2
Data Center Power,Emergency Power Deployment,7,8,38.1,1.47,Cloudy,Night,85.8,113.5
Marine & Rail,Tugboat Engine Service,7,4,42.0,12.76,Sunny,Day,91.5,269.3
Marine & Rail,Freight Operations,5,8,23.7,0.56,Cloudy,Day,89.5,183.3
Mining,Drilling,6,8,37.0,0.9,Sunny,Day,115.0,222.8
Mining,Hauling Ore,6,9,31.8,9.94,Sunny,Night,87.5,115.8
Marine & Rail,Freight Operations,5,5,9.9,3.33,Foggy,Day,103.9,265.8
Construction,Foundation Work,5,8,40.7,11.1,Cloudy,Day,91.6,206.0
Construction,Demolition,8,5,57.6,11.83,Sunny,Day,91.2,320.4
Oil & Gas,Well Servicing,8,9,66.5,8.4,Cloudy,Day,97.0,284.3
Oil & Gas,Well Servicing,5,6,72.7,11.87,Sunny,Day,92.6,287.5
Mining,Hauling Ore,5,5,46.6,2.05,Rainy,Day,98.3,126.8
Construction,Material Loading,4,9,18.1,11.71,Sunny,Day,100.7,58.5
Oil & Gas,Gas Compression Service,5,8,73.0,8.13,Foggy,Night,115.0,236.6
Mining,Aggregate Collection,5,9,57.2,11.54,Rainy,Day,115.0,91.8
Mining,Drilling,6,7,9.8,15.75,Cloudy,Day,101.1,243.5
Oil & Gas,Gas Compression Service,9,8,15.5,5.75,Sunny,Day,96.6,200.0
Construction,Excavation,8,5,18.4,9.62,Cloudy,Day,103.5,269.8
Data Center Power,Backup Generator Testing,6,9,29.9,3.54,Cloudy,Day,78.0,68.7
Marine & Rail,Rail Network Inspection,8,8,25.4,8.12,Cloudy,Day,104.4,194.2
Oil & Gas,Pipeline Pumping,4,5,61.4,5.1,Rainy,Day,86.0,152.0
Mining,Hauling Ore,4,8,15.0,4.57,Sunny,Day,93.0,87.4
Construction,Excavation,6,6,44.2,5.54,Sunny,Day,91.3,202.6
Mining,Surface Excavation,6,9,4.8,5.28,Cloudy,Day,94.7,137.1
Marine & Rail,Locomotive Maintenance,7,9,45.9,12.68,Foggy,Night,94.1,266.4
Mining,Aggregate Collection,5,9,60.8,11.23,Rainy,Night,93.3,81.5
Marine & Rail,Locomotive Maintenance,6,9,34.8,8.31,Cloudy,Day,110.4,224.1
Mining,Surface Excavation,5,8,66.5,4.38,Cloudy,Day,94.7,165.4
Data Center Power,Emergency Power Deployment,7,6,67.0,6.47,Cloudy,Day,81.3,145.3
Marine & Rail,Rail Network Inspection,5,7,12.4,10.93,Sunny,Night,85.5,162.9
Mining,Drilling,7,8,54.5,6.31,Rainy,Day,102.2,282.2
Oil & Gas,Well Servicing,4,8,19.0,11.14,Sunny,Day,97.5,201.8
Marine & Rail,Locomotive Maintenance,5,8,4.8,0.95,Cloudy,Day,88.9,176.0
Data Center Power,Generator Maintenance,7,5,65.3,3.45,Sunny,Day,89.7,159.3
Marine & Rail,Tugboat Engine Service,7,5,68.6,2.42,Sunny,Day,91.4,233.8
Mining,Aggregate Collection,6,9,32.6,11.56,Cloudy,Night,93.0,77.0
Oil & Gas,Pipeline Pumping,6,9,29.5,4.77,Sunny,Day,88.2,136.7
Construction,Road Building,9,7,13.5,6.63,Rainy,Day,104.1,377.0
Mining,Hauling Ore,5,7,54.5,9.96,Cloudy,Night,98.9,124.1
Construction,Material Loading,3,7,6.4,7.68,Sunny,Day,96.7,56.3
Mining,Surface Excavation,7,8,28.4,7.27,Sunny,Day,92.9,179.3
Mining,Aggregate Collection,3,8,48.3,2.27,Rainy,Day,85.5,62.9
Construction,Material Loading,4,4,39.5,0.89,Cloudy,Day,92.1,66.1
Oil & Gas,Well Servicing,8,8,4.7,4.77,Rainy,Day,88.6,262.1
Mining,Aggregate Collection,6,5,55.6,9.45,Rainy,Night,104.0,111.0
Marine & Rail,Locomotive Maintenance,6,7,43.0,1.68,Rainy,Day,90.4,223.9
Oil & Gas,Well Drilling,5,5,13.0,12.16,Cloudy,Day,98.0,420.9
Construction,Site Preparation,5,8,31.4,9.32,Sunny,Day,113.0,175.7
Data Center Power,Generator Maintenance,4,8,32.7,0.59,Cloudy,Day,87.5,88.9
Construction,Excavation,4,9,33.1,2.24,Sunny,Day,93.2,125.0
Oil & Gas,Well Servicing,6,9,40.3,12.89,Sunny,Night,103.2,247.9
Mining,Drilling,8,5,31.2,0.95,Sunny,Day,98.6,290.7
Oil & Gas,Well Servicing,7,8,26.1,11.61,Sunny,Day,107.4,271.3
Data Center Power,Generator Maintenance,7,7,34.9,4.54,Sunny,Day,82.5,127.9
Data Center Power,Generator Maintenance,6,8,27.2,2.65,Sunny,Day,88.4,102.8
Oil & Gas,Gas Compression Service,6,6,54.1,6.48,Sunny,Night,102.7,244.9
Marine & Rail,Freight Operations,5,8,26.7,3.27,Sunny,Night,92.6,212.0
Marine & Rail,Freight Operations,5,6,16.2,4.49,Foggy,Night,92.9,272.6
Oil & Gas,Well Drilling,7,10,41.0,8.42,Cloudy,Day,103.3,319.6
Construction,Material Loading,3,7,60.8,6.78,Sunny,Night,95.9,61.9
Oil & Gas,Pipeline Pumping,5,8,12.8,2.4,Sunny,Night,84.7,128.7
Marine & Rail,Freight Operations,4,7,30.7,8.05,Sunny,Day,115.0,233.5
Mining,Drilling,5,8,31.1,3.07,Foggy,Day,102.7,184.1
Construction,Road Building,4,9,40.7,5.18,Rainy,Day,94.6,212.4
Marine & Rail,Rail Network Inspection,5,8,57.9,2.3,Foggy,Day,79.0,175.6
Oil & Gas,Well Servicing,7,8,40.2,11.91,Sunny,Night,89.6,288.6
Mining,Aggregate Collection,6,8,49.6,1.19,Sunny,Night,81.5,75.1
Mining,Drilling,7,8,24.6,2.23,Cloudy,Day,100.5,211.5
Mining,Hauling Ore,4,7,9.9,4.07,Sunny,Night,95.3,97.0
Construction,Foundation Work,4,9,23.5,3.11,Sunny,Day,89.7,161.0
Mining,Surface Excavation,5,8,16.1,8.94,Rainy,Night,112.0,210.9
Construction,Road Building,5,7,56.1,2.28,Sunny,Day,106.7,252.1
Construction,Road Building,6,8,47.8,5.33,Foggy,Day,99.4,253.6
Construction,Foundation Work,8,7,30.8,10.48,Cloudy,Night,103.2,316.7
Construction,Foundation Work,5,6,16.7,1.41,Rainy,Day,90.8,247.5
Mining,Surface Excavation,4,10,49.2,2.89,Rainy,Night,97.0,134.6
Construction,Material Loading,6,9,38.0,9.85,Sunny,Day,102.0,71.5
Construction,Foundation Work,7,8,40.4,2.41,Sunny,Day,90.4,226.1
Marine & Rail,Tugboat Engine Service,5,6,26.4,7.76,Sunny,Day,90.2,183.2
Construction,Foundation Work,6,6,32.7,0.76,Sunny,Day,87.5,247.1
Oil & Gas,Well Drilling,6,8,39.8,3.18,Cloudy,Day,90.5,317.5
Data Center Power,Backup Generator Testing,5,8,48.6,5.24,Cloudy,Day,99.6,70.6
Oil & Gas,Well Drilling,7,6,23.6,10.5,Cloudy,Night,102.1,497.7
Construction,Excavation,4,9,48.1,9.78,Rainy,Day,89.6,167.6
Marine & Rail,Tugboat Engine Service,3,7,50.9,1.1,Sunny,Night,91.0,142.0
Mining,Hauling Ore,5,7,61.3,5.03,Rainy,Day,96.2,125.6
Data Center Power,Backup Generator Testing,7,4,19.2,1.9,Sunny,Day,86.7,87.1
Marine & Rail,Freight Operations,7,9,46.7,10.07,Sunny,Night,101.4,250.1
Oil & Gas,Well Servicing,7,8,25.7,5.32,Foggy,Day,81.5,237.2
Construction,Demolition,5,6,10.9,10.02,Sunny,Day,101.8,208.5
Construction,Site Preparation,6,8,14.0,4.9,Cloudy,Night,89.0,158.2
Oil & Gas,Pipeline Pumping,6,9,68.8,4.87,Cloudy,Day,102.1,152.0
Marine & Rail,Freight Operations,6,6,34.1,6.83,Sunny,Night,95.0,246.4
Oil & Gas,Gas Compression Service,7,6,17.3,10.73,Rainy,Night,89.6,258.8
Mining,Drilling,5,10,29.4,4.57,Rainy,Day,99.0,167.0
Construction,Foundation Work,5,5,29.0,5.6,Rainy,Day,88.8,271.9
Marine & Rail,Tugboat Engine Service,7,7,61.1,8.56,Foggy,Night,82.8,280.5
Data Center Power,Cooling System Inspection,6,7,20.0,4.43,Rainy,Night,82.2,75.3
Mining,Aggregate Collection,5,8,55.5,8.78,Rainy,Day,98.4,79.8
Data Center Power,Emergency Power Deployment,7,9,22.2,6.85,Cloudy,Day,111.0,114.6
Data Center Power,Backup Generator Testing,5,7,62.2,7.1,Cloudy,Day,75.7,76.9
Data Center Power,Emergency Power Deployment,7,7,54.9,4.07,Rainy,Day,94.6,130.6
Construction,Site Preparation,4,7,64.6,8.36,Sunny,Day,89.1,151.1
Construction,Road Building,3,9,26.5,10.42,Rainy,Day,96.0,204.9
Construction,Road Building,8,7,40.8,7.78,Rainy,Night,95.8,418.6
Data Center Power,Cooling System Inspection,5,8,8.8,4.15,Sunny,Day,80.3,57.8
Oil & Gas,Well Servicing,4,6,57.8,5.58,Foggy,Night,91.9,257.6
Mining,Aggregate Collection,6,7,60.5,6.74,Foggy,Day,101.7,82.2
Mining,Surface Excavation,5,4,50.8,3.79,Cloudy,Day,89.6,214.6
Marine & Rail,Freight Operations,7,5,52.8,6.24,Sunny,Day,91.9,279.9
Mining,Hauling Ore,6,7,48.0,7.33,Foggy,Day,102.5,146.6
Construction,Demolition,3,9,70.3,7.19,Rainy,Day,96.6,158.6
Data Center Power,Backup Generator Testing,7,8,54.2,3.54,Sunny,Day,92.7,84.9
Data Center Power,Backup Generator Testing,5,9,15.3,2.76,Sunny,Day,88.3,61.8
Marine & Rail,Tugboat Engine Service,5,9,72.5,10.92,Sunny,Day,114.1,181.7
Mining,Hauling Ore,7,7,38.3,11.99,Sunny,Day,94.4,133.3
Marine & Rail,Freight Operations,4,6,25.4,11.54,Sunny,Day,96.9,202.5
Marine & Rail,Rail Network Inspection,5,9,12.4,5.82,Rainy,Day,88.8,153.6
Construction,Excavation,6,9,41.8,7.81,Cloudy,Day,94.1,161.5
Construction,Foundation Work,6,9,23.2,3.38,Cloudy,Day,92.7,184.2
Mining,Drilling,6,8,66.5,6.6,Sunny,Night,101.7,240.9
Data Center Power,Backup Generator Testing,5,8,55.6,1.68,Sunny,Day,79.8,70.6
Marine & Rail,Locomotive Maintenance,7,8,19.4,12.05,Sunny,Day,86.9,240.8
Construction,Foundation Work,4,9,47.3,7.35,Rainy,Day,90.8,192.9
Oil & Gas,Well Servicing,7,7,49.4,5.17,Sunny,Night,93.7,293.4
Marine & Rail,Freight Operations,4,4,23.8,8.71,Rainy,Day,92.4,250.0
Oil & Gas,Well Drilling,7,7,45.4,3.94,Sunny,Day,96.1,381.1
Construction,Foundation Work,6,7,35.6,17.34,Cloudy,Day,96.3,260.5
Mining,Drilling,7,9,30.4,9.23,Rainy,Day,97.5,239.4
Construction,Material Loading,2,8,17.6,5.19,Sunny,Night,84.6,50.5
Mining,Drilling,8,9,25.5,12.17,Cloudy,Night,103.2,263.9
Construction,Road Building,6,7,50.6,2.58,Sunny,Day,92.0,258.0
Mining,Hauling Ore,7,5,10.2,2.25,Cloudy,Night,94.9,128.0
Oil & Gas,Pipeline Pumping,6,7,77.9,10.65,Sunny,Night,86.3,189.8
Mining,Drilling,8,6,32.1,2.78,Sunny,Day,115.0,316.2
Oil & Gas,Well Servicing,5,3,68.4,10.05,Sunny,Day,70.0,331.3
Oil & Gas,Well Servicing,6,8,31.8,10.34,Rainy,Night,88.4,285.9
Construction,Foundation Work,6,6,27.9,11.49,Rainy,Day,97.3,307.4
Oil & Gas,Well Servicing,8,7,44.9,9.46,Cloudy,Night,95.7,328.7
Data Center Power,Backup Generator Testing,6,6,34.8,3.74,Sunny,Day,82.9,80.7
Construction,Foundation Work,10,10,37.7,0.33,Cloudy,Night,94.6,260.4
Mining,Surface Excavation,5,7,9.1,7.3,Sunny,Day,88.4,162.4
Data Center Power,Emergency Power Deployment,7,9,17.0,5.59,Sunny,Day,110.6,103.9
Mining,Aggregate Collection,8,7,57.6,1.81,Cloudy,Day,95.9,88.8
Marine & Rail,Locomotive Maintenance,6,8,46.0,8.51,Sunny,Night,100.7,239.7
Marine & Rail,Tugboat Engine Service,8,7,7.6,6.36,Sunny,Day,84.0,181.7
Mining,Drilling,6,7,38.8,9.1,Cloudy,Day,98.1,240.8
Marine & Rail,Freight Operations,4,7,20.8,14.35,Sunny,Day,98.3,195.2
Mining,Surface Excavation,8,9,36.1,5.94,Rainy,Day,96.1,191.8
Construction,Road Building,7,8,47.3,7.4,Sunny,Day,96.1,278.4
Oil & Gas,Gas Compression Service,5,8,35.6,3.09,Cloudy,Day,92.3,155.5
Marine & Rail,Freight Operations,7,8,28.1,11.01,Sunny,Day,97.2,238.9
Oil & Gas,Well Drilling,5,9,26.7,5.7,Sunny,Day,101.7,268.4
Mining,Surface Excavation,5,7,14.7,7.04,Sunny,Day,115.0,196.0
Marine & Rail,Locomotive Maintenance,5,5,30.5,4.05,Sunny,Day,91.0,250.2
Oil & Gas,Well Drilling,7,10,11.8,5.61,Sunny,Night,99.5,286.2
Marine & Rail,Freight Operations,4,9,37.3,8.59,Sunny,Day,98.2,178.0
Mining,Hauling Ore,4,6,19.1,11.8,Sunny,Day,108.0,117.2
Construction,Material Loading,4,6,39.3,9.33,Rainy,Night,103.8,85.9
Oil & Gas,Gas Compression Service,5,9,77.1,12.39,Cloudy,Night,90.7,187.6
Mining,Surface Excavation,4,7,48.6,6.53,Rainy,Night,102.8,200.7
Mining,Aggregate Collection,3,8,25.3,3.4,Rainy,Day,91.7,60.5
Construction,Foundation Work,5,8,28.7,2.43,Rainy,Day,90.5,220.5
Mining,Drilling,6,9,55.1,9.04,Sunny,Day,98.0,197.0
Mining,Drilling,5,9,34.9,5.84,Cloudy,Day,89.7,166.8
Oil & Gas,Well Servicing,7,6,61.7,2.22,Sunny,Day,86.9,286.2
Construction,Demolition,6,7,35.4,8.97,Sunny,Day,105.5,220.6
Construction,Road Building,4,9,35.6,7.91,Cloudy,Day,96.0,200.8
Construction,Site Preparation,4,9,24.0,14.77,Cloudy,Night,104.0,168.5
Mining,Hauling Ore,6,7,64.8,5.39,Cloudy,Day,98.3,120.6
Data Center Power,Backup Generator Testing,4,7,48.7,4.86,Cloudy,Day,90.6,70.2
Oil & Gas,Pipeline Pumping,6,8,60.8,6.14,Sunny,Day,85.7,152.5
Construction,Site Preparation,5,9,56.7,1.6,Sunny,Day,93.9,134.7
Oil & Gas,Well Drilling,8,7,45.7,8.04,Cloudy,Night,96.8,495.9
Mining,Drilling,7,9,61.8,13.19,Sunny,Day,96.6,239.7
Marine & Rail,Tugboat Engine Service,7,7,43.3,8.09,Sunny,Day,84.6,200.6
Marine & Rail,Rail Network Inspection,7,8,27.6,2.61,Sunny,Night,78.4,182.6
Construction,Foundation Work,7,8,26.8,3.06,Cloudy,Day,87.1,220.8
Mining,Surface Excavation,4,9,19.7,7.28,Rainy,Day,100.4,141.4
Construction,Site Preparation,6,7,6.7,6.6,Sunny,Day,108.7,174.0
Construction,Foundation Work,7,8,83.9,2.66,Rainy,Day,79.7,291.0
Mining,Hauling Ore,5,6,10.4,3.23,Sunny,Day,105.1,102.9
Mining,Drilling,6,7,7.6,9.68,Cloudy,Night,92.6,243.8
Oil & Gas,Well Drilling,5,8,69.9,6.26,Sunny,Night,94.8,343.9
Mining,Aggregate Collection,6,8,66.4,6.36,Rainy,Day,91.2,83.3
Oil & Gas,Pipeline Pumping,5,9,56.1,5.13,Cloudy,Day,82.6,131.2
Marine & Rail,Locomotive Maintenance,5,10,63.0,7.03,Rainy,Day,90.2,172.8
Oil & Gas,Well Servicing,6,7,4.8,6.31,Sunny,Night,76.1,242.5
Construction,Demolition,8,9,28.0,0.83,Rainy,Day,109.6,221.6
Mining,Surface Excavation,4,8,44.3,4.36,Foggy,Day,93.1,147.0
Data Center Power,Cooling System Inspection,4,7,21.5,2.67,Cloudy,Day,78.7,59.5
Mining,Aggregate Collection,4,6,23.0,5.45,Cloudy,Day,96.8,64.5
Mining,Aggregate Collection,6,7,14.4,1.11,Rainy,Night,100.3,85.0
Construction,Road Building,6,7,13.9,5.69,Cloudy,Day,103.6,271.9
Data Center Power,Emergency Power Deployment,8,6,40.5,7.27,Sunny,Day,85.6,145.0
Data Center Power,Cooling System Inspection,7,10,45.5,5.86,Cloudy,Day,90.3,72.0
Construction,Road Building,6,9,47.4,8.08,Cloudy,Night,107.1,280.6
Construction,Demolition,5,8,34.2,3.48,Sunny,Night,87.6,167.1
Mining,Surface Excavation,7,9,7.5,12.98,Cloudy,Night,107.0,189.2
Marine & Rail,Tugboat Engine Service,9,6,32.1,7.93,Sunny,Day,89.6,252.2
Mining,Aggregate Collection,5,8,37.3,14.03,Sunny,Night,98.8,75.0
Oil & Gas,Well Drilling,6,6,20.8,9.0,Sunny,Day,95.0,390.1
Data Center Power,Generator Maintenance,5,6,65.0,3.61,Sunny,Day,93.2,123.7
Construction,Foundation Work,4,5,9.1,5.85,Rainy,Day,90.6,258.7
Mining,Aggregate Collection,5,8,33.9,6.61,Sunny,Day,98.0,64.9
Construction,Site Preparation,7,8,60.7,3.87,Rainy,Night,104.9,230.2
Marine & Rail,Tugboat Engine Service,6,7,35.9,12.57,Rainy,Day,94.4,201.8
Mining,Surface Excavation,5,5,34.2,7.49,Rainy,Day,105.8,236.1
Oil & Gas,Well Servicing,6,6,23.9,12.66,Rainy,Day,87.8,322.9
Oil & Gas,Pipeline Pumping,5,7,61.4,12.66,Rainy,Day,98.2,169.5
Oil & Gas,Well Servicing,5,9,21.2,8.46,Sunny,Day,94.7,183.1
Oil & Gas,Well Servicing,9,7,51.3,1.4,Sunny,Night,97.0,342.8
Data Center Power,Backup Generator Testing,3,6,31.0,2.56,Rainy,Day,79.7,66.7
Marine & Rail,Rail Network Inspection,5,9,15.7,2.24,Rainy,Day,84.6,148.1
Data Center Power,Cooling System Inspection,5,9,1.1,3.04,Rainy,Night,86.1,61.8
Mining,Hauling Ore,5,8,20.1,12.12,Sunny,Day,86.5,105.9
Oil & Gas,Pipeline Pumping,7,9,37.4,4.4,Foggy,Day,78.9,156.0
Mining,Aggregate Collection,4,7,47.6,4.74,Foggy,Day,96.0,66.5
Construction,Material Loading,4,7,20.4,12.56,Cloudy,Day,97.1,66.6
Oil & Gas,Well Servicing,5,6,20.4,3.14,Cloudy,Day,88.9,235.6
Marine & Rail,Freight Operations,6,9,33.9,12.01,Sunny,Night,95.0,225.6
Mining,Aggregate Collection,3,6,55.0,4.34,Rainy,Night,105.3,81.7
Mining,Hauling Ore,4,9,37.5,11.96,Sunny,Day,93.1,97.0
Marine & Rail,Freight Operations,8,7,28.0,8.28,Sunny,Day,98.0,265.3
Marine & Rail,Tugboat Engine Service,7,10,25.5,8.48,Sunny,Day,90.6,140.0
Construction,Site Preparation,6,8,78.1,8.34,Rainy,Day,101.1,198.8
Construction,Foundation Work,6,5,26.9,8.41,Rainy,Day,90.1,307.8
Marine & Rail,Locomotive Maintenance,5,4,23.3,11.33,Rainy,Day,92.8,292.5
Construction,Material Loading,3,8,59.2,6.32,Cloudy,Night,104.6,64.3
Construction,Foundation Work,6,8,18.4,6.08,Sunny,Day,100.6,200.7
Data Center Power,Cooling System Inspection,7,7,13.1,3.37,Sunny,Night,82.1,77.0
Mining,Drilling,7,6,53.9,2.97,Sunny,Night,88.0,286.6
Marine & Rail,Freight Operations,3,7,82.2,16.11,Sunny,Day,111.2,238.3
Marine & Rail,Freight Operations,8,6,42.1,7.17,Cloudy,Day,102.1,305.2
Oil & Gas,Gas Compression Service,5,8,21.9,7.37,Cloudy,Night,91.2,169.9
Construction,Material Loading,4,5,37.0,0.42,Sunny,Night,92.0,65.3
Data Center Power,Backup Generator Testing,5,9,21.8,0.69,Sunny,Night,80.8,64.9
Data Center Power,Backup Generator Testing,7,9,32.6,3.43,Foggy,Day,81.5,78.4
Mining,Surface Excavation,4,8,22.1,13.2,Cloudy,Day,94.8,151.8
Mining,Hauling Ore,5,8,10.5,9.3,Sunny,Night,115.0,128.2
Oil & Gas,Pipeline Pumping,2,6,25.4,9.54,Cloudy,Day,84.5,123.5
Data Center Power,Backup Generator Testing,3,9,60.0,4.23,Sunny,Night,82.2,63.4
Mining,Hauling Ore,5,8,82.8,6.13,Sunny,Night,95.4,114.6
Data Center Power,Generator Maintenance,6,10,65.1,7.09,Cloudy,Day,84.0,95.0
Construction,Road Building,6,8,69.9,4.07,Sunny,Night,94.3,272.9
Mining,Drilling,9,8,37.5,8.97,Cloudy,Night,100.6,298.3
Mining,Aggregate Collection,4,2,55.5,2.7,Cloudy,Day,96.0,79.3
Construction,Demolition,4,8,24.2,2.99,Sunny,Day,105.4,152.0
Construction,Demolition,5,6,38.4,10.4,Foggy,Day,103.5,228.4
Construction,Foundation Work,6,7,15.5,6.96,Sunny,Day,102.9,221.3
Construction,Site Preparation,4,8,61.9,9.53,Sunny,Day,94.3,153.4
Oil & Gas,Well Drilling,8,8,32.7,7.11,Foggy,Day,114.5,468.1
Oil & Gas,Pipeline Pumping,7,8,13.1,7.14,Cloudy,Day,91.0,153.0
Marine & Rail,Locomotive Maintenance,8,6,18.2,10.4,Sunny,Day,102.7,301.1
Marine & Rail,Freight Operations,5,9,11.0,6.17,Sunny,Day,104.9,197.8
Data Center Power,Backup Generator Testing,4,7,49.1,4.9,Cloudy,Day,87.1,68.0
Oil & Gas,Well Servicing,4,9,13.5,11.22,Sunny,Day,101.2,181.5
Construction,Site Preparation,7,7,19.2,1.46,Sunny,Day,94.7,159.0
Mining,Drilling,5,7,13.4,5.67,Sunny,Day,101.5,193.4
Mining,Surface Excavation,6,8,33.0,12.61,Sunny,Day,105.5,191.2
Construction,Excavation,6,9,0.6,6.49,Rainy,Day,98.7,168.0
Mining,Surface Excavation,4,7,68.1,13.13,Sunny,Day,90.5,181.4
Oil & Gas,Well Servicing,8,8,8.3,9.83,Rainy,Day,83.4,291.1
Oil & Gas,Well Servicing,7,7,19.8,4.37,Rainy,Day,95.6,278.1
Mining,Hauling Ore,4,7,15.6,5.17,Sunny,Day,109.5,100.3
Marine & Rail,Rail Network Inspection,9,6,12.5,12.81,Foggy,Night,87.2,281.7
Oil & Gas,Well Servicing,8,6,7.1,3.33,Sunny,Day,90.6,279.4
Construction,Material Loading,3,8,35.8,2.49,Rainy,Day,90.6,58.6
Oil & Gas,Well Drilling,8,9,55.8,4.1,Cloudy,Night,93.7,398.1
Marine & Rail,Locomotive Maintenance,8,9,16.0,2.38,Foggy,Day,83.1,206.2
Mining,Drilling,6,6,46.0,2.52,Cloudy,Night,96.4,264.0
Marine & Rail,Locomotive Maintenance,6,9,20.0,3.8,Rainy,Night,83.1,198.5
Data Center Power,Backup Generator Testing,8,8,24.9,5.38,Sunny,Night,82.3,95.1
Construction,Demolition,7,6,37.3,1.4,Cloudy,Day,94.7,217.8
Oil & Gas,Pipeline Pumping,5,8,56.6,6.27,Sunny,Night,80.9,148.2
Marine & Rail,Freight Operations,6,7,69.3,9.03,Cloudy,Night,101.1,271.7
Marine & Rail,Freight Operations,6,4,42.0,2.55,Sunny,Day,94.0,250.6
Mining,Drilling,5,7,25.6,7.04,Sunny,Night,91.5,215.1
Marine & Rail,Rail Network Inspection,6,6,52.9,12.76,Rainy,Night,93.3,235.3
Oil & Gas,Pipeline Pumping,5,8,63.9,9.41,Cloudy,Day,104.7,162.4
Construction,Material Loading,2,9,69.4,1.25,Sunny,Day,91.5,45.8
Mining,Surface Excavation,4,7,64.5,14.87,Sunny,Day,103.7,189.8
Construction,Site Preparation,4,8,29.5,4.12,Sunny,Day,88.7,130.4
Mining,Hauling Ore,6,7,27.4,4.9,Sunny,Day,93.2,111.2
Mining,Drilling,6,8,6.6,1.04,Rainy,Day,87.5,197.3
Construction,Material Loading,3,7,81.8,8.68,Sunny,Day,92.7,64.7
Data Center Power,Generator Maintenance,5,9,26.2,2.65,Cloudy,Day,99.6,89.2
Mining,Aggregate Collection,5,9,45.4,6.66,Sunny,Day,91.1,63.1
Oil & Gas,Pipeline Pumping,5,7,79.5,2.06,Rainy,Night,103.4,161.7
Mining,Drilling,9,8,45.7,3.31,Sunny,Night,100.8,276.3
Construction,Foundation Work,7,9,76.5,10.15,Sunny,Day,89.8,247.5
Marine & Rail,Tugboat Engine Service,7,9,37.3,2.11,Cloudy,Day,100.0,151.4
Construction,Foundation Work,5,7,10.0,4.76,Cloudy,Night,105.4,230.4
Marine & Rail,Freight Operations,5,7,23.8,7.97,Sunny,Night,95.7,223.6
Mining,Surface Excavation,5,6,32.8,7.92,Sunny,Day,92.5,178.7
Marine & Rail,Freight Operations,3,7,22.6,10.78,Sunny,Night,98.2,201.1
Marine & Rail,Locomotive Maintenance,5,8,9.6,0.86,Sunny,Night,90.6,186.1
Construction,Foundation Work,7,9,73.6,7.95,Sunny,Day,88.9,238.8
Data Center Power,Backup Generator Testing,4,8,53.1,15.96,Rainy,Day,87.9,73.0
Construction,Material Loading,4,7,24.9,4.07,Sunny,Day,82.1,56.1
Mining,Drilling,5,8,27.7,12.83,Sunny,Night,108.8,238.3
Oil & Gas,Pipeline Pumping,5,6,17.2,4.26,Sunny,Night,86.4,149.5
Data Center Power,Backup Generator Testing,5,7,65.7,9.17,Cloudy,Night,98.4,85.1
Oil & Gas,Pipeline Pumping,5,9,29.1,7.57,Sunny,Night,101.4,138.7
Data Center Power,Backup Generator Testing,6,7,14.2,11.43,Rainy,Day,82.3,78.4
Construction,Material Loading,5,9,18.7,4.63,Rainy,Day,85.6,63.9
Oil & Gas,Gas Compression Service,4,9,20.6,4.7,Rainy,Night,95.7,141.1
Data Center Power,Cooling System Inspection,3,9,36.2,7.55,Rainy,Day,84.6,52.8
Mining,Hauling Ore,5,7,4.2,12.08,Rainy,Night,91.3,123.0
Oil & Gas,Well Servicing,9,7,49.1,11.18,Sunny,Night,93.9,390.7
Marine & Rail,Rail Network Inspection,4,9,36.4,0.32,Sunny,Night,79.8,133.9
Construction,Excavation,5,5,62.1,2.15,Sunny,Day,95.0,201.7
Data Center Power,Cooling System Inspection,7,6,46.0,3.72,Sunny,Day,85.3,79.4
Construction,Foundation Work,8,7,27.5,2.92,Cloudy,Night,102.8,285.5
Mining,Drilling,7,7,32.1,10.89,Rainy,Day,100.5,293.8
Oil & Gas,Well Servicing,5,9,15.8,3.94,Foggy,Day,89.0,185.8
Mining,Drilling,6,9,82.2,11.58,Cloudy,Day,92.8,216.3
Marine & Rail,Tugboat Engine Service,8,9,54.5,11.0,Cloudy,Day,95.3,201.5
Mining,Hauling Ore,6,8,14.0,2.61,Foggy,Day,115.0,142.9
Oil & Gas,Gas Compression Service,5,8,59.8,2.8,Rainy,Day,94.6,162.2
Construction,Foundation Work,6,9,48.1,7.07,Sunny,Day,94.3,199.7
Mining,Drilling,9,10,8.8,10.21,Rainy,Day,90.7,221.3
Construction,Site Preparation,4,8,24.4,12.4,Sunny,Day,111.4,167.8
Oil & Gas,Gas Compression Service,5,9,13.1,6.01,Cloudy,Day,93.6,139.9
Construction,Foundation Work,9,7,56.4,3.49,Cloudy,Day,98.9,318.0
Data Center Power,Cooling System Inspection,6,8,51.5,0.61,Cloudy,Day,80.0,68.9
Marine & Rail,Locomotive Maintenance,6,8,33.0,5.65,Rainy,Night,95.0,229.9
Oil & Gas,Well Servicing,6,7,35.3,6.43,Sunny,Day,94.3,244.5
Mining,Hauling Ore,4,7,49.9,9.0,Rainy,Day,85.0,117.7
Mining,Hauling Ore,7,8,9.7,9.16,Rainy,Day,96.5,127.4
Data Center Power,Cooling System Inspection,6,7,10.3,5.6,Sunny,Day,84.4,69.0
Construction,Site Preparation,7,6,28.1,8.73,Sunny,Day,89.7,187.1
Oil & Gas,Well Servicing,5,7,41.6,4.31,Cloudy,Day,101.1,222.9
Mining,Surface Excavation,5,6,33.7,6.61,Cloudy,Day,97.3,180.0
Oil & Gas,Pipeline Pumping,7,6,41.0,5.53,Cloudy,Day,86.9,176.0
Construction,Site Preparation,5,8,27.6,8.23,Rainy,Night,96.0,187.7
Mining,Surface Excavation,6,6,33.4,7.94,Sunny,Night,105.1,218.4
Oil & Gas,Well Servicing,7,8,40.0,2.31,Sunny,Night,82.2,252.0
Marine & Rail,Rail Network Inspection,7,5,7.5,6.6,Rainy,Day,86.4,207.8
Data Center Power,Emergency Power Deployment,7,8,59.0,7.19,Foggy,Day,87.3,123.1
Data Center Power,Backup Generator Testing,6,9,14.9,4.46,Sunny,Day,76.9,66.4
Construction,Excavation,6,8,39.1,2.57,Sunny,Night,96.7,175.8
Mining,Hauling Ore,6,5,65.0,2.95,Sunny,Night,100.1,136.4
Oil & Gas,Well Drilling,7,5,58.6,4.82,Cloudy,Night,93.1,520.0
Oil & Gas,Well Drilling,5,8,18.1,6.07,Sunny,Night,104.7,328.3
Marine & Rail,Freight Operations,4,9,14.2,11.61,Cloudy,Night,100.1,200.0
Construction,Road Building,6,6,24.3,3.26,Sunny,Day,87.5,282.1
Mining,Aggregate Collection,6,9,34.3,10.9,Rainy,Day,105.2,84.4
Oil & Gas,Well Servicing,8,5,38.6,6.11,Rainy,Night,98.6,430.9
Mining,Hauling Ore,4,6,5.0,14.5,Rainy,Day,104.5,124.6
Construction,Demolition,7,7,41.5,4.28,Sunny,Day,110.5,238.7
Construction,Material Loading,6,9,20.5,8.01,Cloudy,Night,96.9,71.7
Construction,Foundation Work,8,9,5.2,6.36,Sunny,Day,88.6,204.4
Marine & Rail,Freight Operations,8,9,51.2,12.55,Sunny,Night,107.8,314.6
Oil & Gas,Well Drilling,7,8,32.2,4.17,Rainy,Day,92.2,399.6
Data Center Power,Generator Maintenance,4,10,24.6,10.01,Sunny,Day,97.9,81.6
Oil & Gas,Pipeline Pumping,6,9,50.3,4.38,Rainy,Day,90.0,146.5
Mining,Hauling Ore,4,8,43.5,3.13,Sunny,Day,90.7,91.4
Data Center Power,Cooling System Inspection,7,7,55.9,5.65,Rainy,Day,99.8,87.7
Construction,Excavation,7,8,23.6,8.67,Foggy,Day,104.8,204.7
Oil & Gas,Well Servicing,4,4,53.8,4.32,Sunny,Day,89.3,269.9
Mining,Surface Excavation,8,6,50.7,1.13,Sunny,Day,106.5,240.5
Marine & Rail,Tugboat Engine Service,7,6,8.6,8.82,Sunny,Day,84.1,202.7
Marine & Rail,Freight Operations,4,6,62.2,3.96,Sunny,Day,92.0,208.5
Construction,Site Preparation,6,9,28.4,3.64,Sunny,Day,90.0,143.2
Marine & Rail,Freight Operations,5,6,27.0,10.28,Sunny,Day,95.1,218.9
Mining,Drilling,6,7,23.7,0.41,Sunny,Night,85.6,208.5
Mining,Aggregate Collection,5,6,10.5,3.36,Rainy,Night,88.3,78.2
Construction,Foundation Work,7,5,24.4,9.32,Sunny,Day,86.5,293.8
Mining,Aggregate Collection,6,6,34.4,7.27,Sunny,Night,96.0,86.0
Marine & Rail,Locomotive Maintenance,7,10,38.6,11.44,Sunny,Day,103.7,211.4
Oil & Gas,Well Servicing,8,9,41.0,3.25,Cloudy,Night,96.6,261.5
Construction,Foundation Work,7,7,50.2,1.38,Sunny,Day,83.1,248.6
Construction,Excavation,7,8,25.5,5.57,Rainy,Day,97.0,206.2
Mining,Drilling,5,4,12.8,9.92,Rainy,Night,93.2,333.8
Marine & Rail,Rail Network Inspection,4,7,49.0,3.53,Foggy,Day,90.2,173.4
Construction,Site Preparation,3,6,20.4,1.13,Cloudy,Day,92.8,127.7
Data Center Power,Backup Generator Testing,4,6,36.0,1.55,Cloudy,Day,93.0,71.6
Construction,Site Preparation,6,7,5.2,5.25,Rainy,Day,96.8,175.2
Construction,Road Building,4,8,52.4,1.89,Sunny,Night,90.5,218.2
Marine & Rail,Tugboat Engine Service,5,10,73.4,0.96,Cloudy,Night,92.7,132.4
Construction,Road Building,6,6,41.2,1.21,Cloudy,Day,106.2,303.1
Data Center Power,Generator Maintenance,4,8,27.8,8.7,Sunny,Day,93.0,97.3
Data Center Power,Emergency Power Deployment,6,7,31.3,8.84,Sunny,Day,91.8,111.4
Oil & Gas,Pipeline Pumping,4,7,5.9,11.43,Rainy,Night,92.4,147.2
Construction,Site Preparation,6,5,62.5,4.9,Sunny,Day,95.8,180.7
Mining,Aggregate Collection,4,5,47.9,2.73,Sunny,Night,97.1,73.9
Mining,Drilling,9,8,40.2,6.23,Sunny,Day,103.8,282.3
Oil & Gas,Well Servicing,6,8,29.8,4.35,Cloudy,Day,86.5,217.1
Marine & Rail,Freight Operations,7,7,31.2,4.42,Sunny,Day,96.6,242.5
Construction,Material Loading,3,8,33.6,4.38,Foggy,Day,91.6,57.1
Oil & Gas,Well Servicing,5,7,46.6,7.16,Sunny,Night,99.1,245.8
Oil & Gas,Well Servicing,8,9,20.1,10.09,Sunny,Day,97.3,241.9
Marine & Rail,Freight Operations,3,8,21.5,3.08,Rainy,Day,102.1,186.7
Data Center Power,Backup Generator Testing,7,8,20.0,1.91,Cloudy,Day,78.1,73.4
Marine & Rail,Locomotive Maintenance,6,8,25.9,7.82,Sunny,Night,92.5,229.0
Mining,Aggregate Collection,5,6,8.5,5.38,Sunny,Day,95.5,66.1
Mining,Hauling Ore,5,8,29.2,3.39,Rainy,Day,98.0,107.1
Mining,Drilling,6,5,33.9,5.38,Cloudy,Day,99.1,256.5
Oil & Gas,Pipeline Pumping,5,6,33.4,4.6,Rainy,Day,91.4,147.3
Oil & Gas,Pipeline Pumping,5,8,13.7,5.69,Sunny,Day,91.6,130.4
Marine & Rail,Locomotive Maintenance,7,9,24.3,7.62,Cloudy,Night,99.5,230.2
Data Center Power,Emergency Power Deployment,8,6,2.2,4.76,Sunny,Day,92.1,121.5
Construction,Excavation,4,8,19.1,4.03,Rainy,Night,92.8,170.8
Mining,Aggregate Collection,6,4,21.9,1.67,Rainy,Night,110.7,107.3
Marine & Rail,Rail Network Inspection,5,7,39.8,4.79,Sunny,Day,80.1,151.1
Mining,Aggregate Collection,8,7,21.4,3.58,Sunny,Day,99.2,82.4
Data Center Power,Cooling System Inspection,6,7,64.3,1.4,Rainy,Day,80.4,75.0
Mining,Surface Excavation,3,7,38.4,6.91,Cloudy,Night,99.8,159.1
Data Center Power,Generator Maintenance,6,6,27.7,8.47,Cloudy,Day,100.9,141.2
Oil & Gas,Pipeline Pumping,4,5,14.0,6.41,Rainy,Day,90.6,141.9
Marine & Rail,Tugboat Engine Service,9,7,3.7,4.39,Sunny,Day,93.1,200.1
Data Center Power,Cooling System Inspection,5,7,10.1,0.15,Sunny,Day,89.5,60.0
Construction,Road Building,7,5,6.9,11.71,Cloudy,Day,106.7,363.0
Marine & Rail,Freight Operations,5,7,18.9,11.63,Rainy,Night,101.7,261.4
Marine & Rail,Locomotive Maintenance,5,9,25.3,3.6,Sunny,Day,98.2,168.0
Mining,Surface Excavation,8,6,50.9,3.45,Sunny,Night,99.5,243.4
Marine & Rail,Locomotive Maintenance,7,8,47.3,8.56,Sunny,Day,90.0,247.0
Data Center Power,Backup Generator Testing,4,9,25.6,4.92,Sunny,Day,79.3,59.1
Mining,Drilling,6,7,51.1,4.02,Foggy,Night,95.2,254.4
Mining,Drilling,5,8,38.8,2.34,Sunny,Day,89.6,178.4
Marine & Rail,Locomotive Maintenance,5,10,87.0,7.99,Cloudy,Day,92.8,181.7
Marine & Rail,Freight Operations,4,5,30.7,8.7,Sunny,Day,107.4,227.3
Data Center Power,Emergency Power Deployment,6,6,83.6,3.37,Sunny,Day,89.3,129.7
Oil & Gas,Well Drilling,6,8,21.2,7.32,Cloudy,Day,102.6,327.1
Oil & Gas,Well Drilling,4,8,33.4,10.87,Cloudy,Night,115.0,386.5
Construction,Site Preparation,8,8,81.3,5.67,Sunny,Day,97.0,214.9
Data Center Power,Emergency Power Deployment,5,8,54.6,3.66,Sunny,Day,88.9,90.9
Marine & Rail,Freight Operations,5,8,49.2,7.14,Foggy,Night,95.2,272.4
Oil & Gas,Gas Compression Service,7,7,34.4,4.5,Rainy,Day,101.5,218.5
Mining,Aggregate Collection,7,6,31.0,8.85,Rainy,Day,108.3,104.7
Mining,Aggregate Collection,6,5,80.1,4.25,Cloudy,Night,93.1,96.2
Data Center Power,Backup Generator Testing,3,6,55.6,1.52,Cloudy,Day,82.4,66.3
Construction,Material Loading,5,7,47.9,6.59,Cloudy,Night,97.6,74.2
Mining,Surface Excavation,6,8,51.5,11.51,Sunny,Night,91.2,194.1
Mining,Hauling Ore,4,4,14.0,12.54,Rainy,Day,92.6,131.0
Marine & Rail,Tugboat Engine Service,6,8,60.9,6.49,Sunny,Night,109.7,206.1
Marine & Rail,Rail Network Inspection,6,8,29.3,12.17,Rainy,Day,83.2,185.1
Construction,Demolition,7,9,34.4,10.99,Cloudy,Day,95.6,196.7
Marine & Rail,Locomotive Maintenance,6,7,13.2,6.11,Sunny,Day,86.4,219.6
Construction,Site Preparation,5,7,35.8,3.87,Sunny,Day,89.5,144.9
Mining,Hauling Ore,6,9,41.0,3.25,Rainy,Night,94.1,119.1
Construction,Material Loading,4,8,83.0,1.71,Cloudy,Night,89.4,63.9
Oil & Gas,Pipeline Pumping,5,8,50.8,5.97,Rainy,Day,83.3,141.5
Marine & Rail,Locomotive Maintenance,4,6,50.0,14.26,Cloudy,Night,95.0,286.9
Construction,Material Loading,4,7,18.5,4.13,Sunny,Night,97.0,62.0
Oil & Gas,Well Servicing,7,6,75.5,3.3,Sunny,Night,88.2,335.9
Construction,Road Building,4,10,44.2,3.83,Sunny,Day,92.7,161.6
Construction,Demolition,5,8,59.3,7.04,Cloudy,Day,93.5,185.8
Mining,Drilling,7,7,48.2,3.72,Cloudy,Day,93.9,241.5
Data Center Power,Emergency Power Deployment,6,6,35.2,5.28,Cloudy,Day,100.5,117.5
Construction,Road Building,8,5,79.2,0.8,Sunny,Night,96.2,414.3
Marine & Rail,Freight Operations,5,8,3.7,8.75,Sunny,Day,98.9,188.3
Oil & Gas,Gas Compression Service,5,5,15.6,5.55,Sunny,Night,110.3,238.8
Construction,Road Building,5,5,84.0,2.38,Sunny,Day,88.3,283.6
Marine & Rail,Freight Operations,6,8,3.9,8.89,Foggy,Day,108.8,278.0
Oil & Gas,Well Servicing,5,5,22.7,14.9,Sunny,Night,95.7,322.9
Marine & Rail,Locomotive Maintenance,7,6,48.1,1.72,Cloudy,Night,86.7,288.5
Construction,Foundation Work,6,7,37.4,5.64,Sunny,Day,109.3,259.3
Construction,Site Preparation,2,8,22.7,7.39,Sunny,Day,93.7,116.1
Marine & Rail,Freight Operations,4,6,19.3,5.54,Rainy,Day,96.0,222.0
Mining,Aggregate Collection,4,9,16.3,8.03,Sunny,Day,90.2,57.4
Construction,Foundation Work,7,9,18.2,4.68,Rainy,Day,95.8,226.2
Mining,Drilling,4,8,13.4,7.41,Sunny,Day,95.3,172.2
Data Center Power,Cooling System Inspection,7,8,25.8,10.62,Sunny,Day,88.6,76.0
Data Center Power,Cooling System Inspection,4,9,15.9,4.7,Rainy,Night,93.7,60.2
Marine & Rail,Freight Operations,6,8,0.9,8.53,Sunny,Day,95.2,199.9
Data Center Power,Backup Generator Testing,7,7,43.5,7.34,Sunny,Night,79.6,91.9
Mining,Surface Excavation,6,10,43.4,3.81,Rainy,Day,96.8,144.1
Oil & Gas,Pipeline Pumping,7,7,41.6,14.73,Sunny,Night,86.7,205.8
Oil & Gas,Well Servicing,9,7,33.6,0.77,Sunny,Day,86.7,287.0
Mining,Hauling Ore,5,7,42.3,11.23,Sunny,Day,90.8,110.3
Marine & Rail,Tugboat Engine Service,6,8,75.2,6.63,Sunny,Day,86.3,173.4
Construction,Site Preparation,5,9,46.5,2.54,Cloudy,Day,91.3,139.6
Construction,Material Loading,7,6,62.4,0.31,Rainy,Night,93.0,99.0
Marine & Rail,Rail Network Inspection,5,6,50.1,5.39,Foggy,Day,71.8,197.3
Mining,Hauling Ore,5,5,42.9,10.31,Cloudy,Day,96.1,126.2
Oil & Gas,Well Servicing,7,5,61.9,3.48,Sunny,Day,88.8,320.4
Oil & Gas,Well Servicing,10,9,17.4,3.28,Rainy,Day,80.1,284.6
Data Center Power,Backup Generator Testing,6,8,54.9,6.99,Sunny,Day,91.9,76.6
Marine & Rail,Rail Network Inspection,5,7,7.2,8.85,Foggy,Night,80.0,186.7
Oil & Gas,Pipeline Pumping,3,9,47.3,8.91,Sunny,Night,102.1,134.9
Data Center Power,Cooling System Inspection,6,7,62.5,8.35,Cloudy,Night,82.8,83.2
Construction,Foundation Work,7,9,27.1,10.34,Rainy,Day,90.4,238.8
Data Center Power,Cooling System Inspection,5,9,70.7,3.86,Cloudy,Day,87.0,66.8
Mining,Hauling Ore,5,7,70.3,3.85,Sunny,Day,103.5,109.9
Oil & Gas,Gas Compression Service,3,5,11.6,4.97,Cloudy,Day,94.7,169.1
Construction,Material Loading,6,9,37.4,10.28,Sunny,Day,88.6,65.8
Construction,Demolition,5,5,7.7,6.45,Cloudy,Day,110.0,231.0
Construction,Site Preparation,8,9,48.0,8.62,Sunny,Night,110.8,237.6
Data Center Power,Cooling System Inspection,5,9,12.4,1.66,Sunny,Day,76.0,56.0
Marine & Rail,Tugboat Engine Service,3,9,37.7,5.45,Sunny,Day,100.6,118.2
Mining,Surface Excavation,6,7,19.1,2.65,Cloudy,Night,100.7,174.8
Marine & Rail,Tugboat Engine Service,5,5,14.3,6.77,Sunny,Day,91.9,189.3
Construction,Excavation,6,6,75.6,2.75,Cloudy,Night,96.3,235.5
Construction,Foundation Work,8,7,62.1,5.0,Cloudy,Day,92.4,302.2
Construction,Road Building,5,8,75.0,8.79,Rainy,Night,93.6,306.0
Construction,Road Building,5,8,54.6,2.46,Sunny,Day,113.7,256.1
Mining,Drilling,7,7,29.3,8.75,Sunny,Day,99.4,247.1
Marine & Rail,Locomotive Maintenance,6,8,41.1,3.71,Cloudy,Day,86.6,207.7
Construction,Foundation Work,6,8,43.9,1.89,Sunny,Day,85.9,205.0
Construction,Material Loading,4,7,26.4,2.81,Rainy,Day,87.0,65.2
Marine & Rail,Locomotive Maintenance,6,9,44.9,2.31,Cloudy,Day,88.8,188.8
Mining,Hauling Ore,5,7,37.4,2.59,Rainy,Night,93.0,123.0
Oil & Gas,Pipeline Pumping,4,5,30.4,10.02,Sunny,Night,103.5,171.2
Marine & Rail,Freight Operations,6,9,61.8,4.87,Rainy,Night,101.5,270.5
Construction,Excavation,7,7,28.1,6.87,Cloudy,Day,92.7,209.6
Mining,Hauling Ore,4,8,66.1,10.52,Sunny,Night,96.6,112.7
Mining,Surface Excavation,6,6,42.2,5.28,Sunny,Day,92.0,193.0
Marine & Rail,Tugboat Engine Service,5,3,15.6,6.49,Sunny,Day,90.2,215.5
Construction,Demolition,7,9,57.9,10.21,Cloudy,Day,104.9,216.2
Oil & Gas,Well Servicing,7,8,69.8,3.44,Rainy,Night,93.0,318.5
Construction,Site Preparation,5,8,17.7,2.96,Sunny,Night,91.9,142.5
Construction,Demolition,6,8,16.9,4.26,Sunny,Day,90.9,163.6
Construction,Road Building,6,10,67.7,8.59,Sunny,Day,113.0,246.5
Construction,Demolition,9,7,22.0,1.64,Sunny,Night,97.8,244.2
Construction,Site Preparation,5,7,22.7,4.82,Sunny,Night,97.0,156.6
Oil & Gas,Well Drilling,9,6,44.0,3.09,Sunny,Night,91.0,542.4
Oil & Gas,Well Drilling,6,9,82.6,6.31,Rainy,Day,111.5,433.9
Construction,Foundation Work,8,9,25.2,2.55,Foggy,Day,84.2,225.6
Construction,Material Loading,3,10,27.4,11.27,Sunny,Day,95.3,51.9
Marine & Rail,Freight Operations,8,9,56.7,4.89,Rainy,Day,95.2,299.8
Construction,Road Building,6,6,20.8,10.0,Sunny,Day,95.1,297.0
Oil & Gas,Well Servicing,9,7,24.1,4.8,Rainy,Day,85.4,327.5
Oil & Gas,Well Servicing,7,8,45.3,9.9,Sunny,Day,85.6,254.4
Mining,Drilling,7,10,17.8,6.88,Sunny,Night,91.6,189.3
Construction,Foundation Work,9,9,23.8,3.06,Rainy,Day,83.6,262.1
Construction,Material Loading,5,8,9.9,6.65,Foggy,Day,98.6,61.3
Marine & Rail,Locomotive Maintenance,6,7,71.1,4.75,Sunny,Day,94.8,251.9
Marine & Rail,Freight Operations,6,9,5.7,6.7,Foggy,Day,91.4,233.6
Data Center Power,Cooling System Inspection,2,9,69.4,11.57,Sunny,Night,83.3,57.2
Marine & Rail,Tugboat Engine Service,6,7,22.3,6.01,Foggy,Night,88.1,229.1
Marine & Rail,Locomotive Maintenance,5,9,33.8,9.56,Foggy,Day,87.9,193.9
Oil & Gas,Pipeline Pumping,6,7,54.2,0.89,Rainy,Day,86.7,153.7
Oil & Gas,Pipeline Pumping,4,10,29.2,12.2,Sunny,Night,88.2,133.1
Mining,Aggregate Collection,4,7,19.7,6.64,Sunny,Day,92.1,61.7
Marine & Rail,Tugboat Engine Service,6,7,11.3,8.23,Sunny,Night,93.6,184.2
Mining,Surface Excavation,6,9,18.1,4.99,Sunny,Day,84.2,135.0
Data Center Power,Backup Generator Testing,5,9,62.6,7.29,Sunny,Day,88.0,70.1
Mining,Drilling,7,10,59.3,0.65,Rainy,Day,94.2,205.2
Marine & Rail,Freight Operations,5,7,31.0,6.83,Foggy,Night,92.9,266.8
Construction,Foundation Work,6,9,15.6,5.51,Sunny,Night,108.2,219.7
Oil & Gas,Well Servicing,5,8,12.9,8.23,Rainy,Night,82.3,250.8
Oil & Gas,Pipeline Pumping,5,6,51.4,4.86,Sunny,Day,90.7,149.4
Marine & Rail,Rail Network Inspection,6,8,13.6,5.73,Cloudy,Day,84.3,152.8
Data Center Power,Generator Maintenance,6,9,40.4,3.57,Cloudy,Night,108.9,116.5
Oil & Gas,Well Drilling,6,9,53.0,5.77,Cloudy,Night,89.0,331.5
Construction,Material Loading,5,8,67.0,3.65,Cloudy,Day,94.5,66.1
Data Center Power,Generator Maintenance,9,6,54.0,3.75,Sunny,Night,91.4,189.6
Data Center Power,Generator Maintenance,5,5,39.2,6.51,Sunny,Night,90.3,137.5
Data Center Power,Emergency Power Deployment,8,7,29.9,8.45,Cloudy,Night,105.3,157.7
Mining,Surface Excavation,7,6,53.2,3.3,Sunny,Day,97.7,217.3
Mining,Aggregate Collection,6,10,1.6,9.31,Cloudy,Day,100.8,60.0
Construction,Demolition,5,7,42.6,10.42,Rainy,Day,91.4,228.8
Data Center Power,Backup Generator Testing,5,8,30.3,2.68,Cloudy,Night,84.6,74.5
Mining,Drilling,8,5,20.5,5.17,Sunny,Day,95.2,283.8
Oil & Gas,Pipeline Pumping,5,8,40.5,5.5,Sunny,Day,85.7,128.8
Mining,Surface Excavation,7,7,33.7,4.15,Cloudy,Night,89.5,203.0
Construction,Road Building,6,5,59.2,9.78,Rainy,Day,89.9,409.8
Construction,Foundation Work,7,6,20.0,4.68,Sunny,Day,81.0,259.6
Oil & Gas,Pipeline Pumping,7,7,17.8,13.41,Sunny,Day,107.1,188.1
Construction,Excavation,3,9,11.2,4.38,Sunny,Day,97.5,113.4
Construction,Foundation Work,7,9,20.5,9.92,Sunny,Day,88.2,198.4
Marine & Rail,Tugboat Engine Service,4,7,24.7,4.11,Sunny,Day,94.5,139.9
Mining,Drilling,7,8,25.0,5.76,Sunny,Night,104.8,247.1
Oil & Gas,Well Servicing,9,8,17.7,13.58,Cloudy,Day,91.7,295.2
Data Center Power,Cooling System Inspection,6,9,25.3,6.21,Cloudy,Day,79.6,66.0
Data Center Power,Emergency Power Deployment,7,8,48.0,0.68,Sunny,Day,86.0,105.1
Mining,Drilling,7,7,53.1,4.43,Foggy,Night,86.1,281.8
Mining,Hauling Ore,7,6,57.2,4.31,Cloudy,Night,97.2,146.9
Data Center Power,Backup Generator Testing,5,7,64.3,8.73,Cloudy,Night,99.3,90.1
Oil & Gas,Gas Compression Service,6,9,13.1,11.83,Sunny,Night,96.9,176.7
Data Center Power,Emergency Power Deployment,6,8,65.5,0.9,Sunny,Day,91.1,98.7
Oil & Gas,Well Drilling,9,6,25.3,2.55,Cloudy,Day,96.3,462.7
Mining,Surface Excavation,7,9,8.2,13.8,Sunny,Night,95.4,174.2
Oil & Gas,Gas Compression Service,6,8,29.4,8.24,Rainy,Day,115.0,211.4
Oil & Gas,Well Servicing,7,6,50.1,7.57,Rainy,Day,86.4,351.6
Construction,Site Preparation,6,6,54.4,4.35,Sunny,Day,102.4,184.4
Construction,Road Building,3,9,60.6,7.93,Cloudy,Day,97.2,191.4
Data Center Power,Generator Maintenance,5,7,42.2,7.62,Cloudy,Day,105.1,125.6
Construction,Foundation Work,6,9,79.5,1.26,Sunny,Day,97.1,211.6
Mining,Aggregate Collection,5,5,17.7,12.26,Sunny,Night,105.1,83.2
Marine & Rail,Rail Network Inspection,6,7,13.4,4.54,Sunny,Day,77.7,154.8
Oil & Gas,Well Drilling,7,6,23.7,10.37,Foggy,Day,101.5,448.0
Marine & Rail,Tugboat Engine Service,7,9,7.4,7.93,Sunny,Day,89.8,151.2
Marine & Rail,Freight Operations,4,8,75.4,8.29,Sunny,Day,84.4,198.7
Oil & Gas,Well Servicing,5,7,48.5,1.85,Sunny,Night,81.9,222.9
Marine & Rail,Rail Network Inspection,5,8,17.6,6.6,Cloudy,Night,84.9,158.2
Construction,Foundation Work,5,9,46.9,6.29,Sunny,Day,95.5,175.7
Marine & Rail,Rail Network Inspection,5,8,54.9,12.77,Rainy,Night,84.9,196.8
Data Center Power,Backup Generator Testing,7,6,37.0,2.03,Sunny,Day,82.7,84.3
Data Center Power,Emergency Power Deployment,8,5,54.6,5.89,Sunny,Day,78.8,162.9
Construction,Material Loading,6,5,63.1,5.51,Sunny,Night,86.7,85.8
Construction,Site Preparation,5,7,13.4,4.27,Cloudy,Night,89.0,154.6
Data Center Power,Cooling System Inspection,6,8,33.9,3.36,Sunny,Day,85.4,68.3
Data Center Power,Backup Generator Testing,5,7,32.1,2.18,Sunny,Night,94.9,75.5
Mining,Surface Excavation,4,3,16.4,2.41,Rainy,Day,100.9,223.3
Oil & Gas,Well Drilling,8,8,69.4,9.51,Cloudy,Night,95.5,495.2
Construction,Foundation Work,5,8,49.5,4.09,Cloudy,Day,93.0,199.8
Marine & Rail,Rail Network Inspection,5,6,23.1,11.1,Sunny,Day,86.1,162.4
Data Center Power,Generator Maintenance,7,8,41.6,5.3,Sunny,Night,93.5,130.8
Data Center Power,Emergency Power Deployment,10,6,47.5,5.78,Sunny,Night,97.0,191.5
Marine & Rail,Tugboat Engine Service,7,9,25.1,7.37,Cloudy,Night,113.1,205.4
Oil & Gas,Well Servicing,7,9,8.4,2.4,Foggy,Night,84.8,221.6
Mining,Aggregate Collection,2,6,41.0,1.39,Cloudy,Day,94.0,55.8
Construction,Road Building,8,9,13.4,14.07,Rainy,Day,99.4,317.9
Marine & Rail,Locomotive Maintenance,5,8,42.9,2.02,Sunny,Day,92.8,184.9
Construction,Site Preparation,2,7,61.7,5.34,Sunny,Day,93.2,126.3
Oil & Gas,Well Servicing,5,5,17.2,16.65,Sunny,Day,96.6,288.7
Mining,Surface Excavation,4,9,51.7,7.84,Cloudy,Day,99.4,139.3
Marine & Rail,Freight Operations,4,6,49.3,7.18,Sunny,Day,91.5,211.9
Mining,Surface Excavation,8,9,69.7,6.77,Rainy,Day,94.2,225.4
Data Center Power,Emergency Power Deployment,6,6,63.1,1.69,Sunny,Night,80.6,126.6
Construction,Excavation,5,8,38.2,12.17,Sunny,Day,113.4,201.3
Construction,Excavation,3,7,38.5,3.85,Sunny,Night,94.6,156.4
Data Center Power,Generator Maintenance,5,7,13.3,3.77,Cloudy,Day,93.1,107.3
Mining,Hauling Ore,4,6,48.7,3.34,Sunny,Night,88.2,107.8
Mining,Surface Excavation,6,7,31.8,2.38,Rainy,Night,93.2,209.7
Oil & Gas,Well Drilling,9,7,11.8,3.55,Cloudy,Day,87.5,400.2
Oil & Gas,Well Servicing,6,9,45.2,4.38,Rainy,Night,83.8,239.4
Marine & Rail,Locomotive Maintenance,5,7,12.1,10.0,Sunny,Day,102.5,224.0
Construction,Foundation Work,7,9,17.7,2.51,Cloudy,Day,85.8,196.5
Data Center Power,Backup Generator Testing,6,8,29.5,6.15,Sunny,Day,80.5,72.5
Construction,Foundation Work,6,7,38.8,14.04,Foggy,Day,105.3,263.6
Data Center Power,Cooling System Inspection,4,6,54.2,6.34,Sunny,Night,78.8,71.4
Marine & Rail,Locomotive Maintenance,7,8,29.2,7.12,Cloudy,Day,97.9,238.2
Oil & Gas,Pipeline Pumping,6,7,42.4,8.36,Cloudy,Day,95.1,162.2
Mining,Surface Excavation,5,10,76.3,10.54,Sunny,Night,96.7,151.4
Oil & Gas,Well Servicing,8,9,59.8,10.11,Cloudy,Day,103.6,287.9
Construction,Site Preparation,2,6,83.1,8.34,Sunny,Day,93.1,140.7
Construction,Foundation Work,4,9,69.1,2.27,Rainy,Day,72.4,196.6
Marine & Rail,Tugboat Engine Service,7,8,56.7,6.14,Cloudy,Day,85.1,181.5
Oil & Gas,Well Servicing,7,7,36.2,15.07,Sunny,Day,90.1,289.8
Data Center Power,Emergency Power Deployment,7,8,46.8,9.51,Rainy,Night,88.3,131.3
Marine & Rail,Locomotive Maintenance,6,9,47.3,3.91,Sunny,Day,91.9,192.5
Construction,Foundation Work,6,6,65.5,4.97,Rainy,Day,92.5,304.0
Marine & Rail,Locomotive Maintenance,7,8,17.5,9.06,Foggy,Day,90.7,240.2
Oil & Gas,Well Servicing,8,7,16.3,6.6,Sunny,Day,88.8,274.7
Data Center Power,Emergency Power Deployment,8,4,15.9,0.73,Sunny,Night,92.3,158.1
Mining,Hauling Ore,7,9,44.2,8.43,Sunny,Day,96.3,116.7
Construction,Excavation,7,5,7.9,0.38,Sunny,Day,87.3,201.7
Marine & Rail,Rail Network Inspection,4,3,23.6,7.43,Sunny,Day,81.6,166.2
Construction,Demolition,8,5,12.1,3.44,Sunny,Night,87.1,262.0
Data Center Power,Cooling System Inspection,3,8,16.2,3.78,Sunny,Day,92.5,53.1
Mining,Surface Excavation,5,3,53.4,2.62,Cloudy,Day,83.8,217.1
Mining,Drilling,7,9,4.1,5.21,Rainy,Day,104.5,215.2
Oil & Gas,Well Servicing,6,7,60.6,2.73,Rainy,Day,84.5,276.6
Marine & Rail,Freight Operations,6,3,17.4,9.1,Sunny,Day,105.9,277.3
Construction,Foundation Work,6,5,64.1,8.32,Rainy,Day,89.6,344.0
Construction,Foundation Work,6,7,46.5,1.96,Cloudy,Night,82.6,247.6
Construction,Demolition,7,9,28.5,3.16,Sunny,Night,96.7,190.2
Construction,Material Loading,5,7,23.5,13.74,Sunny,Day,94.7,69.0
Mining,Surface Excavation,6,9,22.4,4.8,Foggy,Night,96.3,150.4
Mining,Hauling Ore,4,8,29.9,9.71,Cloudy,Day,106.7,102.6
Construction,Site Preparation,5,8,43.1,9.79,Sunny,Day,112.0,181.8
Construction,Excavation,5,9,37.4,8.4,Sunny,Day,87.5,146.3
Mining,Hauling Ore,6,7,28.2,2.94,Rainy,Night,97.7,131.1
Construction,Road Building,5,9,42.9,8.8,Rainy,Day,100.0,249.2
Mining,Surface Excavation,9,8,67.5,5.18,Sunny,Night,103.8,255.4
Marine & Rail,Locomotive Maintenance,7,9,68.8,8.87,Sunny,Day,96.8,239.6
Oil & Gas,Well Servicing,5,8,27.7,7.81,Cloudy,Day,92.6,207.6
Data Center Power,Backup Generator Testing,7,7,37.0,4.54,Sunny,Day,87.1,83.9
Oil & Gas,Pipeline Pumping,5,10,59.4,6.31,Sunny,Day,88.6,129.6
Mining,Surface Excavation,4,8,45.8,6.09,Rainy,Night,114.4,209.2
Oil & Gas,Well Drilling,7,5,88.8,7.11,Cloudy,Day,112.4,633.3
Marine & Rail,Rail Network Inspection,7,9,35.7,4.47,Cloudy,Night,72.8,175.2
Mining,Drilling,8,5,31.3,6.57,Cloudy,Day,98.7,321.2
Construction,Foundation Work,4,9,66.4,0.83,Sunny,Night,85.5,181.6
Oil & Gas,Well Servicing,4,8,13.9,14.26,Sunny,Day,87.3,197.9
Mining,Hauling Ore,5,6,35.7,2.78,Cloudy,Day,96.4,105.9
Construction,Demolition,5,8,42.0,1.62,Sunny,Day,91.9,159.1
Oil & Gas,Pipeline Pumping,5,8,43.1,2.68,Rainy,Day,101.3,137.9
Oil & Gas,Well Servicing,5,6,7.8,9.31,Sunny,Day,93.4,243.0
Mining,Drilling,7,9,59.2,6.5,Sunny,Day,97.0,210.8
Construction,Material Loading,5,8,29.4,2.64,Sunny,Day,93.4,56.8
Marine & Rail,Freight Operations,7,6,50.4,7.96,Rainy,Night,100.7,339.3
Construction,Excavation,5,8,58.5,5.87,Rainy,Night,92.1,205.1
Construction,Site Preparation,2,6,16.6,4.83,Cloudy,Night,99.3,135.0
Oil & Gas,Gas Compression Service,6,5,37.2,17.37,Foggy,Day,91.5,262.1
Oil & Gas,Well Servicing,7,7,53.7,11.91,Rainy,Night,110.1,419.2
Marine & Rail,Tugboat Engine Service,5,9,13.6,2.72,Rainy,Day,88.4,126.1
Marine & Rail,Tugboat Engine Service,7,7,69.6,12.01,Sunny,Day,99.2,230.4
Data Center Power,Generator Maintenance,7,9,49.0,3.29,Sunny,Day,92.1,107.2
Oil & Gas,Well Servicing,7,5,39.1,7.18,Cloudy,Night,88.9,353.6
Data Center Power,Emergency Power Deployment,7,8,22.8,4.77,Cloudy,Day,100.6,105.7
Construction,Site Preparation,5,8,22.3,7.69,Rainy,Day,95.6,166.5
Oil & Gas,Well Servicing,4,8,22.1,8.25,Cloudy,Day,90.6,193.8
Oil & Gas,Pipeline Pumping,9,7,49.0,10.84,Foggy,Day,90.5,229.8
Mining,Surface Excavation,9,6,30.4,12.41,Sunny,Night,99.9,283.0
Construction,Excavation,8,7,38.3,10.98,Rainy,Day,92.1,272.8
Oil & Gas,Well Servicing,6,7,47.3,6.65,Sunny,Day,92.6,247.3
Marine & Rail,Tugboat Engine Service,8,6,43.5,7.05,Cloudy,Night,99.6,264.9
Oil & Gas,Well Servicing,5,8,36.4,2.23,Sunny,Day,107.6,206.0
Marine & Rail,Freight Operations,5,9,47.6,3.74,Sunny,Day,99.6,187.4
Oil & Gas,Gas Compression Service,5,7,26.5,3.83,Cloudy,Night,99.5,187.6
Mining,Surface Excavation,6,8,12.5,7.55,Cloudy,Day,101.5,157.2
Oil & Gas,Pipeline Pumping,5,5,53.2,5.04,Cloudy,Night,88.0,167.8
Data Center Power,Backup Generator Testing,7,8,23.0,2.88,Cloudy,Night,83.4,84.5
Construction,Foundation Work,6,8,43.9,8.29,Sunny,Day,92.1,210.3
Data Center Power,Backup Generator Testing,4,7,19.7,7.36,Cloudy,Day,98.8,66.8
Marine & Rail,Rail Network Inspection,5,8,22.7,5.37,Cloudy,Night,81.1,157.9
Mining,Hauling Ore,5,7,4.1,9.1,Sunny,Night,97.4,108.4
Marine & Rail,Tugboat Engine Service,5,6,55.7,4.05,Sunny,Day,88.5,176.3
Mining,Surface Excavation,8,7,39.0,13.21,Rainy,Day,101.7,268.5
Marine & Rail,Freight Operations,7,7,40.3,4.7,Foggy,Night,96.7,320.3
Construction,Demolition,6,8,50.9,7.93,Rainy,Day,97.8,224.2
Mining,Drilling,6,7,28.9,4.56,Sunny,Day,92.9,211.4
Mining,Surface Excavation,7,7,76.7,4.3,Sunny,Day,91.1,209.2
Data Center Power,Cooling System Inspection,4,6,36.9,4.01,Sunny,Night,80.5,68.3
Marine & Rail,Freight Operations,2,7,55.2,9.65,Sunny,Day,100.9,176.2
Marine & Rail,Freight Operations,5,8,49.8,2.25,Rainy,Day,94.2,226.9
Oil & Gas,Gas Compression Service,6,9,15.5,4.41,Cloudy,Night,99.6,164.9
Marine & Rail,Locomotive Maintenance,8,8,32.8,4.43,Sunny,Night,87.5,268.1
Oil & Gas,Gas Compression Service,4,7,42.9,11.88,Cloudy,Day,102.6,180.9
Data Center Power,Backup Generator Testing,5,6,45.4,5.92,Cloudy,Day,76.8,78.4
Construction,Demolition,6,8,20.5,4.16,Cloudy,Day,92.3,170.5
Mining,Hauling Ore,8,8,52.1,8.61,Sunny,Day,103.4,144.1
Data Center Power,Backup Generator Testing,4,8,46.0,3.94,Cloudy,Night,85.5,68.1
Mining,Drilling,6,9,27.7,3.5,Sunny,Day,100.0,172.4
Data Center Power,Cooling System Inspection,5,9,65.1,6.17,Cloudy,Night,86.8,70.0
Construction,Demolition,5,9,17.1,5.76,Cloudy,Day,92.9,150.0
Construction,Site Preparation,4,8,56.0,8.36,Sunny,Day,101.5,148.3
Data Center Power,Backup Generator Testing,5,6,33.4,4.46,Sunny,Day,74.8,71.7
Oil & Gas,Pipeline Pumping,5,7,12.1,11.62,Sunny,Day,99.2,142.5
Data Center Power,Generator Maintenance,6,6,13.9,5.19,Sunny,Day,83.9,120.3
Oil & Gas,Well Drilling,7,7,2.3,2.68,Cloudy,Day,110.4,382.3
Construction,Excavation,4,8,4.5,9.02,Foggy,Night,96.1,169.0
Mining,Surface Excavation,4,9,36.3,9.39,Sunny,Day,101.6,133.1
Marine & Rail,Freight Operations,6,8,12.6,4.43,Rainy,Day,95.6,237.4
Construction,Foundation Work,6,9,46.4,3.76,Sunny,Day,97.3,193.8
Construction,Demolition,7,8,11.1,6.61,Cloudy,Day,88.6,189.0
Mining,Drilling,6,6,32.5,5.33,Sunny,Day,93.0,228.7
Data Center Power,Cooling System Inspection,3,8,6.6,3.67,Sunny,Day,85.2,51.4
Mining,Surface Excavation,5,4,26.8,2.88,Sunny,Day,95.0,195.8
Construction,Demolition,4,4,33.6,9.38,Cloudy,Night,115.0,297.8
Construction,Excavation,6,6,35.2,6.88,Rainy,Night,100.0,255.1
Marine & Rail,Tugboat Engine Service,7,7,12.5,8.53,Foggy,Night,91.1,247.3
Construction,Road Building,7,7,34.6,10.55,Rainy,Night,103.9,388.5
Mining,Drilling,7,8,26.7,6.9,Sunny,Day,92.5,213.9
Oil & Gas,Well Servicing,4,6,35.7,15.19,Foggy,Day,93.7,262.1
Data Center Power,Cooling System Inspection,6,8,45.1,3.85,Cloudy,Day,91.6,72.5
Construction,Site Preparation,2,7,20.2,3.43,Sunny,Night,104.3,126.5
Construction,Site Preparation,5,7,22.4,8.49,Foggy,Day,90.6,163.0
Construction,Material Loading,4,9,9.7,8.23,Rainy,Day,91.1,64.3
Construction,Foundation Work,8,5,54.2,4.44,Sunny,Day,94.1,335.4
Data Center Power,Cooling System Inspection,4,8,83.1,1.73,Cloudy,Night,77.4,69.9
Marine & Rail,Rail Network Inspection,3,7,11.9,7.1,Sunny,Day,80.9,127.1
Oil & Gas,Well Drilling,4,7,15.8,9.56,Cloudy,Day,88.5,320.4
Data Center Power,Cooling System Inspection,6,6,23.9,6.04,Cloudy,Night,87.5,80.4
Construction,Foundation Work,3,5,46.5,4.99,Sunny,Night,103.6,247.1
Marine & Rail,Locomotive Maintenance,6,10,4.6,10.04,Rainy,Day,94.7,174.6
Mining,Aggregate Collection,7,9,34.8,2.82,Cloudy,Day,104.9,77.2
Construction,Excavation,6,8,8.0,8.9,Rainy,Night,91.0,197.9
Marine & Rail,Freight Operations,4,5,68.7,5.9,Cloudy,Night,97.6,246.3
Mining,Drilling,5,5,20.9,6.32,Sunny,Day,96.7,236.2
Data Center Power,Generator Maintenance,4,9,17.4,1.72,Cloudy,Day,82.3,78.9
Construction,Site Preparation,3,6,19.2,1.99,Rainy,Day,92.5,141.5
Construction,Excavation,6,6,48.5,6.52,Rainy,Day,105.5,249.8
Data Center Power,Emergency Power Deployment,8,4,36.6,12.68,Sunny,Day,107.5,199.3
Oil & Gas,Well Drilling,7,8,20.5,10.88,Sunny,Night,103.6,406.2
Data Center Power,Cooling System Inspection,5,9,11.9,8.44,Cloudy,Night,95.6,67.4
Oil & Gas,Well Drilling,8,8,30.9,2.88,Cloudy,Day,87.4,364.3
Data Center Power,Emergency Power Deployment,4,7,4.0,10.35,Sunny,Day,101.9,98.1
Construction,Material Loading,4,9,41.5,0.8,Cloudy,Day,79.7,53.2
Construction,Road Building,6,5,11.2,13.35,Cloudy,Day,102.5,340.3
Mining,Hauling Ore,6,7,36.9,7.32,Sunny,Day,100.7,115.1
Mining,Aggregate Collection,5,10,9.1,1.8,Sunny,Day,89.4,53.3
Marine & Rail,Tugboat Engine Service,7,6,38.3,7.39,Foggy,Day,80.4,260.9
Data Center Power,Backup Generator Testing,6,9,45.6,1.94,Rainy,Day,73.9,71.8
Mining,Aggregate Collection,6,5,37.6,12.73,Sunny,Day,92.1,83.5
Construction,Material Loading,5,7,53.0,7.48,Cloudy,Day,95.8,67.5
Marine & Rail,Tugboat Engine Service,5,8,33.3,3.85,Foggy,Day,93.7,174.0
Marine & Rail,Tugboat Engine Service,5,9,61.1,12.85,Cloudy,Day,95.1,156.9
Construction,Foundation Work,5,7,14.7,1.52,Sunny,Night,94.8,219.6
Construction,Foundation Work,9,9,26.6,1.72,Sunny,Day,90.0,219.1
Construction,Site Preparation,7,9,8.7,2.19,Sunny,Day,95.4,147.2
Mining,Surface Excavation,7,6,51.9,12.65,Rainy,Day,98.7,271.6
Construction,Material Loading,2,7,25.5,5.11,Cloudy,Day,100.6,51.9
Mining,Aggregate Collection,6,9,27.8,13.24,Sunny,Day,103.6,70.2
Mining,Drilling,6,7,24.0,6.51,Sunny,Night,97.4,238.6
Data Center Power,Emergency Power Deployment,6,9,86.0,4.75,Cloudy,Day,87.6,100.1
Oil & Gas,Pipeline Pumping,6,8,52.5,9.21,Sunny,Night,82.7,164.7
Construction,Road Building,6,8,30.7,1.74,Rainy,Night,99.8,279.1
Marine & Rail,Locomotive Maintenance,4,7,18.3,9.28,Sunny,Day,100.6,192.5
Construction,Foundation Work,5,8,35.3,5.54,Cloudy,Day,86.6,197.7
Data Center Power,Backup Generator Testing,6,6,27.7,1.29,Sunny,Day,78.3,74.0
Construction,Foundation Work,4,9,38.1,7.28,Sunny,Day,95.1,161.4
Construction,Foundation Work,7,8,35.0,16.14,Sunny,Night,92.3,263.1
Oil & Gas,Well Servicing,7,6,37.0,1.96,Cloudy,Day,93.4,275.1
Construction,Foundation Work,5,7,40.5,7.06,Sunny,Day,105.7,228.6
Marine & Rail,Tugboat Engine Service,6,8,30.8,3.05,Sunny,Day,88.0,147.9
Mining,Hauling Ore,3,7,29.5,9.72,Sunny,Day,112.8,107.4
Mining,Surface Excavation,6,3,62.7,13.43,Sunny,Day,95.1,280.5
Marine & Rail,Rail Network Inspection,5,6,30.6,5.53,Sunny,Day,81.2,156.5
Mining,Surface Excavation,4,9,67.7,8.44,Cloudy,Day,102.1,144.9
Data Center Power,Backup Generator Testing,6,9,19.5,2.53,Sunny,Day,81.6,67.5
Construction,Excavation,5,7,33.0,6.16,Sunny,Day,100.7,176.1
Mining,Hauling Ore,4,6,37.1,10.5,Sunny,Day,89.6,106.4
Marine & Rail,Locomotive Maintenance,6,6,19.4,5.07,Sunny,Night,95.2,262.6
Oil & Gas,Pipeline Pumping,7,4,44.8,5.72,Rainy,Night,95.7,212.1
Construction,Material Loading,5,8,17.5,9.05,Foggy,Day,91.9,66.0
Construction,Demolition,4,7,41.9,2.09,Rainy,Night,93.0,197.8
Construction,Road Building,4,8,41.3,2.97,Sunny,Day,93.9,199.5
Marine & Rail,Rail Network Inspection,5,5,55.2,11.18,Foggy,Day,83.3,218.7
Marine & Rail,Freight Operations,4,7,13.8,2.88,Foggy,Night,87.7,237.8
Marine & Rail,Freight Operations,5,7,31.9,11.29,Cloudy,Night,96.2,238.7
Marine & Rail,Freight Operations,8,8,24.5,4.06,Foggy,Day,83.6,286.8
Construction,Foundation Work,6,9,23.4,6.38,Cloudy,Night,88.5,200.8
Data Center Power,Backup Generator Testing,6,7,56.7,0.67,Sunny,Day,85.2,79.2
Marine & Rail,Rail Network Inspection,6,7,16.1,5.82,Cloudy,Night,74.7,172.8
Data Center Power,Backup Generator Testing,5,9,6.4,2.47,Cloudy,Night,77.2,66.3
Data Center Power,Backup Generator Testing,5,7,44.8,2.82,Cloudy,Day,76.2,71.1
Data Center Power,Backup Generator Testing,5,7,10.7,7.4,Sunny,Day,74.4,71.3
Marine & Rail,Rail Network Inspection,4,7,25.1,5.75,Rainy,Day,85.4,155.1
Marine & Rail,Tugboat Engine Service,4,7,42.4,1.28,Foggy,Night,101.3,190.0
Marine & Rail,Locomotive Maintenance,6,8,33.1,5.03,Cloudy,Day,93.7,211.1
Data Center Power,Backup Generator Testing,5,7,52.5,3.65,Rainy,Day,76.6,73.9
Construction,Foundation Work,6,6,27.2,3.6,Cloudy,Night,81.1,266.5
Marine & Rail,Freight Operations,4,5,21.0,1.08,Rainy,Night,113.3,281.9
Construction,Material Loading,4,5,41.9,9.73,Rainy,Day,100.8,78.6
Mining,Drilling,8,10,14.1,3.26,Sunny,Night,95.3,190.3
Oil & Gas,Well Drilling,8,6,58.8,3.29,Sunny,Day,104.9,494.2
Oil & Gas,Well Servicing,6,8,24.0,5.62,Cloudy,Day,101.2,226.4
Marine & Rail,Rail Network Inspection,6,9,10.3,10.47,Foggy,Night,70.5,198.6
Mining,Hauling Ore,6,7,55.6,13.03,Sunny,Day,107.2,137.4
Construction,Demolition,9,9,19.8,2.14,Cloudy,Night,103.5,209.6
Construction,Site Preparation,4,5,36.1,3.78,Sunny,Day,97.0,148.1
Oil & Gas,Well Servicing,7,6,25.8,11.06,Sunny,Night,100.6,333.3
Construction,Road Building,7,10,62.1,4.21,Rainy,Day,96.6,254.5
Mining,Surface Excavation,6,6,48.9,12.52,Sunny,Night,104.9,248.8
Marine & Rail,Rail Network Inspection,5,3,11.7,3.67,Sunny,Day,83.2,170.2
Marine & Rail,Rail Network Inspection,4,8,44.9,4.06,Cloudy,Day,76.2,136.2
Construction,Excavation,5,8,28.6,10.74,Sunny,Day,103.9,178.7
Mining,Drilling,5,8,52.7,7.02,Sunny,Day,100.5,197.7
Marine & Rail,Freight Operations,5,6,24.4,6.83,Cloudy,Day,91.4,220.9
Construction,Foundation Work,6,8,66.6,0.72,Rainy,Night,84.3,263.2
Construction,Foundation Work,5,9,34.4,3.36,Sunny,Night,92.6,183.6
Mining,Drilling,7,8,81.5,3.49,Rainy,Night,100.1,300.6
Mining,Drilling,8,7,28.2,3.34,Sunny,Day,115.0,298.5
Mining,Aggregate Collection,4,8,5.4,8.69,Cloudy,Day,96.0,58.6
Mining,Surface Excavation,5,5,42.8,1.28,Sunny,Night,93.7,197.7
Construction,Demolition,7,5,40.7,2.74,Cloudy,Day,86.3,250.6
Oil & Gas,Well Drilling,7,8,39.1,5.8,Cloudy,Day,107.9,401.0
Oil & Gas,Pipeline Pumping,6,6,64.4,14.42,Foggy,Night,109.9,240.5
Oil & Gas,Well Servicing,6,7,49.2,9.1,Cloudy,Day,91.7,261.1
Data Center Power,Emergency Power Deployment,8,5,20.6,1.77,Sunny,Night,85.5,141.8
Marine & Rail,Tugboat Engine Service,6,8,14.6,7.76,Cloudy,Night,110.4,195.1
Oil & Gas,Well Drilling,4,9,50.0,6.82,Sunny,Night,104.4,303.2
Data Center Power,Backup Generator Testing,5,9,65.6,1.03,Rainy,Night,74.2,74.0
Marine & Rail,Locomotive Maintenance,9,7,56.0,11.31,Rainy,Night,96.2,388.3
Mining,Surface Excavation,5,10,48.0,5.36,Cloudy,Day,94.0,124.1
Data Center Power,Cooling System Inspection,5,5,30.6,9.12,Rainy,Day,97.4,77.2
Construction,Demolition,9,9,45.8,11.17,Sunny,Day,103.3,238.2
Oil & Gas,Gas Compression Service,5,6,55.8,14.28,Cloudy,Day,103.3,229.8
Marine & Rail,Freight Operations,6,4,58.4,2.83,Cloudy,Night,89.2,288.1
Mining,Aggregate Collection,7,7,32.6,8.16,Rainy,Day,99.3,92.9
Construction,Excavation,5,7,66.3,8.51,Sunny,Day,93.2,193.9
Construction,Demolition,7,8,36.2,9.79,Rainy,Day,89.4,246.5
Construction,Foundation Work,7,7,42.8,2.69,Sunny,Day,87.7,247.7
Construction,Material Loading,2,7,5.3,13.89,Sunny,Night,108.3,63.3
Oil & Gas,Well Drilling,6,7,68.3,11.99,Sunny,Night,91.7,440.9
Mining,Aggregate Collection,5,5,28.7,3.01,Cloudy,Day,89.6,71.9
Construction,Demolition,7,9,24.4,7.11,Sunny,Day,91.9,178.3
Oil & Gas,Well Servicing,4,9,40.0,3.4,Sunny,Night,91.1,181.5
Construction,Excavation,7,8,32.2,9.65,Cloudy,Day,101.3,203.4
Mining,Surface Excavation,5,6,73.9,1.01,Cloudy,Day,89.8,178.2
Construction,Foundation Work,5,4,39.1,3.63,Sunny,Day,84.7,256.0
Construction,Demolition,8,8,13.2,4.53,Cloudy,Night,103.3,220.1
Mining,Hauling Ore,3,6,63.3,6.1,Rainy,Night,92.0,121.8
Construction,Foundation Work,5,9,16.2,5.89,Foggy,Day,81.8,176.6
Oil & Gas,Pipeline Pumping,7,7,6.3,5.32,Sunny,Day,102.2,160.3
Oil & Gas,Well Servicing,8,7,19.9,0.89,Cloudy,Night,82.9,277.0
Data Center Power,Emergency Power Deployment,5,7,32.6,8.09,Sunny,Day,86.7,104.4
Data Center Power,Cooling System Inspection,4,8,39.9,5.81,Sunny,Night,77.2,64.3
Marine & Rail,Freight Operations,8,6,41.0,8.21,Rainy,Day,95.5,324.2
Construction,Foundation Work,4,7,22.7,1.65,Sunny,Day,88.7,187.7
Data Center Power,Generator Maintenance,7,7,46.4,5.41,Sunny,Day,86.2,137.7
Construction,Excavation,6,9,16.4,14.02,Sunny,Day,115.0,196.1
Oil & Gas,Well Servicing,6,8,23.8,7.61,Rainy,Night,83.0,275.2
Mining,Surface Excavation,5,6,66.0,6.17,Cloudy,Day,103.6,198.0
Mining,Drilling,5,6,19.9,5.93,Rainy,Night,92.9,273.3
Construction,Foundation Work,6,6,27.9,7.83,Sunny,Day,95.0,252.6
Construction,Site Preparation,5,8,18.5,7.8,Rainy,Day,96.6,169.2
Construction,Demolition,5,8,33.9,13.42,Foggy,Day,91.8,190.5
Mining,Aggregate Collection,4,9,82.5,1.91,Sunny,Night,93.8,67.0
Oil & Gas,Well Servicing,5,8,24.3,11.17,Sunny,Day,99.8,213.6
Mining,Surface Excavation,6,8,56.6,9.46,Rainy,Night,93.5,222.4
Oil & Gas,Well Drilling,8,7,60.3,9.16,Cloudy,Night,88.8,525.6
Construction,Foundation Work,9,8,18.1,7.08,Cloudy,Night,89.0,282.5
Marine & Rail,Locomotive Maintenance,5,10,36.6,3.89,Sunny,Day,104.5,162.9
Mining,Hauling Ore,5,8,12.4,3.28,Rainy,Day,88.6,104.9
Marine & Rail,Freight Operations,8,9,35.5,5.12,Sunny,Day,98.3,240.5
Construction,Excavation,8,7,49.7,5.9,Sunny,Day,91.5,232.7
Data Center Power,Backup Generator Testing,5,7,21.5,11.9,Cloudy,Night,103.2,79.4
Marine & Rail,Freight Operations,5,7,17.5,11.56,Rainy,Day,108.7,255.6
Oil & Gas,Well Servicing,8,6,15.6,11.94,Sunny,Night,102.1,340.5
Mining,Hauling Ore,7,6,11.7,4.62,Rainy,Night,104.2,157.1
Marine & Rail,Locomotive Maintenance,8,6,37.9,4.8,Sunny,Night,84.8,320.9
Data Center Power,Backup Generator Testing,4,7,15.0,6.22,Sunny,Night,90.6,68.5
Data Center Power,Generator Maintenance,5,9,35.4,1.88,Cloudy,Night,100.8,99.5
Marine & Rail,Freight Operations,4,7,50.2,12.14,Rainy,Day,93.5,232.9
Oil & Gas,Pipeline Pumping,3,4,40.6,6.74,Sunny,Day,88.6,138.0
Data Center Power,Backup Generator Testing,6,5,57.7,3.7,Sunny,Night,76.6,92.4
Construction,Road Building,6,7,56.8,1.72,Sunny,Day,105.0,275.7
Oil & Gas,Gas Compression Service,4,6,28.9,6.73,Sunny,Day,94.8,174.5
Construction,Foundation Work,7,8,16.6,5.02,Sunny,Day,98.7,216.8
Marine & Rail,Locomotive Maintenance,7,10,33.1,4.26,Sunny,Day,89.5,173.0
Construction,Foundation Work,3,9,54.7,1.87,Rainy,Day,90.3,176.5
Oil & Gas,Gas Compression Service,5,6,64.2,13.89,Sunny,Night,100.9,234.8
Construction,Material Loading,4,6,28.2,3.17,Rainy,Day,94.6,68.7
Mining,Surface Excavation,6,7,32.0,0.37,Cloudy,Day,100.9,165.4
Mining,Surface Excavation,6,8,25.7,2.23,Sunny,Night,87.2,160.0
Mining,Hauling Ore,6,8,10.8,8.43,Cloudy,Day,99.5,108.4
Marine & Rail,Locomotive Maintenance,6,8,11.4,11.09,Sunny,Day,99.7,218.0
Construction,Excavation,6,6,11.5,2.43,Sunny,Day,90.1,182.7
Mining,Hauling Ore,8,9,12.4,7.83,Rainy,Day,99.1,132.8
Construction,Site Preparation,2,6,8.9,8.14,Rainy,Day,112.3,163.8
Marine & Rail,Tugboat Engine Service,6,5,38.8,7.79,Cloudy,Night,92.2,235.0
Mining,Hauling Ore,7,6,30.5,4.6,Sunny,Night,99.6,131.6
Mining,Hauling Ore,6,7,60.9,4.17,Sunny,Night,93.5,125.4
Oil & Gas,Pipeline Pumping,4,9,30.8,12.97,Sunny,Day,99.1,131.0
Construction,Excavation,5,8,14.6,12.67,Sunny,Day,89.0,164.6
Marine & Rail,Rail Network Inspection,7,10,25.9,7.5,Cloudy,Day,78.3,160.9
Construction,Foundation Work,7,7,31.4,1.43,Foggy,Night,82.1,264.8
Data Center Power,Emergency Power Deployment,6,9,26.8,1.22,Rainy,Night,81.5,90.5
Mining,Surface Excavation,8,7,32.9,2.16,Cloudy,Day,94.7,200.2
Marine & Rail,Locomotive Maintenance,8,8,45.8,4.05,Cloudy,Day,91.9,251.6
Construction,Material Loading,7,10,50.0,2.4,Cloudy,Night,98.3,72.8
Construction,Site Preparation,6,4,28.6,3.51,Sunny,Day,93.9,179.1
Data Center Power,Emergency Power Deployment,8,9,19.2,4.52,Sunny,Day,93.0,99.7
Oil & Gas,Well Servicing,7,6,21.4,3.23,Rainy,Day,89.7,307.5
Mining,Drilling,9,6,34.0,0.31,Cloudy,Day,105.4,300.6
Mining,Surface Excavation,7,10,41.8,10.64,Cloudy,Night,98.7,174.3
Data Center Power,Emergency Power Deployment,5,7,41.2,6.55,Cloudy,Day,99.9,105.0
Marine & Rail,Rail Network Inspection,6,8,29.2,7.37,Cloudy,Day,92.6,163.2
Data Center Power,Cooling System Inspection,5,7,62.8,3.8,Sunny,Day,74.9,66.7
Oil & Gas,Well Drilling,8,6,71.7,7.98,Sunny,Day,111.6,592.8
Mining,Aggregate Collection,5,7,7.7,7.62,Sunny,Day,103.9,66.0
Data Center Power,Emergency Power Deployment,6,8,80.7,5.59,Rainy,Night,89.2,124.0
Marine & Rail,Freight Operations,4,8,48.3,8.74,Sunny,Day,89.2,186.4
Mining,Hauling Ore,5,9,6.6,5.23,Cloudy,Day,91.8,89.5
Oil & Gas,Gas Compression Service,6,6,68.9,6.76,Sunny,Day,97.1,216.6
Oil & Gas,Gas Compression Service,7,6,12.3,7.89,Sunny,Day,107.5,230.5
Construction,Road Building,6,8,81.8,4.19,Sunny,Day,95.9,255.2
Mining,Aggregate Collection,6,9,75.4,2.56,Sunny,Day,101.7,74.2
Data Center Power,Generator Maintenance,5,8,29.5,0.95,Cloudy,Night,91.5,101.5
Marine & Rail,Tugboat Engine Service,7,6,54.2,4.29,Cloudy,Night,91.2,244.3
Marine & Rail,Freight Operations,4,7,58.5,6.97,Cloudy,Day,94.7,208.5
Mining,Hauling Ore,6,7,38.0,4.37,Rainy,Day,96.0,130.4
Oil & Gas,Well Drilling,6,7,83.9,8.41,Sunny,Day,115.0,486.2
Oil & Gas,Well Servicing,10,8,52.0,2.14,Sunny,Day,98.8,308.6
Mining,Aggregate Collection,4,7,8.3,7.99,Rainy,Day,96.0,70.5
Construction,Site Preparation,4,9,57.2,3.92,Sunny,Night,92.1,143.9
Construction,Demolition,6,9,83.6,8.44,Rainy,Day,96.2,221.5
Construction,Road Building,5,9,16.6,0.54,Foggy,Day,105.0,198.4
Data Center Power,Emergency Power Deployment,6,8,69.7,1.22,Foggy,Night,90.2,115.6
Data Center Power,Cooling System Inspection,3,7,30.4,2.8,Cloudy,Day,81.0,56.8
Oil & Gas,Pipeline Pumping,6,10,30.0,13.93,Cloudy,Day,107.2,162.0
Mining,Aggregate Collection,3,6,83.0,2.82,Rainy,Day,96.7,73.2
Mining,Hauling Ore,3,6,78.0,8.83,Sunny,Day,99.9,104.7
Marine & Rail,Tugboat Engine Service,7,6,56.5,6.07,Sunny,Day,106.0,230.4
Construction,Excavation,8,7,75.2,7.94,Cloudy,Day,95.1,269.3
Marine & Rail,Locomotive Maintenance,6,9,13.6,16.76,Sunny,Night,89.6,229.1
Mining,Surface Excavation,4,9,17.4,0.82,Sunny,Day,99.1,117.4
Oil & Gas,Well Drilling,7,7,88.0,5.93,Cloudy,Day,99.8,464.3
Construction,Demolition,4,9,56.7,4.82,Cloudy,Night,95.8,162.5
Construction,Excavation,5,9,41.4,4.05,Rainy,Day,100.8,161.5
Data Center Power,Cooling System Inspection,3,9,61.8,4.71,Sunny,Day,76.3,53.5
Data Center Power,Cooling System Inspection,4,9,66.2,13.36,Rainy,Day,85.9,66.9
Marine & Rail,Freight Operations,5,9,57.5,11.1,Cloudy,Day,107.5,221.5
Oil & Gas,Pipeline Pumping,6,8,8.8,9.65,Sunny,Day,91.8,145.1
Data Center Power,Backup Generator Testing,7,6,23.6,3.14,Sunny,Night,86.9,92.5
Mining,Drilling,6,4,39.2,6.01,Cloudy,Day,98.3,288.5
Marine & Rail,Freight Operations,5,6,4.6,8.8,Sunny,Day,99.8,215.5
Marine & Rail,Freight Operations,7,7,36.0,6.41,Foggy,Night,92.4,313.5
Data Center Power,Generator Maintenance,8,9,23.2,2.21,Sunny,Night,84.5,115.0
Construction,Excavation,6,10,27.4,1.29,Sunny,Day,94.9,128.0
Data Center Power,Backup Generator Testing,2,6,40.0,6.17,Foggy,Day,91.1,64.2
Oil & Gas,Well Drilling,7,8,14.3,16.33,Sunny,Day,102.4,385.1
Mining,Surface Excavation,5,8,35.5,10.67,Rainy,Day,99.2,175.8
Marine & Rail,Freight Operations,6,7,51.1,3.61,Rainy,Day,87.2,269.5
Data Center Power,Generator Maintenance,7,7,28.6,3.29,Sunny,Day,82.3,124.2
Mining,Surface Excavation,4,7,6.4,4.59,Cloudy,Day,91.7,145.6
Mining,Hauling Ore,4,9,65.9,2.25,Sunny,Night,102.7,98.8
Marine & Rail,Tugboat Engine Service,4,9,29.6,3.11,Foggy,Day,95.7,148.6
Oil & Gas,Well Servicing,7,6,51.1,3.42,Sunny,Day,98.1,297.8
Marine & Rail,Tugboat Engine Service,6,9,21.3,6.83,Foggy,Day,100.0,176.8
Construction,Demolition,6,5,19.3,2.41,Sunny,Night,110.7,261.4
Marine & Rail,Locomotive Maintenance,7,8,74.4,5.88,Sunny,Day,90.4,255.4
Data Center Power,Cooling System Inspection,6,8,45.4,10.3,Cloudy,Night,91.9,83.5
Marine & Rail,Freight Operations,5,4,52.8,7.48,Sunny,Night,101.2,271.1
Marine & Rail,Tugboat Engine Service,8,9,14.6,8.86,Cloudy,Day,87.2,166.7
Construction,Material Loading,5,6,13.7,6.33,Sunny,Day,99.1,62.9
Marine & Rail,Locomotive Maintenance,7,8,31.7,4.53,Sunny,Day,94.7,226.0
Marine & Rail,Locomotive Maintenance,6,8,21.1,12.41,Cloudy,Day,92.5,233.3
Oil & Gas,Pipeline Pumping,4,5,40.1,9.97,Cloudy,Day,100.9,156.4
Data Center Power,Cooling System Inspection,4,8,13.4,1.81,Cloudy,Day,70.3,55.2
Construction,Site Preparation,7,8,18.2,0.63,Sunny,Day,102.0,156.7
Mining,Drilling,8,9,2.6,3.98,Sunny,Day,113.6,210.2
Mining,Drilling,4,8,46.2,2.61,Rainy,Day,90.1,191.2
Oil & Gas,Pipeline Pumping,5,8,60.7,4.5,Cloudy,Night,78.8,146.9
Oil & Gas,Well Servicing,6,7,20.2,12.88,Sunny,Day,106.1,285.7
Oil & Gas,Well Servicing,6,7,35.4,4.57,Rainy,Night,95.4,289.5
Data Center Power,Generator Maintenance,7,7,43.1,5.21,Sunny,Day,98.2,135.3
Mining,Surface Excavation,6,6,4.3,3.95,Foggy,Day,99.0,188.8
Construction,Site Preparation,5,8,47.3,3.49,Cloudy,Night,87.8,157.8
Marine & Rail,Tugboat Engine Service,4,6,47.1,0.5,Sunny,Day,89.5,155.0
Mining,Aggregate Collection,5,6,9.0,8.12,Sunny,Day,96.6,67.9
Mining,Surface Excavation,7,6,73.7,2.57,Rainy,Night,103.1,275.6
Mining,Drilling,6,10,34.5,11.45,Rainy,Night,86.0,213.6
Oil & Gas,Pipeline Pumping,6,7,22.1,15.77,Sunny,Day,92.6,171.2
Mining,Drilling,8,7,24.9,5.17,Sunny,Day,87.0,249.1
Oil & Gas,Pipeline Pumping,6,5,30.9,6.17,Cloudy,Day,90.6,168.3
Construction,Excavation,3,7,49.0,7.51,Cloudy,Day,106.1,169.6
Construction,Material Loading,6,8,14.8,3.47,Foggy,Day,96.1,63.4
Construction,Foundation Work,5,7,8.5,8.74,Rainy,Night,90.2,253.5
Data Center Power,Backup Generator Testing,5,6,27.8,5.99,Cloudy,Day,87.5,73.3
Oil & Gas,Well Servicing,5,9,42.0,10.16,Sunny,Day,86.6,193.9
Marine & Rail,Locomotive Maintenance,6,8,75.5,13.28,Sunny,Day,94.4,256.6
Data Center Power,Emergency Power Deployment,6,7,33.2,3.79,Cloudy,Day,82.0,107.9
Data Center Power,Backup Generator Testing,4,7,54.3,3.56,Sunny,Day,83.6,68.2
Construction,Excavation,5,8,24.5,2.66,Sunny,Day,87.8,150.4
Construction,Road Building,7,9,34.5,8.07,Sunny,Night,115.0,311.0
Mining,Surface Excavation,5,8,18.0,3.75,Rainy,Day,112.5,184.7
Data Center Power,Emergency Power Deployment,5,9,25.4,2.32,Sunny,Day,91.7,76.9
Data Center Power,Cooling System Inspection,4,9,26.4,3.41,Cloudy,Night,78.3,61.5
Data Center Power,Backup Generator Testing,6,7,31.5,1.6,Sunny,Night,80.2,80.2
Construction,Excavation,7,9,40.0,6.46,Rainy,Day,96.4,194.5
Marine & Rail,Locomotive Maintenance,8,8,2.2,0.59,Sunny,Night,88.5,220.1
Oil & Gas,Well Drilling,10,9,32.9,6.3,Rainy,Day,89.5,442.1
Marine & Rail,Locomotive Maintenance,6,9,57.4,1.61,Rainy,Day,84.4,192.3
Marine & Rail,Locomotive Maintenance,4,7,68.1,10.87,Sunny,Night,98.1,246.0
Marine & Rail,Freight Operations,3,6,68.3,8.01,Rainy,Night,108.6,265.2
Data Center Power,Emergency Power Deployment,8,7,29.6,4.49,Cloudy,Day,95.1,128.6
Mining,Hauling Ore,6,7,65.2,0.96,Rainy,Day,86.1,129.3
Construction,Foundation Work,9,9,45.2,5.62,Foggy,Day,90.5,268.3
Mining,Aggregate Collection,3,6,72.5,2.94,Cloudy,Night,101.8,70.9
Construction,Demolition,7,6,54.3,2.98,Sunny,Day,90.9,236.9
Mining,Drilling,8,9,83.2,0.4,Foggy,Day,91.0,239.4
Marine & Rail,Locomotive Maintenance,6,7,48.7,8.42,Sunny,Night,95.7,272.6
Data Center Power,Emergency Power Deployment,9,5,20.8,13.26,Cloudy,Day,94.5,180.4
Data Center Power,Generator Maintenance,7,5,29.5,7.06,Sunny,Night,95.4,169.4
Data Center Power,Emergency Power Deployment,8,9,21.6,6.08,Sunny,Day,89.6,102.0
Marine & Rail,Tugboat Engine Service,8,9,28.6,7.3,Cloudy,Night,92.1,188.1
Marine & Rail,Freight Operations,6,9,55.4,7.47,Cloudy,Day,101.6,219.7
Mining,Surface Excavation,5,8,44.4,11.66,Sunny,Night,99.2,179.1
Data Center Power,Backup Generator Testing,7,8,15.4,5.26,Cloudy,Night,75.3,82.8
Mining,Surface Excavation,5,9,28.1,8.07,Rainy,Day,109.6,177.0
Construction,Material Loading,4,10,51.8,6.4,Cloudy,Day,100.6,56.9
Data Center Power,Generator Maintenance,6,8,31.8,1.53,Cloudy,Night,100.0,116.1
Oil & Gas,Pipeline Pumping,5,9,75.1,7.11,Rainy,Night,91.1,157.9
Oil & Gas,Pipeline Pumping,2,8,48.3,8.42,Sunny,Day,96.6,115.8
Marine & Rail,Tugboat Engine Service,5,5,31.4,14.94,Sunny,Day,104.4,225.3
Construction,Foundation Work,7,6,22.5,5.48,Cloudy,Night,79.5,278.1
Data Center Power,Cooling System Inspection,4,7,56.6,2.7,Cloudy,Night,84.8,68.7
Construction,Material Loading,6,9,41.6,0.38,Rainy,Day,87.6,69.3
Construction,Demolition,6,5,37.3,5.96,Sunny,Day,90.8,237.3
Oil & Gas,Well Servicing,7,4,47.8,2.66,Cloudy,Night,103.7,376.2
Construction,Road Building,6,9,56.0,1.99,Sunny,Day,96.9,211.7
Data Center Power,Generator Maintenance,3,6,12.7,1.77,Sunny,Night,88.2,98.1
Mining,Drilling,5,5,58.6,12.18,Sunny,Day,105.3,280.7
Data Center Power,Emergency Power Deployment,7,9,44.6,3.07,Sunny,Day,100.7,97.3
Oil & Gas,Pipeline Pumping,7,8,41.6,11.06,Sunny,Night,102.0,186.0
Construction,Road Building,5,3,26.0,3.45,Sunny,Day,111.5,360.4
Marine & Rail,Tugboat Engine Service,6,6,6.3,11.41,Foggy,Night,105.0,271.7
Construction,Site Preparation,8,6,35.5,1.3,Sunny,Day,78.8,188.6
Oil & Gas,Gas Compression Service,6,9,63.1,9.76,Cloudy,Day,104.8,191.4
Oil & Gas,Well Servicing,4,6,47.2,6.21,Sunny,Day,89.4,227.2
Oil & Gas,Well Drilling,6,9,64.2,2.32,Cloudy,Day,88.1,296.4
Marine & Rail,Locomotive Maintenance,7,5,8.7,7.98,Sunny,Day,91.7,276.7
Oil & Gas,Well Drilling,10,7,29.4,3.44,Cloudy,Day,96.2,482.6
Mining,Drilling,9,5,55.7,6.69,Sunny,Day,93.6,366.9
Data Center Power,Generator Maintenance,7,7,7.4,9.88,Sunny,Day,104.2,128.6
Data Center Power,Backup Generator Testing,5,5,35.1,2.97,Sunny,Day,74.5,75.3
Marine & Rail,Locomotive Maintenance,4,6,37.9,4.66,Cloudy,Night,88.8,233.0
Data Center Power,Backup Generator Testing,4,10,90.3,6.53,Sunny,Night,88.8,71.8
Marine & Rail,Locomotive Maintenance,5,6,44.5,7.02,Rainy,Day,98.0,241.0
Data Center Power,Emergency Power Deployment,6,8,69.8,8.31,Sunny,Day,99.3,110.8
Oil & Gas,Pipeline Pumping,7,8,16.2,2.78,Sunny,Day,84.9,137.1
Oil & Gas,Well Drilling,8,7,27.3,9.27,Rainy,Day,93.0,487.7
Data Center Power,Cooling System Inspection,7,8,54.1,2.58,Sunny,Night,82.9,83.0
Mining,Surface Excavation,4,10,21.3,9.18,Rainy,Day,95.5,129.4
Construction,Excavation,8,7,41.7,7.84,Foggy,Day,95.9,244.1
Construction,Excavation,7,9,55.6,9.6,Sunny,Day,86.7,187.5
Oil & Gas,Pipeline Pumping,7,2,43.9,6.14,Sunny,Night,89.5,225.7
Data Center Power,Cooling System Inspection,4,7,85.3,0.9,Cloudy,Day,80.1,65.4
Oil & Gas,Well Servicing,4,6,19.8,15.61,Cloudy,Night,101.7,287.2
Marine & Rail,Locomotive Maintenance,5,9,3.0,5.23,Sunny,Night,97.0,175.4
Mining,Surface Excavation,4,9,33.5,1.57,Sunny,Night,94.5,124.3
Oil & Gas,Pipeline Pumping,5,8,75.3,7.9,Sunny,Night,97.4,165.1
Mining,Surface Excavation,5,9,36.2,4.92,Sunny,Day,97.0,132.4
Mining,Hauling Ore,6,5,41.3,5.8,Sunny,Day,96.0,126.9
Data Center Power,Cooling System Inspection,5,7,54.1,2.66,Cloudy,Night,88.5,72.4
Construction,Foundation Work,4,7,22.7,10.09,Sunny,Day,95.5,205.2
Oil & Gas,Well Drilling,6,9,78.4,5.28,Sunny,Day,98.4,319.8
Oil & Gas,Pipeline Pumping,6,9,15.6,7.56,Sunny,Day,92.3,134.6
Oil & Gas,Pipeline Pumping,8,6,68.7,4.03,Sunny,Day,77.2,203.6
Marine & Rail,Locomotive Maintenance,8,7,45.6,4.77,Sunny,Night,93.7,306.2
Mining,Aggregate Collection,5,6,39.7,1.83,Sunny,Day,93.1,68.5
Marine & Rail,Tugboat Engine Service,5,5,47.9,2.27,Cloudy,Day,91.0,189.1
Construction,Material Loading,6,9,52.5,10.53,Sunny,Night,92.0,78.0
Data Center Power,Backup Generator Testing,5,7,37.7,6.93,Sunny,Day,79.3,71.9
Data Center Power,Emergency Power Deployment,7,9,28.2,4.49,Sunny,Day,97.2,96.0
Data Center Power,Generator Maintenance,6,7,50.5,5.24,Sunny,Day,95.6,123.4
Construction,Material Loading,5,4,35.8,12.21,Cloudy,Day,98.2,80.8
Oil & Gas,Well Drilling,8,5,27.3,8.41,Sunny,Night,100.1,542.4
Marine & Rail,Tugboat Engine Service,6,8,20.0,4.51,Cloudy,Night,87.2,169.0
Data Center Power,Backup Generator Testing,6,8,34.7,3.26,Sunny,Day,79.6,73.4
Data Center Power,Cooling System Inspection,5,6,22.3,4.03,Sunny,Night,91.9,73.4
Mining,Drilling,5,6,61.7,9.72,Sunny,Night,94.2,262.9
Data Center Power,Backup Generator Testing,4,7,31.7,5.21,Sunny,Day,84.8,64.8
Mining,Aggregate Collection,4,9,27.8,1.88,Rainy,Night,88.4,68.9
Marine & Rail,Tugboat Engine Service,5,8,79.1,14.47,Rainy,Day,90.1,184.3
Mining,Hauling Ore,5,6,39.5,6.28,Rainy,Night,103.4,142.4
Mining,Aggregate Collection,7,7,38.6,11.37,Sunny,Day,111.8,95.0
Marine & Rail,Freight Operations,7,9,54.2,3.51,Foggy,Day,100.9,279.2
Mining,Drilling,7,5,43.7,4.33,Cloudy,Day,92.4,286.4
Marine & Rail,Rail Network Inspection,4,6,23.0,8.38,Cloudy,Night,82.7,162.2
Oil & Gas,Pipeline Pumping,7,6,26.1,11.31,Sunny,Night,106.4,214.1
Marine & Rail,Locomotive Maintenance,6,8,24.7,10.48,Cloudy,Day,90.9,222.1
Data Center Power,Generator Maintenance,3,8,16.8,3.41,Sunny,Day,89.2,81.1
Construction,Demolition,7,7,58.6,1.94,Rainy,Day,94.1,244.0
Construction,Excavation,4,7,17.3,6.06,Foggy,Night,107.3,196.6
Marine & Rail,Locomotive Maintenance,3,6,35.5,13.29,Cloudy,Night,89.6,244.3
Marine & Rail,Tugboat Engine Service,6,10,10.3,6.04,Cloudy,Night,90.2,133.9
Construction,Foundation Work,6,7,28.3,3.99,Rainy,Night,87.5,272.5
Mining,Surface Excavation,8,5,27.4,13.67,Rainy,Day,94.5,310.7
Oil & Gas,Pipeline Pumping,4,8,26.8,4.48,Sunny,Day,84.6,120.0
Marine & Rail,Tugboat Engine Service,4,4,31.6,9.1,Sunny,Day,90.7,200.1
Marine & Rail,Locomotive Maintenance,4,7,29.2,2.49,Foggy,Day,89.1,193.1
Construction,Demolition,7,6,34.1,4.37,Sunny,Day,103.0,240.4
Mining,Surface Excavation,6,6,21.5,7.49,Cloudy,Day,115.0,233.2
Mining,Surface Excavation,7,7,36.4,9.84,Sunny,Day,103.2,214.7
Oil & Gas,Gas Compression Service,8,9,12.1,8.07,Cloudy,Day,88.7,175.3
Mining,Aggregate Collection,2,9,10.4,8.55,Sunny,Night,94.0,49.4
Data Center Power,Backup Generator Testing,6,6,28.0,2.25,Sunny,Day,72.3,77.1
Oil & Gas,Gas Compression Service,7,7,59.3,2.5,Sunny,Day,91.2,207.9
Construction,Foundation Work,4,6,20.5,3.68,Rainy,Night,94.8,252.7
Marine & Rail,Freight Operations,8,8,54.2,10.72,Sunny,Day,93.9,286.8
Mining,Hauling Ore,6,8,70.2,13.85,Sunny,Day,100.7,124.4
Mining,Surface Excavation,5,8,33.2,1.21,Sunny,Day,97.0,138.9
Construction,Site Preparation,4,8,73.0,7.91,Cloudy,Day,102.3,149.7
Marine & Rail,Freight Operations,4,6,23.7,4.73,Sunny,Night,99.8,207.0
Data Center Power,Emergency Power Deployment,5,7,55.1,8.71,Sunny,Day,93.8,111.0
Oil & Gas,Pipeline Pumping,7,9,76.9,2.19,Sunny,Night,96.5,180.1
Data Center Power,Emergency Power Deployment,6,8,27.5,6.05,Sunny,Day,92.3,98.6
Data Center Power,Backup Generator Testing,4,9,91.3,11.25,Cloudy,Day,87.4,72.1
Data Center Power,Emergency Power Deployment,4,7,19.5,10.62,Cloudy,Night,96.4,106.5
Construction,Foundation Work,7,5,33.9,5.05,Cloudy,Day,81.9,298.2
Oil & Gas,Well Drilling,6,6,44.3,1.14,Foggy,Day,100.8,382.5
Oil & Gas,Gas Compression Service,3,9,45.8,5.35,Sunny,Day,100.1,125.9
Mining,Aggregate Collection,4,8,25.4,5.4,Sunny,Day,86.9,57.8
Marine & Rail,Tugboat Engine Service,4,8,73.6,6.01,Sunny,Day,83.3,145.3
Construction,Demolition,4,8,71.7,8.42,Cloudy,Day,94.3,180.9
Construction,Foundation Work,7,9,30.5,9.68,Sunny,Day,90.1,205.5
Data Center Power,Backup Generator Testing,8,7,56.7,7.52,Sunny,Night,92.4,108.1
Oil & Gas,Well Servicing,7,9,68.3,9.64,Cloudy,Day,98.2,254.1
Mining,Aggregate Collection,5,8,59.9,11.76,Rainy,Day,115.0,93.5
Marine & Rail,Tugboat Engine Service,8,9,50.4,9.51,Sunny,Day,100.8,197.2
Oil & Gas,Gas Compression Service,9,7,47.5,1.35,Cloudy,Day,94.0,235.5
Mining,Surface Excavation,8,8,52.9,7.79,Sunny,Day,104.9,218.8
Data Center Power,Generator Maintenance,5,9,9.7,2.68,Rainy,Day,86.1,84.7
Marine & Rail,Freight Operations,4,8,71.2,2.67,Sunny,Day,97.1,193.2
Construction,Demolition,6,8,69.2,8.38,Sunny,Day,99.4,192.9
Construction,Road Building,6,6,28.7,12.17,Foggy,Day,105.8,347.8
Marine & Rail,Tugboat Engine Service,7,7,33.9,0.32,Foggy,Day,92.1,208.5
Construction,Material Loading,3,8,14.6,3.76,Sunny,Day,85.9,48.8
Marine & Rail,Locomotive Maintenance,5,8,56.3,14.43,Cloudy,Day,89.4,236.3
Oil & Gas,Pipeline Pumping,6,10,44.7,6.26,Cloudy,Day,94.7,138.5
Construction,Foundation Work,5,6,19.6,12.05,Rainy,Day,103.2,278.5
Mining,Hauling Ore,5,8,12.8,5.28,Sunny,Day,96.7,93.4
Data Center Power,Emergency Power Deployment,6,9,48.3,5.36,Sunny,Day,101.7,95.9
Oil & Gas,Well Servicing,9,9,9.0,8.13,Cloudy,Day,95.7,246.8
Construction,Material Loading,3,10,36.7,3.33,Rainy,Day,101.2,56.8
Oil & Gas,Pipeline Pumping,3,6,20.1,3.19,Cloudy,Night,89.0,128.3
Mining,Aggregate Collection,4,6,41.2,13.51,Rainy,Day,106.0,85.1
Data Center Power,Cooling System Inspection,3,8,29.5,2.95,Sunny,Day,81.8,53.1
Marine & Rail,Tugboat Engine Service,5,8,59.6,13.53,Sunny,Day,84.8,166.3
Construction,Foundation Work,5,8,23.6,4.72,Cloudy,Day,93.3,192.7
Mining,Surface Excavation,5,7,48.4,7.19,Cloudy,Night,96.5,182.0
Oil & Gas,Well Servicing,5,8,34.4,1.91,Cloudy,Night,85.4,211.4
Mining,Drilling,5,9,22.5,1.76,Rainy,Day,99.9,182.7
Mining,Drilling,4,8,37.1,1.92,Rainy,Day,78.6,184.6
Marine & Rail,Freight Operations,7,10,28.7,8.55,Sunny,Day,97.3,214.8
Mining,Surface Excavation,6,6,27.7,5.18,Foggy,Night,104.6,220.6
Mining,Surface Excavation,6,5,65.3,3.29,Sunny,Night,95.0,229.3
Mining,Surface Excavation,4,8,25.5,8.52,Sunny,Day,94.7,143.7
Data Center Power,Backup Generator Testing,5,10,3.9,2.68,Cloudy,Day,70.0,58.7
Construction,Demolition,6,9,61.5,4.46,Sunny,Day,97.4,170.8
Data Center Power,Backup Generator Testing,6,7,25.1,4.07,Sunny,Day,70.0,74.5
Construction,Demolition,5,6,26.4,0.61,Sunny,Day,89.0,184.8
Oil & Gas,Well Servicing,5,6,73.0,4.69,Foggy,Day,87.3,266.5
Oil & Gas,Well Servicing,8,4,40.8,3.5,Sunny,Night,83.2,389.5
Oil & Gas,Pipeline Pumping,7,7,33.6,12.1,Sunny,Day,91.6,181.0
Marine & Rail,Freight Operations,4,9,24.7,12.98,Sunny,Night,101.7,199.9
Construction,Foundation Work,7,7,58.1,7.63,Sunny,Night,86.2,295.4
Oil & Gas,Well Servicing,5,7,50.2,14.46,Rainy,Night,84.8,308.6
Construction,Road Building,6,8,18.3,11.91,Sunny,Day,100.2,254.4
Data Center Power,Cooling System Inspection,5,7,29.2,6.14,Sunny,Day,88.3,66.4
Mining,Drilling,6,7,35.8,5.81,Sunny,Day,99.6,225.1
Construction,Site Preparation,6,9,45.4,14.92,Sunny,Day,98.2,175.6
Marine & Rail,Locomotive Maintenance,4,7,41.8,6.61,Sunny,Night,81.8,219.7
Construction,Foundation Work,8,9,23.0,4.99,Rainy,Night,87.6,258.4
Mining,Drilling,5,9,11.2,5.16,Sunny,Night,89.8,171.9
Oil & Gas,Gas Compression Service,5,8,6.9,6.83,Sunny,Night,98.1,161.8
Marine & Rail,Freight Operations,7,8,22.8,9.7,Sunny,Night,104.3,266.4
Marine & Rail,Locomotive Maintenance,6,9,67.3,2.4,Sunny,Night,90.4,212.9
Oil & Gas,Gas Compression Service,8,7,17.4,13.27,Sunny,Day,101.7,234.6
Data Center Power,Backup Generator Testing,4,6,35.8,4.62,Sunny,Night,91.1,76.9
Mining,Drilling,8,5,32.2,7.95,Sunny,Night,109.2,367.3
Construction,Demolition,6,8,54.5,3.04,Foggy,Day,98.4,186.8
Marine & Rail,Freight Operations,5,4,39.1,12.84,Cloudy,Night,92.5,267.2
Data Center Power,Backup Generator Testing,6,8,27.3,6.64,Sunny,Night,85.8,76.6
Mining,Hauling Ore,5,6,92.8,10.98,Sunny,Day,101.5,124.3
Oil & Gas,Well Drilling,10,8,39.3,4.77,Sunny,Day,114.0,519.0
Mining,Drilling,8,7,20.3,9.84,Sunny,Day,107.0,276.5
Data Center Power,Backup Generator Testing,5,9,66.4,5.74,Sunny,Night,81.2,72.7
Construction,Excavation,8,7,12.4,5.42,Sunny,Day,92.5,200.1
Mining,Hauling Ore,5,9,77.0,14.88,Rainy,Day,92.6,133.4
Data Center Power,Backup Generator Testing,8,7,35.7,5.57,Cloudy,Day,78.5,92.5
Data Center Power,Emergency Power Deployment,7,8,29.9,2.82,Sunny,Day,90.6,104.0
Oil & Gas,Pipeline Pumping,5,6,10.4,7.04,Rainy,Night,92.1,152.1
Data Center Power,Cooling System Inspection,4,8,6.5,5.27,Sunny,Day,85.5,56.0
Marine & Rail,Locomotive Maintenance,5,9,52.4,5.99,Cloudy,Night,94.8,203.7
Oil & Gas,Well Servicing,6,9,34.9,9.11,Cloudy,Day,94.3,208.2
Oil & Gas,Pipeline Pumping,5,7,27.7,5.3,Cloudy,Day,92.6,138.7
Marine & Rail,Locomotive Maintenance,5,8,63.5,5.83,Cloudy,Day,80.1,202.3
Oil & Gas,Well Servicing,5,8,36.6,8.52,Rainy,Night,108.7,287.2
Data Center Power,Cooling System Inspection,5,8,28.2,13.58,Sunny,Night,85.9,71.2
Oil & Gas,Well Drilling,6,7,28.1,4.02,Sunny,Day,107.2,365.2
Oil & Gas,Well Servicing,6,10,41.3,9.74,Sunny,Night,103.2,217.9
Marine & Rail,Freight Operations,6,4,50.2,8.18,Foggy,Day,99.5,319.0
Construction,Demolition,5,8,32.1,7.52,Sunny,Day,101.3,172.2
Mining,Surface Excavation,6,8,33.6,5.39,Sunny,Day,91.2,160.3
Mining,Drilling,8,4,20.1,1.0,Rainy,Day,85.0,319.1
Construction,Excavation,8,7,18.6,5.11,Rainy,Day,98.7,243.8
Marine & Rail,Locomotive Maintenance,5,8,29.0,5.42,Sunny,Night,88.4,202.1
Oil & Gas,Pipeline Pumping,4,7,21.8,2.85,Rainy,Day,93.8,123.4
Data Center Power,Backup Generator Testing,6,5,20.2,10.86,Sunny,Day,81.7,84.9
Oil & Gas,Gas Compression Service,6,6,47.5,13.7,Sunny,Day,91.3,234.1
Data Center Power,Backup Generator Testing,4,6,32.3,3.97,Cloudy,Day,88.6,69.6
Oil & Gas,Well Servicing,7,8,23.2,6.91,Rainy,Day,102.4,283.1
Marine & Rail,Freight Operations,6,9,26.2,7.02,Sunny,Night,95.8,214.1
Marine & Rail,Tugboat Engine Service,5,9,64.6,7.65,Cloudy,Day,93.6,147.9
Oil & Gas,Pipeline Pumping,7,7,47.7,9.51,Cloudy,Night,88.8,194.2
Construction,Material Loading,4,9,71.1,2.26,Rainy,Day,96.4,63.3
Mining,Drilling,8,7,48.2,1.65,Rainy,Day,106.9,299.0
Construction,Excavation,7,5,20.2,2.67,Rainy,Night,98.7,271.0
Oil & Gas,Well Servicing,6,8,30.3,0.69,Cloudy,Day,91.0,211.3
Construction,Excavation,5,7,64.2,5.74,Sunny,Night,97.8,197.4
Marine & Rail,Tugboat Engine Service,7,10,14.1,7.32,Sunny,Day,91.2,136.8
Marine & Rail,Locomotive Maintenance,6,8,62.0,5.88,Cloudy,Night,88.6,238.2
Mining,Aggregate Collection,6,7,24.3,3.65,Sunny,Day,93.2,70.0
Data Center Power,Generator Maintenance,4,9,18.9,5.39,Cloudy,Day,86.6,84.6
Marine & Rail,Freight Operations,6,9,27.0,10.39,Cloudy,Day,101.6,214.6
Oil & Gas,Well Drilling,7,6,33.2,7.22,Sunny,Day,103.7,445.4
Mining,Hauling Ore,4,8,74.7,3.04,Cloudy,Night,100.2,103.5
Marine & Rail,Freight Operations,5,6,19.0,3.11,Cloudy,Night,107.1,243.0
Data Center Power,Generator Maintenance,6,8,8.0,8.27,Sunny,Night,95.4,116.0
Oil & Gas,Well Drilling,5,9,60.0,5.21,Rainy,Day,110.4,366.0
Construction,Demolition,6,7,45.4,11.98,Rainy,Day,106.1,272.7
Oil & Gas,Well Servicing,9,9,38.9,9.04,Rainy,Day,96.7,318.6
Construction,Road Building,8,8,20.2,6.33,Foggy,Day,87.8,284.4
Construction,Foundation Work,9,7,45.7,4.17,Sunny,Day,90.4,304.7
Marine & Rail,Freight Operations,8,10,72.3,5.53,Cloudy,Day,101.5,268.7
Data Center Power,Generator Maintenance,5,5,52.6,1.47,Cloudy,Day,89.8,127.9
Construction,Road Building,9,8,58.4,2.07,Cloudy,Night,88.0,345.4
Oil & Gas,Pipeline Pumping,5,5,21.3,2.67,Rainy,Day,81.5,141.0
Oil & Gas,Well Servicing,7,8,67.2,4.49,Cloudy,Day,90.8,261.3
Mining,Hauling Ore,4,9,26.5,13.37,Rainy,Night,113.9,133.2
Construction,Material Loading,5,9,30.2,4.32,Rainy,Day,94.1,67.2
Mining,Drilling,7,8,32.2,5.24,Sunny,Day,97.6,219.9
Construction,Material Loading,2,9,63.4,13.41,Cloudy,Day,94.9,56.1
Construction,Excavation,4,8,9.1,8.87,Foggy,Day,95.8,154.8
Construction,Foundation Work,6,6,22.8,2.49,Sunny,Day,88.8,245.2
Data Center Power,Cooling System Inspection,4,8,29.5,3.55,Sunny,Night,75.3,62.6
Data Center Power,Generator Maintenance,7,5,41.6,5.61,Rainy,Day,86.4,157.2
Mining,Drilling,5,9,50.3,10.23,Sunny,Day,111.7,211.8
Marine & Rail,Locomotive Maintenance,7,8,40.2,8.52,Cloudy,Day,93.2,245.5
Marine & Rail,Locomotive Maintenance,9,10,35.3,1.91,Rainy,Day,92.2,213.5
Mining,Aggregate Collection,4,6,53.5,7.0,Sunny,Day,102.4,70.0
Oil & Gas,Pipeline Pumping,4,6,20.9,2.24,Sunny,Night,95.6,137.7
Marine & Rail,Tugboat Engine Service,5,7,2.5,3.1,Cloudy,Day,103.1,154.4
Mining,Hauling Ore,5,5,29.7,3.62,Sunny,Night,95.5,120.1
Construction,Foundation Work,7,6,38.4,7.87,Sunny,Day,86.5,268.9
Construction,Foundation Work,4,4,36.6,9.83,Cloudy,Day,91.6,265.2
Marine & Rail,Rail Network Inspection,7,8,58.7,15.21,Cloudy,Day,88.6,198.7
Mining,Aggregate Collection,7,9,26.0,7.23,Rainy,Night,101.4,89.4
Data Center Power,Emergency Power Deployment,7,6,19.4,2.49,Cloudy,Night,106.7,140.9
Construction,Foundation Work,5,7,26.5,10.51,Sunny,Night,88.7,235.9
Construction,Material Loading,4,9,16.3,5.53,Foggy,Day,95.3,54.7
Oil & Gas,Pipeline Pumping,5,9,88.3,3.72,Sunny,Day,91.3,137.2
Construction,Material Loading,4,7,34.5,5.79,Foggy,Day,86.6,60.0
Oil & Gas,Pipeline Pumping,5,7,14.6,6.91,Sunny,Night,92.6,145.8
Marine & Rail,Locomotive Maintenance,6,5,11.7,8.35,Sunny,Day,100.0,265.1
Mining,Drilling,9,5,16.6,2.5,Sunny,Day,98.0,296.6
Construction,Demolition,5,7,14.8,6.41,Sunny,Day,95.0,177.5
Oil & Gas,Pipeline Pumping,5,9,40.8,5.27,Sunny,Night,87.3,141.1
Marine & Rail,Locomotive Maintenance,6,8,74.2,0.79,Cloudy,Day,87.4,213.0
Oil & Gas,Well Servicing,6,7,3.9,2.19,Sunny,Day,79.8,204.4
Oil & Gas,Pipeline Pumping,5,7,57.6,6.19,Sunny,Night,92.5,155.3
Construction,Site Preparation,3,9,27.5,8.63,Sunny,Night,103.0,133.1
Oil & Gas,Well Servicing,8,5,7.5,5.35,Rainy,Night,88.1,385.6
Construction,Material Loading,4,8,52.8,0.44,Sunny,Day,95.9,53.8
Construction,Material Loading,4,5,56.6,3.98,Cloudy,Day,89.0,68.0
Data Center Power,Emergency Power Deployment,9,5,38.3,1.52,Cloudy,Night,95.5,175.3
Mining,Aggregate Collection,4,9,5.5,5.7,Sunny,Night,97.7,59.8
Mining,Drilling,6,8,51.1,7.92,Sunny,Day,99.9,223.8
Data Center Power,Backup Generator Testing,5,7,32.5,6.12,Foggy,Day,86.7,74.0
Oil & Gas,Gas Compression Service,7,7,71.4,5.58,Cloudy,Day,98.8,231.4
Marine & Rail,Freight Operations,5,9,32.1,10.18,Rainy,Night,99.2,233.3
Construction,Site Preparation,6,7,30.6,6.67,Rainy,Day,101.4,190.9
Oil & Gas,Pipeline Pumping,5,7,36.6,13.9,Sunny,Night,110.2,193.0
Construction,Site Preparation,7,6,33.8,7.5,Cloudy,Day,108.4,211.5
Data Center Power,Backup Generator Testing,5,9,59.7,9.86,Sunny,Day,84.3,69.5
Marine & Rail,Freight Operations,6,7,56.1,2.17,Foggy,Day,100.9,279.5
Construction,Foundation Work,7,9,35.5,2.35,Sunny,Night,85.6,216.9
Data Center Power,Backup Generator Testing,4,6,47.3,6.07,Sunny,Day,74.5,70.8
Oil & Gas,Well Servicing,9,8,25.6,10.7,Sunny,Day,95.3,281.1
Oil & Gas,Gas Compression Service,6,8,45.1,8.4,Sunny,Day,101.0,178.1
Marine & Rail,Rail Network Inspection,6,9,40.8,0.72,Cloudy,Night,74.7,167.9
Data Center Power,Cooling System Inspection,5,9,12.9,5.19,Cloudy,Night,79.0,62.3
Construction,Site Preparation,7,7,13.9,3.26,Cloudy,Day,102.0,164.8
Data Center Power,Emergency Power Deployment,6,8,18.0,7.69,Rainy,Day,95.7,101.0
Construction,Demolition,4,7,13.0,2.18,Sunny,Night,95.7,169.6
Oil & Gas,Gas Compression Service,6,8,45.6,6.91,Rainy,Day,105.4,192.9
Construction,Demolition,7,9,46.6,3.6,Sunny,Night,92.5,194.7
Data Center Power,Backup Generator Testing,4,8,18.8,4.05,Sunny,Night,79.0,63.5
Construction,Excavation,6,6,45.7,5.47,Sunny,Night,99.1,217.3
Mining,Aggregate Collection,5,7,85.5,7.34,Rainy,Day,108.3,93.6
Oil & Gas,Well Servicing,8,5,5.7,2.14,Rainy,Night,91.3,354.8
Construction,Excavation,6,3,42.1,4.75,Rainy,Day,92.9,289.1
Marine & Rail,Freight Operations,4,8,13.8,1.13,Cloudy,Day,103.3,177.0
Data Center Power,Emergency Power Deployment,6,7,5.0,5.15,Foggy,Night,86.5,112.3
Mining,Drilling,6,9,21.7,5.21,Rainy,Day,99.2,201.8
Construction,Site Preparation,4,5,56.9,1.54,Sunny,Day,97.6,151.5
Construction,Material Loading,2,8,27.9,4.17,Sunny,Day,91.9,45.9
Marine & Rail,Freight Operations,6,5,54.2,11.52,Sunny,Day,101.1,274.3
Construction,Foundation Work,6,8,65.5,6.0,Sunny,Night,97.1,245.5
Mining,Drilling,8,8,17.9,10.92,Cloudy,Day,96.3,247.1
Oil & Gas,Well Drilling,8,6,14.5,7.17,Sunny,Day,97.9,435.6
Marine & Rail,Freight Operations,3,9,62.1,2.08,Foggy,Day,106.6,213.9
Mining,Drilling,7,9,8.6,5.95,Sunny,Day,97.2,184.2
Mining,Aggregate Collection,4,4,55.8,4.7,Sunny,Night,89.8,77.8
Mining,Drilling,6,9,34.8,9.79,Rainy,Day,101.9,225.3
Mining,Hauling Ore,3,5,90.0,10.41,Sunny,Night,92.7,120.8
Marine & Rail,Tugboat Engine Service,6,9,37.8,6.84,Foggy,Day,87.4,175.6
Mining,Drilling,7,6,57.0,7.92,Rainy,Day,104.8,343.0
Construction,Road Building,6,6,26.7,2.0,Foggy,Night,90.2,298.9
Data Center Power,Cooling System Inspection,7,6,17.3,2.83,Sunny,Day,80.3,75.1
Marine & Rail,Locomotive Maintenance,6,7,12.6,11.52,Foggy,Day,101.8,250.3
Oil & Gas,Well Drilling,10,8,22.7,5.01,Sunny,Day,90.9,416.7
Mining,Surface Excavation,6,9,14.0,3.97,Sunny,Day,99.2,138.1
Marine & Rail,Freight Operations,4,7,44.3,6.78,Foggy,Day,97.7,237.8
Oil & Gas,Well Servicing,7,9,47.1,2.87,Cloudy,Day,102.4,215.6
Marine & Rail,Tugboat Engine Service,7,4,42.8,5.91,Sunny,Day,100.1,248.2
Mining,Surface Excavation,7,7,12.2,2.04,Cloudy,Day,94.0,168.3
Oil & Gas,Gas Compression Service,5,5,56.1,5.39,Sunny,Day,89.5,202.5
Data Center Power,Generator Maintenance,6,6,16.4,3.75,Sunny,Day,91.9,121.8
Marine & Rail,Locomotive Maintenance,6,7,54.9,7.33,Sunny,Day,88.1,247.6
Data Center Power,Generator Maintenance,5,8,23.4,4.97,Cloudy,Day,89.9,98.6
Data Center Power,Cooling System Inspection,6,9,12.4,0.26,Sunny,Night,95.1,62.6
Construction,Foundation Work,5,9,12.2,4.15,Sunny,Night,85.7,175.4
Data Center Power,Backup Generator Testing,3,7,40.7,4.36,Sunny,Night,84.5,67.2
Mining,Drilling,6,9,47.8,5.54,Rainy,Night,101.1,237.1
Oil & Gas,Pipeline Pumping,6,8,2.6,9.93,Sunny,Night,91.1,156.2
Oil & Gas,Gas Compression Service,5,9,28.1,3.26,Cloudy,Day,92.6,139.0
Oil & Gas,Well Drilling,9,8,17.3,15.92,Sunny,Day,100.8,443.7
Mining,Drilling,7,6,7.9,1.55,Sunny,Night,101.6,246.6
Construction,Road Building,3,8,56.1,5.74,Rainy,Night,89.1,245.3
Oil & Gas,Well Drilling,6,8,27.9,4.0,Cloudy,Night,88.2,348.4
Construction,Material Loading,4,6,57.0,0.76,Sunny,Day,95.9,60.1
Construction,Road Building,8,6,19.5,3.88,Sunny,Day,99.0,311.0
Construction,Foundation Work,8,8,8.6,2.53,Rainy,Night,84.3,267.7
Oil & Gas,Gas Compression Service,7,10,29.0,2.28,Sunny,Day,98.8,139.6
Marine & Rail,Tugboat Engine Service,8,7,63.1,3.94,Cloudy,Day,86.3,226.8
Data Center Power,Emergency Power Deployment,7,10,40.6,3.88,Cloudy,Day,87.7,89.4
Data Center Power,Generator Maintenance,8,10,15.6,7.66,Sunny,Night,110.2,124.2
Mining,Hauling Ore,3,6,9.1,1.88,Sunny,Day,97.0,83.1
Mining,Drilling,6,9,16.2,3.56,Sunny,Day,86.9,161.4
Construction,Site Preparation,6,6,57.2,10.33,Sunny,Day,96.4,196.0
Construction,Excavation,7,8,27.8,4.22,Sunny,Day,100.1,178.2
Mining,Drilling,8,8,37.7,7.93,Sunny,Day,91.2,244.8
Data Center Power,Emergency Power Deployment,6,8,37.8,9.44,Foggy,Day,90.6,110.1
Data Center Power,Cooling System Inspection,3,9,1.6,5.13,Sunny,Day,97.6,50.6
Data Center Power,Generator Maintenance,5,9,41.0,6.6,Sunny,Night,83.2,99.6
Oil & Gas,Well Servicing,7,5,25.4,7.11,Sunny,Day,103.0,318.7
Marine & Rail,Locomotive Maintenance,3,8,22.1,11.46,Rainy,Day,95.3,182.9
Data Center Power,Cooling System Inspection,6,8,35.1,1.3,Sunny,Night,95.8,73.5
Construction,Excavation,6,8,18.8,0.44,Sunny,Day,94.7,148.1
Oil & Gas,Well Servicing,5,8,33.6,7.65,Sunny,Night,91.9,225.2
Marine & Rail,Tugboat Engine Service,6,9,34.1,10.73,Sunny,Night,93.1,169.8
Construction,Excavation,5,9,45.8,13.33,Sunny,Day,101.5,168.4
Oil & Gas,Pipeline Pumping,5,9,28.6,2.7,Sunny,Day,84.5,120.8
Data Center Power,Backup Generator Testing,7,7,29.0,1.89,Cloudy,Day,79.9,80.6
Mining,Surface Excavation,5,9,54.6,6.06,Cloudy,Night,95.1,150.6
Data Center Power,Backup Generator Testing,6,9,38.8,6.34,Sunny,Day,83.3,71.2
Mining,Drilling,6,5,29.5,5.36,Sunny,Day,96.8,262.3
Construction,Excavation,7,8,22.3,2.58,Rainy,Night,113.7,246.1
Oil & Gas,Well Drilling,9,9,32.0,7.12,Sunny,Night,97.5,412.7
Oil & Gas,Well Servicing,6,9,15.4,6.07,Cloudy,Day,94.0,199.9
Data Center Power,Generator Maintenance,7,10,21.5,1.78,Sunny,Day,83.5,86.7
Marine & Rail,Tugboat Engine Service,5,9,9.1,11.1,Sunny,Night,86.7,147.5
Marine & Rail,Locomotive Maintenance,4,10,32.1,2.32,Sunny,Night,91.9,148.7
Marine & Rail,Locomotive Maintenance,5,9,61.0,4.32,Sunny,Night,86.8,186.6
Mining,Drilling,7,7,38.6,5.42,Foggy,Day,94.2,248.9
Mining,Drilling,6,7,75.1,5.63,Rainy,Night,101.5,316.6
Mining,Hauling Ore,4,7,60.2,3.84,Sunny,Day,91.2,95.0
Marine & Rail,Tugboat Engine Service,5,9,11.0,12.17,Sunny,Night,87.3,145.3
Construction,Road Building,8,7,61.3,11.19,Sunny,Day,112.1,415.5
Mining,Hauling Ore,6,8,26.7,6.34,Sunny,Night,93.8,114.9
Construction,Excavation,6,9,64.7,5.09,Cloudy,Day,90.7,165.5
Marine & Rail,Freight Operations,7,5,25.7,7.53,Sunny,Night,98.6,279.0
Construction,Foundation Work,4,7,41.8,6.4,Sunny,Day,90.4,200.2
Construction,Excavation,5,10,25.6,6.28,Sunny,Day,95.9,125.3
Mining,Surface Excavation,7,7,11.9,8.1,Rainy,Day,101.9,212.1
Oil & Gas,Well Drilling,7,5,9.1,12.1,Rainy,Day,109.3,585.2
Mining,Surface Excavation,5,8,14.2,1.58,Rainy,Day,84.7,152.0
Data Center Power,Backup Generator Testing,4,7,38.6,3.99,Cloudy,Night,85.1,72.5
Oil & Gas,Pipeline Pumping,8,7,18.0,6.99,Cloudy,Night,88.3,187.2
Mining,Drilling,4,7,40.8,6.18,Rainy,Day,90.2,213.0
Marine & Rail,Locomotive Maintenance,4,7,76.9,3.85,Sunny,Day,95.8,205.7
Construction,Site Preparation,4,10,39.7,11.52,Sunny,Day,103.8,131.7
Construction,Road Building,6,6,54.5,7.07,Rainy,Day,97.3,347.0
Marine & Rail,Tugboat Engine Service,6,9,23.6,6.89,Sunny,Day,88.9,144.9
Data Center Power,Backup Generator Testing,5,6,43.2,8.33,Sunny,Day,78.8,75.4
Construction,Material Loading,5,9,63.0,4.44,Rainy,Day,99.0,69.6
Mining,Aggregate Collection,4,8,2.7,7.77,Rainy,Day,103.5,66.6
Mining,Hauling Ore,3,9,33.4,9.01,Rainy,Day,86.6,95.9
Oil & Gas,Well Servicing,7,7,22.2,3.82,Rainy,Night,92.1,304.5
Mining,Drilling,4,9,37.0,10.29,Rainy,Day,101.9,205.3
Marine & Rail,Tugboat Engine Service,5,7,7.3,3.93,Cloudy,Day,93.0,150.8
Mining,Aggregate Collection,5,8,35.7,3.68,Sunny,Day,102.7,64.8
Mining,Surface Excavation,3,9,78.2,2.51,Sunny,Day,94.1,118.5
Construction,Demolition,5,9,38.8,1.53,Rainy,Day,89.9,158.7
Marine & Rail,Freight Operations,4,9,64.1,8.27,Rainy,Night,115.0,281.0
Mining,Surface Excavation,5,8,8.4,8.25,Rainy,Day,98.6,162.7
Construction,Excavation,8,6,9.8,4.44,Cloudy,Night,98.6,247.9
Mining,Aggregate Collection,4,8,13.9,3.1,Sunny,Day,89.2,56.3
Construction,Foundation Work,7,7,24.4,6.07,Cloudy,Day,91.6,255.7
Marine & Rail,Rail Network Inspection,5,6,23.5,13.03,Sunny,Night,89.6,175.6
Marine & Rail,Rail Network Inspection,6,9,57.8,2.46,Cloudy,Night,89.3,171.6
Marine & Rail,Locomotive Maintenance,4,9,27.6,13.55,Cloudy,Night,104.9,206.6
Oil & Gas,Pipeline Pumping,8,8,71.6,6.36,Foggy,Day,93.1,205.6
Marine & Rail,Freight Operations,5,8,18.8,13.03,Sunny,Day,97.0,202.8
Marine & Rail,Rail Network Inspection,5,5,53.1,2.36,Sunny,Day,86.5,167.6
Oil & Gas,Pipeline Pumping,4,7,84.5,11.83,Sunny,Day,102.8,161.9
Data Center Power,Backup Generator Testing,2,9,30.2,4.42,Sunny,Day,84.6,49.6
Oil & Gas,Pipeline Pumping,5,5,52.3,9.75,Sunny,Day,100.0,165.1
Mining,Surface Excavation,4,8,22.3,8.97,Sunny,Day,115.0,172.8
Construction,Road Building,5,10,27.9,3.57,Sunny,Day,90.0,168.0
Data Center Power,Emergency Power Deployment,5,8,10.3,7.58,Rainy,Day,94.6,92.8
Construction,Foundation Work,7,8,66.7,6.46,Cloudy,Day,92.5,260.2
Mining,Drilling,3,8,27.5,4.15,Rainy,Day,89.8,173.7
Data Center Power,Backup Generator Testing,3,8,26.8,2.16,Sunny,Day,75.3,56.9
Mining,Hauling Ore,6,6,19.4,15.36,Sunny,Night,103.2,138.6
Construction,Material Loading,4,8,25.2,9.36,Rainy,Day,114.9,82.4
Marine & Rail,Locomotive Maintenance,6,8,43.5,14.81,Rainy,Night,87.8,275.9
Marine & Rail,Freight Operations,5,9,45.8,14.91,Rainy,Night,97.4,252.7
Oil & Gas,Gas Compression Service,4,6,71.0,11.84,Sunny,Day,108.8,222.5
Oil & Gas,Pipeline Pumping,6,9,37.4,7.62,Sunny,Day,84.7,147.4
Mining,Surface Excavation,6,8,36.1,11.04,Sunny,Night,100.9,188.6
Data Center Power,Emergency Power Deployment,7,7,29.2,6.18,Rainy,Day,98.4,124.1
Construction,Demolition,6,9,31.1,10.78,Sunny,Day,97.4,175.7
Oil & Gas,Well Drilling,6,6,46.5,3.12,Rainy,Day,98.7,435.5
Oil & Gas,Well Drilling,8,9,31.8,2.97,Rainy,Day,88.7,374.9
Data Center Power,Cooling System Inspection,3,6,53.2,4.48,Sunny,Day,92.7,61.5
Oil & Gas,Gas Compression Service,6,7,23.9,4.47,Sunny,Night,100.1,192.3
Marine & Rail,Rail Network Inspection,7,8,23.9,5.24,Cloudy,Night,81.0,184.5
Mining,Hauling Ore,5,6,55.8,12.26,Sunny,Day,106.9,136.1
Construction,Foundation Work,6,9,18.8,12.34,Cloudy,Day,101.9,199.7
Oil & Gas,Well Drilling,7,5,19.3,9.08,Sunny,Night,93.5,489.6
Oil & Gas,Well Servicing,6,7,71.7,13.7,Sunny,Night,92.8,330.8
Construction,Foundation Work,6,9,53.7,6.58,Sunny,Night,92.6,215.8
Construction,Material Loading,5,9,12.7,3.89,Sunny,Day,90.8,54.1
Mining,Drilling,8,5,46.9,6.18,Rainy,Day,87.9,349.8
Marine & Rail,Tugboat Engine Service,7,9,28.7,1.49,Sunny,Night,86.4,157.4
Construction,Demolition,6,8,37.8,6.33,Rainy,Day,102.0,220.0
Marine & Rail,Locomotive Maintenance,7,6,35.8,9.39,Cloudy,Night,102.7,314.5
Oil & Gas,Well Drilling,6,6,29.3,2.32,Sunny,Day,96.8,366.8
Oil & Gas,Well Servicing,6,4,54.3,7.66,Sunny,Day,92.0,322.8
Mining,Surface Excavation,4,8,27.4,6.09,Sunny,Night,98.0,145.5
Data Center Power,Generator Maintenance,8,4,49.5,2.64,Sunny,Day,90.6,183.1
Data Center Power,Cooling System Inspection,3,9,65.9,8.23,Sunny,Night,99.9,63.3
Oil & Gas,Well Servicing,3,7,43.8,3.87,Rainy,Day,81.6,222.1
Mining,Hauling Ore,4,7,5.6,7.2,Sunny,Day,92.5,91.3
Construction,Foundation Work,7,9,63.2,2.5,Sunny,Night,85.9,232.0
Construction,Foundation Work,4,6,64.0,3.43,Sunny,Day,85.3,213.5
Marine & Rail,Freight Operations,3,8,22.5,9.0,Sunny,Day,102.6,165.1
Data Center Power,Generator Maintenance,6,8,39.5,6.91,Cloudy,Day,90.6,114.5
Construction,Road Building,6,8,61.2,6.8,Rainy,Night,93.0,313.3
Oil & Gas,Well Drilling,7,8,53.8,4.05,Cloudy,Night,96.0,410.6
Oil & Gas,Pipeline Pumping,5,5,41.8,11.09,Cloudy,Night,91.3,179.8
Construction,Road Building,5,8,19.3,5.41,Rainy,Day,100.6,250.9
Marine & Rail,Tugboat Engine Service,7,8,40.6,5.76,Sunny,Day,92.8,175.5
Mining,Drilling,6,9,15.4,9.9,Cloudy,Day,110.5,204.1
Construction,Material Loading,4,8,67.2,15.0,Rainy,Day,100.2,79.7
Oil & Gas,Gas Compression Service,6,8,56.8,9.02,Sunny,Day,95.3,181.8
Data Center Power,Backup Generator Testing,6,9,41.9,3.32,Cloudy,Day,89.0,71.1
Marine & Rail,Freight Operations,5,9,52.9,6.25,Sunny,Night,87.5,210.3
Marine & Rail,Freight Operations,5,8,18.3,14.26,Cloudy,Night,115.0,267.4
Mining,Surface Excavation,7,6,35.5,15.86,Rainy,Night,91.6,293.0
Oil & Gas,Gas Compression Service,7,8,16.5,3.35,Cloudy,Day,93.3,172.9
Construction,Foundation Work,4,5,31.8,4.58,Cloudy,Night,78.2,243.7
Data Center Power,Cooling System Inspection,3,9,8.1,6.62,Cloudy,Night,85.0,56.0
Oil & Gas,Well Servicing,6,6,75.2,2.54,Cloudy,Day,80.6,279.9
Mining,Drilling,5,3,33.4,7.22,Sunny,Night,106.5,318.0
Construction,Material Loading,4,3,8.9,8.12,Sunny,Day,90.5,68.4
Marine & Rail,Tugboat Engine Service,5,9,25.6,5.44,Sunny,Day,76.2,132.0
Mining,Aggregate Collection,3,5,74.5,6.97,Sunny,Day,99.7,67.7
Mining,Hauling Ore,3,10,61.0,7.64,Rainy,Day,95.0,94.7
Construction,Material Loading,6,8,36.6,10.6,Foggy,Day,102.5,78.6
Marine & Rail,Tugboat Engine Service,4,5,64.7,1.86,Cloudy,Day,84.6,179.8
Mining,Drilling,7,7,10.4,9.0,Cloudy,Night,97.1,254.6
Data Center Power,Backup Generator Testing,6,10,27.3,3.25,Sunny,Night,81.4,69.5
Data Center Power,Emergency Power Deployment,6,9,49.8,6.15,Sunny,Night,91.2,100.3
Construction,Demolition,5,7,21.3,5.65,Rainy,Day,94.0,197.5
Mining,Surface Excavation,8,10,49.7,14.76,Sunny,Night,110.3,221.4
Construction,Demolition,4,6,27.4,1.89,Cloudy,Night,94.3,181.9
Oil & Gas,Well Drilling,5,9,90.7,5.6,Sunny,Day,92.0,287.2
Marine & Rail,Tugboat Engine Service,6,9,50.3,3.48,Sunny,Night,89.3,153.0
Data Center Power,Backup Generator Testing,5,8,62.1,0.45,Sunny,Day,82.0,68.3
Mining,Surface Excavation,4,10,84.9,5.01,Sunny,Night,101.6,133.7
Data Center Power,Emergency Power Deployment,6,7,39.0,8.03,Sunny,Day,90.0,114.8
Mining,Hauling Ore,4,8,26.3,12.07,Rainy,Day,100.1,114.3
Marine & Rail,Freight Operations,5,5,17.7,3.2,Rainy,Day,97.9,243.7
Construction,Road Building,5,6,25.9,10.62,Sunny,Night,102.8,297.8
Marine & Rail,Tugboat Engine Service,6,8,9.1,12.05,Sunny,Day,111.2,185.4
Construction,Material Loading,3,6,16.5,2.21,Sunny,Day,90.2,53.6
Oil & Gas,Gas Compression Service,7,6,38.4,4.31,Sunny,Day,103.9,222.1
Oil & Gas,Well Servicing,7,5,9.4,6.3,Sunny,Day,84.1,283.2
Mining,Drilling,7,9,45.9,5.57,Sunny,Day,112.6,233.1
Construction,Road Building,5,8,30.6,12.47,Rainy,Day,100.2,288.0
Oil & Gas,Well Drilling,7,5,30.7,2.17,Sunny,Night,96.9,462.3
Oil & Gas,Pipeline Pumping,5,7,14.9,2.95,Sunny,Night,94.4,145.5
Oil & Gas,Well Drilling,7,7,63.9,6.27,Sunny,Day,105.4,451.2
Mining,Surface Excavation,8,7,15.9,6.11,Rainy,Day,112.4,259.7
Oil & Gas,Gas Compression Service,7,8,14.9,8.0,Cloudy,Night,107.8,225.3
Oil & Gas,Well Servicing,8,4,8.8,4.71,Rainy,Day,88.7,369.1
Data Center Power,Backup Generator Testing,6,9,50.6,5.09,Sunny,Day,83.3,71.5
Marine & Rail,Tugboat Engine Service,3,9,26.0,12.75,Cloudy,Day,87.2,124.0
Oil & Gas,Gas Compression Service,8,4,13.4,4.59,Sunny,Night,95.9,276.6
Marine & Rail,Tugboat Engine Service,4,8,38.7,13.41,Rainy,Day,93.8,162.3
Mining,Surface Excavation,7,8,9.8,2.59,Sunny,Day,88.4,157.9
Oil & Gas,Well Servicing,6,8,46.0,7.18,Sunny,Day,104.7,244.7
Mining,Drilling,6,9,9.8,3.1,Sunny,Day,100.4,162.3
Construction,Foundation Work,5,8,8.3,4.2,Rainy,Day,90.3,206.4
Mining,Hauling Ore,4,7,55.8,6.9,Rainy,Day,96.6,116.3
Data Center Power,Cooling System Inspection,5,5,19.8,5.46,Cloudy,Night,96.7,79.0
Marine & Rail,Rail Network Inspection,4,9,34.3,2.88,Sunny,Day,86.4,125.5
Construction,Road Building,9,3,7.0,6.54,Rainy,Day,90.4,482.6
Mining,Hauling Ore,6,9,29.2,8.16,Cloudy,Night,105.8,120.4
Data Center Power,Cooling System Inspection,4,7,46.6,3.96,Sunny,Day,78.1,61.3
Mining,Drilling,4,7,12.2,8.5,Rainy,Day,106.4,230.6
Oil & Gas,Gas Compression Service,3,8,28.7,9.26,Rainy,Day,94.3,148.0
Construction,Foundation Work,5,8,16.2,7.77,Sunny,Day,99.4,199.5
Construction,Material Loading,5,8,36.4,4.41,Sunny,Night,104.7,67.3
Mining,Surface Excavation,8,9,52.6,12.09,Sunny,Day,102.7,199.8
Marine & Rail,Tugboat Engine Service,7,8,35.0,2.79,Sunny,Day,91.2,166.6
Mining,Surface Excavation,5,7,55.5,3.63,Rainy,Night,97.3,203.5
Mining,Surface Excavation,5,8,7.0,3.63,Sunny,Day,101.7,140.4
Construction,Site Preparation,5,4,21.7,10.43,Cloudy,Day,102.2,182.8
Oil & Gas,Well Servicing,7,6,44.4,6.11,Cloudy,Night,95.4,322.7
Oil & Gas,Well Drilling,7,9,7.7,4.73,Sunny,Day,109.6,316.1
Oil & Gas,Well Drilling,6,7,87.0,3.93,Cloudy,Night,107.0,441.2
Marine & Rail,Freight Operations,5,8,24.8,5.85,Cloudy,Night,93.7,214.4
Oil & Gas,Well Drilling,7,8,51.9,9.06,Rainy,Night,92.1,465.8
Data Center Power,Cooling System Inspection,8,8,21.8,5.79,Cloudy,Day,97.1,79.8
Mining,Surface Excavation,7,5,48.3,14.26,Sunny,Night,92.7,282.1
Marine & Rail,Freight Operations,4,9,7.3,11.11,Foggy,Day,92.9,199.6
Oil & Gas,Well Servicing,9,9,66.4,9.82,Rainy,Day,90.7,351.6
Mining,Surface Excavation,7,9,59.5,5.96,Rainy,Day,88.1,192.0
Oil & Gas,Well Drilling,9,10,49.3,3.49,Sunny,Day,106.2,361.6
Construction,Road Building,7,9,38.6,8.45,Sunny,Day,102.1,255.1
Construction,Foundation Work,7,8,26.8,7.9,Cloudy,Day,97.8,228.2
Data Center Power,Backup Generator Testing,5,8,75.7,4.66,Cloudy,Day,77.6,72.9
Construction,Road Building,6,8,31.1,4.0,Rainy,Day,96.6,260.6
Data Center Power,Cooling System Inspection,6,6,15.0,7.62,Sunny,Day,93.2,72.3
Mining,Hauling Ore,3,9,27.1,11.25,Cloudy,Night,99.5,96.6
Oil & Gas,Well Servicing,10,8,47.7,1.85,Sunny,Day,79.5,300.1
Construction,Material Loading,6,6,14.6,3.23,Sunny,Day,91.9,67.6
Mining,Hauling Ore,6,9,78.4,5.35,Sunny,Night,95.9,123.1
Data Center Power,Emergency Power Deployment,7,8,6.1,2.72,Sunny,Night,89.5,104.8
Data Center Power,Backup Generator Testing,5,6,43.2,2.23,Sunny,Night,86.9,78.4
Marine & Rail,Rail Network Inspection,8,7,36.4,5.63,Rainy,Day,86.1,223.5
Mining,Aggregate Collection,6,8,4.7,2.06,Sunny,Day,91.6,62.6
Data Center Power,Generator Maintenance,7,6,46.0,1.51,Cloudy,Day,107.7,154.5
Oil & Gas,Well Drilling,9,5,34.4,7.97,Sunny,Day,95.9,555.7
Marine & Rail,Freight Operations,6,4,45.9,9.13,Sunny,Day,97.8,262.6
Marine & Rail,Tugboat Engine Service,9,8,41.1,6.23,Sunny,Day,96.5,204.6
Construction,Demolition,5,6,18.5,9.2,Sunny,Day,97.1,201.5
Mining,Hauling Ore,6,10,27.6,11.17,Sunny,Day,112.6,122.6
Marine & Rail,Rail Network Inspection,5,6,26.6,6.28,Sunny,Night,81.2,168.3
Mining,Drilling,6,4,55.3,4.49,Cloudy,Day,102.7,300.9
Data Center Power,Generator Maintenance,5,6,42.3,6.64,Sunny,Night,98.2,133.9
Marine & Rail,Rail Network Inspection,3,8,38.6,12.45,Sunny,Day,89.7,133.3
Data Center Power,Backup Generator Testing,7,6,28.1,1.39,Sunny,Night,86.4,91.1
Oil & Gas,Pipeline Pumping,5,10,32.7,7.33,Rainy,Day,103.0,136.5
Mining,Drilling,6,4,16.1,13.08,Cloudy,Day,102.7,322.0
Oil & Gas,Pipeline Pumping,4,7,46.9,8.51,Rainy,Day,86.5,141.8
Data Center Power,Backup Generator Testing,6,9,38.0,6.04,Cloudy,Day,79.8,73.6
Data Center Power,Emergency Power Deployment,7,6,38.6,4.17,Sunny,Night,97.8,137.3
Mining,Surface Excavation,7,5,58.8,11.66,Sunny,Night,107.6,310.2
Marine & Rail,Freight Operations,8,8,15.3,4.56,Foggy,Night,91.8,304.8
Mining,Surface Excavation,5,7,7.8,1.87,Cloudy,Day,100.2,155.6
Construction,Demolition,6,9,55.6,9.91,Sunny,Night,95.4,196.4
Marine & Rail,Freight Operations,5,7,60.0,6.41,Foggy,Day,115.0,310.3
Oil & Gas,Well Drilling,7,9,30.8,3.91,Cloudy,Night,77.7,338.3
Marine & Rail,Freight Operations,3,8,28.0,3.68,Cloudy,Night,94.4,181.1
Construction,Demolition,3,10,65.2,17.22,Rainy,Day,106.6,179.1
Construction,Demolition,6,9,23.9,5.87,Sunny,Day,93.0,161.4
Data Center Power,Emergency Power Deployment,7,8,9.0,7.08,Rainy,Day,77.8,105.9
Construction,Material Loading,3,7,75.1,1.0,Cloudy,Day,100.5,56.0
Marine & Rail,Locomotive Maintenance,5,9,37.7,8.08,Cloudy,Night,93.2,201.2
Data Center Power,Emergency Power Deployment,7,8,42.9,6.66,Sunny,Day,99.9,113.2
Construction,Road Building,7,8,79.3,9.76,Sunny,Night,103.6,352.7
Data Center Power,Backup Generator Testing,5,9,11.1,2.79,Cloudy,Day,92.8,62.8
Construction,Road Building,4,7,42.7,3.91,Rainy,Day,92.8,254.9
Data Center Power,Emergency Power Deployment,8,9,35.5,2.37,Cloudy,Day,100.7,106.4
Mining,Drilling,6,5,23.7,7.44,Rainy,Day,93.7,297.1
Data Center Power,Backup Generator Testing,4,8,34.3,2.4,Foggy,Day,87.3,64.7
Oil & Gas,Well Servicing,3,8,43.1,5.52,Sunny,Day,101.3,181.0
Oil & Gas,Gas Compression Service,6,6,28.5,3.64,Cloudy,Night,90.2,215.9
Construction,Road Building,6,9,41.1,3.93,Sunny,Day,102.4,223.3
Construction,Excavation,5,7,37.3,7.49,Sunny,Day,106.4,189.9
Oil & Gas,Well Drilling,7,6,30.3,14.51,Sunny,Night,101.8,507.4
Construction,Excavation,7,7,74.0,3.59,Foggy,Night,102.7,256.4
Marine & Rail,Freight Operations,2,8,55.5,2.44,Sunny,Night,82.1,166.5
Mining,Hauling Ore,5,9,10.1,10.4,Rainy,Day,95.8,109.1
Construction,Excavation,5,9,71.2,4.04,Rainy,Night,94.9,188.2
Oil & Gas,Well Servicing,9,7,18.9,6.36,Cloudy,Day,90.2,297.2
Data Center Power,Backup Generator Testing,3,5,39.0,7.18,Cloudy,Day,87.6,70.6
Marine & Rail,Freight Operations,4,9,32.5,5.55,Rainy,Night,112.4,249.4
Marine & Rail,Rail Network Inspection,6,10,18.5,9.66,Rainy,Day,78.4,162.3
Data Center Power,Generator Maintenance,3,7,34.3,1.82,Rainy,Night,88.7,100.9
Oil & Gas,Well Servicing,8,6,59.8,4.54,Sunny,Day,85.1,330.2
Oil & Gas,Pipeline Pumping,5,7,55.6,3.96,Sunny,Day,97.5,146.6
Mining,Drilling,5,8,52.3,15.74,Rainy,Day,97.3,247.2
Marine & Rail,Freight Operations,5,6,57.6,7.16,Rainy,Day,97.0,270.7
Marine & Rail,Rail Network Inspection,6,8,4.2,10.37,Sunny,Night,78.6,163.3
Data Center Power,Cooling System Inspection,2,9,59.0,7.61,Rainy,Day,93.6,52.7
Marine & Rail,Freight Operations,3,9,6.8,5.75,Sunny,Day,97.3,152.9
Data Center Power,Backup Generator Testing,4,7,61.4,3.26,Sunny,Night,84.1,74.3
Marine & Rail,Freight Operations,3,7,48.0,8.31,Cloudy,Night,99.6,206.7
Mining,Drilling,6,8,64.3,4.53,Sunny,Day,91.5,212.5
Marine & Rail,Freight Operations,4,7,80.7,8.49,Sunny,Day,92.2,207.9
Mining,Drilling,6,4,52.4,5.82,Sunny,Day,109.1,318.1
Oil & Gas,Gas Compression Service,7,6,27.8,7.15,Cloudy,Day,94.4,231.3
Mining,Surface Excavation,7,7,71.8,9.31,Sunny,Night,83.8,236.8
Oil & Gas,Well Drilling,6,6,18.7,4.1,Sunny,Day,92.2,352.3
Data Center Power,Cooling System Inspection,3,8,35.7,5.88,Rainy,Night,82.7,60.1
Marine & Rail,Freight Operations,9,9,55.4,10.78,Foggy,Night,106.7,408.7
Construction,Excavation,5,3,40.3,4.43,Rainy,Day,95.1,267.4
Mining,Aggregate Collection,4,8,2.4,5.91,Sunny,Day,105.0,59.1
Construction,Foundation Work,6,10,38.4,8.7,Cloudy,Day,87.1,173.5
Marine & Rail,Locomotive Maintenance,8,5,44.4,7.99,Sunny,Day,95.4,346.1
Construction,Road Building,8,9,33.6,4.88,Sunny,Day,85.9,259.1
Mining,Aggregate Collection,5,8,24.7,11.22,Rainy,Day,93.4,74.0
Construction,Material Loading,7,8,24.7,4.68,Sunny,Day,100.3,69.0
Marine & Rail,Tugboat Engine Service,5,7,20.6,1.9,Rainy,Day,100.6,155.1
Mining,Surface Excavation,4,6,14.7,5.34,Cloudy,Night,102.4,179.7
Data Center Power,Cooling System Inspection,4,7,7.4,7.89,Sunny,Day,86.1,60.4
Oil & Gas,Pipeline Pumping,4,9,18.5,11.58,Sunny,Day,92.3,124.7
Data Center Power,Emergency Power Deployment,7,8,7.6,4.47,Rainy,Night,94.3,107.0
Data Center Power,Generator Maintenance,8,7,74.3,5.17,Sunny,Day,86.2,157.2
Construction,Road Building,7,6,50.7,5.93,Cloudy,Day,100.9,329.3
Marine & Rail,Rail Network Inspection,6,8,28.5,4.74,Foggy,Night,71.9,201.2
Marine & Rail,Freight Operations,5,8,38.2,9.16,Cloudy,Day,112.5,242.2
Marine & Rail,Locomotive Maintenance,6,5,60.4,2.0,Cloudy,Day,84.6,278.2
Oil & Gas,Well Drilling,7,7,48.9,5.91,Sunny,Night,97.4,434.3
Marine & Rail,Tugboat Engine Service,7,9,44.0,6.2,Cloudy,Day,101.0,175.1
Construction,Road Building,7,6,81.0,5.51,Sunny,Day,97.6,358.3
Construction,Material Loading,5,9,50.1,4.8,Cloudy,Day,101.8,62.4
Mining,Surface Excavation,7,8,85.3,3.5,Sunny,Day,102.7,203.4
Mining,Drilling,3,6,33.6,10.46,Cloudy,Day,95.5,206.7
Marine & Rail,Freight Operations,5,6,41.5,3.01,Sunny,Day,101.6,210.4
Mining,Drilling,9,9,35.7,5.22,Rainy,Night,91.7,275.3
Oil & Gas,Well Servicing,5,8,72.9,8.32,Sunny,Day,96.8,230.5
Construction,Foundation Work,4,8,53.5,4.99,Sunny,Day,98.5,187.4
Construction,Material Loading,6,8,26.8,1.57,Sunny,Day,89.6,63.4
Mining,Drilling,6,10,31.7,3.71,Sunny,Day,94.4,155.1
Construction,Material Loading,4,8,79.9,4.92,Sunny,Day,93.4,62.5
Construction,Excavation,6,9,55.3,1.54,Cloudy,Night,87.7,171.8
Marine & Rail,Locomotive Maintenance,7,8,19.8,11.53,Cloudy,Night,92.1,265.8
Construction,Excavation,8,9,86.6,3.56,Sunny,Night,100.3,224.4
Marine & Rail,Freight Operations,6,5,51.7,15.0,Cloudy,Day,100.8,269.7
Data Center Power,Cooling System Inspection,6,7,28.5,6.82,Sunny,Night,89.5,77.3
Construction,Road Building,5,9,38.3,6.04,Rainy,Day,104.7,244.7
Oil & Gas,Well Drilling,7,8,18.4,8.12,Rainy,Day,103.3,404.8
Mining,Surface Excavation,7,9,42.6,6.64,Sunny,Day,96.8,160.8
Data Center Power,Emergency Power Deployment,6,8,71.2,4.97,Cloudy,Night,86.5,113.2
Oil & Gas,Well Drilling,6,7,32.7,5.59,Rainy,Day,93.6,390.5
Oil & Gas,Well Servicing,5,8,47.9,2.27,Sunny,Day,95.2,199.6
Construction,Material Loading,4,7,40.3,12.5,Sunny,Day,104.3,69.1
Data Center Power,Cooling System Inspection,4,6,10.8,8.87,Foggy,Day,91.1,65.1
Mining,Surface Excavation,5,8,28.2,10.56,Rainy,Day,92.7,178.0
Mining,Aggregate Collection,4,4,26.3,4.44,Rainy,Day,94.1,78.5
Marine & Rail,Rail Network Inspection,5,6,45.6,0.49,Sunny,Day,84.6,155.2
Oil & Gas,Well Drilling,10,8,85.2,10.77,Sunny,Day,99.7,585.5
Oil & Gas,Well Servicing,7,6,32.0,8.4,Rainy,Night,97.4,369.9
Mining,Surface Excavation,9,9,45.3,11.8,Cloudy,Night,96.9,223.4
Data Center Power,Emergency Power Deployment,9,9,43.8,8.57,Sunny,Day,93.3,127.6
Oil & Gas,Gas Compression Service,7,9,56.7,9.49,Cloudy,Night,97.9,208.0
Oil & Gas,Well Drilling,9,5,15.2,7.88,Sunny,Night,92.5,525.5
Oil & Gas,Pipeline Pumping,2,4,19.3,3.06,Sunny,Night,91.8,126.6
Mining,Drilling,5,8,18.4,4.86,Cloudy,Day,97.0,176.8
Data Center Power,Emergency Power Deployment,6,9,50.5,3.55,Cloudy,Day,87.7,92.3
