Industry,Task Type,Task Complexity,Operator Skill,Operator Fatigue Score,Machine Age,Weather,Shift Type,Temperature,Actual Duration (minutes)
Marine & Rail,Tugboat Engine Service,6,7,60.6,8.1,Cloudy,Day,2.7,192.7
Mining,Drilling,4,10,19.9,5.33,Cloudy,Day,20.5,156.2
Mining,Surface Excavation,5,7,28.3,0.66,Cloudy,Day,23.1,172.8
Construction,Material Loading,5,9,60.7,7.16,Rainy,Day,17.0,74.6
Marine & Rail,Tugboat Engine Service,6,2,39.1,3.73,Foggy,Day,19.2,332.6
Marine & Rail,Freight Operations,4,4,89.3,5.23,Sunny,Day,9.7,244.0
Data Center Power,Emergency Power Deployment,1,6,21.4,4.98,Cloudy,Night,17.6,80.6
Marine & Rail,Tugboat Engine Service,4,6,64.3,10.19,Sunny,Day,34.4,237.7
Construction,Material Loading,8,8,51.5,8.97,Sunny,Day,30.4,105.6
Construction,Road Building,8,7,52.5,4.02,Rainy,Day,23.1,413.1
Construction,Foundation Work,5,5,36.5,1.99,Cloudy,Day,-4.1,249.1
Oil & Gas,Well Drilling,4,6,43.2,4.04,Sunny,Day,17.0,360.9
Construction,Material Loading,10,8,37.3,6.44,Sunny,Day,17.7,101.9
Data Center Power,Cooling System Inspection,8,9,73.8,6.09,Rainy,Day,22.8,92.6
Marine & Rail,Freight Operations,1,8,56.2,10.31,Rainy,Day,9.5,178.5
Construction,Road Building,8,6,57.2,4.58,Foggy,Day,27.3,454.4
Oil & Gas,Well Servicing,5,9,24.0,7.42,Rainy,Night,1.4,229.6
Marine & Rail,Rail Network Inspection,6,8,59.1,10.78,Sunny,Day,10.0,184.9
Marine & Rail,Freight Operations,8,7,73.9,9.4,Sunny,Night,21.9,378.7
Data Center Power,Emergency Power Deployment,6,7,59.8,5.62,Cloudy,Day,21.0,114.5
Data Center Power,Cooling System Inspection,5,8,55.1,0.35,Cloudy,Night,22.1,70.8
Oil & Gas,Pipeline Pumping,8,9,6.7,8.83,Cloudy,Night,48.0,228.5
Data Center Power,Cooling System Inspection,5,10,39.5,1.31,Sunny,Night,19.7,60.6
Data Center Power,Backup Generator Testing,6,6,34.1,0.84,Cloudy,Day,27.1,84.3
Oil & Gas,Well Drilling,3,9,78.3,13.96,Sunny,Day,23.4,328.2
Mining,Aggregate Collection,10,9,46.9,5.86,Sunny,Night,14.3,111.7
Marine & Rail,Freight Operations,6,5,11.5,6.81,Sunny,Day,15.2,246.1
Data Center Power,Backup Generator Testing,3,7,4.3,3.91,Rainy,Day,23.1,58.4
Mining,Surface Excavation,8,9,9.1,8.57,Foggy,Day,6.2,168.9
Oil & Gas,Pipeline Pumping,10,5,64.7,3.57,Sunny,Night,21.4,319.7
Mining,Drilling,6,7,46.5,1.52,Rainy,Night,12.7,271.9
Data Center Power,Cooling System Inspection,4,5,10.8,1.18,Sunny,Night,23.3,69.3
Mining,Hauling Ore,9,7,25.4,11.02,Cloudy,Night,16.5,179.5
Mining,Drilling,7,8,55.1,1.55,Sunny,Day,19.3,245.0
Mining,Drilling,4,7,24.1,4.62,Sunny,Day,24.5,210.9
Mining,Aggregate Collection,4,8,36.4,11.27,Rainy,Day,0.8,71.5
Data Center Power,Cooling System Inspection,7,10,17.7,5.79,Sunny,Day,20.0,67.4
Construction,Excavation,7,9,34.5,4.82,Sunny,Day,26.8,189.9
Construction,Road Building,3,6,39.4,1.97,Rainy,Night,13.6,288.6
Mining,Drilling,6,8,8.2,13.8,Rainy,Night,14.1,285.1
Mining,Surface Excavation,8,9,12.7,11.76,Sunny,Day,11.5,176.5
Mining,Surface Excavation,6,8,60.4,1.13,Sunny,Day,29.3,194.0
Mining,Hauling Ore,9,6,36.2,10.05,Sunny,Night,18.6,187.3
Mining,Hauling Ore,5,6,42.0,2.72,Cloudy,Night,8.6,115.6
Data Center Power,Cooling System Inspection,6,8,17.3,5.87,Cloudy,Day,19.3,65.9
Mining,Drilling,8,8,10.8,4.5,Foggy,Day,19.0,247.5
Mining,Hauling Ore,5,8,22.9,5.49,Rainy,Night,20.4,131.7
Mining,Aggregate Collection,5,6,28.8,8.35,Sunny,Day,21.1,76.6
Mining,Drilling,4,9,81.9,9.13,Rainy,Day,23.3,227.7
Mining,Surface Excavation,7,8,15.4,9.9,Foggy,Day,-0.3,183.3
Data Center Power,Backup Generator Testing,5,9,10.3,9.92,Sunny,Day,17.4,62.8
Mining,Surface Excavation,5,4,52.7,9.7,Rainy,Day,41.9,344.9
Oil & Gas,Gas Compression Service,6,8,47.7,8.58,Sunny,Night,41.3,263.9
Data Center Power,Cooling System Inspection,4,7,23.8,4.97,Sunny,Day,22.0,61.6
Construction,Site Preparation,6,9,26.2,1.8,Sunny,Day,14.7,137.7
Oil & Gas,Well Servicing,5,7,19.2,3.58,Sunny,Day,15.1,224.7
Mining,Surface Excavation,10,8,30.3,4.42,Rainy,Day,17.5,263.4
Oil & Gas,Gas Compression Service,1,5,18.0,7.56,Rainy,Night,32.6,203.9
Marine & Rail,Tugboat Engine Service,7,9,33.9,2.45,Sunny,Night,23.0,188.1
Data Center Power,Emergency Power Deployment,5,8,55.2,5.49,Sunny,Day,21.8,96.6
Marine & Rail,Rail Network Inspection,9,5,38.2,2.6,Sunny,Day,13.3,243.7
Marine & Rail,Tugboat Engine Service,3,9,35.6,1.12,Foggy,Day,20.9,149.1
Data Center Power,Emergency Power Deployment,5,9,13.6,3.62,Sunny,Night,19.9,85.2
Data Center Power,Cooling System Inspection,8,9,4.9,7.53,Rainy,Day,16.1,72.2
Mining,Surface Excavation,5,7,68.5,10.18,Sunny,Night,1.6,195.7
Construction,Site Preparation,6,4,47.5,5.43,Sunny,Day,20.2,203.6
Data Center Power,Emergency Power Deployment,5,8,35.7,4.11,Cloudy,Day,20.8,92.4
Oil & Gas,Well Drilling,6,7,45.0,2.14,Sunny,Night,21.6,421.2
Oil & Gas,Well Servicing,10,5,27.1,6.1,Sunny,Day,33.1,474.2
Mining,Aggregate Collection,5,7,22.4,13.2,Sunny,Night,1.0,72.0
Marine & Rail,Freight Operations,4,9,10.1,0.78,Foggy,Night,19.6,232.7
Construction,Site Preparation,9,9,45.3,3.88,Cloudy,Day,-1.2,195.3
Marine & Rail,Rail Network Inspection,6,10,20.0,3.93,Cloudy,Day,21.1,155.4
Mining,Surface Excavation,10,8,41.9,4.41,Foggy,Night,22.9,290.7
Marine & Rail,Freight Operations,3,8,32.8,13.65,Sunny,Night,18.6,218.8
Mining,Surface Excavation,9,6,21.2,7.75,Rainy,Night,12.8,314.1
Mining,Drilling,4,5,31.8,8.24,Cloudy,Day,5.2,232.4
Mining,Drilling,7,8,62.7,8.1,Sunny,Day,26.3,285.8
Oil & Gas,Well Drilling,8,9,56.2,2.26,Cloudy,Day,3.4,358.6
Construction,Foundation Work,7,8,7.3,9.97,Sunny,Day,13.8,234.2
Mining,Surface Excavation,6,9,56.8,2.88,Rainy,Night,24.9,209.7
Construction,Material Loading,4,7,27.1,2.88,Cloudy,Night,1.3,60.6
Construction,Road Building,7,8,42.7,8.16,Sunny,Day,32.0,326.2
Mining,Drilling,4,5,6.2,2.84,Rainy,Night,35.6,311.8
Oil & Gas,Well Servicing,4,6,68.5,4.3,Sunny,Day,11.0,246.8
Mining,Hauling Ore,8,7,23.7,9.14,Sunny,Night,24.0,166.9
Marine & Rail,Tugboat Engine Service,6,9,21.4,4.38,Foggy,Day,16.0,175.2
Data Center Power,Generator Maintenance,6,6,4.9,6.96,Sunny,Day,26.2,128.1
Marine & Rail,Tugboat Engine Service,4,4,13.6,1.11,Rainy,Day,13.5,185.8
Mining,Hauling Ore,3,9,25.8,8.19,Foggy,Day,10.7,104.0
Mining,Hauling Ore,5,8,30.8,7.7,Sunny,Day,32.9,123.4
Marine & Rail,Freight Operations,8,7,88.3,10.28,Sunny,Day,17.7,353.2
Mining,Hauling Ore,4,5,82.5,1.91,Sunny,Day,18.5,118.4
Data Center Power,Backup Generator Testing,5,8,49.1,3.59,Sunny,Day,21.6,69.5
Data Center Power,Emergency Power Deployment,2,6,27.2,3.8,Cloudy,Day,19.7,85.3
Construction,Site Preparation,10,6,50.9,9.93,Rainy,Day,4.3,311.9
Mining,Hauling Ore,8,6,47.9,2.73,Sunny,Day,26.4,159.8
Data Center Power,Generator Maintenance,4,9,51.8,4.35,Sunny,Day,17.6,87.2
Mining,Surface Excavation,9,8,22.1,7.57,Rainy,Day,0.5,226.4
Mining,Drilling,5,6,32.9,2.16,Cloudy,Day,16.3,231.0
Mining,Hauling Ore,5,8,13.9,6.39,Cloudy,Day,14.7,103.9
Oil & Gas,Well Drilling,9,5,39.3,4.37,Cloudy,Night,-5.8,583.5
Oil & Gas,Pipeline Pumping,4,9,77.0,2.73,Sunny,Day,30.2,152.1
Marine & Rail,Rail Network Inspection,3,8,38.9,5.75,Cloudy,Night,3.2,138.2
Construction,Site Preparation,7,8,16.1,14.28,Sunny,Day,40.0,235.9
Marine & Rail,Locomotive Maintenance,9,8,21.8,7.07,Sunny,Night,0.9,272.4
Data Center Power,Cooling System Inspection,10,10,59.1,7.19,Sunny,Day,17.3,97.4
Data Center Power,Cooling System Inspection,9,8,26.2,4.9,Foggy,Day,22.9,92.9
Oil & Gas,Well Servicing,6,7,28.6,7.58,Sunny,Night,18.2,298.8
Marine & Rail,Locomotive Maintenance,5,9,37.1,2.62,Cloudy,Night,9.8,186.6
Construction,Road Building,6,7,31.6,4.47,Cloudy,Night,21.4,310.6
Marine & Rail,Freight Operations,5,6,17.9,7.02,Rainy,Day,2.4,231.2
Mining,Surface Excavation,4,6,30.2,2.85,Sunny,Day,-3.2,152.7
Mining,Drilling,3,9,58.3,12.84,Sunny,Day,12.0,169.8
Data Center Power,Generator Maintenance,6,8,4.5,0.22,Sunny,Night,23.3,104.0
Data Center Power,Emergency Power Deployment,2,6,21.9,0.39,Sunny,Day,17.7,77.5
Mining,Aggregate Collection,4,9,34.9,13.13,Sunny,Day,19.0,64.7
Mining,Surface Excavation,7,9,59.0,5.43,Sunny,Night,35.9,223.3
Data Center Power,Emergency Power Deployment,6,7,29.8,3.13,Foggy,Night,20.8,116.7
Oil & Gas,Well Servicing,5,8,14.4,2.0,Cloudy,Day,33.2,240.1
Marine & Rail,Tugboat Engine Service,5,9,51.1,4.03,Sunny,Night,5.4,144.5
Mining,Drilling,4,6,24.9,5.17,Sunny,Day,3.3,196.0
Construction,Foundation Work,7,6,34.0,0.75,Cloudy,Night,26.0,324.6
Oil & Gas,Pipeline Pumping,7,7,36.4,3.26,Sunny,Day,21.7,183.0
Oil & Gas,Gas Compression Service,3,7,27.4,1.66,Sunny,Night,48.0,188.8
Data Center Power,Emergency Power Deployment,7,7,23.5,4.32,Sunny,Night,24.8,127.3
Construction,Foundation Work,7,5,4.3,4.08,Sunny,Day,1.7,261.0
Mining,Surface Excavation,7,7,35.2,4.69,Rainy,Day,3.4,221.5
Oil & Gas,Well Servicing,4,6,43.6,11.77,Sunny,Night,23.2,312.1
Construction,Demolition,3,7,88.9,17.2,Rainy,Day,20.3,254.8
Construction,Road Building,5,8,22.1,2.62,Cloudy,Day,16.7,218.5
Oil & Gas,Gas Compression Service,1,9,49.4,3.77,Sunny,Day,39.7,137.9
Mining,Surface Excavation,2,10,41.9,10.92,Rainy,Day,-4.1,120.7
Marine & Rail,Locomotive Maintenance,5,7,39.1,8.18,Cloudy,Day,23.7,258.5
Construction,Foundation Work,3,8,41.0,7.02,Rainy,Day,23.8,209.7
Oil & Gas,Well Drilling,5,8,6.2,12.37,Cloudy,Day,13.1,336.1
Oil & Gas,Gas Compression Service,10,9,26.2,6.03,Rainy,Day,46.2,284.9
Marine & Rail,Rail Network Inspection,3,8,35.4,8.86,Sunny,Night,27.2,170.7
Oil & Gas,Pipeline Pumping,7,7,33.6,9.93,Rainy,Night,48.0,254.4
Mining,Aggregate Collection,10,8,37.6,5.33,Cloudy,Day,12.5,104.9
Data Center Power,Emergency Power Deployment,4,8,38.3,13.01,Sunny,Day,18.8,94.2
Data Center Power,Generator Maintenance,8,8,81.8,4.37,Cloudy,Day,21.5,151.5
Data Center Power,Emergency Power Deployment,7,5,34.8,10.99,Rainy,Night,17.7,170.2
Marine & Rail,Tugboat Engine Service,8,8,26.3,6.32,Sunny,Night,22.2,226.8
Mining,Hauling Ore,10,8,32.1,4.54,Sunny,Day,36.4,183.4
Data Center Power,Generator Maintenance,4,8,13.3,0.71,Sunny,Day,14.9,82.2
Marine & Rail,Rail Network Inspection,8,7,67.8,5.62,Cloudy,Day,14.2,237.5
Construction,Foundation Work,4,8,49.9,7.74,Sunny,Day,40.0,236.4
Construction,Demolition,8,4,19.8,2.4,Rainy,Day,22.7,344.8
Data Center Power,Generator Maintenance,8,9,24.3,3.03,Cloudy,Night,19.6,117.3
Mining,Surface Excavation,4,9,15.2,3.98,Rainy,Day,19.2,148.2
Marine & Rail,Rail Network Inspection,4,7,26.3,4.45,Cloudy,Night,26.0,186.2
Construction,Demolition,9,6,54.5,8.11,Sunny,Day,19.8,330.2
Marine & Rail,Freight Operations,4,8,30.5,2.13,Sunny,Day,19.1,203.2
Mining,Surface Excavation,7,5,40.3,7.38,Sunny,Day,26.8,287.9
Data Center Power,Cooling System Inspection,6,8,32.2,4.52,Cloudy,Day,15.3,66.7
Data Center Power,Cooling System Inspection,6,8,59.9,2.5,Cloudy,Day,17.3,72.3
Marine & Rail,Tugboat Engine Service,2,8,12.5,9.13,Cloudy,Day,3.7,124.4
Construction,Excavation,6,10,46.0,7.86,Rainy,Day,0.7,168.8
Mining,Drilling,3,7,42.0,2.91,Sunny,Night,-0.6,179.9
Construction,Demolition,2,8,49.8,10.05,Rainy,Day,3.6,166.2
Mining,Surface Excavation,7,7,26.5,4.59,Cloudy,Day,19.5,204.2
Marine & Rail,Locomotive Maintenance,3,5,36.9,5.96,Sunny,Night,17.8,262.1
Mining,Surface Excavation,9,9,63.3,13.97,Rainy,Night,2.5,284.9
Mining,Hauling Ore,8,9,73.7,2.57,Cloudy,Day,18.4,144.6
Mining,Drilling,6,4,56.2,5.45,Rainy,Day,36.3,435.7
Mining,Hauling Ore,3,9,56.3,1.77,Rainy,Day,17.9,99.5
Construction,Demolition,6,7,54.0,2.52,Cloudy,Day,22.1,214.6
Construction,Road Building,7,8,17.3,4.46,Sunny,Night,18.9,298.3
Marine & Rail,Rail Network Inspection,8,7,19.2,16.73,Sunny,Day,32.0,252.4
Marine & Rail,Tugboat Engine Service,3,8,49.7,9.73,Rainy,Day,4.2,144.9
Marine & Rail,Freight Operations,4,10,8.8,10.5,Sunny,Day,14.8,173.6
Mining,Drilling,3,7,38.8,9.1,Rainy,Night,28.7,275.4
Data Center Power,Cooling System Inspection,8,6,20.0,2.06,Sunny,Day,19.0,79.8
Construction,Foundation Work,10,8,37.1,10.86,Cloudy,Day,23.0,335.4
Data Center Power,Backup Generator Testing,3,8,30.6,5.95,Rainy,Day,26.4,62.7
Mining,Drilling,5,8,75.4,16.31,Cloudy,Day,9.3,238.5
Oil & Gas,Gas Compression Service,7,10,36.6,6.12,Cloudy,Day,32.7,197.6
Marine & Rail,Rail Network Inspection,4,7,16.2,11.91,Sunny,Day,8.1,149.1
Mining,Drilling,4,9,48.3,8.29,Rainy,Day,8.3,191.4
Construction,Site Preparation,1,7,20.0,7.34,Cloudy,Day,17.7,119.8
Oil & Gas,Well Servicing,6,6,18.2,10.4,Cloudy,Day,29.5,343.3
Oil & Gas,Gas Compression Service,9,5,74.2,8.99,Cloudy,Day,48.0,475.4
Mining,Hauling Ore,5,8,52.1,10.03,Sunny,Day,27.1,127.5
Construction,Material Loading,8,6,41.0,8.52,Cloudy,Day,16.5,101.9
Oil & Gas,Gas Compression Service,6,8,34.6,8.36,Foggy,Day,38.6,252.4
Construction,Foundation Work,4,6,54.8,3.15,Sunny,Night,12.4,238.0
Construction,Excavation,7,8,35.5,6.67,Cloudy,Day,8.3,188.2
Oil & Gas,Well Servicing,4,9,29.7,17.22,Rainy,Night,23.8,295.7
Marine & Rail,Tugboat Engine Service,4,5,24.8,7.25,Rainy,Day,14.5,197.3
Mining,Hauling Ore,6,5,16.6,2.5,Sunny,Day,16.8,122.4
Construction,Excavation,5,8,17.5,4.84,Sunny,Day,8.1,151.3
Marine & Rail,Tugboat Engine Service,8,8,31.3,2.92,Cloudy,Day,12.2,198.1
Data Center Power,Emergency Power Deployment,7,8,27.1,3.86,Sunny,Day,15.0,102.0
Oil & Gas,Well Servicing,6,6,32.3,8.25,Sunny,Day,27.8,332.7
Construction,Material Loading,6,9,55.3,1.08,Cloudy,Night,31.4,82.8
Mining,Hauling Ore,5,7,29.6,1.02,Sunny,Night,15.2,107.1
Oil & Gas,Gas Compression Service,6,9,12.6,11.15,Cloudy,Day,28.7,199.2
Mining,Surface Excavation,6,7,39.2,6.01,Sunny,Day,12.0,184.3
Oil & Gas,Well Drilling,8,9,27.6,7.04,Sunny,Day,23.5,399.9
Data Center Power,Cooling System Inspection,3,7,58.3,4.74,Cloudy,Night,27.4,69.6
Construction,Material Loading,1,8,39.0,9.21,Cloudy,Day,10.3,47.4
Marine & Rail,Tugboat Engine Service,5,7,63.9,7.47,Cloudy,Night,6.7,189.2
Data Center Power,Cooling System Inspection,5,9,13.9,7.66,Sunny,Day,16.7,58.6
Oil & Gas,Gas Compression Service,7,9,35.8,14.59,Cloudy,Night,26.9,254.3
Marine & Rail,Tugboat Engine Service,5,9,61.1,1.83,Sunny,Day,8.7,134.0
Oil & Gas,Well Servicing,4,10,30.1,12.68,Sunny,Night,13.5,189.9
Marine & Rail,Tugboat Engine Service,6,9,27.4,13.1,Cloudy,Night,5.6,177.9
Marine & Rail,Freight Operations,2,6,54.5,6.76,Sunny,Day,12.4,188.8
Oil & Gas,Gas Compression Service,6,7,32.9,13.57,Sunny,Day,32.1,262.5
Construction,Site Preparation,6,8,61.5,6.89,Cloudy,Day,29.7,206.6
Data Center Power,Backup Generator Testing,5,8,80.4,1.92,Sunny,Day,19.4,73.4
Construction,Site Preparation,7,9,40.9,2.23,Cloudy,Day,27.9,189.2
Mining,Aggregate Collection,7,9,24.5,15.15,Cloudy,Night,11.3,88.5
Oil & Gas,Well Drilling,6,6,50.8,9.54,Sunny,Day,22.1,486.5
Construction,Material Loading,6,3,28.8,5.02,Cloudy,Day,16.8,86.3
Construction,Excavation,4,8,14.0,9.08,Sunny,Day,22.7,158.3
Construction,Foundation Work,10,8,20.1,7.43,Sunny,Day,32.5,318.1
Marine & Rail,Tugboat Engine Service,7,8,18.7,8.68,Rainy,Day,30.6,223.1
Mining,Surface Excavation,2,6,62.5,10.58,Sunny,Night,23.3,198.4
Mining,Drilling,9,7,7.5,7.63,Sunny,Night,6.9,289.5
Marine & Rail,Locomotive Maintenance,1,9,17.3,6.22,Sunny,Day,16.6,140.2
Mining,Drilling,4,6,17.1,12.81,Rainy,Day,0.2,251.5
Mining,Drilling,7,7,37.5,8.97,Sunny,Day,21.1,283.3
Data Center Power,Emergency Power Deployment,9,7,40.6,9.6,Cloudy,Day,18.7,154.0
Construction,Foundation Work,4,9,19.1,5.21,Cloudy,Night,32.4,207.3
Data Center Power,Emergency Power Deployment,1,6,58.1,3.24,Sunny,Night,25.1,87.0
Marine & Rail,Locomotive Maintenance,5,6,36.5,3.99,Foggy,Day,29.5,291.4
Mining,Drilling,9,7,13.9,15.09,Cloudy,Day,9.7,310.8
Marine & Rail,Locomotive Maintenance,6,9,61.5,8.2,Foggy,Night,20.9,263.4
Mining,Surface Excavation,6,8,1.9,7.73,Sunny,Day,28.7,187.9
Construction,Road Building,3,7,35.2,4.4,Rainy,Day,31.1,281.3
Construction,Demolition,9,6,63.0,4.57,Cloudy,Day,14.1,315.3
Mining,Surface Excavation,4,6,9.6,1.68,Sunny,Day,-0.8,147.0
Marine & Rail,Tugboat Engine Service,8,8,12.5,16.28,Sunny,Day,-0.6,199.3
Construction,Excavation,8,8,28.9,0.89,Cloudy,Night,26.5,236.9
Construction,Road Building,6,5,30.0,14.56,Rainy,Day,30.1,491.9
Construction,Road Building,7,5,16.2,6.32,Cloudy,Day,17.4,349.0
Construction,Foundation Work,4,9,41.4,3.91,Foggy,Day,7.1,167.9
Mining,Aggregate Collection,9,5,44.3,3.19,Sunny,Day,-3.7,104.3
Marine & Rail,Locomotive Maintenance,7,8,36.5,7.86,Foggy,Night,38.0,349.5
Oil & Gas,Pipeline Pumping,5,9,23.1,12.99,Cloudy,Night,25.9,184.2
Marine & Rail,Tugboat Engine Service,7,6,41.2,17.61,Sunny,Night,11.2,289.5
Construction,Foundation Work,3,7,25.6,1.94,Cloudy,Day,18.0,196.4
Marine & Rail,Tugboat Engine Service,6,7,74.0,6.9,Sunny,Night,23.0,237.9
Mining,Hauling Ore,7,5,37.1,4.22,Sunny,Day,25.9,151.9
Construction,Foundation Work,4,6,13.3,6.98,Rainy,Day,28.0,273.2
Construction,Demolition,9,7,9.0,6.87,Rainy,Day,3.7,259.1
Construction,Road Building,2,8,46.5,5.32,Cloudy,Night,18.7,209.2
Construction,Foundation Work,7,9,9.3,3.45,Sunny,Day,19.6,204.4
Mining,Drilling,1,7,10.9,2.8,Foggy,Day,11.1,149.4
Mining,Hauling Ore,8,9,49.8,10.07,Foggy,Day,10.7,169.4
Oil & Gas,Well Servicing,1,8,50.0,12.53,Sunny,Day,10.7,172.8
Marine & Rail,Locomotive Maintenance,7,6,72.2,12.42,Sunny,Night,15.8,392.8
Construction,Foundation Work,5,6,80.1,8.62,Sunny,Day,9.4,265.7
Construction,Road Building,4,7,40.6,1.04,Rainy,Day,17.7,258.2
Marine & Rail,Tugboat Engine Service,6,7,12.0,5.24,Sunny,Day,8.7,170.7
Oil & Gas,Pipeline Pumping,1,5,51.2,6.48,Sunny,Day,16.2,126.8
Mining,Surface Excavation,2,7,18.9,5.41,Sunny,Day,11.8,129.2
Oil & Gas,Pipeline Pumping,6,8,61.5,17.72,Cloudy,Day,8.3,192.1
Construction,Demolition,4,7,5.0,5.77,Cloudy,Day,23.7,183.4
Data Center Power,Generator Maintenance,6,8,44.1,5.61,Cloudy,Night,18.5,121.4
Data Center Power,Emergency Power Deployment,5,10,12.4,5.4,Sunny,Night,20.5,76.0
Construction,Road Building,8,7,15.5,4.79,Sunny,Day,2.9,281.1
Construction,Material Loading,7,8,21.5,8.23,Cloudy,Day,3.7,74.3
Data Center Power,Emergency Power Deployment,6,8,33.9,3.2,Sunny,Day,19.7,95.5
Construction,Demolition,7,6,23.3,4.85,Rainy,Day,33.2,313.8
Oil & Gas,Gas Compression Service,4,9,31.1,10.23,Rainy,Night,5.7,151.7
Data Center Power,Emergency Power Deployment,2,9,48.5,2.15,Rainy,Night,21.9,71.2
Mining,Surface Excavation,7,8,22.4,14.39,Sunny,Day,24.7,215.3
Data Center Power,Backup Generator Testing,5,7,6.1,3.36,Cloudy,Day,21.0,70.7
Construction,Site Preparation,7,6,14.5,6.33,Cloudy,Day,14.6,186.4
Construction,Demolition,5,9,14.0,3.96,Rainy,Night,31.5,209.8
Data Center Power,Generator Maintenance,7,9,19.7,2.6,Sunny,Night,20.7,107.5
Mining,Hauling Ore,3,8,57.9,8.05,Cloudy,Day,31.4,112.7
Data Center Power,Cooling System Inspection,4,9,34.8,4.32,Sunny,Day,22.3,57.6
Data Center Power,Backup Generator Testing,5,6,57.7,2.38,Rainy,Day,19.5,76.0
Marine & Rail,Rail Network Inspection,4,6,49.4,5.82,Sunny,Day,21.4,173.4
Construction,Demolition,6,7,92.4,1.23,Sunny,Day,4.1,203.3
Oil & Gas,Well Servicing,8,5,12.5,5.82,Rainy,Day,22.6,415.9
Construction,Road Building,1,7,73.2,9.28,Cloudy,Day,20.0,211.4
Oil & Gas,Pipeline Pumping,8,5,34.5,6.49,Sunny,Day,21.7,224.0
Marine & Rail,Tugboat Engine Service,5,8,24.0,6.22,Sunny,Day,33.4,178.9
Marine & Rail,Locomotive Maintenance,8,9,19.5,14.0,Cloudy,Night,-1.5,258.9
Marine & Rail,Tugboat Engine Service,6,8,11.4,11.15,Foggy,Night,3.1,219.7
Construction,Demolition,5,4,25.1,3.56,Sunny,Night,24.8,262.7
Oil & Gas,Pipeline Pumping,6,9,25.4,8.98,Sunny,Night,47.1,202.4
Marine & Rail,Freight Operations,10,7,21.0,8.65,Sunny,Night,24.0,368.2
Data Center Power,Cooling System Inspection,4,9,23.4,2.19,Cloudy,Day,23.8,57.2
Mining,Drilling,6,7,53.4,2.62,Sunny,Day,17.1,235.0
Mining,Hauling Ore,7,8,38.0,4.37,Cloudy,Day,9.2,121.8
Oil & Gas,Well Servicing,8,10,68.6,7.95,Cloudy,Day,28.9,302.0
Construction,Foundation Work,5,9,35.0,10.52,Cloudy,Day,10.0,187.6
Construction,Demolition,7,8,48.8,6.44,Sunny,Night,22.3,239.2
Oil & Gas,Pipeline Pumping,9,7,41.2,5.81,Sunny,Day,21.3,227.6
Mining,Aggregate Collection,10,8,67.1,2.33,Cloudy,Day,31.2,136.5
Data Center Power,Cooling System Inspection,6,6,32.8,4.6,Cloudy,Night,23.4,85.5
Data Center Power,Emergency Power Deployment,6,8,45.2,6.03,Foggy,Day,18.9,109.9
Construction,Excavation,9,9,53.0,7.02,Rainy,Day,7.6,253.5
Data Center Power,Backup Generator Testing,7,9,8.5,8.08,Sunny,Day,24.4,72.7
Oil & Gas,Gas Compression Service,4,9,24.0,7.37,Sunny,Night,31.3,180.6
Oil & Gas,Well Drilling,6,6,15.2,6.16,Rainy,Night,6.1,462.7
Mining,Drilling,4,10,28.6,7.91,Sunny,Night,2.9,156.6
Marine & Rail,Tugboat Engine Service,3,10,26.7,1.0,Rainy,Night,28.1,124.4
Mining,Aggregate Collection,7,4,42.3,11.23,Cloudy,Day,13.9,101.3
Construction,Excavation,10,8,37.9,3.58,Rainy,Day,26.5,305.0
Marine & Rail,Tugboat Engine Service,9,7,33.6,6.32,Foggy,Day,12.2,292.2
Oil & Gas,Gas Compression Service,4,9,4.8,2.37,Sunny,Night,11.4,137.2
Mining,Aggregate Collection,4,9,11.7,9.05,Sunny,Day,34.7,70.1
Mining,Aggregate Collection,7,7,48.1,11.06,Rainy,Day,7.4,102.4
Construction,Site Preparation,5,6,33.8,3.99,Cloudy,Day,3.9,150.4
Construction,Road Building,7,7,21.1,11.07,Rainy,Day,40.0,438.1
Marine & Rail,Tugboat Engine Service,6,8,29.9,3.86,Foggy,Day,17.2,203.8
Mining,Surface Excavation,7,8,72.1,9.16,Cloudy,Day,5.5,207.7
Marine & Rail,Rail Network Inspection,4,6,13.5,10.5,Foggy,Day,28.7,216.5
Oil & Gas,Pipeline Pumping,5,9,47.8,8.72,Rainy,Night,48.0,206.3
Construction,Road Building,10,4,14.0,7.65,Rainy,Day,9.1,506.4
Marine & Rail,Locomotive Maintenance,4,8,34.4,8.94,Cloudy,Day,33.5,241.1
Construction,Foundation Work,7,8,40.7,8.19,Sunny,Night,40.0,314.3
Oil & Gas,Gas Compression Service,7,9,32.8,5.91,Rainy,Day,20.3,199.8
Data Center Power,Cooling System Inspection,3,6,10.7,1.72,Sunny,Day,20.8,54.9
Construction,Road Building,2,6,19.3,5.66,Rainy,Day,31.5,277.8
Mining,Surface Excavation,4,2,13.1,3.56,Sunny,Day,16.8,221.3
Construction,Site Preparation,3,9,21.8,5.56,Rainy,Night,10.6,145.8
Data Center Power,Backup Generator Testing,5,6,47.8,7.45,Rainy,Day,21.3,82.1
Oil & Gas,Gas Compression Service,5,4,7.9,3.87,Sunny,Day,11.3,211.5
Marine & Rail,Rail Network Inspection,2,8,8.5,5.15,Sunny,Night,20.9,135.5
Construction,Road Building,1,8,25.5,6.21,Sunny,Night,-5.0,168.9
Data Center Power,Cooling System Inspection,4,8,41.3,8.57,Sunny,Day,28.7,63.6
Marine & Rail,Locomotive Maintenance,6,9,56.0,4.04,Sunny,Night,18.7,238.5
Oil & Gas,Gas Compression Service,9,6,51.8,2.57,Sunny,Day,14.9,284.0
Data Center Power,Emergency Power Deployment,9,5,26.3,2.07,Sunny,Day,23.5,155.7
Marine & Rail,Tugboat Engine Service,7,8,34.1,6.57,Sunny,Night,24.0,214.8
Oil & Gas,Gas Compression Service,2,9,67.9,2.21,Sunny,Day,13.7,119.2
Oil & Gas,Well Drilling,6,6,29.8,10.14,Rainy,Day,47.9,647.3
Data Center Power,Emergency Power Deployment,1,8,27.6,5.12,Rainy,Day,25.1,69.1
Construction,Excavation,7,8,36.0,6.84,Cloudy,Day,13.6,200.7
Data Center Power,Cooling System Inspection,2,6,16.6,4.3,Sunny,Day,17.2,51.5
Marine & Rail,Rail Network Inspection,5,8,22.6,11.45,Sunny,Day,28.6,183.7
Mining,Hauling Ore,9,7,33.4,16.44,Rainy,Night,2.3,202.5
Marine & Rail,Tugboat Engine Service,7,9,44.1,11.89,Foggy,Day,8.7,224.0
Construction,Foundation Work,6,4,52.5,9.52,Sunny,Night,24.1,374.6
Construction,Foundation Work,6,4,55.7,6.87,Sunny,Night,18.2,355.2
Oil & Gas,Gas Compression Service,5,9,16.9,10.27,Sunny,Night,33.7,207.2
Data Center Power,Backup Generator Testing,6,6,67.5,5.76,Sunny,Day,21.8,87.7
Construction,Material Loading,6,6,56.1,2.69,Sunny,Day,25.2,85.5
Oil & Gas,Pipeline Pumping,3,8,29.5,10.94,Sunny,Day,44.7,158.1
Mining,Drilling,8,7,55.8,1.5,Rainy,Night,10.0,342.0
Marine & Rail,Tugboat Engine Service,8,7,45.0,4.06,Sunny,Day,5.7,209.2
Oil & Gas,Well Drilling,7,7,48.7,2.52,Sunny,Day,34.3,489.8
Mining,Drilling,1,9,42.4,6.81,Cloudy,Day,34.1,159.3
Mining,Hauling Ore,4,5,56.3,11.67,Cloudy,Day,27.6,140.1
Marine & Rail,Freight Operations,6,6,47.9,2.51,Rainy,Day,19.6,299.3
Data Center Power,Backup Generator Testing,4,6,33.0,5.32,Sunny,Night,19.6,75.2
Mining,Surface Excavation,6,9,29.0,11.75,Sunny,Day,10.8,162.6
Construction,Excavation,8,7,15.1,7.77,Cloudy,Day,17.0,228.0
Construction,Road Building,1,8,34.2,9.04,Cloudy,Night,22.2,204.9
Mining,Drilling,5,8,22.7,5.78,Sunny,Day,13.3,191.1
Data Center Power,Emergency Power Deployment,6,6,59.7,10.89,Rainy,Day,25.4,148.6
Construction,Material Loading,6,8,57.6,6.89,Sunny,Day,25.0,77.8
Oil & Gas,Well Servicing,7,7,33.4,4.1,Rainy,Day,17.9,327.0
Oil & Gas,Pipeline Pumping,5,8,48.0,7.8,Sunny,Day,6.0,145.3
Mining,Surface Excavation,4,9,48.7,1.93,Sunny,Night,10.2,134.5
Marine & Rail,Tugboat Engine Service,7,8,49.6,6.44,Sunny,Night,2.4,193.6
Oil & Gas,Pipeline Pumping,7,8,33.9,7.37,Foggy,Day,40.6,225.0
Construction,Demolition,5,6,28.5,2.46,Rainy,Day,24.9,242.6
Marine & Rail,Freight Operations,5,9,32.3,4.75,Rainy,Day,2.5,219.9
Mining,Surface Excavation,7,5,34.7,1.77,Rainy,Day,14.8,260.6
Data Center Power,Generator Maintenance,4,10,30.4,1.36,Cloudy,Day,29.1,77.0
Oil & Gas,Well Drilling,3,6,69.9,6.0,Cloudy,Night,3.2,355.7
Mining,Hauling Ore,8,8,4.5,7.05,Cloudy,Night,37.5,160.0
Data Center Power,Cooling System Inspection,5,9,57.2,1.52,Sunny,Night,25.8,68.2
Data Center Power,Emergency Power Deployment,7,7,40.8,3.82,Sunny,Day,15.4,116.0
Mining,Drilling,5,6,13.8,8.01,Cloudy,Night,15.4,254.9
Oil & Gas,Well Servicing,8,9,61.1,6.08,Cloudy,Day,19.0,300.5
Construction,Foundation Work,3,8,20.8,12.5,Cloudy,Night,9.7,184.8
Oil & Gas,Well Servicing,4,3,48.7,2.66,Rainy,Night,-3.4,340.4
Marine & Rail,Rail Network Inspection,4,5,30.0,1.13,Sunny,Night,30.0,189.3
Marine & Rail,Tugboat Engine Service,4,7,47.5,7.39,Sunny,Day,12.0,166.3
Marine & Rail,Tugboat Engine Service,6,6,75.5,10.99,Cloudy,Day,10.4,232.7
Data Center Power,Backup Generator Testing,3,6,32.1,4.84,Sunny,Day,15.2,61.9
Oil & Gas,Well Servicing,4,7,60.6,1.91,Sunny,Night,18.7,246.9
Mining,Drilling,3,9,12.3,6.72,Sunny,Night,17.8,164.8
Mining,Drilling,6,5,58.4,13.11,Rainy,Day,13.0,357.6
Construction,Site Preparation,5,5,30.3,5.02,Rainy,Day,27.7,212.5
Mining,Surface Excavation,6,9,52.5,1.2,Cloudy,Day,20.9,155.9
Data Center Power,Emergency Power Deployment,7,7,28.0,4.5,Rainy,Night,20.3,130.2
Data Center Power,Generator Maintenance,8,8,45.0,1.85,Rainy,Night,18.5,137.5
Mining,Surface Excavation,7,8,39.4,10.57,Sunny,Day,17.3,205.6
Construction,Excavation,9,10,59.1,3.87,Sunny,Day,25.9,214.5
Mining,Aggregate Collection,1,9,59.5,2.05,Cloudy,Day,39.3,61.2
Mining,Surface Excavation,4,10,65.2,0.96,Cloudy,Night,39.6,164.4
Construction,Material Loading,7,8,48.9,5.23,Sunny,Day,5.6,74.5
Marine & Rail,Tugboat Engine Service,7,9,43.2,3.7,Sunny,Day,18.8,176.5
Marine & Rail,Tugboat Engine Service,4,6,62.0,4.56,Sunny,Day,8.3,171.8
Marine & Rail,Freight Operations,9,7,39.2,12.14,Sunny,Night,27.1,380.8
Mining,Hauling Ore,5,5,44.9,7.5,Sunny,Night,4.5,121.8
Marine & Rail,Tugboat Engine Service,7,5,37.9,8.65,Cloudy,Night,3.9,264.4
Data Center Power,Emergency Power Deployment,4,8,21.9,13.12,Cloudy,Day,21.5,95.9
Construction,Foundation Work,9,7,27.9,4.33,Sunny,Night,-5.0,306.4
Oil & Gas,Pipeline Pumping,1,8,38.1,7.02,Sunny,Day,27.2,121.7
Marine & Rail,Locomotive Maintenance,1,3,1.3,5.52,Sunny,Day,24.6,228.7
Oil & Gas,Pipeline Pumping,7,9,16.0,4.75,Sunny,Night,20.2,176.6
Oil & Gas,Well Drilling,9,9,52.2,7.45,Sunny,Day,24.8,491.7
Mining,Hauling Ore,1,6,38.6,6.22,Sunny,Night,-1.2,84.3
Data Center Power,Generator Maintenance,5,6,17.9,1.77,Cloudy,Night,22.9,124.6
Construction,Site Preparation,5,7,58.0,13.36,Sunny,Night,32.3,228.1
Mining,Aggregate Collection,6,7,14.0,3.26,Cloudy,Day,24.8,81.1
Marine & Rail,Locomotive Maintenance,3,8,34.6,9.99,Sunny,Day,12.0,184.6
Oil & Gas,Gas Compression Service,5,8,29.9,5.72,Sunny,Day,48.0,202.4
Oil & Gas,Well Servicing,7,5,46.9,4.7,Sunny,Night,27.0,413.4
Marine & Rail,Tugboat Engine Service,3,8,21.9,4.82,Cloudy,Night,9.9,138.3
Mining,Hauling Ore,4,6,32.9,10.73,Sunny,Night,20.2,128.0
Oil & Gas,Well Drilling,3,8,47.2,6.16,Rainy,Night,20.4,368.0
Marine & Rail,Freight Operations,6,7,45.7,2.16,Foggy,Night,11.2,302.2
Mining,Hauling Ore,7,7,30.2,1.5,Cloudy,Night,28.3,142.6
Construction,Road Building,8,5,4.8,2.24,Sunny,Day,8.4,313.1
Construction,Site Preparation,9,6,56.4,2.94,Rainy,Day,29.0,296.3
Oil & Gas,Well Servicing,5,9,8.9,6.19,Rainy,Night,45.8,294.6
Data Center Power,Generator Maintenance,6,7,74.4,11.11,Sunny,Night,21.8,155.7
Data Center Power,Emergency Power Deployment,8,7,50.8,6.53,Cloudy,Day,21.1,144.4
Oil & Gas,Well Servicing,8,6,26.3,12.71,Rainy,Day,25.5,468.6
Mining,Hauling Ore,7,9,67.8,3.28,Cloudy,Day,18.0,132.6
Mining,Drilling,4,8,56.6,3.37,Cloudy,Day,9.9,182.5
Marine & Rail,Tugboat Engine Service,4,4,24.3,3.68,Cloudy,Day,26.2,214.5
Marine & Rail,Rail Network Inspection,5,7,42.2,8.21,Sunny,Night,19.9,188.9
Data Center Power,Emergency Power Deployment,6,9,64.6,8.52,Cloudy,Night,19.5,108.9
Data Center Power,Cooling System Inspection,2,8,46.5,2.74,Sunny,Day,16.8,50.8
Oil & Gas,Pipeline Pumping,7,10,25.2,2.34,Sunny,Night,33.2,185.4
Construction,Excavation,7,7,16.6,6.7,Cloudy,Night,35.0,261.2
Marine & Rail,Locomotive Maintenance,3,7,21.5,5.31,Sunny,Day,20.1,195.7
Data Center Power,Backup Generator Testing,10,5,46.8,1.41,Rainy,Night,19.8,134.9
Oil & Gas,Well Drilling,8,7,28.5,8.01,Cloudy,Day,33.4,545.8
Construction,Excavation,7,9,40.4,11.84,Foggy,Day,7.7,186.4
Marine & Rail,Tugboat Engine Service,8,5,48.4,4.3,Sunny,Day,22.2,286.3
Oil & Gas,Well Servicing,8,8,42.8,4.47,Sunny,Night,17.1,306.6
Construction,Excavation,2,10,44.7,7.52,Sunny,Day,29.5,119.0
Construction,Excavation,3,8,34.5,9.63,Rainy,Day,16.2,178.6
Oil & Gas,Gas Compression Service,4,8,35.7,1.12,Sunny,Night,10.8,155.0
Marine & Rail,Tugboat Engine Service,6,7,20.3,13.3,Cloudy,Day,16.5,203.9
Mining,Hauling Ore,7,9,35.3,2.68,Sunny,Day,12.3,116.0
Mining,Hauling Ore,6,9,25.5,7.03,Cloudy,Day,19.2,113.8
Oil & Gas,Gas Compression Service,5,7,55.0,11.69,Rainy,Night,26.7,258.5
Data Center Power,Emergency Power Deployment,4,8,15.8,3.31,Cloudy,Day,17.0,80.2
Mining,Drilling,5,7,42.4,4.71,Cloudy,Day,7.9,212.2
Oil & Gas,Pipeline Pumping,7,9,42.7,3.37,Sunny,Day,35.8,197.1
Construction,Foundation Work,6,7,0.6,1.98,Rainy,Day,13.5,247.9
Construction,Material Loading,5,9,52.5,4.57,Cloudy,Day,30.8,70.7
Mining,Surface Excavation,6,9,27.2,3.36,Sunny,Night,11.4,151.9
Data Center Power,Cooling System Inspection,8,5,23.8,0.57,Cloudy,Night,25.1,101.3
Mining,Drilling,3,9,39.5,6.28,Sunny,Day,20.4,159.1
Oil & Gas,Well Drilling,7,7,93.9,5.54,Cloudy,Night,12.3,513.5
Data Center Power,Backup Generator Testing,6,8,42.2,3.88,Rainy,Night,25.5,87.9
Oil & Gas,Pipeline Pumping,5,7,36.4,2.77,Cloudy,Day,31.7,172.5
Marine & Rail,Tugboat Engine Service,6,9,15.0,7.45,Foggy,Day,13.5,182.1
Mining,Surface Excavation,7,9,55.7,6.69,Rainy,Day,-5.3,189.2
Construction,Foundation Work,6,9,40.9,3.49,Foggy,Day,20.3,212.2
Oil & Gas,Well Drilling,3,5,38.1,3.04,Sunny,Night,20.0,397.4
Mining,Hauling Ore,5,7,42.3,2.65,Rainy,Day,18.9,128.4
Mining,Surface Excavation,6,10,65.2,11.74,Foggy,Day,19.4,171.4
Construction,Foundation Work,4,9,14.9,12.45,Sunny,Night,23.5,194.1
Marine & Rail,Rail Network Inspection,4,6,18.1,9.99,Sunny,Day,26.9,172.0
Mining,Surface Excavation,6,6,47.2,3.36,Rainy,Night,19.5,262.1
Oil & Gas,Well Drilling,7,9,23.3,8.36,Sunny,Day,8.5,328.9
Mining,Aggregate Collection,5,8,69.4,5.44,Sunny,Day,7.6,67.6
Data Center Power,Cooling System Inspection,5,9,37.7,4.55,Cloudy,Day,21.1,62.4
Mining,Drilling,4,6,70.2,12.2,Cloudy,Day,25.1,289.0
Construction,Material Loading,8,7,51.3,4.4,Sunny,Day,20.6,91.7
Mining,Hauling Ore,4,4,3.2,3.35,Foggy,Day,35.7,154.8
Marine & Rail,Rail Network Inspection,4,7,10.9,9.4,Cloudy,Night,19.2,178.2
Mining,Drilling,6,6,17.6,0.29,Cloudy,Night,22.9,265.2
Oil & Gas,Well Drilling,2,10,20.7,4.96,Sunny,Day,22.7,208.2
Marine & Rail,Tugboat Engine Service,3,5,37.9,11.36,Sunny,Night,15.6,207.6
Marine & Rail,Tugboat Engine Service,2,9,12.3,11.21,Sunny,Day,5.6,111.0
Marine & Rail,Locomotive Maintenance,5,4,23.6,1.87,Sunny,Night,11.7,284.5
Oil & Gas,Well Servicing,2,6,6.0,5.79,Sunny,Day,29.6,218.8
Data Center Power,Cooling System Inspection,6,4,24.2,2.48,Sunny,Night,20.5,86.0
Oil & Gas,Well Servicing,6,7,30.1,4.6,Cloudy,Day,-2.4,228.8
Data Center Power,Cooling System Inspection,5,9,34.6,5.95,Cloudy,Day,23.2,64.5
Marine & Rail,Freight Operations,6,8,22.2,8.99,Rainy,Night,25.0,306.9
Oil & Gas,Well Servicing,6,9,18.4,8.21,Sunny,Day,12.2,214.8
Mining,Drilling,3,8,44.5,2.02,Sunny,Day,10.5,155.4
Construction,Site Preparation,4,9,52.3,3.26,Cloudy,Day,12.7,132.9
Oil & Gas,Pipeline Pumping,4,8,49.6,8.62,Sunny,Night,41.0,190.7
Mining,Surface Excavation,5,6,36.3,14.09,Sunny,Day,28.9,239.0
Construction,Foundation Work,4,8,28.7,4.79,Sunny,Day,32.3,211.2
Construction,Demolition,6,7,28.8,6.31,Sunny,Day,38.7,245.0
Mining,Aggregate Collection,3,8,16.6,6.37,Rainy,Day,17.0,66.8
Mining,Surface Excavation,7,8,32.1,5.1,Rainy,Day,16.5,205.0
Oil & Gas,Well Servicing,5,8,50.5,11.14,Sunny,Day,31.1,285.4
Mining,Surface Excavation,2,7,29.1,7.18,Rainy,Day,12.5,161.0
Construction,Road Building,7,9,34.3,14.0,Rainy,Day,13.8,314.9
Construction,Material Loading,2,6,28.2,3.13,Cloudy,Day,36.0,65.4
Marine & Rail,Locomotive Maintenance,7,4,38.4,12.56,Sunny,Day,29.4,424.0
Oil & Gas,Pipeline Pumping,8,7,16.2,4.39,Sunny,Day,46.4,225.0
Marine & Rail,Freight Operations,6,7,56.7,10.07,Cloudy,Day,3.5,238.9
Oil & Gas,Well Servicing,5,8,13.4,14.28,Foggy,Day,35.6,295.1
Construction,Road Building,3,8,58.4,1.34,Cloudy,Night,10.4,211.1
Marine & Rail,Freight Operations,5,8,14.9,2.67,Foggy,Night,18.1,272.2
Construction,Excavation,4,9,14.9,0.97,Cloudy,Night,23.9,150.9
Oil & Gas,Pipeline Pumping,6,7,66.9,14.42,Sunny,Day,4.6,185.9
Marine & Rail,Freight Operations,1,5,29.2,8.17,Sunny,Day,17.1,177.1
Oil & Gas,Pipeline Pumping,10,7,46.6,3.74,Rainy,Day,18.8,246.7
Marine & Rail,Locomotive Maintenance,2,7,23.8,11.35,Sunny,Day,10.5,193.2
Data Center Power,Backup Generator Testing,4,7,45.0,6.22,Foggy,Day,22.0,72.7
Data Center Power,Generator Maintenance,3,8,41.9,1.93,Cloudy,Day,21.3,84.5
Data Center Power,Backup Generator Testing,9,6,61.1,5.79,Sunny,Night,18.1,126.5
Construction,Demolition,6,7,32.7,16.14,Rainy,Day,17.3,273.5
Mining,Drilling,6,8,19.1,2.66,Cloudy,Day,13.9,200.0
Data Center Power,Cooling System Inspection,7,10,31.1,4.51,Sunny,Day,22.3,66.9
Construction,Road Building,5,8,19.7,6.43,Rainy,Night,7.8,269.3
Construction,Road Building,6,9,31.9,2.7,Cloudy,Night,12.3,235.0
Construction,Road Building,5,8,25.3,7.96,Rainy,Day,34.2,320.6
Construction,Road Building,5,5,24.1,8.31,Sunny,Night,33.4,391.0
Mining,Aggregate Collection,3,8,20.7,5.31,Rainy,Day,20.4,70.1
Oil & Gas,Gas Compression Service,10,7,44.6,7.6,Foggy,Day,16.6,330.4
Data Center Power,Emergency Power Deployment,4,9,30.3,1.28,Cloudy,Night,18.7,79.8
Data Center Power,Cooling System Inspection,3,7,32.7,8.24,Rainy,Day,23.8,59.6
Oil & Gas,Well Servicing,4,10,12.2,10.13,Rainy,Day,13.0,192.0
Marine & Rail,Tugboat Engine Service,5,7,22.3,7.59,Sunny,Day,23.6,188.7
Mining,Hauling Ore,7,7,28.2,3.34,Cloudy,Night,10.4,125.2
Oil & Gas,Well Servicing,3,7,35.6,3.34,Cloudy,Day,21.4,218.9
Marine & Rail,Locomotive Maintenance,7,6,6.9,9.31,Cloudy,Day,8.2,265.2
Data Center Power,Emergency Power Deployment,2,8,28.4,6.4,Rainy,Night,23.0,82.3
Oil & Gas,Well Drilling,7,8,22.1,7.56,Sunny,Day,33.6,455.7
Construction,Excavation,6,7,39.5,9.95,Sunny,Day,-2.1,188.6
Oil & Gas,Pipeline Pumping,4,7,19.9,7.75,Sunny,Night,25.2,165.1
Construction,Excavation,7,6,26.7,4.03,Rainy,Day,19.2,262.1
Marine & Rail,Freight Operations,4,9,40.0,6.34,Cloudy,Night,0.3,192.6
Oil & Gas,Well Servicing,6,8,60.6,7.25,Foggy,Day,24.1,310.2
Data Center Power,Backup Generator Testing,5,8,19.5,4.78,Cloudy,Day,24.6,68.7
Construction,Excavation,7,5,54.4,4.77,Sunny,Day,23.1,270.9
Oil & Gas,Gas Compression Service,5,6,27.8,9.81,Sunny,Day,19.2,222.8
Mining,Surface Excavation,6,6,21.7,5.21,Cloudy,Day,26.9,217.3
Marine & Rail,Freight Operations,6,10,21.4,6.64,Sunny,Day,31.9,241.6
Oil & Gas,Well Drilling,3,7,38.9,1.82,Rainy,Day,10.9,319.2
Mining,Hauling Ore,2,6,41.5,9.04,Sunny,Day,38.9,117.7
Oil & Gas,Pipeline Pumping,7,8,35.6,11.57,Rainy,Night,13.8,206.3
Oil & Gas,Well Servicing,4,8,67.3,6.43,Sunny,Day,16.7,228.8
Marine & Rail,Freight Operations,5,7,56.8,9.1,Foggy,Day,18.2,298.9
Mining,Drilling,6,7,74.8,12.49,Sunny,Day,20.8,284.3
Oil & Gas,Well Drilling,6,8,25.4,4.54,Cloudy,Night,14.4,370.9
Marine & Rail,Locomotive Maintenance,9,9,52.1,7.69,Rainy,Night,17.3,325.2
Marine & Rail,Freight Operations,5,6,64.6,5.39,Rainy,Day,13.9,274.7
Construction,Road Building,2,6,44.7,5.41,Sunny,Day,23.8,233.5
Oil & Gas,Pipeline Pumping,7,5,15.5,5.6,Cloudy,Day,37.8,234.5
Oil & Gas,Well Servicing,7,7,21.0,7.66,Sunny,Night,48.0,376.7
Marine & Rail,Locomotive Maintenance,8,5,37.1,7.45,Rainy,Day,23.7,381.3
Construction,Excavation,8,6,25.9,4.07,Cloudy,Day,40.0,290.0
Construction,Excavation,7,9,24.1,5.87,Sunny,Day,30.6,191.6
Construction,Road Building,6,8,33.9,9.78,Rainy,Day,20.0,317.9
Oil & Gas,Pipeline Pumping,5,8,29.1,5.56,Sunny,Day,11.1,147.1
Marine & Rail,Freight Operations,8,6,39.9,0.6,Sunny,Day,22.8,322.2
Mining,Drilling,6,3,24.4,3.25,Cloudy,Day,29.6,350.9
Data Center Power,Emergency Power Deployment,7,8,61.8,11.64,Sunny,Day,23.2,130.9
Marine & Rail,Rail Network Inspection,6,7,27.8,9.95,Rainy,Day,15.5,212.3
Mining,Aggregate Collection,8,6,38.2,10.64,Foggy,Day,-1.3,97.0
Construction,Foundation Work,4,7,39.0,5.15,Cloudy,Day,19.9,216.5
Construction,Material Loading,5,8,70.2,7.14,Cloudy,Day,21.0,73.9
Marine & Rail,Tugboat Engine Service,7,9,24.3,8.07,Sunny,Day,19.1,175.0
Oil & Gas,Pipeline Pumping,3,9,17.9,8.74,Cloudy,Day,30.2,134.7
Data Center Power,Backup Generator Testing,7,7,41.5,4.1,Sunny,Night,26.8,94.4
Data Center Power,Generator Maintenance,5,6,26.6,5.81,Cloudy,Day,16.1,121.1
Mining,Aggregate Collection,8,4,40.7,3.51,Rainy,Day,21.4,126.4
Oil & Gas,Gas Compression Service,4,6,16.6,7.55,Sunny,Night,27.4,226.4
Data Center Power,Emergency Power Deployment,6,9,41.8,2.1,Cloudy,Night,23.7,98.5
Marine & Rail,Rail Network Inspection,2,8,53.4,13.57,Foggy,Night,10.4,172.5
Oil & Gas,Gas Compression Service,7,6,11.1,3.05,Rainy,Night,20.5,256.4
Construction,Demolition,4,8,32.9,3.29,Sunny,Night,15.8,168.3
Oil & Gas,Pipeline Pumping,10,9,54.4,5.58,Rainy,Day,24.3,252.7
Construction,Foundation Work,7,8,59.7,3.83,Sunny,Day,1.1,237.8
Data Center Power,Emergency Power Deployment,1,7,28.9,4.82,Sunny,Day,22.1,74.2
Data Center Power,Backup Generator Testing,10,10,12.7,4.87,Rainy,Night,21.1,95.4
Mining,Surface Excavation,4,3,24.7,2.21,Cloudy,Night,17.3,229.8
Marine & Rail,Tugboat Engine Service,9,6,48.9,7.06,Foggy,Night,8.4,353.7
Construction,Foundation Work,8,8,17.1,14.61,Cloudy,Day,19.5,261.6
Construction,Excavation,8,6,41.3,8.67,Cloudy,Day,18.7,279.3
Mining,Drilling,6,7,32.8,10.03,Cloudy,Day,23.4,275.5
Oil & Gas,Well Servicing,8,6,21.1,11.87,Sunny,Night,14.1,388.1
Marine & Rail,Rail Network Inspection,9,6,8.4,14.74,Foggy,Night,6.9,283.8
Marine & Rail,Rail Network Inspection,5,6,18.0,6.48,Cloudy,Day,21.4,181.4
Data Center Power,Backup Generator Testing,5,7,44.7,2.39,Sunny,Night,21.6,76.3
Marine & Rail,Locomotive Maintenance,4,7,30.9,7.59,Foggy,Night,15.5,242.0
Mining,Surface Excavation,3,8,51.4,8.14,Rainy,Day,-0.0,159.0
Marine & Rail,Freight Operations,4,5,48.4,3.06,Sunny,Day,5.7,208.6
Data Center Power,Backup Generator Testing,7,9,69.0,9.45,Cloudy,Day,19.6,89.3
Construction,Road Building,6,7,40.5,6.3,Cloudy,Day,18.8,288.0
Marine & Rail,Tugboat Engine Service,8,8,3.2,5.35,Sunny,Night,18.9,199.4
Data Center Power,Cooling System Inspection,10,6,20.1,11.83,Sunny,Day,18.0,99.9
Marine & Rail,Tugboat Engine Service,4,7,29.8,4.35,Sunny,Night,18.1,175.5
Oil & Gas,Well Servicing,6,8,44.7,9.09,Sunny,Day,31.7,292.1
Mining,Surface Excavation,5,6,20.6,4.18,Rainy,Day,16.5,213.4
Marine & Rail,Rail Network Inspection,4,10,13.6,9.04,Cloudy,Night,18.2,152.3
Oil & Gas,Well Servicing,7,7,22.8,5.41,Rainy,Night,37.2,419.2
Marine & Rail,Tugboat Engine Service,9,10,44.9,6.04,Rainy,Night,7.1,198.4
Mining,Surface Excavation,10,6,33.0,13.99,Cloudy,Night,10.1,337.1
Marine & Rail,Rail Network Inspection,7,8,23.9,4.19,Sunny,Day,17.9,181.0
Construction,Material Loading,7,7,79.1,6.75,Cloudy,Day,26.4,97.6
Construction,Demolition,5,7,50.6,11.1,Rainy,Day,13.6,247.3
Data Center Power,Emergency Power Deployment,7,8,65.4,4.54,Sunny,Day,19.9,117.8
Oil & Gas,Pipeline Pumping,9,7,51.8,5.78,Cloudy,Night,12.7,242.4
Construction,Site Preparation,6,9,85.0,1.56,Sunny,Day,23.5,175.2
Oil & Gas,Pipeline Pumping,7,5,18.0,2.02,Sunny,Day,38.8,210.6
Marine & Rail,Tugboat Engine Service,4,9,16.0,6.73,Cloudy,Night,14.9,148.7
Mining,Aggregate Collection,4,5,21.5,2.62,Sunny,Day,21.0,71.8
Oil & Gas,Pipeline Pumping,6,7,71.5,14.16,Cloudy,Day,15.7,208.6
Data Center Power,Cooling System Inspection,4,6,11.8,6.38,Cloudy,Day,19.1,63.6
Construction,Road Building,7,5,17.0,1.02,Sunny,Day,13.4,294.4
Marine & Rail,Rail Network Inspection,2,7,1.8,7.21,Sunny,Night,25.7,152.4
Construction,Road Building,9,7,41.0,10.71,Cloudy,Day,26.9,421.8
Construction,Demolition,9,7,18.7,3.91,Sunny,Day,20.6,250.0
Data Center Power,Cooling System Inspection,6,8,24.4,3.86,Cloudy,Day,14.3,67.2
Mining,Drilling,1,7,22.4,3.36,Sunny,Night,27.7,178.1
Oil & Gas,Pipeline Pumping,10,9,32.8,4.06,Rainy,Night,33.4,270.0
Mining,Drilling,7,8,82.6,4.35,Cloudy,Night,16.5,293.8
Mining,Surface Excavation,6,7,36.8,2.44,Sunny,Night,-3.6,174.8
Construction,Foundation Work,7,6,19.7,8.38,Cloudy,Day,9.5,268.5
Construction,Excavation,2,5,33.4,3.01,Cloudy,Day,2.3,153.0
Data Center Power,Cooling System Inspection,5,9,67.0,4.3,Sunny,Night,20.1,67.4
Oil & Gas,Gas Compression Service,5,7,49.4,9.04,Cloudy,Night,25.8,242.0
Marine & Rail,Rail Network Inspection,7,8,81.7,14.81,Sunny,Day,23.0,239.6
Construction,Demolition,5,8,16.8,6.44,Sunny,Day,23.8,174.7
Mining,Aggregate Collection,10,9,19.5,12.59,Rainy,Day,29.2,119.3
Marine & Rail,Tugboat Engine Service,9,8,21.8,2.12,Cloudy,Day,21.9,219.2
Data Center Power,Cooling System Inspection,4,9,60.3,2.38,Sunny,Day,18.4,57.3
Mining,Hauling Ore,5,9,15.5,11.34,Sunny,Night,18.7,115.9
Oil & Gas,Gas Compression Service,10,9,43.1,8.94,Sunny,Night,28.2,301.2
Marine & Rail,Locomotive Maintenance,7,9,8.3,2.71,Cloudy,Day,9.6,195.8
Construction,Site Preparation,5,8,19.9,4.36,Sunny,Day,5.6,133.7
Oil & Gas,Gas Compression Service,7,8,9.5,2.18,Rainy,Day,22.7,196.4
Construction,Material Loading,3,6,54.9,14.53,Sunny,Day,21.0,72.7
Oil & Gas,Well Drilling,4,9,19.4,2.21,Sunny,Night,13.8,269.6
Oil & Gas,Well Drilling,6,7,23.1,15.82,Sunny,Day,18.9,438.6
Oil & Gas,Well Servicing,3,6,37.0,10.54,Cloudy,Day,33.7,289.9
Oil & Gas,Well Drilling,8,8,44.1,7.71,Foggy,Day,4.0,429.6
Data Center Power,Backup Generator Testing,2,5,36.1,6.48,Sunny,Day,21.8,63.5
Data Center Power,Cooling System Inspection,4,9,39.6,5.94,Cloudy,Night,22.8,64.8
Oil & Gas,Gas Compression Service,6,7,34.6,10.5,Sunny,Day,24.6,229.0
Construction,Demolition,4,9,54.8,10.69,Sunny,Day,10.1,158.1
Oil & Gas,Well Drilling,5,8,32.3,10.05,Cloudy,Day,27.4,386.7
Data Center Power,Cooling System Inspection,6,8,21.0,3.41,Cloudy,Day,19.4,68.4
Mining,Surface Excavation,10,7,48.9,9.53,Cloudy,Day,27.6,329.7
Data Center Power,Cooling System Inspection,3,9,11.3,7.9,Rainy,Night,17.9,58.0
Marine & Rail,Locomotive Maintenance,5,5,40.3,3.37,Sunny,Day,8.2,251.1
Mining,Hauling Ore,3,10,5.5,8.73,Rainy,Day,9.8,89.4
Oil & Gas,Gas Compression Service,4,8,32.6,4.58,Sunny,Day,-0.1,137.2
Construction,Foundation Work,5,8,30.6,4.4,Cloudy,Day,-3.4,194.0
Mining,Aggregate Collection,6,6,33.9,10.52,Cloudy,Day,5.3,78.0
Mining,Aggregate Collection,7,9,12.8,5.24,Sunny,Night,-1.1,72.0
Mining,Hauling Ore,5,4,7.3,4.11,Cloudy,Day,13.7,112.3
Data Center Power,Emergency Power Deployment,8,8,33.1,1.17,Sunny,Day,15.8,109.2
Oil & Gas,Pipeline Pumping,9,8,50.2,6.31,Rainy,Night,28.9,271.5
Marine & Rail,Rail Network Inspection,6,8,46.3,14.27,Cloudy,Night,19.2,210.0
Mining,Drilling,6,8,54.9,5.67,Foggy,Day,30.6,258.3
Oil & Gas,Pipeline Pumping,1,5,31.4,0.98,Sunny,Day,32.7,130.4
Mining,Aggregate Collection,5,4,24.5,5.32,Rainy,Day,13.3,91.6
Mining,Surface Excavation,6,8,53.3,15.55,Sunny,Day,31.1,229.2
Marine & Rail,Locomotive Maintenance,10,6,17.4,11.05,Cloudy,Night,32.3,466.1
Data Center Power,Generator Maintenance,2,8,60.0,3.42,Rainy,Night,28.4,93.2
Oil & Gas,Well Servicing,4,7,63.3,8.24,Foggy,Night,30.8,316.2
Data Center Power,Backup Generator Testing,7,8,48.0,2.65,Sunny,Day,18.8,81.3
Mining,Surface Excavation,2,9,32.3,7.67,Sunny,Night,34.0,150.0
Marine & Rail,Tugboat Engine Service,6,7,52.0,11.04,Rainy,Day,18.2,225.8
Oil & Gas,Gas Compression Service,9,7,40.1,9.23,Cloudy,Night,17.3,305.7
Construction,Material Loading,3,9,40.9,1.87,Sunny,Day,21.5,55.2
Marine & Rail,Tugboat Engine Service,8,7,28.3,8.42,Sunny,Day,13.2,218.1
Oil & Gas,Gas Compression Service,8,5,26.5,13.78,Rainy,Night,37.9,416.7
Construction,Material Loading,5,8,44.5,7.85,Rainy,Night,27.6,92.1
Oil & Gas,Well Servicing,5,8,13.8,1.1,Sunny,Day,25.2,219.1
Construction,Excavation,6,7,11.6,5.51,Sunny,Day,28.4,200.4
Data Center Power,Emergency Power Deployment,8,6,51.7,9.82,Sunny,Day,24.0,162.2
Construction,Excavation,5,6,26.4,1.73,Sunny,Day,23.9,195.4
Construction,Excavation,3,5,94.0,10.66,Cloudy,Day,2.8,205.3
Mining,Surface Excavation,2,9,33.3,3.62,Cloudy,Night,23.8,129.7
Mining,Hauling Ore,4,7,62.9,9.45,Rainy,Day,-1.1,119.5
Mining,Hauling Ore,4,5,8.6,8.0,Rainy,Day,4.3,116.6
Construction,Demolition,4,8,70.5,9.62,Sunny,Day,15.2,183.7
Mining,Surface Excavation,10,7,11.5,6.4,Rainy,Night,28.4,321.3
Marine & Rail,Freight Operations,2,6,44.4,15.38,Rainy,Day,6.1,209.1
Oil & Gas,Gas Compression Service,8,7,12.2,7.48,Cloudy,Night,48.0,300.8
Data Center Power,Emergency Power Deployment,7,6,20.0,1.27,Sunny,Day,17.6,112.7
Marine & Rail,Rail Network Inspection,1,6,29.4,8.65,Sunny,Day,25.5,139.3
Marine & Rail,Rail Network Inspection,6,7,19.7,1.75,Sunny,Day,-2.5,157.1
Construction,Excavation,7,8,11.3,0.92,Sunny,Day,19.9,172.2
Oil & Gas,Pipeline Pumping,3,6,16.9,5.41,Sunny,Night,0.8,127.1
Oil & Gas,Well Servicing,10,6,57.2,4.86,Sunny,Day,28.8,488.6
Data Center Power,Cooling System Inspection,5,6,45.9,6.73,Cloudy,Day,26.1,75.3
Marine & Rail,Locomotive Maintenance,8,5,42.3,3.42,Cloudy,Night,-2.5,344.4
Construction,Road Building,5,9,48.4,11.19,Rainy,Day,18.0,269.0
Mining,Aggregate Collection,8,10,54.0,5.91,Cloudy,Day,42.0,106.9
Oil & Gas,Well Servicing,5,4,56.8,6.95,Rainy,Night,5.0,384.4
Data Center Power,Emergency Power Deployment,5,10,29.1,4.62,Rainy,Day,21.6,76.8
Mining,Surface Excavation,5,8,34.3,10.9,Cloudy,Night,28.5,211.2
Marine & Rail,Rail Network Inspection,5,9,29.1,3.2,Cloudy,Day,27.9,166.6
Mining,Surface Excavation,4,8,54.7,2.87,Rainy,Day,34.3,201.3
Mining,Surface Excavation,5,8,42.2,3.91,Cloudy,Day,12.6,151.1
Data Center Power,Emergency Power Deployment,6,9,47.3,5.61,Rainy,Night,20.3,101.8
Construction,Road Building,5,8,29.5,1.72,Cloudy,Day,38.9,262.2
Construction,Material Loading,4,6,26.4,5.31,Sunny,Day,20.3,65.9
Marine & Rail,Tugboat Engine Service,3,9,33.0,4.66,Sunny,Day,14.6,119.8
Oil & Gas,Well Servicing,8,4,23.6,3.34,Sunny,Night,26.6,430.7
Oil & Gas,Well Servicing,10,7,39.6,7.91,Cloudy,Day,29.5,443.5
Construction,Material Loading,4,9,77.2,6.59,Sunny,Day,27.2,66.9
Construction,Material Loading,3,8,30.7,1.97,Cloudy,Day,-1.8,51.7
Oil & Gas,Pipeline Pumping,9,3,48.9,5.9,Cloudy,Day,28.4,294.1
Oil & Gas,Gas Compression Service,4,9,14.2,9.67,Sunny,Day,48.0,181.6
Construction,Road Building,7,8,50.0,7.35,Sunny,Night,33.6,367.0
Construction,Excavation,7,7,58.4,1.68,Cloudy,Day,25.1,232.5
Oil & Gas,Well Servicing,6,7,10.0,9.49,Cloudy,Night,27.5,313.8
Construction,Demolition,5,9,49.7,4.48,Sunny,Night,6.2,163.3
Construction,Material Loading,7,9,60.5,5.33,Sunny,Day,11.0,74.5
Oil & Gas,Pipeline Pumping,7,6,12.5,3.95,Cloudy,Day,12.5,171.3
Mining,Drilling,5,9,37.6,12.73,Cloudy,Day,32.4,227.8
Construction,Excavation,7,9,71.2,5.57,Sunny,Day,1.2,177.1
Mining,Drilling,9,6,55.2,2.55,Rainy,Day,20.7,393.2
Oil & Gas,Well Drilling,1,9,55.1,8.36,Sunny,Night,6.7,232.0
Oil & Gas,Well Servicing,4,6,47.5,6.75,Sunny,Day,10.5,245.9
Marine & Rail,Locomotive Maintenance,6,8,47.7,5.98,Cloudy,Day,14.9,234.0
Data Center Power,Cooling System Inspection,6,6,24.7,2.74,Cloudy,Night,15.8,78.9
Construction,Excavation,6,9,30.0,7.58,Rainy,Night,32.1,229.5
Data Center Power,Generator Maintenance,6,5,49.1,3.06,Sunny,Day,21.3,143.1
Data Center Power,Generator Maintenance,7,7,35.0,5.45,Sunny,Day,18.0,125.9
Mining,Drilling,7,9,28.8,4.72,Rainy,Day,38.6,284.8
Oil & Gas,Pipeline Pumping,3,4,6.0,7.18,Sunny,Day,23.8,152.3
Construction,Excavation,3,5,29.8,9.34,Rainy,Day,28.0,239.7
Construction,Demolition,7,8,25.2,7.18,Cloudy,Day,15.2,205.2
Mining,Surface Excavation,7,6,69.1,7.56,Rainy,Day,21.3,310.7
Mining,Aggregate Collection,5,9,19.7,6.64,Sunny,Night,18.5,72.6
Data Center Power,Emergency Power Deployment,4,6,15.4,5.12,Sunny,Night,19.2,106.6
Mining,Aggregate Collection,5,10,15.0,2.29,Sunny,Day,18.6,59.7
Data Center Power,Backup Generator Testing,4,8,14.9,1.52,Sunny,Day,21.9,62.1
Mining,Drilling,5,5,35.9,8.28,Rainy,Day,9.9,285.0
Mining,Surface Excavation,7,4,51.3,7.07,Sunny,Day,6.8,268.9
Construction,Foundation Work,6,10,62.4,1.56,Sunny,Day,20.1,190.3
Mining,Hauling Ore,5,9,16.2,3.56,Sunny,Day,17.0,95.5
Construction,Foundation Work,6,7,3.4,9.6,Rainy,Day,4.7,255.1
Construction,Foundation Work,4,5,32.4,3.25,Rainy,Day,32.7,312.3
Mining,Surface Excavation,4,8,35.7,13.13,Sunny,Day,19.1,169.7
Data Center Power,Backup Generator Testing,5,10,26.8,7.67,Sunny,Day,22.9,63.6
Oil & Gas,Well Servicing,4,7,28.4,9.32,Sunny,Day,48.0,281.9
Marine & Rail,Freight Operations,6,9,56.4,9.39,Cloudy,Day,29.0,272.4
Construction,Road Building,2,9,55.5,10.61,Rainy,Day,19.9,221.3
Construction,Site Preparation,8,8,49.1,3.77,Sunny,Day,36.9,234.9
Construction,Foundation Work,3,8,57.6,1.61,Sunny,Day,19.1,182.3
Marine & Rail,Rail Network Inspection,5,6,59.2,3.79,Cloudy,Day,9.6,173.8
Construction,Road Building,7,6,16.3,6.94,Sunny,Day,27.4,350.4
Oil & Gas,Well Servicing,6,5,72.3,1.66,Rainy,Day,36.4,424.0
Oil & Gas,Pipeline Pumping,5,9,42.8,7.47,Cloudy,Night,23.4,175.0
Marine & Rail,Locomotive Maintenance,5,7,40.2,5.97,Rainy,Day,23.4,250.5
Mining,Drilling,8,6,57.8,8.26,Sunny,Night,-1.9,326.8
Construction,Demolition,3,6,30.6,5.47,Cloudy,Night,37.3,233.2
Data Center Power,Emergency Power Deployment,3,9,10.2,2.19,Sunny,Night,19.2,71.1
Data Center Power,Generator Maintenance,5,8,43.5,7.04,Sunny,Day,25.9,106.6
Oil & Gas,Pipeline Pumping,10,7,34.4,2.93,Sunny,Night,31.3,276.6
Mining,Hauling Ore,6,7,62.6,1.73,Sunny,Night,9.9,120.6
Data Center Power,Emergency Power Deployment,4,7,51.9,7.26,Sunny,Day,21.8,98.7
Data Center Power,Backup Generator Testing,6,9,51.6,7.66,Cloudy,Night,25.0,82.6
Mining,Drilling,3,9,60.8,11.23,Sunny,Night,20.9,194.1
Marine & Rail,Tugboat Engine Service,3,7,9.6,10.06,Sunny,Day,14.8,147.3
Construction,Site Preparation,4,8,42.9,11.75,Sunny,Day,8.5,150.6
Mining,Surface Excavation,7,6,46.1,12.5,Sunny,Day,18.1,255.9
Marine & Rail,Tugboat Engine Service,3,7,71.3,8.42,Sunny,Day,11.5,164.9
Oil & Gas,Gas Compression Service,6,8,22.2,9.68,Rainy,Night,17.8,214.5
Mining,Surface Excavation,4,9,69.0,8.29,Rainy,Day,23.0,178.1
Marine & Rail,Rail Network Inspection,6,9,22.3,7.16,Foggy,Day,11.6,194.4
Mining,Drilling,8,9,38.7,6.68,Sunny,Day,15.1,231.5
Construction,Demolition,4,8,27.9,1.89,Sunny,Night,23.7,175.5
Marine & Rail,Rail Network Inspection,7,8,63.2,7.27,Sunny,Night,15.2,219.1
Mining,Drilling,3,9,22.4,4.8,Sunny,Day,24.9,162.2
Construction,Road Building,6,8,35.1,4.4,Cloudy,Day,14.3,250.2
Mining,Drilling,7,7,26.6,2.78,Foggy,Night,-0.1,255.8
Marine & Rail,Locomotive Maintenance,8,8,83.3,3.64,Sunny,Day,-1.6,282.7
Marine & Rail,Tugboat Engine Service,6,9,60.8,6.97,Cloudy,Night,7.8,170.3
Data Center Power,Backup Generator Testing,4,9,28.8,2.69,Sunny,Night,21.4,65.1
Oil & Gas,Well Servicing,2,9,38.1,3.31,Cloudy,Day,11.5,152.1
Mining,Hauling Ore,6,9,30.0,9.75,Sunny,Day,42.0,144.9
Oil & Gas,Well Servicing,6,7,53.3,13.33,Cloudy,Day,34.5,367.8
Marine & Rail,Freight Operations,5,8,32.5,3.8,Sunny,Night,17.6,230.8
Data Center Power,Emergency Power Deployment,5,9,50.8,2.57,Foggy,Night,22.2,93.9
Data Center Power,Cooling System Inspection,4,9,48.9,4.46,Sunny,Night,19.3,62.7
Construction,Excavation,7,4,30.1,1.92,Rainy,Day,13.5,291.8
Construction,Demolition,4,7,5.3,3.64,Sunny,Night,24.1,189.4
Construction,Material Loading,5,7,50.3,8.53,Rainy,Night,30.4,99.5
Mining,Surface Excavation,3,7,32.1,2.78,Foggy,Night,41.8,203.8
Oil & Gas,Well Drilling,2,7,35.3,7.44,Sunny,Night,33.3,361.4
Data Center Power,Emergency Power Deployment,4,9,22.7,3.64,Sunny,Day,21.6,74.1
Oil & Gas,Gas Compression Service,8,7,32.2,3.49,Cloudy,Night,8.3,238.4
Marine & Rail,Rail Network Inspection,9,5,42.1,3.2,Sunny,Night,23.4,282.8
Construction,Road Building,5,7,20.3,3.47,Sunny,Day,12.6,231.5
Data Center Power,Emergency Power Deployment,5,10,16.2,0.92,Sunny,Day,18.8,67.4
Data Center Power,Emergency Power Deployment,8,7,26.7,15.51,Sunny,Day,21.5,146.4
Construction,Material Loading,3,9,68.7,4.97,Sunny,Day,17.1,56.2
Data Center Power,Cooling System Inspection,4,9,28.3,1.76,Cloudy,Night,18.4,58.6
Data Center Power,Generator Maintenance,5,6,2.7,1.32,Cloudy,Day,23.7,110.3
Mining,Surface Excavation,5,8,60.2,3.25,Sunny,Day,9.6,152.8
Mining,Aggregate Collection,6,8,20.1,3.02,Cloudy,Day,25.6,75.8
Mining,Drilling,5,7,38.5,7.48,Sunny,Night,20.9,251.5
Construction,Material Loading,5,9,72.2,7.45,Sunny,Day,12.0,66.3
Oil & Gas,Pipeline Pumping,5,7,21.2,8.81,Sunny,Night,13.9,164.5
Marine & Rail,Rail Network Inspection,5,9,19.4,2.19,Rainy,Night,16.6,178.3
Marine & Rail,Rail Network Inspection,3,5,36.2,9.8,Sunny,Day,16.9,159.6
Oil & Gas,Well Drilling,8,10,67.2,8.89,Sunny,Night,30.9,473.5
Oil & Gas,Well Servicing,7,9,77.8,13.58,Sunny,Day,24.1,321.7
Mining,Surface Excavation,7,8,38.7,14.23,Foggy,Day,22.8,237.9
Oil & Gas,Gas Compression Service,2,9,74.6,8.52,Sunny,Night,48.0,181.2
Mining,Hauling Ore,10,6,20.3,12.69,Rainy,Day,20.6,209.5
Mining,Drilling,3,8,35.8,0.76,Sunny,Day,-0.5,145.1
Construction,Foundation Work,9,6,33.9,8.05,Sunny,Day,19.0,354.3
Oil & Gas,Well Servicing,3,7,74.6,5.49,Sunny,Night,17.0,240.7
Marine & Rail,Tugboat Engine Service,6,6,48.6,10.97,Sunny,Day,17.4,225.6
Mining,Drilling,4,9,48.4,7.19,Cloudy,Day,15.1,176.5
Mining,Hauling Ore,6,9,4.8,11.23,Rainy,Day,18.9,127.2
Marine & Rail,Tugboat Engine Service,8,8,60.2,6.12,Rainy,Day,24.9,245.3
Mining,Drilling,3,4,36.4,5.57,Rainy,Night,20.1,313.5
Mining,Drilling,2,9,67.7,4.08,Rainy,Night,27.0,202.6
Construction,Site Preparation,6,7,8.9,7.39,Sunny,Night,23.2,186.1
Mining,Hauling Ore,10,8,42.5,8.16,Cloudy,Day,42.0,213.8
Construction,Material Loading,6,6,35.0,8.13,Sunny,Day,-5.0,75.6
Data Center Power,Generator Maintenance,7,6,28.2,3.86,Foggy,Day,20.5,143.6
Data Center Power,Emergency Power Deployment,5,8,23.8,2.48,Sunny,Night,19.5,93.5
Marine & Rail,Tugboat Engine Service,5,8,26.5,8.87,Cloudy,Day,32.3,193.8
Marine & Rail,Rail Network Inspection,7,8,14.9,0.74,Sunny,Day,11.5,170.2
Mining,Drilling,6,7,65.3,3.29,Cloudy,Day,11.6,237.5
Construction,Demolition,10,9,80.2,2.22,Sunny,Night,19.8,298.7
Oil & Gas,Gas Compression Service,4,7,52.5,4.84,Sunny,Night,30.3,220.1
Oil & Gas,Gas Compression Service,2,8,41.1,12.65,Rainy,Night,39.8,205.7
Marine & Rail,Freight Operations,6,9,32.9,14.36,Cloudy,Day,-2.2,216.4
Data Center Power,Emergency Power Deployment,5,7,53.7,4.96,Cloudy,Night,18.7,112.0
Marine & Rail,Locomotive Maintenance,7,7,12.7,3.82,Cloudy,Day,20.6,261.5
Marine & Rail,Rail Network Inspection,6,8,13.6,8.49,Sunny,Day,23.8,182.8
Oil & Gas,Pipeline Pumping,4,9,23.7,4.53,Sunny,Day,20.6,133.0
Mining,Aggregate Collection,10,8,35.7,8.47,Sunny,Night,3.7,105.6
Marine & Rail,Freight Operations,5,7,10.2,4.37,Foggy,Night,12.0,269.4
Data Center Power,Emergency Power Deployment,5,6,37.7,3.83,Sunny,Night,17.9,118.9
Construction,Demolition,3,8,5.4,4.2,Sunny,Day,18.8,144.3
Mining,Surface Excavation,7,6,20.5,11.6,Cloudy,Day,40.1,293.1
Mining,Drilling,1,9,17.4,11.29,Cloudy,Day,20.8,143.5
Data Center Power,Emergency Power Deployment,9,9,33.7,2.0,Cloudy,Night,20.5,121.4
Mining,Hauling Ore,7,6,66.4,7.6,Sunny,Day,33.1,176.4
Marine & Rail,Locomotive Maintenance,2,7,37.6,5.42,Foggy,Night,35.9,240.2
Marine & Rail,Freight Operations,5,6,47.9,8.74,Foggy,Night,33.0,366.5
Oil & Gas,Well Servicing,7,7,50.4,5.38,Rainy,Day,26.4,387.3
Mining,Surface Excavation,1,6,39.1,5.29,Foggy,Day,22.7,151.3
Marine & Rail,Tugboat Engine Service,10,8,51.9,12.9,Foggy,Day,20.5,369.3
Oil & Gas,Pipeline Pumping,5,7,19.6,10.07,Rainy,Day,34.5,192.1
Mining,Drilling,5,6,13.0,6.49,Rainy,Day,23.2,278.8
Mining,Surface Excavation,5,6,32.2,2.83,Rainy,Day,7.1,195.8
Construction,Road Building,7,7,10.9,13.33,Cloudy,Day,12.9,313.0
Mining,Hauling Ore,5,10,14.8,10.24,Sunny,Day,22.0,104.5
Construction,Site Preparation,3,7,33.2,3.77,Rainy,Day,15.9,148.6
Data Center Power,Backup Generator Testing,7,5,1.3,3.24,Sunny,Night,18.9,89.1
Mining,Aggregate Collection,8,7,5.9,6.99,Sunny,Day,6.2,77.8
Construction,Site Preparation,6,8,30.3,3.93,Cloudy,Day,1.5,153.3
Mining,Hauling Ore,5,7,24.4,12.79,Cloudy,Night,35.3,157.6
Mining,Drilling,9,8,23.1,9.52,Rainy,Day,19.5,318.6
Oil & Gas,Pipeline Pumping,10,9,46.6,4.73,Sunny,Day,37.7,264.5
Construction,Material Loading,5,9,23.6,5.48,Rainy,Day,26.7,75.4
Construction,Road Building,4,8,80.7,10.0,Sunny,Night,9.3,253.2
Construction,Excavation,2,8,19.1,5.19,Rainy,Day,24.7,155.0
Mining,Hauling Ore,7,8,13.9,2.47,Sunny,Day,12.9,108.7
Marine & Rail,Tugboat Engine Service,4,4,44.5,12.13,Sunny,Day,17.4,232.4
Mining,Hauling Ore,7,7,69.0,8.84,Sunny,Day,22.5,158.9
Mining,Drilling,6,7,41.3,18.07,Cloudy,Day,25.2,303.2
Oil & Gas,Pipeline Pumping,6,9,20.2,7.75,Cloudy,Night,25.0,182.8
Data Center Power,Generator Maintenance,10,9,9.5,2.63,Rainy,Day,23.5,122.5
Marine & Rail,Freight Operations,5,4,13.3,4.9,Cloudy,Night,11.7,250.2
Marine & Rail,Rail Network Inspection,3,8,17.9,9.13,Cloudy,Night,12.2,147.2
Data Center Power,Cooling System Inspection,5,7,33.9,2.42,Sunny,Day,23.2,66.7
Mining,Drilling,5,8,22.8,1.76,Foggy,Day,30.7,217.0
Construction,Demolition,7,8,21.9,3.07,Sunny,Day,36.5,228.3
Mining,Aggregate Collection,10,7,50.2,1.05,Cloudy,Night,18.7,127.3
Oil & Gas,Well Servicing,8,9,72.5,7.33,Sunny,Night,26.7,348.6
Mining,Surface Excavation,6,9,22.5,7.34,Rainy,Day,4.1,167.5
Data Center Power,Emergency Power Deployment,7,9,34.2,4.37,Cloudy,Day,20.1,98.3
Construction,Foundation Work,3,5,20.4,6.74,Cloudy,Day,17.9,231.9
Mining,Drilling,3,8,51.9,12.65,Sunny,Day,16.8,195.4
Data Center Power,Generator Maintenance,5,8,21.0,3.9,Cloudy,Day,18.7,97.3
Mining,Aggregate Collection,5,9,21.1,3.43,Rainy,Day,12.7,71.4
Marine & Rail,Rail Network Inspection,2,8,44.7,9.15,Sunny,Day,18.6,138.9
Data Center Power,Emergency Power Deployment,4,9,30.4,3.76,Sunny,Day,23.9,79.6
Mining,Hauling Ore,5,6,10.2,2.25,Cloudy,Day,16.4,107.1
Mining,Hauling Ore,4,5,37.3,14.03,Rainy,Night,9.5,146.1
Construction,Road Building,5,8,20.6,3.99,Cloudy,Day,27.5,241.6
Marine & Rail,Freight Operations,6,7,43.2,2.26,Cloudy,Day,15.0,248.0
Marine & Rail,Tugboat Engine Service,8,7,7.8,7.28,Sunny,Day,9.7,194.9
Marine & Rail,Locomotive Maintenance,6,7,48.3,10.42,Cloudy,Night,10.9,288.1
Oil & Gas,Gas Compression Service,6,8,83.1,6.01,Sunny,Day,20.0,217.3
Construction,Material Loading,8,7,62.0,7.69,Sunny,Day,19.8,102.1
Marine & Rail,Freight Operations,4,9,36.6,12.08,Rainy,Day,37.7,280.0
Data Center Power,Emergency Power Deployment,5,7,23.2,2.72,Sunny,Night,14.6,97.7
Marine & Rail,Locomotive Maintenance,6,7,8.5,11.74,Foggy,Day,18.9,275.1
Oil & Gas,Well Drilling,10,8,28.1,9.43,Foggy,Day,37.3,644.6
Construction,Demolition,7,8,28.7,2.83,Cloudy,Day,24.1,210.0
Marine & Rail,Tugboat Engine Service,5,9,26.3,3.61,Sunny,Day,25.1,149.5
Construction,Road Building,3,8,33.6,5.13,Cloudy,Night,32.3,248.4
Data Center Power,Emergency Power Deployment,7,9,38.0,6.21,Rainy,Night,26.8,117.7
Oil & Gas,Pipeline Pumping,10,10,59.7,14.18,Sunny,Day,45.0,300.2
Mining,Hauling Ore,5,6,36.1,1.38,Rainy,Day,34.0,145.2
Mining,Aggregate Collection,3,7,42.6,6.64,Sunny,Night,4.9,64.3
Data Center Power,Backup Generator Testing,7,7,29.0,2.18,Sunny,Night,21.1,87.1
Construction,Excavation,4,8,29.0,13.78,Rainy,Day,16.1,198.5
Data Center Power,Generator Maintenance,5,7,42.1,5.0,Sunny,Night,15.9,119.8
Mining,Surface Excavation,5,9,34.3,4.95,Sunny,Day,26.9,154.4
Oil & Gas,Pipeline Pumping,5,9,17.1,3.87,Sunny,Night,27.9,159.2
Construction,Site Preparation,4,9,45.9,4.49,Cloudy,Night,36.5,174.9
Data Center Power,Backup Generator Testing,8,9,50.4,4.25,Cloudy,Day,24.0,95.6
Construction,Road Building,4,6,44.2,4.95,Cloudy,Day,17.9,266.6
Construction,Road Building,3,8,53.0,7.78,Cloudy,Day,16.3,221.3
Marine & Rail,Freight Operations,5,8,35.7,5.91,Sunny,Night,13.8,222.4
Construction,Foundation Work,4,6,50.2,5.11,Sunny,Day,19.4,234.7
Mining,Hauling Ore,4,5,54.3,1.68,Rainy,Day,42.0,155.1
Mining,Aggregate Collection,6,7,19.3,10.85,Cloudy,Night,11.5,81.9
Data Center Power,Backup Generator Testing,6,6,21.9,1.4,Sunny,Night,15.3,80.6
Oil & Gas,Pipeline Pumping,5,7,64.5,6.26,Sunny,Day,28.5,181.2
Marine & Rail,Tugboat Engine Service,5,7,27.6,3.91,Rainy,Night,7.6,173.0
Construction,Foundation Work,6,7,9.9,1.6,Sunny,Day,13.4,211.4
Mining,Drilling,6,8,15.6,5.9,Sunny,Night,-1.3,204.2
Construction,Excavation,1,8,3.1,10.71,Cloudy,Day,25.6,133.4
Construction,Excavation,5,6,11.9,3.49,Sunny,Day,40.0,225.4
Construction,Demolition,1,9,55.8,7.91,Rainy,Day,11.5,136.5
Mining,Surface Excavation,6,9,27.2,1.25,Sunny,Day,0.4,136.5
Marine & Rail,Rail Network Inspection,6,7,32.4,13.09,Sunny,Day,34.6,219.4
Oil & Gas,Well Servicing,6,6,12.0,11.04,Rainy,Day,11.2,322.4
Data Center Power,Backup Generator Testing,4,9,19.4,6.95,Sunny,Night,17.6,63.2
Oil & Gas,Well Drilling,4,6,23.5,10.83,Sunny,Night,-2.2,356.1
Oil & Gas,Gas Compression Service,3,8,66.0,1.15,Sunny,Night,20.4,161.9
Mining,Surface Excavation,8,7,27.5,6.79,Sunny,Day,4.1,203.1
Oil & Gas,Gas Compression Service,4,6,73.6,7.19,Sunny,Night,33.8,266.9
Oil & Gas,Gas Compression Service,5,7,27.2,7.34,Cloudy,Day,13.0,186.2
Mining,Drilling,6,6,57.9,7.74,Sunny,Night,14.5,295.8
Construction,Demolition,9,6,64.4,1.88,Rainy,Day,8.2,329.4
Mining,Drilling,4,5,31.4,12.23,Sunny,Day,-10.0,238.5
Data Center Power,Emergency Power Deployment,6,8,60.0,5.84,Sunny,Day,21.6,107.0
Construction,Foundation Work,6,8,64.6,6.29,Sunny,Day,16.4,232.5
Construction,Excavation,8,6,10.3,4.7,Sunny,Day,21.0,233.1
Marine & Rail,Tugboat Engine Service,6,5,26.3,5.49,Rainy,Day,16.8,233.1
Data Center Power,Cooling System Inspection,1,6,26.2,0.55,Cloudy,Day,19.1,47.6
Marine & Rail,Rail Network Inspection,7,7,48.6,4.23,Sunny,Day,37.0,246.6
Data Center Power,Cooling System Inspection,8,6,39.4,12.14,Rainy,Day,21.9,101.7
Mining,Drilling,8,7,15.0,4.04,Rainy,Night,24.5,337.1
Mining,Surface Excavation,4,5,19.4,13.81,Sunny,Day,0.1,189.1
Data Center Power,Emergency Power Deployment,4,8,45.0,5.22,Cloudy,Day,19.0,87.9
Marine & Rail,Rail Network Inspection,3,5,30.0,12.86,Sunny,Night,17.8,176.4
Construction,Foundation Work,8,9,20.3,2.13,Cloudy,Day,11.8,220.8
Mining,Drilling,5,9,69.9,5.4,Rainy,Day,10.5,207.2
Construction,Demolition,1,10,30.9,0.84,Sunny,Day,8.4,89.1
Data Center Power,Emergency Power Deployment,5,10,10.6,3.1,Rainy,Day,20.4,70.8
Oil & Gas,Well Servicing,8,8,42.4,7.66,Cloudy,Day,7.4,283.0
Construction,Material Loading,8,9,7.5,9.8,Sunny,Day,14.7,75.0
Marine & Rail,Tugboat Engine Service,6,7,46.8,6.59,Foggy,Day,23.4,255.9
Oil & Gas,Well Servicing,5,6,15.4,4.73,Rainy,Day,25.7,309.5
Marine & Rail,Locomotive Maintenance,6,8,44.6,4.16,Sunny,Day,20.7,235.4
Data Center Power,Generator Maintenance,9,5,13.8,2.05,Foggy,Night,19.1,174.2
Marine & Rail,Rail Network Inspection,3,9,14.0,7.6,Cloudy,Day,11.5,124.7
Construction,Foundation Work,8,5,53.6,9.72,Sunny,Day,25.8,412.6
Marine & Rail,Tugboat Engine Service,7,9,28.2,9.93,Rainy,Night,12.9,194.8
Mining,Surface Excavation,7,7,49.9,9.0,Rainy,Night,4.8,256.4
Construction,Excavation,10,6,22.5,16.34,Sunny,Day,12.5,303.3
Construction,Excavation,8,8,22.6,11.43,Sunny,Day,32.7,247.9
Data Center Power,Cooling System Inspection,3,8,61.9,8.98,Sunny,Day,19.4,59.0
Mining,Hauling Ore,5,8,8.5,3.27,Sunny,Day,31.2,109.1
Construction,Excavation,1,8,46.0,5.62,Cloudy,Day,4.6,117.0
Construction,Demolition,5,9,8.1,14.99,Cloudy,Day,19.4,176.7
Oil & Gas,Well Drilling,7,8,52.8,11.96,Rainy,Day,15.2,508.3
Construction,Excavation,5,7,50.1,6.55,Sunny,Day,31.1,207.1
Mining,Hauling Ore,6,8,10.2,10.58,Cloudy,Day,-5.1,108.9
Data Center Power,Emergency Power Deployment,9,9,16.8,6.8,Sunny,Day,23.8,111.6
Marine & Rail,Freight Operations,6,9,32.3,7.14,Rainy,Night,19.3,287.8
Marine & Rail,Tugboat Engine Service,8,9,23.6,6.57,Rainy,Night,18.8,204.5
Marine & Rail,Rail Network Inspection,4,8,67.5,3.66,Cloudy,Night,14.5,168.2
Oil & Gas,Gas Compression Service,6,7,69.2,2.94,Cloudy,Day,28.7,240.4
Marine & Rail,Rail Network Inspection,6,6,45.4,9.01,Cloudy,Night,38.0,258.3
Marine & Rail,Locomotive Maintenance,5,8,30.8,4.25,Cloudy,Day,19.5,214.2
Data Center Power,Cooling System Inspection,5,4,33.6,4.22,Cloudy,Night,19.9,81.2
Oil & Gas,Well Servicing,5,5,21.2,11.49,Rainy,Day,5.8,324.2
Oil & Gas,Pipeline Pumping,3,5,58.7,10.97,Sunny,Day,11.3,157.2
Data Center Power,Generator Maintenance,7,7,57.8,3.92,Cloudy,Day,25.2,142.8
Oil & Gas,Gas Compression Service,6,8,47.3,6.98,Sunny,Day,44.4,230.9
Construction,Road Building,5,6,55.1,6.07,Foggy,Day,13.4,293.5
Marine & Rail,Rail Network Inspection,4,9,37.9,5.0,Foggy,Day,15.0,172.3
Oil & Gas,Pipeline Pumping,5,7,65.2,11.84,Sunny,Night,7.5,182.4
Data Center Power,Backup Generator Testing,6,9,11.4,3.45,Sunny,Night,24.8,72.3
Construction,Excavation,1,8,22.8,4.73,Sunny,Day,36.2,139.3
Construction,Road Building,6,8,39.8,5.15,Cloudy,Day,-2.8,241.5
Mining,Surface Excavation,5,7,55.7,3.42,Cloudy,Day,-0.1,163.4
Marine & Rail,Tugboat Engine Service,6,7,54.8,3.51,Sunny,Night,18.8,212.1
Marine & Rail,Locomotive Maintenance,4,7,29.5,6.19,Sunny,Day,21.6,226.9
Data Center Power,Cooling System Inspection,8,7,66.0,6.61,Cloudy,Day,21.1,99.6
Construction,Demolition,6,8,39.2,10.5,Cloudy,Night,22.9,231.7
Marine & Rail,Locomotive Maintenance,4,4,17.2,7.18,Sunny,Night,24.9,323.3
Data Center Power,Emergency Power Deployment,4,9,36.6,7.17,Sunny,Night,18.4,85.1
Mining,Hauling Ore,8,7,40.5,5.29,Rainy,Day,6.8,152.1
Oil & Gas,Well Drilling,3,6,45.7,11.35,Sunny,Day,34.6,430.6
Oil & Gas,Gas Compression Service,2,9,69.1,6.55,Sunny,Day,11.1,125.5
Oil & Gas,Pipeline Pumping,8,7,39.9,2.74,Rainy,Day,13.4,192.6
Data Center Power,Cooling System Inspection,1,7,38.1,1.67,Cloudy,Day,24.5,48.6
Oil & Gas,Well Drilling,6,7,10.2,9.7,Cloudy,Night,40.6,500.2
Marine & Rail,Rail Network Inspection,2,9,2.2,8.11,Rainy,Night,3.3,131.3
Oil & Gas,Gas Compression Service,7,10,67.8,6.61,Cloudy,Day,38.2,218.2
Construction,Foundation Work,6,7,45.0,0.91,Rainy,Day,25.7,291.4
Marine & Rail,Rail Network Inspection,7,9,17.6,6.52,Cloudy,Day,10.2,168.9
Marine & Rail,Tugboat Engine Service,9,8,50.1,2.67,Sunny,Night,15.3,241.8
Construction,Material Loading,5,4,37.7,3.62,Sunny,Night,21.4,85.5
Mining,Aggregate Collection,3,8,69.7,14.45,Sunny,Day,4.0,61.5
Data Center Power,Backup Generator Testing,3,8,19.1,0.95,Sunny,Day,21.0,55.9
Construction,Material Loading,6,6,25.6,7.97,Rainy,Day,25.4,96.8
Construction,Foundation Work,10,7,73.2,9.0,Rainy,Day,7.7,449.4
Construction,Foundation Work,9,8,65.5,2.27,Foggy,Night,6.3,333.8
Mining,Surface Excavation,2,6,29.7,6.39,Sunny,Day,13.4,145.9
Oil & Gas,Well Drilling,6,5,9.0,3.3,Cloudy,Day,25.6,457.9
Marine & Rail,Freight Operations,5,9,47.2,4.97,Sunny,Day,19.7,215.3
Mining,Drilling,6,8,58.5,5.59,Rainy,Day,-3.0,235.4
Marine & Rail,Freight Operations,2,8,46.1,9.21,Cloudy,Night,27.7,221.8
Marine & Rail,Tugboat Engine Service,7,6,62.7,5.75,Foggy,Day,10.3,286.0
Mining,Drilling,4,9,25.3,3.4,Sunny,Day,26.8,180.3
Mining,Aggregate Collection,5,6,59.0,1.55,Cloudy,Night,19.5,85.8
Oil & Gas,Pipeline Pumping,4,8,7.2,8.56,Cloudy,Day,48.0,164.7
Mining,Aggregate Collection,4,8,39.2,11.85,Rainy,Night,9.3,79.8
Oil & Gas,Gas Compression Service,6,9,18.9,10.96,Sunny,Night,32.8,218.2
Data Center Power,Emergency Power Deployment,5,6,69.7,7.32,Sunny,Day,18.8,121.9
Mining,Drilling,6,9,26.0,7.23,Rainy,Day,20.2,229.3
Marine & Rail,Freight Operations,2,9,43.5,3.88,Sunny,Day,17.7,162.7
Construction,Demolition,8,9,17.2,6.81,Sunny,Night,15.0,202.8
Data Center Power,Backup Generator Testing,2,7,5.2,1.34,Cloudy,Night,19.2,57.0
Construction,Foundation Work,4,6,8.8,12.01,Cloudy,Day,19.7,234.2
Oil & Gas,Well Drilling,6,6,23.4,11.08,Cloudy,Day,30.2,510.3
Marine & Rail,Tugboat Engine Service,6,5,25.6,8.11,Sunny,Night,15.8,237.4
Marine & Rail,Rail Network Inspection,5,6,29.9,6.43,Foggy,Day,24.6,230.3
Oil & Gas,Pipeline Pumping,4,9,48.9,3.0,Cloudy,Day,33.1,152.7
Mining,Aggregate Collection,6,9,15.6,5.17,Sunny,Day,9.4,63.2
Construction,Foundation Work,7,4,35.1,7.44,Sunny,Day,18.0,349.5
Data Center Power,Cooling System Inspection,2,6,6.8,2.79,Cloudy,Day,14.2,51.5
Construction,Excavation,5,8,22.8,6.77,Rainy,Day,16.4,186.3
Mining,Surface Excavation,7,5,62.2,12.12,Sunny,Night,13.0,297.4
Data Center Power,Emergency Power Deployment,3,6,67.8,4.39,Foggy,Night,23.8,113.4
Oil & Gas,Pipeline Pumping,2,4,34.9,2.37,Rainy,Night,20.5,152.7
Construction,Excavation,5,8,55.8,1.31,Rainy,Day,15.6,182.1
Marine & Rail,Rail Network Inspection,7,9,36.4,10.48,Cloudy,Day,33.7,218.0
Construction,Site Preparation,3,7,8.2,4.66,Sunny,Day,16.6,124.9
Marine & Rail,Locomotive Maintenance,4,6,42.8,3.27,Sunny,Night,15.6,248.2
Construction,Foundation Work,4,9,48.5,4.65,Rainy,Day,10.5,198.0
Oil & Gas,Gas Compression Service,2,8,15.9,5.85,Cloudy,Day,22.2,142.9
Construction,Excavation,4,8,26.3,10.43,Foggy,Day,8.5,161.3
Construction,Foundation Work,8,7,28.9,4.4,Cloudy,Day,8.9,265.7
Mining,Hauling Ore,3,8,15.7,9.41,Cloudy,Night,-10.0,91.3
Construction,Site Preparation,5,8,23.4,3.61,Sunny,Night,18.0,151.9
Construction,Foundation Work,9,8,20.5,5.58,Sunny,Day,1.3,242.4
Mining,Aggregate Collection,7,7,50.3,6.27,Sunny,Day,27.6,97.8
Data Center Power,Cooling System Inspection,9,10,7.3,7.61,Sunny,Night,23.4,78.1
Mining,Surface Excavation,3,7,20.9,4.0,Sunny,Day,30.4,158.2
Oil & Gas,Pipeline Pumping,7,6,72.3,3.54,Cloudy,Day,12.0,199.5
Oil & Gas,Well Servicing,8,8,44.0,3.3,Rainy,Day,2.0,294.2
Mining,Drilling,10,6,12.8,9.92,Rainy,Night,18.0,423.7
Construction,Foundation Work,6,5,16.0,7.32,Cloudy,Day,0.5,260.5
Mining,Drilling,3,8,63.2,6.06,Foggy,Day,42.0,232.7
Marine & Rail,Tugboat Engine Service,1,8,41.9,8.05,Cloudy,Day,8.4,114.7
Marine & Rail,Rail Network Inspection,7,6,16.6,3.52,Sunny,Night,19.0,209.6
Oil & Gas,Pipeline Pumping,1,7,14.5,4.48,Cloudy,Day,17.6,110.3
Oil & Gas,Gas Compression Service,8,7,17.7,2.49,Cloudy,Night,26.3,265.1
Oil & Gas,Well Servicing,5,8,20.1,6.58,Foggy,Night,21.5,262.0
Construction,Road Building,4,8,23.8,2.83,Rainy,Day,2.4,214.0
Oil & Gas,Gas Compression Service,9,9,24.3,13.81,Sunny,Day,48.0,264.4
Construction,Foundation Work,9,7,15.1,5.15,Rainy,Night,11.2,345.3
Mining,Surface Excavation,3,9,15.8,7.04,Cloudy,Night,20.4,138.3
Data Center Power,Emergency Power Deployment,7,9,28.4,1.36,Sunny,Day,21.3,90.8
Data Center Power,Cooling System Inspection,7,8,26.6,5.06,Cloudy,Day,17.8,73.7
Oil & Gas,Gas Compression Service,5,9,45.7,2.46,Sunny,Night,20.9,173.9
Construction,Demolition,10,5,16.8,13.09,Sunny,Day,5.7,323.2
Construction,Demolition,4,7,17.2,11.99,Sunny,Night,27.8,221.1
Mining,Aggregate Collection,6,9,5.0,2.04,Sunny,Day,-8.8,59.9
Marine & Rail,Freight Operations,10,7,36.3,9.46,Sunny,Day,7.5,328.5
Construction,Site Preparation,2,9,15.8,12.99,Sunny,Day,10.6,119.9
Construction,Site Preparation,5,9,24.1,1.19,Sunny,Day,38.4,162.9
Marine & Rail,Tugboat Engine Service,2,7,18.6,13.81,Sunny,Day,22.8,158.2
Oil & Gas,Well Drilling,5,6,38.5,5.52,Sunny,Day,27.7,420.0
Data Center Power,Emergency Power Deployment,5,6,14.6,3.27,Sunny,Night,20.1,112.6
Mining,Hauling Ore,4,7,40.2,11.98,Sunny,Day,-1.8,105.8
Mining,Hauling Ore,5,5,48.7,8.12,Cloudy,Night,8.6,135.1
Mining,Surface Excavation,8,9,7.9,4.05,Sunny,Day,-10.0,150.0
Mining,Drilling,6,6,14.7,6.42,Sunny,Day,25.3,265.1
Mining,Aggregate Collection,7,7,15.2,4.22,Cloudy,Day,27.1,87.2
Mining,Drilling,7,6,39.8,3.62,Sunny,Day,13.4,266.6
Mining,Surface Excavation,5,9,45.5,3.18,Sunny,Day,10.2,133.7
Oil & Gas,Gas Compression Service,4,8,81.6,3.66,Sunny,Day,22.4,177.4
Mining,Aggregate Collection,9,8,32.2,9.98,Cloudy,Day,28.9,115.3
Mining,Aggregate Collection,9,6,31.8,9.94,Sunny,Day,11.5,104.2
Oil & Gas,Gas Compression Service,6,9,22.1,1.38,Rainy,Night,3.9,155.9
Oil & Gas,Pipeline Pumping,5,9,9.8,2.06,Sunny,Day,29.4,144.9
Oil & Gas,Gas Compression Service,4,9,33.4,5.75,Cloudy,Night,30.7,177.7
Oil & Gas,Pipeline Pumping,1,10,23.0,4.4,Cloudy,Day,17.2,95.4
Mining,Drilling,7,7,13.0,11.7,Foggy,Day,16.5,283.2
Oil & Gas,Well Drilling,9,7,54.2,5.88,Sunny,Day,25.5,583.6
Marine & Rail,Rail Network Inspection,7,7,31.2,4.93,Foggy,Day,16.6,237.6
Marine & Rail,Tugboat Engine Service,8,6,10.8,2.34,Cloudy,Night,38.0,283.8
Data Center Power,Backup Generator Testing,9,7,31.2,10.77,Cloudy,Night,15.2,111.7
Construction,Demolition,4,9,43.3,1.31,Sunny,Night,0.8,143.2
Oil & Gas,Pipeline Pumping,7,7,43.6,11.91,Rainy,Day,25.9,226.5
Marine & Rail,Locomotive Maintenance,3,9,24.3,1.96,Foggy,Night,10.4,166.1
Data Center Power,Cooling System Inspection,4,9,9.9,2.56,Sunny,Night,18.5,56.9
Marine & Rail,Rail Network Inspection,3,6,46.0,5.1,Sunny,Night,3.7,152.0
Marine & Rail,Tugboat Engine Service,1,6,37.8,15.65,Cloudy,Night,20.1,185.0
Oil & Gas,Well Drilling,6,4,63.4,5.85,Rainy,Day,24.6,650.4
Oil & Gas,Well Servicing,6,9,43.7,7.88,Cloudy,Night,29.6,293.0
Construction,Excavation,8,8,62.2,3.73,Cloudy,Day,24.6,245.9
Oil & Gas,Gas Compression Service,4,9,27.8,7.17,Cloudy,Night,45.3,188.5
Data Center Power,Emergency Power Deployment,3,9,80.3,0.43,Sunny,Night,13.3,77.9
Data Center Power,Backup Generator Testing,7,7,13.6,8.45,Sunny,Day,23.9,83.0
Marine & Rail,Tugboat Engine Service,9,6,25.5,8.74,Rainy,Night,20.6,312.2
Oil & Gas,Pipeline Pumping,7,6,41.2,8.84,Cloudy,Night,27.9,245.4
Oil & Gas,Gas Compression Service,10,8,36.4,5.53,Rainy,Day,33.8,314.6
Mining,Drilling,9,6,22.1,8.21,Rainy,Night,25.3,427.0
Mining,Aggregate Collection,4,5,12.9,1.11,Sunny,Day,10.2,65.3
Construction,Road Building,5,5,6.0,14.56,Foggy,Day,21.2,349.8
Construction,Foundation Work,4,8,13.0,2.79,Cloudy,Day,32.1,205.6
Construction,Demolition,9,6,35.4,11.5,Cloudy,Night,20.6,357.5
Data Center Power,Emergency Power Deployment,3,8,64.9,0.83,Cloudy,Night,24.6,88.9
Construction,Road Building,5,3,14.9,9.04,Sunny,Day,24.8,370.4
Mining,Drilling,3,4,33.2,11.46,Sunny,Day,20.8,254.6
Marine & Rail,Rail Network Inspection,7,8,10.0,7.67,Sunny,Day,12.8,172.0
Construction,Road Building,4,9,36.1,5.65,Sunny,Day,31.0,220.1
Mining,Surface Excavation,6,9,40.2,6.23,Sunny,Day,19.8,162.1
Oil & Gas,Well Servicing,10,6,53.2,14.02,Sunny,Night,21.9,548.2
Data Center Power,Cooling System Inspection,5,7,15.2,4.38,Rainy,Day,23.4,68.7
Oil & Gas,Well Drilling,6,9,64.6,0.8,Sunny,Day,21.6,329.8
Mining,Surface Excavation,10,7,27.2,9.49,Rainy,Day,16.0,307.4
Marine & Rail,Locomotive Maintenance,7,6,56.7,2.7,Sunny,Day,20.0,316.4
Construction,Demolition,2,8,27.9,4.53,Cloudy,Day,11.2,132.4
Mining,Surface Excavation,7,4,9.2,6.3,Sunny,Day,14.9,244.3
Marine & Rail,Tugboat Engine Service,7,8,33.1,2.44,Rainy,Night,18.2,207.0
Data Center Power,Generator Maintenance,3,8,33.6,2.19,Sunny,Day,24.1,85.2
Oil & Gas,Well Drilling,4,6,23.5,4.12,Cloudy,Day,28.6,393.3
Data Center Power,Backup Generator Testing,2,9,1.8,7.32,Rainy,Night,18.4,54.7
Oil & Gas,Gas Compression Service,2,6,29.9,0.62,Cloudy,Night,20.0,172.1
Data Center Power,Cooling System Inspection,4,9,53.3,3.92,Sunny,Day,16.9,58.2
Construction,Excavation,3,8,14.4,4.13,Cloudy,Day,22.5,142.1
Marine & Rail,Locomotive Maintenance,5,9,33.5,8.26,Cloudy,Night,17.5,219.2
Marine & Rail,Freight Operations,7,4,41.3,1.59,Sunny,Day,37.0,357.3
Oil & Gas,Pipeline Pumping,6,9,40.7,8.07,Sunny,Night,25.9,180.2
Marine & Rail,Tugboat Engine Service,6,7,66.5,10.56,Sunny,Day,28.2,241.4
Construction,Foundation Work,8,9,12.9,6.38,Cloudy,Day,24.7,240.1
Mining,Surface Excavation,7,9,14.9,11.68,Rainy,Night,42.0,269.5
Data Center Power,Cooling System Inspection,5,8,34.8,3.49,Sunny,Night,19.7,68.8
Data Center Power,Backup Generator Testing,6,9,16.9,3.01,Cloudy,Day,21.0,65.1
Marine & Rail,Tugboat Engine Service,6,7,17.5,3.18,Foggy,Day,8.7,198.5
Mining,Drilling,2,8,43.9,8.11,Sunny,Night,4.6,166.1
Construction,Material Loading,4,6,57.3,1.88,Sunny,Night,18.6,70.3
Oil & Gas,Gas Compression Service,6,8,45.8,13.62,Sunny,Day,16.2,218.8
Data Center Power,Emergency Power Deployment,5,8,19.4,3.97,Sunny,Day,17.2,85.2
Construction,Road Building,4,8,24.7,9.43,Rainy,Day,12.3,249.0
Oil & Gas,Well Drilling,6,9,59.8,13.3,Cloudy,Day,10.3,363.9
Construction,Road Building,6,9,41.2,9.03,Cloudy,Day,7.0,231.7
Data Center Power,Emergency Power Deployment,6,9,51.0,1.48,Sunny,Day,24.1,91.8
Construction,Site Preparation,5,9,39.1,12.75,Sunny,Night,17.4,175.1
Mining,Surface Excavation,5,7,25.2,5.2,Sunny,Day,4.2,160.1
Oil & Gas,Well Servicing,2,9,58.6,5.26,Sunny,Day,18.7,173.4
Construction,Excavation,5,8,34.7,8.49,Rainy,Night,2.0,196.9
Oil & Gas,Pipeline Pumping,8,6,26.8,3.02,Cloudy,Night,24.6,222.1
Construction,Road Building,9,5,7.8,8.07,Cloudy,Day,24.7,410.3
Data Center Power,Generator Maintenance,3,8,30.2,2.7,Sunny,Day,20.5,83.0
Data Center Power,Emergency Power Deployment,1,7,21.5,4.67,Cloudy,Day,28.4,72.9
Marine & Rail,Rail Network Inspection,4,6,21.9,1.75,Foggy,Day,31.8,218.6
Marine & Rail,Rail Network Inspection,2,5,56.3,7.75,Sunny,Day,15.1,148.0
Construction,Material Loading,6,9,17.4,3.44,Sunny,Night,2.3,64.1
Mining,Surface Excavation,4,5,1.6,9.31,Sunny,Day,29.6,198.2
Marine & Rail,Locomotive Maintenance,9,7,63.6,7.62,Sunny,Day,27.7,405.2
Construction,Material Loading,6,4,16.4,14.49,Cloudy,Night,25.3,104.8
Construction,Road Building,1,9,1.0,2.95,Rainy,Night,17.2,169.9
Mining,Hauling Ore,7,6,45.3,10.21,Sunny,Day,31.6,168.3
Data Center Power,Emergency Power Deployment,4,9,38.3,0.83,Sunny,Night,19.9,77.2
Data Center Power,Cooling System Inspection,5,6,25.9,10.31,Cloudy,Day,23.0,70.2
Construction,Road Building,3,7,16.6,7.1,Sunny,Day,16.9,219.5
Construction,Excavation,6,7,44.2,2.33,Sunny,Night,30.2,229.1
Marine & Rail,Freight Operations,4,8,30.8,7.87,Sunny,Night,14.7,207.3
Oil & Gas,Gas Compression Service,9,9,10.5,10.78,Cloudy,Day,14.2,206.1
Construction,Excavation,2,8,59.6,5.31,Sunny,Day,23.3,141.9
Marine & Rail,Tugboat Engine Service,10,8,75.3,5.09,Cloudy,Night,8.8,296.1
Oil & Gas,Gas Compression Service,4,7,21.8,0.66,Cloudy,Day,44.4,192.9
Oil & Gas,Gas Compression Service,3,6,33.8,3.85,Sunny,Day,12.4,164.9
Construction,Site Preparation,8,9,20.1,4.46,Sunny,Day,16.3,173.8
Data Center Power,Backup Generator Testing,3,6,37.1,3.49,Sunny,Night,21.3,69.9
Oil & Gas,Pipeline Pumping,4,9,60.0,10.59,Foggy,Day,27.0,169.3
Mining,Surface Excavation,9,8,49.0,3.01,Sunny,Day,28.5,242.8
Mining,Hauling Ore,5,7,39.7,0.98,Sunny,Day,33.5,116.8
Mining,Hauling Ore,5,9,19.4,1.11,Cloudy,Day,14.7,92.4
Construction,Material Loading,6,8,22.8,2.52,Sunny,Day,13.0,65.6
Mining,Hauling Ore,7,8,3.2,1.41,Cloudy,Day,-0.1,98.5
Marine & Rail,Freight Operations,2,9,11.9,4.37,Foggy,Day,12.3,180.0
Oil & Gas,Well Servicing,5,8,46.5,8.1,Sunny,Day,6.8,219.7
Marine & Rail,Rail Network Inspection,3,6,35.2,0.59,Sunny,Day,15.9,146.4
Oil & Gas,Pipeline Pumping,6,6,23.1,5.77,Rainy,Day,17.7,178.5
Construction,Foundation Work,5,8,38.2,3.49,Sunny,Day,17.5,199.9
Marine & Rail,Tugboat Engine Service,2,8,21.4,6.41,Sunny,Night,27.1,151.1
Mining,Drilling,7,5,28.8,4.79,Sunny,Day,16.4,304.9
Oil & Gas,Gas Compression Service,4,9,25.5,4.4,Rainy,Day,12.4,138.1
Marine & Rail,Tugboat Engine Service,3,7,19.9,9.92,Sunny,Day,0.6,147.4
Construction,Road Building,5,9,89.0,7.45,Sunny,Night,11.0,241.0
Mining,Surface Excavation,4,7,16.4,2.41,Rainy,Night,31.0,210.1
Data Center Power,Cooling System Inspection,5,8,31.7,3.58,Sunny,Night,22.8,68.3
Mining,Surface Excavation,7,9,54.8,2.29,Cloudy,Day,30.8,200.2
Marine & Rail,Freight Operations,9,8,35.3,2.95,Sunny,Night,0.9,285.9
Oil & Gas,Gas Compression Service,1,7,58.1,5.72,Sunny,Day,30.5,159.7
Construction,Demolition,6,10,21.8,1.9,Cloudy,Day,20.0,145.2
Oil & Gas,Pipeline Pumping,6,5,51.0,4.69,Sunny,Day,5.4,169.4
Data Center Power,Backup Generator Testing,1,9,31.6,2.9,Sunny,Night,25.8,51.4
Mining,Surface Excavation,6,9,60.8,4.63,Sunny,Day,28.4,173.8
Marine & Rail,Freight Operations,4,7,60.3,10.8,Sunny,Day,4.0,212.5
Mining,Aggregate Collection,9,6,62.7,13.43,Rainy,Day,20.5,145.0
Mining,Surface Excavation,7,7,27.9,3.02,Rainy,Day,2.5,209.8
Construction,Foundation Work,6,6,55.5,11.51,Sunny,Night,15.7,302.1
Mining,Surface Excavation,2,7,22.3,8.96,Sunny,Day,28.9,162.4
Marine & Rail,Locomotive Maintenance,7,5,25.7,11.66,Sunny,Night,6.3,337.4
Oil & Gas,Gas Compression Service,5,8,16.2,10.47,Cloudy,Day,24.9,194.8
Oil & Gas,Gas Compression Service,5,9,24.1,3.95,Cloudy,Day,21.1,159.8
Data Center Power,Generator Maintenance,4,8,46.3,9.23,Sunny,Day,16.4,100.7
Mining,Aggregate Collection,3,9,16.1,13.08,Rainy,Day,-3.0,60.1
Marine & Rail,Tugboat Engine Service,3,6,26.9,4.73,Sunny,Day,14.9,160.3
Construction,Material Loading,6,9,28.0,13.07,Rainy,Day,5.5,79.5
Oil & Gas,Well Servicing,3,9,34.7,12.48,Sunny,Night,12.8,202.6
Data Center Power,Backup Generator Testing,6,8,23.9,2.73,Sunny,Day,24.7,73.9
Oil & Gas,Well Drilling,6,9,50.3,4.06,Rainy,Day,45.3,450.2
Mining,Aggregate Collection,3,8,26.2,9.45,Rainy,Night,29.2,83.8
Oil & Gas,Well Servicing,6,9,78.5,6.3,Sunny,Day,24.6,259.5
Oil & Gas,Gas Compression Service,3,9,75.8,14.03,Foggy,Night,11.4,182.5
Construction,Site Preparation,6,6,35.0,1.79,Sunny,Day,11.5,163.8
Construction,Excavation,4,9,29.7,6.16,Rainy,Day,22.1,165.3
Data Center Power,Emergency Power Deployment,9,8,27.9,11.09,Sunny,Day,17.2,131.0
Marine & Rail,Freight Operations,3,8,8.7,2.69,Cloudy,Night,21.0,199.6
Mining,Aggregate Collection,5,9,12.2,2.04,Sunny,Day,18.8,64.3
Construction,Site Preparation,4,8,55.1,14.89,Cloudy,Day,23.6,182.7
Construction,Excavation,6,6,60.4,5.72,Sunny,Day,19.7,224.5
Data Center Power,Emergency Power Deployment,6,4,12.3,3.75,Cloudy,Day,25.6,136.7
Construction,Demolition,6,5,13.7,4.1,Sunny,Day,22.1,232.5
Construction,Foundation Work,6,8,33.5,6.06,Sunny,Night,20.3,251.9
Oil & Gas,Pipeline Pumping,4,6,46.8,4.2,Sunny,Night,24.3,171.9
Mining,Aggregate Collection,7,8,18.4,2.12,Sunny,Day,28.4,87.2
Mining,Aggregate Collection,6,7,52.0,16.22,Sunny,Night,11.2,89.7
Marine & Rail,Tugboat Engine Service,5,7,27.2,8.56,Cloudy,Day,4.2,167.4
Oil & Gas,Gas Compression Service,4,7,36.2,16.72,Rainy,Night,31.9,265.9
Construction,Excavation,8,8,46.0,3.49,Rainy,Day,11.2,235.9
Data Center Power,Emergency Power Deployment,4,9,57.8,4.61,Cloudy,Day,17.3,79.6
Construction,Material Loading,10,6,32.8,10.55,Sunny,Night,21.9,128.1
Construction,Excavation,3,6,45.3,11.99,Sunny,Day,27.2,213.6
Oil & Gas,Well Servicing,10,5,24.5,0.87,Sunny,Night,46.5,504.2
Construction,Excavation,10,8,58.6,9.92,Cloudy,Day,33.9,342.7
Construction,Demolition,6,6,22.6,7.65,Foggy,Day,21.0,243.2
Construction,Road Building,7,7,68.6,11.15,Sunny,Night,18.7,395.2
Construction,Excavation,5,10,35.7,10.96,Sunny,Day,12.2,139.3
Marine & Rail,Freight Operations,3,7,28.4,7.27,Sunny,Day,24.3,200.0
Data Center Power,Cooling System Inspection,8,5,44.9,2.36,Cloudy,Day,22.8,96.4
Marine & Rail,Freight Operations,4,9,4.0,2.65,Rainy,Night,-6.0,194.8
Marine & Rail,Rail Network Inspection,5,10,55.0,4.25,Sunny,Day,18.9,153.1
Oil & Gas,Well Drilling,5,7,32.4,3.15,Cloudy,Day,23.4,363.1
Oil & Gas,Well Drilling,9,7,19.2,6.18,Sunny,Day,25.9,515.4
Mining,Hauling Ore,2,5,15.1,4.61,Rainy,Night,-1.9,104.0
Construction,Road Building,7,8,43.3,6.45,Sunny,Day,28.4,317.5
Oil & Gas,Well Servicing,1,8,26.8,9.5,Cloudy,Day,35.1,207.1
Marine & Rail,Freight Operations,4,9,24.8,9.55,Sunny,Day,8.9,184.8
Mining,Surface Excavation,10,6,68.3,1.92,Rainy,Day,21.0,355.1
Oil & Gas,Gas Compression Service,3,7,33.0,7.27,Rainy,Day,6.8,159.5
Construction,Foundation Work,3,6,41.6,7.25,Sunny,Night,25.5,247.5
Mining,Aggregate Collection,7,9,12.5,12.2,Sunny,Day,8.3,74.6
Construction,Site Preparation,9,8,29.6,4.06,Cloudy,Day,22.8,219.3
Construction,Road Building,1,7,58.5,7.39,Rainy,Day,40.0,278.5
Oil & Gas,Pipeline Pumping,5,6,12.5,6.78,Cloudy,Night,46.5,206.4
Data Center Power,Generator Maintenance,1,9,64.7,5.72,Cloudy,Day,22.3,73.0
Construction,Road Building,5,10,46.9,5.01,Cloudy,Day,36.7,230.0
Construction,Foundation Work,4,9,55.0,5.32,Cloudy,Day,16.2,180.3
Mining,Hauling Ore,7,5,18.3,6.26,Sunny,Day,15.2,131.2
Construction,Excavation,5,3,28.4,4.57,Rainy,Night,22.9,318.3
Data Center Power,Emergency Power Deployment,4,8,14.1,10.68,Cloudy,Day,17.2,93.5
Marine & Rail,Rail Network Inspection,7,7,29.8,5.71,Sunny,Day,12.1,187.8
Marine & Rail,Rail Network Inspection,6,7,37.8,5.62,Cloudy,Day,5.8,174.6
Construction,Excavation,2,6,12.8,5.43,Sunny,Day,18.8,154.4
Construction,Demolition,7,8,28.7,3.72,Sunny,Day,11.6,187.7
Mining,Drilling,8,9,4.3,3.95,Rainy,Day,2.7,217.5
Mining,Hauling Ore,6,9,10.8,3.08,Sunny,Night,4.8,98.5
Mining,Hauling Ore,8,9,51.4,7.86,Foggy,Day,-10.0,154.9
Oil & Gas,Pipeline Pumping,5,9,25.8,11.22,Cloudy,Day,10.3,146.9
Marine & Rail,Tugboat Engine Service,6,3,27.9,10.61,Sunny,Night,17.4,296.3
Oil & Gas,Gas Compression Service,4,8,76.8,5.4,Sunny,Day,47.5,203.3
Oil & Gas,Well Servicing,7,6,21.6,3.43,Sunny,Day,25.7,317.2
Construction,Foundation Work,4,4,22.9,8.22,Sunny,Day,32.7,293.4
Mining,Drilling,3,8,24.8,4.74,Sunny,Day,6.5,152.9
Marine & Rail,Rail Network Inspection,4,7,11.4,7.89,Sunny,Night,16.0,164.0
Construction,Foundation Work,8,9,35.6,11.77,Sunny,Day,22.8,259.0
Oil & Gas,Well Servicing,6,5,31.6,11.24,Sunny,Day,25.5,365.2
Mining,Drilling,1,6,28.4,7.27,Cloudy,Day,24.5,191.7
Marine & Rail,Freight Operations,7,6,72.8,3.92,Sunny,Night,9.4,313.0
Marine & Rail,Rail Network Inspection,9,9,41.6,3.77,Sunny,Day,20.2,220.0
Construction,Site Preparation,4,8,51.1,3.01,Cloudy,Day,9.0,139.2
Mining,Hauling Ore,7,9,12.9,3.96,Rainy,Day,21.6,133.4
Construction,Site Preparation,3,7,73.0,8.58,Rainy,Day,34.4,199.0
Data Center Power,Backup Generator Testing,7,8,70.1,4.23,Cloudy,Night,20.9,96.7
Oil & Gas,Pipeline Pumping,8,8,25.1,4.31,Sunny,Day,6.1,168.5
Data Center Power,Cooling System Inspection,3,4,58.6,4.89,Sunny,Day,21.4,67.8
Marine & Rail,Locomotive Maintenance,5,5,54.4,2.81,Foggy,Day,19.2,294.9
Mining,Drilling,4,7,11.2,3.99,Sunny,Day,29.1,213.5
Data Center Power,Cooling System Inspection,4,7,41.7,4.6,Cloudy,Day,18.9,61.5
Marine & Rail,Tugboat Engine Service,6,8,28.7,1.2,Rainy,Night,6.9,167.3
Construction,Excavation,3,7,38.2,4.82,Rainy,Day,13.8,178.4
Marine & Rail,Tugboat Engine Service,8,8,29.5,16.18,Cloudy,Day,-0.8,217.9
Oil & Gas,Pipeline Pumping,8,9,36.8,12.69,Cloudy,Night,16.1,222.5
Marine & Rail,Tugboat Engine Service,8,9,33.3,6.84,Sunny,Day,6.5,172.9
Data Center Power,Cooling System Inspection,5,7,47.5,1.42,Sunny,Day,21.8,65.2
Data Center Power,Cooling System Inspection,2,7,30.7,6.65,Sunny,Night,14.2,57.0
Marine & Rail,Tugboat Engine Service,6,7,52.9,8.2,Sunny,Night,10.0,211.8
Data Center Power,Backup Generator Testing,5,7,40.2,8.4,Cloudy,Night,15.1,80.4
Marine & Rail,Rail Network Inspection,2,8,22.7,2.45,Rainy,Day,1.6,126.9
Construction,Road Building,5,9,59.9,2.87,Foggy,Night,27.6,263.9
Data Center Power,Backup Generator Testing,4,9,74.9,11.27,Rainy,Night,19.7,75.1
Construction,Material Loading,5,9,27.3,10.07,Sunny,Night,13.6,68.9
Marine & Rail,Locomotive Maintenance,7,7,19.3,5.27,Sunny,Night,12.8,263.6
Oil & Gas,Well Servicing,10,6,60.0,4.25,Sunny,Night,41.7,569.3
Mining,Surface Excavation,4,6,61.8,10.23,Rainy,Night,10.4,239.0
Construction,Foundation Work,6,8,46.6,11.75,Sunny,Day,22.5,242.8
Marine & Rail,Locomotive Maintenance,6,5,58.2,10.06,Sunny,Night,17.6,367.2
Construction,Foundation Work,4,8,38.1,5.94,Rainy,Day,16.9,224.3
Construction,Demolition,5,8,45.1,11.04,Rainy,Night,-5.0,228.3
Data Center Power,Generator Maintenance,7,8,37.2,4.54,Cloudy,Day,20.1,124.7
Oil & Gas,Pipeline Pumping,9,9,47.9,3.66,Sunny,Night,17.0,217.8
Mining,Drilling,6,5,53.6,9.33,Sunny,Day,30.0,332.5
Construction,Excavation,5,4,25.6,7.13,Cloudy,Day,21.4,246.0
Marine & Rail,Locomotive Maintenance,5,6,37.1,3.66,Cloudy,Night,20.3,279.1
Construction,Road Building,4,6,66.4,3.96,Sunny,Day,32.7,310.4
Marine & Rail,Tugboat Engine Service,5,8,30.6,8.44,Cloudy,Night,-3.2,163.8
Mining,Drilling,2,8,28.3,6.95,Cloudy,Day,6.1,154.6
Mining,Drilling,4,6,3.6,1.66,Rainy,Day,34.7,267.2
Data Center Power,Cooling System Inspection,6,6,49.5,6.38,Cloudy,Night,22.2,86.3
Construction,Material Loading,5,7,49.4,2.09,Sunny,Day,15.1,66.0
Construction,Foundation Work,6,8,51.0,5.77,Sunny,Day,-1.0,213.4
Mining,Hauling Ore,7,10,44.9,6.13,Sunny,Day,-0.5,104.9
Data Center Power,Cooling System Inspection,5,9,43.0,3.74,Cloudy,Day,14.3,61.9
Marine & Rail,Freight Operations,3,7,56.6,4.64,Sunny,Night,20.7,217.1
Marine & Rail,Rail Network Inspection,2,9,42.8,2.08,Sunny,Night,24.7,140.2
Mining,Aggregate Collection,4,5,59.4,0.61,Sunny,Day,14.9,74.7
Data Center Power,Cooling System Inspection,6,5,25.4,1.58,Cloudy,Day,24.3,78.9
Marine & Rail,Tugboat Engine Service,7,8,22.7,5.64,Cloudy,Night,20.9,206.2
Marine & Rail,Locomotive Maintenance,7,8,49.4,2.67,Sunny,Day,19.0,249.8
Construction,Excavation,1,6,27.3,3.18,Sunny,Night,7.3,137.8
Marine & Rail,Tugboat Engine Service,2,6,63.9,2.45,Cloudy,Day,20.5,164.6
Data Center Power,Emergency Power Deployment,5,7,48.2,9.69,Rainy,Day,20.4,110.7
Mining,Drilling,5,6,41.0,6.43,Sunny,Day,10.8,228.8
Data Center Power,Generator Maintenance,6,8,43.4,6.43,Cloudy,Day,20.8,115.1
Marine & Rail,Freight Operations,8,8,29.6,8.32,Sunny,Day,30.7,309.4
Oil & Gas,Well Servicing,10,9,62.3,3.44,Sunny,Day,22.1,347.8
Construction,Demolition,5,8,72.7,2.78,Sunny,Night,25.9,204.1
Mining,Hauling Ore,2,7,72.1,9.78,Rainy,Night,0.6,112.9
Oil & Gas,Well Servicing,5,7,46.9,6.34,Sunny,Day,2.5,232.0
Data Center Power,Emergency Power Deployment,4,8,33.5,0.96,Sunny,Day,23.7,84.7
Mining,Surface Excavation,6,7,18.0,3.75,Sunny,Night,42.0,230.2
Mining,Hauling Ore,7,8,23.6,6.49,Rainy,Day,38.4,171.3
Mining,Surface Excavation,4,9,45.4,2.15,Sunny,Day,16.8,130.0
Construction,Road Building,6,10,39.2,2.97,Cloudy,Day,33.6,228.4
Mining,Drilling,4,10,31.0,9.52,Sunny,Day,19.9,162.1
Marine & Rail,Freight Operations,6,8,21.3,9.89,Sunny,Day,5.4,215.7
Oil & Gas,Pipeline Pumping,5,9,42.9,4.93,Sunny,Day,35.9,164.0
Mining,Drilling,6,9,51.5,4.97,Sunny,Day,28.5,224.1
Oil & Gas,Pipeline Pumping,9,9,45.9,13.97,Rainy,Day,14.9,241.1
Mining,Drilling,3,6,61.8,4.28,Cloudy,Day,12.9,214.1
Marine & Rail,Tugboat Engine Service,1,8,17.7,3.26,Sunny,Day,24.8,118.4
Mining,Drilling,2,8,33.2,6.46,Cloudy,Day,23.4,169.5
Mining,Drilling,9,8,6.4,3.0,Sunny,Day,16.0,230.2
Construction,Foundation Work,4,10,61.7,3.47,Foggy,Day,10.3,164.1
Oil & Gas,Pipeline Pumping,6,8,2.2,7.3,Sunny,Day,0.4,137.5
Construction,Site Preparation,6,8,15.1,6.43,Sunny,Day,16.0,158.0
Mining,Hauling Ore,8,7,31.4,15.99,Sunny,Day,5.9,148.8
Construction,Foundation Work,8,6,54.4,7.71,Sunny,Day,29.0,376.5
Construction,Material Loading,7,8,31.9,3.04,Rainy,Day,19.9,88.4
Oil & Gas,Well Servicing,7,6,22.3,2.6,Rainy,Night,35.2,429.1
Data Center Power,Backup Generator Testing,4,8,22.4,8.54,Cloudy,Night,25.1,71.5
Oil & Gas,Gas Compression Service,7,8,8.2,3.21,Sunny,Night,20.4,197.1
Construction,Foundation Work,8,9,25.6,10.51,Rainy,Day,21.9,281.2
Oil & Gas,Gas Compression Service,2,8,52.8,11.04,Foggy,Night,30.4,195.7
Oil & Gas,Well Servicing,6,9,9.7,4.93,Sunny,Night,28.9,246.4
Oil & Gas,Well Drilling,1,5,30.4,4.53,Sunny,Day,30.0,329.5
Mining,Drilling,4,6,16.7,2.92,Sunny,Day,10.6,196.0
Oil & Gas,Well Servicing,3,8,28.9,16.01,Sunny,Day,17.5,223.3
Construction,Material Loading,9,6,54.0,8.86,Rainy,Day,23.2,131.6
Marine & Rail,Rail Network Inspection,7,8,70.9,10.77,Rainy,Night,16.1,269.4
Construction,Material Loading,5,9,42.8,10.16,Sunny,Night,8.2,68.5
Oil & Gas,Gas Compression Service,5,9,41.0,4.88,Cloudy,Night,45.1,212.2
Construction,Demolition,4,4,11.1,4.13,Rainy,Day,21.1,259.9
Data Center Power,Backup Generator Testing,6,5,12.1,2.4,Sunny,Day,16.5,74.9
Construction,Foundation Work,6,5,63.1,13.25,Cloudy,Day,35.0,378.1
Data Center Power,Cooling System Inspection,7,8,34.5,1.8,Sunny,Night,24.4,82.6
Construction,Demolition,9,9,42.8,13.32,Rainy,Day,21.3,299.3
Mining,Drilling,9,3,46.0,9.41,Rainy,Day,18.5,515.3
Oil & Gas,Pipeline Pumping,8,8,16.4,7.76,Rainy,Night,7.4,192.1
Data Center Power,Emergency Power Deployment,4,7,34.0,4.94,Sunny,Day,16.1,94.8
Construction,Road Building,1,9,30.2,6.61,Rainy,Day,31.8,204.6
Marine & Rail,Locomotive Maintenance,5,9,33.3,14.11,Foggy,Night,17.4,252.9
Mining,Surface Excavation,4,9,35.1,9.68,Cloudy,Night,29.0,174.7
Data Center Power,Emergency Power Deployment,5,7,14.9,3.08,Sunny,Day,20.2,95.2
Oil & Gas,Well Servicing,8,5,50.5,13.74,Rainy,Night,16.8,537.9
Data Center Power,Emergency Power Deployment,5,5,76.3,2.57,Cloudy,Night,19.8,134.7
Construction,Demolition,8,7,47.0,9.92,Sunny,Day,27.7,293.5
Marine & Rail,Tugboat Engine Service,10,8,20.4,4.34,Rainy,Night,34.4,290.8
Data Center Power,Backup Generator Testing,5,9,50.6,4.53,Rainy,Day,18.9,67.3
Construction,Site Preparation,3,10,36.2,10.0,Cloudy,Day,26.0,143.7
Data Center Power,Backup Generator Testing,7,9,42.2,5.8,Cloudy,Night,12.6,85.2
Mining,Drilling,5,9,43.0,14.38,Sunny,Night,18.6,218.5
Marine & Rail,Tugboat Engine Service,10,6,56.2,0.76,Cloudy,Day,9.3,278.7
Construction,Foundation Work,7,8,81.3,8.97,Sunny,Day,11.7,267.1
Data Center Power,Backup Generator Testing,6,7,40.2,1.51,Sunny,Day,22.3,77.1
Data Center Power,Generator Maintenance,6,9,58.9,6.65,Sunny,Day,19.6,105.6
Marine & Rail,Tugboat Engine Service,6,7,48.4,2.49,Foggy,Day,22.3,239.4
Data Center Power,Emergency Power Deployment,4,7,39.7,2.15,Cloudy,Day,22.3,94.8
Data Center Power,Cooling System Inspection,4,8,54.3,7.49,Cloudy,Day,16.7,63.3
Construction,Excavation,4,8,63.2,6.62,Sunny,Night,14.3,172.3
Data Center Power,Cooling System Inspection,7,8,45.2,2.52,Cloudy,Night,22.9,84.3
Marine & Rail,Freight Operations,4,8,52.0,7.68,Cloudy,Day,10.3,206.1
Oil & Gas,Pipeline Pumping,5,7,45.5,5.58,Sunny,Day,41.9,193.6
Oil & Gas,Pipeline Pumping,6,8,18.2,10.31,Cloudy,Day,26.3,181.9
Mining,Aggregate Collection,6,10,32.2,5.24,Sunny,Day,14.1,68.8
Construction,Excavation,3,8,8.7,8.48,Sunny,Day,40.0,171.5
Construction,Road Building,8,8,32.8,7.88,Sunny,Day,35.7,356.6
Construction,Foundation Work,9,8,51.2,10.02,Sunny,Day,24.4,322.2
Marine & Rail,Freight Operations,8,9,13.2,8.29,Rainy,Day,22.9,298.6
Data Center Power,Backup Generator Testing,4,9,60.5,1.32,Sunny,Night,22.3,67.9
Marine & Rail,Freight Operations,4,6,78.5,2.84,Sunny,Night,29.0,283.4
Construction,Foundation Work,4,6,6.0,5.07,Cloudy,Day,15.2,218.7
Construction,Foundation Work,5,7,56.7,8.22,Sunny,Day,6.8,222.6
Mining,Drilling,5,8,52.2,1.39,Sunny,Day,4.8,181.5
Data Center Power,Cooling System Inspection,6,9,48.2,5.39,Rainy,Day,20.2,68.8
Marine & Rail,Freight Operations,3,8,49.1,6.28,Rainy,Day,9.3,208.7
Marine & Rail,Tugboat Engine Service,4,6,26.9,6.42,Rainy,Day,2.4,166.4
Mining,Aggregate Collection,6,8,26.3,5.07,Cloudy,Night,23.9,84.5
Oil & Gas,Pipeline Pumping,3,9,16.0,3.42,Foggy,Day,40.4,141.9
Marine & Rail,Rail Network Inspection,9,9,31.5,12.84,Sunny,Day,26.4,239.5
Marine & Rail,Rail Network Inspection,8,10,33.0,12.67,Cloudy,Night,20.3,220.4
Construction,Excavation,5,8,8.5,11.49,Cloudy,Day,25.7,188.9
Construction,Excavation,5,8,29.7,12.52,Foggy,Day,27.4,205.3
Oil & Gas,Well Servicing,6,6,50.3,1.79,Cloudy,Day,48.0,334.7
Data Center Power,Cooling System Inspection,8,8,2.8,0.21,Sunny,Day,21.2,70.3
Marine & Rail,Locomotive Maintenance,9,8,33.8,11.65,Sunny,Day,24.2,327.5
Mining,Surface Excavation,8,8,43.9,3.43,Rainy,Day,-10.0,224.5
Oil & Gas,Pipeline Pumping,3,7,9.7,6.86,Sunny,Day,41.0,157.0
Mining,Aggregate Collection,3,8,4.1,1.75,Sunny,Day,25.1,60.9
Construction,Demolition,4,6,27.0,4.57,Sunny,Day,22.6,196.5
Oil & Gas,Pipeline Pumping,8,6,78.8,1.17,Cloudy,Day,26.0,243.0
Data Center Power,Cooling System Inspection,10,6,21.8,5.69,Sunny,Night,20.9,105.9
Oil & Gas,Well Drilling,8,7,47.5,3.19,Sunny,Day,30.9,534.3
Construction,Road Building,4,8,41.4,2.66,Sunny,Night,15.0,224.0
Marine & Rail,Rail Network Inspection,9,9,36.6,1.48,Rainy,Day,27.3,264.5
Oil & Gas,Pipeline Pumping,5,9,21.0,9.34,Cloudy,Night,35.8,188.4
Oil & Gas,Well Drilling,5,5,13.4,8.18,Sunny,Night,39.7,539.0
Construction,Material Loading,2,9,26.4,1.79,Sunny,Day,26.0,48.4
Data Center Power,Cooling System Inspection,7,9,74.5,5.27,Sunny,Night,21.7,87.0
Construction,Site Preparation,5,7,15.9,4.83,Sunny,Day,11.9,140.2
Mining,Drilling,7,5,29.2,12.34,Sunny,Night,7.4,331.8
Marine & Rail,Freight Operations,4,8,37.5,8.99,Cloudy,Night,25.1,238.0
Mining,Hauling Ore,4,9,51.9,13.73,Foggy,Day,-10.0,121.0
Construction,Excavation,6,7,59.7,12.26,Sunny,Day,9.5,220.9
Data Center Power,Cooling System Inspection,6,7,23.6,8.37,Sunny,Night,23.7,77.3
Mining,Drilling,4,8,42.4,7.08,Rainy,Day,14.9,222.9
Mining,Hauling Ore,3,9,53.6,4.5,Sunny,Day,0.5,81.4
Construction,Foundation Work,5,8,55.0,10.87,Cloudy,Day,34.4,263.2
Mining,Surface Excavation,6,8,33.5,0.62,Foggy,Day,-6.6,152.8
Marine & Rail,Rail Network Inspection,8,8,44.9,10.79,Cloudy,Day,15.5,223.8
Marine & Rail,Rail Network Inspection,5,8,35.3,4.87,Cloudy,Day,13.4,164.5
Oil & Gas,Pipeline Pumping,1,9,58.2,3.57,Foggy,Day,47.0,128.3
Data Center Power,Cooling System Inspection,7,9,27.0,5.55,Sunny,Night,24.2,74.9
Construction,Road Building,6,3,21.1,7.82,Sunny,Night,4.3,369.8
Data Center Power,Generator Maintenance,6,7,51.8,3.39,Cloudy,Day,22.9,127.3
Data Center Power,Emergency Power Deployment,9,8,35.9,1.73,Sunny,Night,20.4,131.6
Mining,Hauling Ore,4,8,12.8,4.71,Sunny,Night,11.8,97.3
Data Center Power,Cooling System Inspection,3,3,39.6,2.26,Sunny,Day,21.2,67.8
Data Center Power,Backup Generator Testing,4,6,36.2,9.76,Sunny,Night,16.8,75.4
Data Center Power,Emergency Power Deployment,6,9,54.8,1.68,Cloudy,Day,22.2,91.8
Marine & Rail,Tugboat Engine Service,7,10,29.8,2.88,Sunny,Day,22.9,150.1
Mining,Hauling Ore,4,9,31.7,3.71,Cloudy,Day,20.6,96.8
Mining,Hauling Ore,2,8,33.6,8.16,Cloudy,Day,16.3,87.3
Marine & Rail,Rail Network Inspection,5,5,69.6,3.77,Sunny,Day,30.2,215.7
Oil & Gas,Pipeline Pumping,2,7,46.3,10.28,Sunny,Day,12.2,136.4
Mining,Surface Excavation,9,7,11.1,6.16,Sunny,Night,22.2,252.5
Construction,Foundation Work,6,4,21.3,10.27,Cloudy,Day,16.5,307.3
Mining,Hauling Ore,5,9,60.7,0.38,Cloudy,Night,14.3,104.4
Construction,Demolition,6,6,39.4,3.74,Sunny,Day,32.0,256.9
Construction,Foundation Work,7,9,26.5,3.68,Sunny,Day,7.2,202.3
Data Center Power,Backup Generator Testing,9,6,38.8,5.39,Sunny,Night,16.6,114.9
Oil & Gas,Pipeline Pumping,5,6,43.9,5.04,Rainy,Night,10.0,172.9
Data Center Power,Backup Generator Testing,6,8,58.1,7.15,Cloudy,Night,19.8,87.5
Data Center Power,Cooling System Inspection,2,8,39.4,3.74,Cloudy,Day,25.0,53.5
Data Center Power,Cooling System Inspection,4,6,30.7,7.8,Sunny,Night,22.7,71.2
Construction,Foundation Work,8,8,54.6,6.3,Sunny,Night,11.5,299.6
Marine & Rail,Rail Network Inspection,4,8,24.8,10.46,Sunny,Night,27.5,182.9
Mining,Hauling Ore,3,10,23.3,10.26,Cloudy,Day,17.4,90.6
Mining,Hauling Ore,5,5,40.5,8.77,Cloudy,Day,17.1,125.9
Oil & Gas,Pipeline Pumping,8,7,20.9,8.98,Cloudy,Day,2.9,185.2
Construction,Material Loading,6,7,17.3,5.42,Sunny,Day,27.8,76.5
Marine & Rail,Rail Network Inspection,7,5,50.6,6.98,Rainy,Night,24.9,306.3
Data Center Power,Generator Maintenance,9,5,85.1,3.32,Rainy,Day,22.7,224.7
Data Center Power,Backup Generator Testing,5,4,42.3,5.48,Sunny,Day,21.2,81.7
Oil & Gas,Gas Compression Service,7,8,25.3,3.56,Sunny,Day,38.8,237.3
Marine & Rail,Freight Operations,5,10,23.8,5.26,Sunny,Day,12.1,190.8
Oil & Gas,Well Servicing,4,9,5.8,6.25,Cloudy,Day,20.7,200.1
Construction,Excavation,6,6,64.5,2.3,Rainy,Day,26.1,267.2
Data Center Power,Backup Generator Testing,3,3,37.5,2.19,Sunny,Day,19.6,69.2
Marine & Rail,Tugboat Engine Service,5,4,25.3,6.88,Rainy,Night,12.6,239.3
Mining,Drilling,7,9,23.6,7.3,Cloudy,Day,27.2,232.7
Data Center Power,Emergency Power Deployment,7,9,34.7,1.28,Sunny,Night,20.4,101.4
Mining,Drilling,4,9,28.0,11.12,Sunny,Day,19.1,180.9
Mining,Drilling,6,9,26.3,12.02,Rainy,Night,7.6,245.6
Data Center Power,Emergency Power Deployment,6,6,63.9,5.2,Sunny,Day,21.3,127.8
Marine & Rail,Freight Operations,6,5,11.3,4.68,Sunny,Night,14.4,263.5
Construction,Material Loading,4,4,7.1,12.42,Sunny,Day,16.3,74.1
Marine & Rail,Tugboat Engine Service,8,6,84.5,5.61,Foggy,Night,7.9,356.5
Data Center Power,Emergency Power Deployment,8,7,64.6,9.58,Sunny,Night,19.8,159.7
Oil & Gas,Well Servicing,7,6,47.8,3.43,Rainy,Day,-6.1,322.5
Marine & Rail,Rail Network Inspection,7,8,52.1,7.47,Sunny,Night,2.2,198.6
Oil & Gas,Pipeline Pumping,5,8,51.6,2.27,Sunny,Night,22.6,165.4
Construction,Foundation Work,5,4,15.1,7.48,Sunny,Night,15.3,291.2
Mining,Drilling,4,9,53.9,2.97,Foggy,Day,25.1,183.2
Oil & Gas,Pipeline Pumping,1,6,55.8,1.02,Cloudy,Night,22.2,127.0
Mining,Surface Excavation,4,6,32.9,3.95,Cloudy,Night,29.0,210.6
Data Center Power,Backup Generator Testing,8,10,80.1,4.88,Sunny,Night,24.3,102.3
Mining,Surface Excavation,10,8,56.2,4.85,Sunny,Day,18.2,255.9
Mining,Drilling,9,6,23.7,2.91,Foggy,Night,7.6,316.3
Mining,Surface Excavation,3,7,43.7,3.86,Cloudy,Day,14.0,149.5
Oil & Gas,Well Servicing,8,7,36.3,2.71,Sunny,Day,20.6,309.0
Marine & Rail,Tugboat Engine Service,2,8,13.2,9.6,Rainy,Day,-2.5,123.9
Marine & Rail,Locomotive Maintenance,9,7,32.3,6.18,Cloudy,Night,2.4,311.6
Construction,Material Loading,7,8,59.9,8.85,Sunny,Night,27.7,107.4
Mining,Hauling Ore,4,9,7.5,5.18,Rainy,Night,30.4,126.8
Oil & Gas,Gas Compression Service,7,9,50.3,10.0,Rainy,Night,17.2,232.7
Marine & Rail,Freight Operations,6,7,32.1,8.08,Cloudy,Night,15.6,267.3
Data Center Power,Emergency Power Deployment,5,6,7.4,2.75,Cloudy,Day,21.3,103.6
Marine & Rail,Rail Network Inspection,3,9,29.3,6.05,Sunny,Day,7.9,124.5
Mining,Drilling,9,9,35.3,13.9,Rainy,Night,30.3,405.3
Marine & Rail,Tugboat Engine Service,5,8,44.2,13.01,Sunny,Day,0.7,167.7
Oil & Gas,Well Drilling,5,9,51.8,4.37,Foggy,Day,32.7,355.0
Construction,Excavation,6,9,38.7,3.79,Cloudy,Day,3.3,157.0
Mining,Hauling Ore,8,5,19.1,11.8,Sunny,Day,2.2,145.3
Data Center Power,Cooling System Inspection,6,7,12.4,2.86,Rainy,Day,22.1,71.0
Construction,Foundation Work,5,5,18.3,6.06,Cloudy,Day,15.8,259.3
Mining,Surface Excavation,3,6,86.4,5.19,Rainy,Night,25.7,236.9
Oil & Gas,Well Servicing,3,7,70.2,1.11,Cloudy,Day,17.9,219.1
Data Center Power,Emergency Power Deployment,7,6,17.8,2.61,Cloudy,Day,16.1,119.4
Marine & Rail,Rail Network Inspection,4,7,28.9,3.6,Sunny,Night,13.5,158.9
Marine & Rail,Rail Network Inspection,5,6,43.4,5.19,Cloudy,Night,14.3,198.9
Mining,Surface Excavation,10,6,31.0,9.97,Sunny,Night,34.3,371.5
Mining,Surface Excavation,8,4,70.2,4.87,Rainy,Day,15.1,358.8
Marine & Rail,Rail Network Inspection,9,6,30.5,5.57,Sunny,Day,16.2,242.1
Mining,Hauling Ore,2,8,18.0,15.02,Cloudy,Night,19.2,104.1
Mining,Hauling Ore,5,7,12.8,9.6,Sunny,Night,5.1,112.9
Marine & Rail,Rail Network Inspection,7,9,21.9,14.3,Cloudy,Night,15.0,207.6
Marine & Rail,Rail Network Inspection,6,9,33.4,12.12,Sunny,Day,-1.1,153.9
Oil & Gas,Well Servicing,7,7,33.7,11.55,Sunny,Night,34.2,392.7
Mining,Drilling,5,8,29.5,2.43,Cloudy,Day,42.0,236.7
Oil & Gas,Pipeline Pumping,5,8,51.0,10.04,Rainy,Night,13.8,176.6
Construction,Demolition,6,7,46.3,3.34,Rainy,Day,8.9,217.5
Data Center Power,Cooling System Inspection,6,10,27.6,2.8,Cloudy,Night,20.1,65.1
Data Center Power,Emergency Power Deployment,4,8,20.0,6.17,Cloudy,Night,20.1,92.8
Mining,Drilling,10,7,8.8,10.21,Sunny,Day,27.6,333.5
Data Center Power,Emergency Power Deployment,4,9,23.3,9.66,Rainy,Night,22.4,93.2
Marine & Rail,Rail Network Inspection,6,9,15.9,10.56,Sunny,Day,36.6,192.1
Marine & Rail,Rail Network Inspection,1,4,63.9,1.86,Rainy,Day,3.9,148.1
Mining,Surface Excavation,6,7,14.0,3.97,Rainy,Night,17.0,213.1
Oil & Gas,Well Drilling,8,9,52.3,9.22,Rainy,Day,33.1,564.1
Marine & Rail,Rail Network Inspection,5,8,22.6,11.55,Foggy,Day,-4.9,179.1
Marine & Rail,Rail Network Inspection,3,9,73.8,4.81,Cloudy,Night,22.3,162.8
Oil & Gas,Well Drilling,8,6,42.5,8.44,Rainy,Day,23.2,634.3
Data Center Power,Emergency Power Deployment,8,7,51.0,4.77,Sunny,Night,22.0,145.3
Oil & Gas,Pipeline Pumping,6,6,36.2,14.29,Sunny,Day,35.5,231.0
Oil & Gas,Well Servicing,6,9,66.4,2.01,Rainy,Day,24.6,273.3
Construction,Foundation Work,3,8,11.3,6.6,Cloudy,Day,20.2,177.0
Oil & Gas,Gas Compression Service,4,8,16.5,4.66,Sunny,Day,31.0,171.8
Mining,Surface Excavation,6,8,45.9,5.57,Sunny,Day,17.4,173.6
Construction,Foundation Work,4,9,33.2,2.85,Cloudy,Day,27.3,184.7
Data Center Power,Backup Generator Testing,5,8,54.6,0.78,Sunny,Day,22.0,68.6
Construction,Foundation Work,8,8,39.5,3.21,Cloudy,Day,16.1,265.9
Marine & Rail,Freight Operations,5,5,47.8,6.93,Sunny,Day,-5.7,223.8
Data Center Power,Cooling System Inspection,9,8,73.0,1.42,Sunny,Night,24.9,112.1
Construction,Demolition,2,8,76.5,6.97,Sunny,Day,16.0,151.3
Oil & Gas,Pipeline Pumping,5,8,26.9,6.26,Foggy,Night,9.7,156.3
Mining,Surface Excavation,3,9,46.0,2.88,Sunny,Day,22.7,128.2
Construction,Foundation Work,6,9,35.3,3.01,Rainy,Day,23.9,245.7
Marine & Rail,Locomotive Maintenance,7,8,29.7,5.57,Sunny,Day,12.1,241.0
Construction,Foundation Work,5,10,66.5,3.63,Cloudy,Day,36.8,206.2
Mining,Drilling,4,7,3.0,3.62,Sunny,Day,13.3,185.0
Mining,Drilling,6,8,20.1,7.4,Rainy,Night,1.0,239.9
Mining,Aggregate Collection,2,9,22.9,6.33,Rainy,Night,17.3,62.1
Mining,Hauling Ore,9,9,52.4,8.69,Rainy,Night,14.9,194.7
Marine & Rail,Tugboat Engine Service,4,8,36.0,5.35,Sunny,Day,19.3,155.7
Marine & Rail,Rail Network Inspection,9,6,25.5,12.83,Cloudy,Day,25.9,262.9
Oil & Gas,Gas Compression Service,8,3,9.7,7.26,Sunny,Day,28.7,346.8
Marine & Rail,Rail Network Inspection,5,3,46.7,12.67,Sunny,Night,28.6,252.8
Marine & Rail,Rail Network Inspection,4,9,6.9,8.05,Cloudy,Night,16.3,147.1
Data Center Power,Cooling System Inspection,8,7,59.3,3.1,Sunny,Night,19.9,96.7
Marine & Rail,Locomotive Maintenance,8,9,43.0,8.59,Sunny,Night,6.7,261.2
Construction,Foundation Work,1,7,27.8,6.78,Sunny,Day,28.3,179.6
Mining,Aggregate Collection,5,5,50.3,14.23,Sunny,Day,42.0,104.0
Oil & Gas,Gas Compression Service,5,6,57.6,16.63,Sunny,Night,6.5,255.0
Construction,Road Building,6,7,42.1,11.94,Sunny,Day,40.0,372.0
Marine & Rail,Locomotive Maintenance,5,6,46.2,2.37,Foggy,Day,9.1,233.1
Oil & Gas,Well Servicing,5,7,27.9,2.97,Sunny,Day,24.0,249.0
Oil & Gas,Gas Compression Service,5,8,23.2,10.08,Rainy,Day,18.2,188.7
Construction,Road Building,9,6,17.4,4.95,Rainy,Day,32.1,484.1
Mining,Surface Excavation,6,9,20.1,1.0,Rainy,Day,21.2,163.6
Data Center Power,Backup Generator Testing,6,7,87.1,2.51,Cloudy,Day,20.5,88.0
Mining,Aggregate Collection,10,7,43.9,4.81,Sunny,Day,34.2,133.2
Construction,Material Loading,5,7,34.6,6.73,Sunny,Day,26.4,75.2
Marine & Rail,Rail Network Inspection,7,8,43.4,11.32,Sunny,Day,22.5,206.6
Oil & Gas,Pipeline Pumping,10,9,61.4,3.57,Sunny,Day,24.3,249.0
Oil & Gas,Gas Compression Service,6,9,57.3,4.46,Cloudy,Night,20.4,203.1
Construction,Excavation,6,9,18.6,3.44,Sunny,Day,34.6,177.0
Oil & Gas,Pipeline Pumping,5,6,33.6,4.1,Sunny,Day,16.5,153.4
Data Center Power,Cooling System Inspection,4,5,42.7,3.16,Rainy,Day,19.6,69.4
Construction,Material Loading,8,7,32.5,1.36,Cloudy,Day,28.4,94.0
Mining,Aggregate Collection,7,8,56.4,7.85,Rainy,Day,-1.0,90.2
Oil & Gas,Well Servicing,4,9,28.9,9.75,Cloudy,Night,35.0,257.6
Mining,Drilling,6,6,72.7,3.89,Sunny,Night,9.6,287.7
Marine & Rail,Tugboat Engine Service,10,8,22.9,1.9,Rainy,Day,2.9,200.5
Data Center Power,Emergency Power Deployment,8,7,27.7,2.53,Cloudy,Night,20.2,130.0
Marine & Rail,Locomotive Maintenance,6,9,45.5,15.04,Rainy,Night,10.2,246.7
Data Center Power,Cooling System Inspection,10,7,13.1,4.26,Sunny,Day,24.9,95.3
Mining,Hauling Ore,8,7,16.2,11.72,Sunny,Day,21.3,152.3
Mining,Aggregate Collection,7,9,43.4,4.7,Sunny,Day,21.7,84.0
Mining,Hauling Ore,5,9,28.5,3.29,Sunny,Day,24.6,103.8
Mining,Surface Excavation,4,9,27.0,7.87,Cloudy,Night,32.5,168.1
Data Center Power,Generator Maintenance,10,9,31.9,2.73,Rainy,Night,20.2,145.7
Oil & Gas,Gas Compression Service,5,8,63.1,14.36,Foggy,Day,45.2,261.0
Oil & Gas,Well Servicing,6,9,4.7,4.64,Rainy,Night,22.2,264.6
Data Center Power,Generator Maintenance,2,5,45.0,2.94,Sunny,Night,20.7,110.4
Construction,Material Loading,5,8,44.6,3.26,Foggy,Day,26.4,73.5
Data Center Power,Emergency Power Deployment,9,9,18.0,5.23,Sunny,Night,18.2,115.2
Construction,Demolition,7,10,53.8,2.72,Sunny,Day,27.6,188.5
Oil & Gas,Well Drilling,8,9,30.6,6.17,Sunny,Day,23.8,399.7
Construction,Road Building,6,9,28.4,7.81,Sunny,Day,12.1,228.5
Oil & Gas,Gas Compression Service,8,8,59.1,8.2,Sunny,Day,17.2,249.5
Marine & Rail,Tugboat Engine Service,1,4,10.8,8.5,Sunny,Day,19.7,158.4
Construction,Demolition,4,9,20.0,7.03,Sunny,Day,-1.0,138.3
Construction,Road Building,9,5,38.7,3.98,Cloudy,Day,24.3,440.3
Mining,Hauling Ore,10,9,46.1,3.58,Sunny,Night,32.1,189.2
Construction,Foundation Work,5,8,31.3,5.58,Sunny,Day,-2.5,193.8
Marine & Rail,Rail Network Inspection,5,9,13.1,6.76,Cloudy,Night,25.7,176.4
Marine & Rail,Locomotive Maintenance,5,9,28.1,7.44,Sunny,Day,13.7,192.2
Construction,Demolition,5,8,53.9,3.51,Sunny,Day,21.8,182.5
Mining,Drilling,6,10,26.3,2.66,Rainy,Night,9.3,193.6
Marine & Rail,Tugboat Engine Service,7,9,34.4,14.87,Cloudy,Day,12.9,193.7
Marine & Rail,Tugboat Engine Service,4,8,19.7,11.64,Sunny,Day,26.8,178.7
Data Center Power,Generator Maintenance,8,4,15.2,2.41,Sunny,Day,21.4,161.2
Data Center Power,Generator Maintenance,4,7,2.1,8.69,Rainy,Night,18.1,112.8
Oil & Gas,Well Servicing,10,9,74.7,10.13,Rainy,Day,21.9,463.2
Mining,Aggregate Collection,4,7,22.3,4.74,Cloudy,Day,23.0,67.8
Oil & Gas,Pipeline Pumping,8,9,23.1,3.17,Sunny,Night,9.5,176.3
Mining,Hauling Ore,4,6,28.9,6.43,Sunny,Night,10.2,111.6
Data Center Power,Emergency Power Deployment,3,5,7.7,4.99,Sunny,Day,22.5,95.8
Mining,Drilling,5,9,39.8,6.17,Rainy,Day,29.4,240.9
Mining,Surface Excavation,6,8,66.6,2.81,Cloudy,Day,24.0,192.3
Construction,Site Preparation,5,7,35.8,1.53,Cloudy,Day,6.4,147.3
Marine & Rail,Freight Operations,4,8,36.3,5.98,Cloudy,Day,10.2,200.9
Construction,Foundation Work,6,8,36.3,5.09,Sunny,Day,18.6,222.9
Mining,Drilling,5,6,19.1,11.27,Cloudy,Day,16.4,258.7
Mining,Aggregate Collection,4,8,26.7,6.73,Sunny,Day,22.0,65.1
Mining,Hauling Ore,3,9,17.5,9.89,Sunny,Day,5.1,82.9
Oil & Gas,Gas Compression Service,9,7,57.5,10.78,Sunny,Night,20.6,346.7
Data Center Power,Cooling System Inspection,6,9,12.7,9.18,Sunny,Day,21.9,64.7
Construction,Road Building,6,8,40.4,11.0,Cloudy,Day,17.8,276.3
Mining,Hauling Ore,6,9,52.0,13.29,Sunny,Day,20.8,128.8
Data Center Power,Generator Maintenance,5,8,43.6,1.27,Rainy,Day,21.4,99.6
Oil & Gas,Gas Compression Service,7,6,27.4,6.56,Foggy,Day,48.0,304.9
Mining,Aggregate Collection,3,9,19.1,5.34,Sunny,Day,-10.0,51.0
Data Center Power,Cooling System Inspection,7,7,51.9,7.53,Sunny,Day,24.1,87.5
Marine & Rail,Freight Operations,10,8,67.6,6.2,Foggy,Night,20.5,492.1
Oil & Gas,Gas Compression Service,3,7,46.9,5.26,Rainy,Day,22.5,176.6
Data Center Power,Cooling System Inspection,7,9,13.8,7.82,Sunny,Day,24.8,69.4
Construction,Material Loading,2,7,30.2,2.31,Cloudy,Day,28.9,57.4
Mining,Surface Excavation,8,9,55.4,1.32,Cloudy,Day,4.5,179.7
Mining,Surface Excavation,7,9,70.3,3.85,Sunny,Day,24.8,188.0
Construction,Demolition,5,8,20.3,1.36,Sunny,Day,7.5,148.2
Mining,Hauling Ore,8,9,55.8,10.71,Rainy,Night,10.7,177.3
Construction,Road Building,5,8,26.2,4.45,Cloudy,Day,12.9,226.4
Marine & Rail,Locomotive Maintenance,8,6,65.8,8.04,Sunny,Day,0.0,326.5
Marine & Rail,Locomotive Maintenance,8,8,73.2,6.98,Sunny,Night,10.5,316.5
Data Center Power,Cooling System Inspection,7,7,15.3,6.29,Sunny,Night,25.1,83.8
Marine & Rail,Tugboat Engine Service,8,9,27.6,7.43,Sunny,Night,3.4,189.2
Mining,Surface Excavation,4,5,37.6,14.76,Sunny,Day,35.5,266.4
Data Center Power,Generator Maintenance,6,10,23.2,2.72,Sunny,Day,15.3,83.6
Construction,Excavation,5,8,61.0,4.95,Sunny,Day,22.4,183.1
Data Center Power,Emergency Power Deployment,4,6,40.5,1.83,Sunny,Night,22.2,106.5
Mining,Hauling Ore,7,9,56.2,3.57,Sunny,Night,6.7,126.5
Mining,Hauling Ore,6,5,65.1,8.5,Rainy,Day,16.2,167.0
Marine & Rail,Rail Network Inspection,6,9,7.7,8.75,Cloudy,Night,-3.7,159.4
Data Center Power,Cooling System Inspection,7,8,31.0,1.49,Cloudy,Day,22.6,73.7
Marine & Rail,Freight Operations,6,8,20.5,5.07,Cloudy,Night,18.7,244.7
Construction,Site Preparation,6,9,64.5,13.17,Sunny,Day,23.2,193.8
Marine & Rail,Rail Network Inspection,2,4,13.5,5.31,Sunny,Night,22.1,158.2
Mining,Drilling,7,7,22.1,9.32,Foggy,Day,-8.8,246.2
Data Center Power,Emergency Power Deployment,4,8,75.4,4.69,Sunny,Day,21.4,92.5
Construction,Excavation,8,9,34.7,9.81,Foggy,Night,23.2,236.6
Mining,Surface Excavation,6,6,66.5,4.38,Sunny,Day,8.2,206.6
Data Center Power,Cooling System Inspection,7,8,54.9,5.47,Sunny,Day,21.4,80.1
Marine & Rail,Rail Network Inspection,6,7,53.1,4.85,Rainy,Day,29.8,238.4
Marine & Rail,Rail Network Inspection,5,5,28.9,9.48,Sunny,Night,38.0,244.2
Marine & Rail,Tugboat Engine Service,8,9,28.7,5.34,Rainy,Night,5.2,185.7
Marine & Rail,Locomotive Maintenance,4,9,36.5,10.36,Cloudy,Night,30.7,237.8
Oil & Gas,Well Drilling,1,8,26.1,7.44,Cloudy,Day,0.5,213.3
Mining,Drilling,7,8,22.5,1.76,Foggy,Night,16.4,244.0
Construction,Site Preparation,2,9,15.8,7.91,Rainy,Day,11.9,125.8
Oil & Gas,Well Drilling,2,5,39.7,3.55,Sunny,Day,23.9,341.1
Oil & Gas,Well Drilling,3,8,20.3,2.52,Sunny,Night,42.9,347.6
Data Center Power,Backup Generator Testing,5,7,39.3,3.78,Rainy,Night,24.1,83.0
Construction,Demolition,5,9,13.7,9.01,Rainy,Day,10.3,182.3
Marine & Rail,Rail Network Inspection,1,8,26.0,10.76,Sunny,Day,10.5,111.0
Mining,Drilling,5,7,53.3,14.85,Foggy,Day,11.7,255.2
Construction,Material Loading,4,9,42.7,5.31,Rainy,Night,20.6,77.1
Data Center Power,Emergency Power Deployment,5,9,43.1,4.29,Sunny,Day,15.9,83.0
Data Center Power,Backup Generator Testing,4,6,22.5,0.06,Rainy,Day,18.8,70.5
Oil & Gas,Well Drilling,7,9,36.9,1.76,Sunny,Night,36.5,425.2
Construction,Foundation Work,6,8,13.4,8.55,Sunny,Day,21.2,228.5
Construction,Demolition,6,9,84.2,3.06,Foggy,Day,20.9,197.3
Construction,Road Building,8,7,37.7,8.23,Sunny,Day,8.5,321.1
Mining,Aggregate Collection,9,8,23.3,1.43,Foggy,Night,42.0,121.1
Data Center Power,Emergency Power Deployment,9,6,7.1,0.89,Sunny,Day,20.4,128.8
Marine & Rail,Tugboat Engine Service,4,8,36.9,4.77,Sunny,Day,23.2,153.8
Construction,Material Loading,7,9,34.2,2.16,Cloudy,Night,19.3,79.2
Marine & Rail,Locomotive Maintenance,8,6,57.2,10.33,Sunny,Night,16.3,396.5
Mining,Drilling,5,5,71.0,11.94,Rainy,Night,19.4,379.5
Construction,Foundation Work,6,9,29.4,3.44,Cloudy,Day,20.3,208.8
Oil & Gas,Well Drilling,1,9,41.0,8.33,Cloudy,Night,45.6,299.9
Oil & Gas,Well Drilling,7,8,11.8,2.11,Rainy,Day,7.6,361.4
Data Center Power,Emergency Power Deployment,7,8,19.9,7.5,Sunny,Day,22.4,108.5
Mining,Drilling,6,8,28.3,4.84,Sunny,Day,-10.0,191.1
Marine & Rail,Rail Network Inspection,6,8,34.0,11.02,Cloudy,Day,16.2,184.1
Marine & Rail,Rail Network Inspection,5,8,56.2,1.1,Cloudy,Day,8.5,156.1
Mining,Drilling,7,10,17.2,2.13,Foggy,Day,3.2,168.6
Marine & Rail,Locomotive Maintenance,8,8,42.7,4.31,Cloudy,Day,27.7,312.7
Mining,Aggregate Collection,6,8,47.0,8.07,Sunny,Day,15.9,76.1
Construction,Foundation Work,7,9,59.7,6.96,Sunny,Day,2.4,221.2
Marine & Rail,Tugboat Engine Service,3,9,39.6,6.73,Cloudy,Day,9.3,119.6
Mining,Surface Excavation,4,7,28.8,3.05,Cloudy,Day,7.6,146.8
Oil & Gas,Well Drilling,3,8,50.2,13.21,Sunny,Night,29.9,388.8
Marine & Rail,Tugboat Engine Service,4,6,4.9,5.99,Sunny,Day,24.5,182.1
Oil & Gas,Pipeline Pumping,3,8,24.8,14.59,Sunny,Day,43.4,176.6
Mining,Drilling,6,9,10.4,8.55,Rainy,Day,12.6,219.8
Mining,Surface Excavation,6,6,37.0,7.63,Sunny,Night,18.9,217.6
Construction,Foundation Work,5,8,46.3,2.01,Sunny,Day,38.8,253.1
Mining,Hauling Ore,4,9,15.6,8.8,Cloudy,Night,12.6,97.3
Construction,Road Building,7,7,37.3,7.03,Sunny,Day,32.7,345.1
Marine & Rail,Rail Network Inspection,6,7,24.8,3.5,Cloudy,Day,18.1,179.1
Construction,Road Building,4,5,57.3,4.87,Sunny,Day,16.1,278.6
Oil & Gas,Well Servicing,6,9,15.7,10.23,Sunny,Night,25.3,249.8
Construction,Road Building,7,6,24.3,8.43,Rainy,Day,27.0,413.0
Oil & Gas,Pipeline Pumping,8,9,12.7,0.35,Sunny,Night,44.8,199.0
Data Center Power,Cooling System Inspection,9,4,26.8,11.88,Sunny,Day,26.2,109.5
Oil & Gas,Well Servicing,5,8,66.4,9.13,Cloudy,Night,19.2,272.8
Construction,Road Building,5,8,12.1,6.63,Cloudy,Day,13.4,220.1
Mining,Hauling Ore,4,7,19.6,2.96,Cloudy,Day,22.5,103.7
Oil & Gas,Well Servicing,5,6,30.1,6.68,Cloudy,Day,12.3,271.0
Mining,Surface Excavation,6,9,37.5,5.93,Sunny,Day,17.7,162.0
Oil & Gas,Pipeline Pumping,8,9,54.3,6.52,Sunny,Day,6.9,180.8
Oil & Gas,Well Servicing,4,7,13.3,11.67,Sunny,Night,25.6,281.4
Data Center Power,Generator Maintenance,8,8,10.7,7.67,Cloudy,Day,24.7,125.0
Marine & Rail,Freight Operations,7,8,55.9,3.97,Cloudy,Night,10.6,276.6
Construction,Material Loading,4,10,63.9,3.94,Cloudy,Day,29.0,64.1
Oil & Gas,Well Drilling,3,8,29.9,7.08,Sunny,Night,11.6,294.4
Mining,Aggregate Collection,5,8,15.0,8.55,Rainy,Day,15.1,77.4
Construction,Site Preparation,7,6,33.7,5.16,Cloudy,Day,13.8,197.0
Data Center Power,Cooling System Inspection,5,5,53.5,5.39,Cloudy,Night,19.3,81.4
Construction,Foundation Work,8,8,16.9,11.53,Rainy,Day,22.0,309.9
Construction,Site Preparation,7,9,59.4,4.87,Cloudy,Night,15.5,203.2
Mining,Aggregate Collection,8,9,61.4,14.49,Cloudy,Day,10.0,93.5
Construction,Excavation,3,9,24.7,5.41,Foggy,Night,23.0,149.6
Construction,Excavation,4,7,30.0,3.99,Sunny,Day,18.4,164.7
Marine & Rail,Locomotive Maintenance,1,8,8.7,6.09,Sunny,Day,37.9,173.7
Marine & Rail,Tugboat Engine Service,5,7,44.0,4.53,Sunny,Night,18.6,189.3
Oil & Gas,Well Servicing,7,9,56.7,15.86,Rainy,Day,33.5,391.8
Construction,Material Loading,5,7,42.7,5.97,Rainy,Day,24.6,83.7
Oil & Gas,Pipeline Pumping,9,4,34.3,4.19,Rainy,Day,17.2,243.4
Mining,Aggregate Collection,5,8,45.3,11.8,Rainy,Night,25.5,99.4
Marine & Rail,Tugboat Engine Service,4,6,35.8,10.04,Rainy,Day,17.6,195.5
Oil & Gas,Gas Compression Service,6,5,74.8,6.66,Rainy,Night,26.0,323.0
Oil & Gas,Gas Compression Service,10,8,62.7,1.9,Cloudy,Day,15.8,280.8
Oil & Gas,Well Drilling,6,4,17.6,9.39,Cloudy,Night,22.7,576.3
Data Center Power,Generator Maintenance,4,5,53.9,9.55,Cloudy,Day,17.9,136.6
Construction,Excavation,9,6,42.5,5.02,Rainy,Day,33.0,360.6
Construction,Road Building,7,9,51.2,7.32,Rainy,Day,16.8,314.5
Construction,Foundation Work,2,7,17.6,5.09,Sunny,Day,16.5,174.5
Mining,Drilling,1,8,16.8,2.28,Sunny,Day,-5.9,115.6
Construction,Excavation,5,5,53.0,8.64,Sunny,Night,29.9,277.3
Construction,Material Loading,4,6,4.2,6.23,Sunny,Day,8.4,59.1
Oil & Gas,Well Servicing,2,9,43.7,3.37,Rainy,Day,38.4,219.6
Mining,Hauling Ore,7,10,33.7,9.59,Sunny,Night,10.1,126.0
Construction,Excavation,5,7,35.4,4.64,Rainy,Day,28.9,225.9
Marine & Rail,Freight Operations,7,7,41.4,3.67,Cloudy,Day,19.2,275.8
Mining,Hauling Ore,1,5,15.4,14.26,Sunny,Day,14.1,95.3
Construction,Foundation Work,5,7,13.4,9.37,Sunny,Day,17.1,219.7
Marine & Rail,Locomotive Maintenance,4,5,28.5,1.57,Sunny,Day,10.1,225.0
Marine & Rail,Freight Operations,5,7,14.8,4.26,Rainy,Day,18.9,243.0
Oil & Gas,Pipeline Pumping,4,6,50.9,10.2,Sunny,Night,-4.9,153.8
Marine & Rail,Locomotive Maintenance,4,9,18.3,8.86,Cloudy,Night,24.6,209.2
Data Center Power,Cooling System Inspection,3,4,35.0,9.43,Sunny,Day,19.6,64.4
Marine & Rail,Locomotive Maintenance,3,9,38.7,11.72,Cloudy,Night,10.6,188.9
Marine & Rail,Locomotive Maintenance,3,9,3.7,2.18,Cloudy,Night,18.9,166.5
Construction,Foundation Work,3,7,43.2,8.96,Cloudy,Day,10.2,192.6
Data Center Power,Backup Generator Testing,4,7,23.9,3.43,Sunny,Day,19.3,64.5
Data Center Power,Generator Maintenance,5,5,20.1,1.98,Sunny,Day,21.1,121.8
Construction,Foundation Work,6,8,20.4,5.24,Foggy,Day,20.7,228.2
Mining,Drilling,1,9,43.1,6.78,Sunny,Day,17.0,135.6
Data Center Power,Backup Generator Testing,5,7,67.1,6.76,Cloudy,Day,23.0,79.3
Mining,Surface Excavation,5,8,42.2,5.28,Rainy,Day,14.0,180.5
Construction,Excavation,9,8,28.7,6.69,Cloudy,Day,21.0,234.8
Marine & Rail,Locomotive Maintenance,1,5,77.1,3.32,Cloudy,Night,30.6,254.5
Construction,Foundation Work,5,8,43.0,5.55,Foggy,Day,27.2,232.0
Data Center Power,Emergency Power Deployment,4,7,38.2,5.82,Cloudy,Day,27.5,100.7
Construction,Excavation,6,9,38.7,6.29,Sunny,Day,21.7,170.3
Oil & Gas,Well Drilling,5,8,30.2,7.53,Rainy,Night,33.4,470.9
Construction,Excavation,5,7,33.0,9.83,Sunny,Day,19.1,189.5
Construction,Road Building,1,7,79.3,1.54,Cloudy,Day,28.0,207.4
Oil & Gas,Pipeline Pumping,6,8,18.3,5.16,Rainy,Day,46.7,192.1
Oil & Gas,Well Servicing,10,6,42.2,12.37,Cloudy,Day,15.9,471.9
Oil & Gas,Well Servicing,7,5,50.5,1.2,Sunny,Night,21.7,363.9
Construction,Site Preparation,8,5,30.4,6.01,Rainy,Day,11.8,233.1
Construction,Site Preparation,5,8,27.7,4.54,Rainy,Day,28.5,184.1
Mining,Surface Excavation,4,6,53.1,4.93,Cloudy,Day,10.8,172.7
Oil & Gas,Well Drilling,6,8,11.0,10.16,Sunny,Night,19.7,386.9
Data Center Power,Emergency Power Deployment,7,9,24.5,6.53,Rainy,Day,18.8,99.0
Mining,Drilling,4,8,47.7,10.07,Rainy,Day,19.0,249.1
Marine & Rail,Freight Operations,5,7,53.9,7.56,Rainy,Night,24.5,326.9
Marine & Rail,Rail Network Inspection,7,9,68.9,11.16,Sunny,Day,16.5,206.9
Construction,Material Loading,7,8,34.4,2.85,Sunny,Day,38.0,90.2
Mining,Hauling Ore,4,7,68.0,13.29,Sunny,Day,25.4,134.5
Construction,Excavation,5,8,81.0,7.79,Rainy,Day,20.1,218.0
Construction,Demolition,6,7,37.2,12.2,Cloudy,Night,18.5,255.2
Mining,Hauling Ore,5,10,35.9,5.85,Sunny,Day,42.0,120.4
Construction,Road Building,2,7,42.6,1.63,Sunny,Day,19.8,195.0
Mining,Drilling,7,8,34.3,11.25,Cloudy,Night,1.5,264.5
Mining,Hauling Ore,1,7,60.4,1.25,Sunny,Night,13.6,84.3
Construction,Foundation Work,5,8,29.3,3.38,Cloudy,Day,1.8,189.7
Data Center Power,Cooling System Inspection,6,8,43.6,4.73,Sunny,Night,15.4,74.5
Oil & Gas,Pipeline Pumping,3,5,60.6,5.74,Rainy,Night,46.8,207.7
Data Center Power,Generator Maintenance,8,9,57.9,2.69,Rainy,Night,22.0,137.6
Data Center Power,Cooling System Inspection,1,7,26.6,1.6,Sunny,Day,21.7,45.9
Data Center Power,Emergency Power Deployment,3,8,59.8,1.31,Rainy,Day,28.4,85.9
Data Center Power,Backup Generator Testing,5,7,33.7,11.29,Foggy,Day,16.6,77.7
Data Center Power,Backup Generator Testing,3,6,22.4,4.33,Cloudy,Night,21.4,68.5
Mining,Hauling Ore,4,5,46.5,11.2,Sunny,Day,12.8,117.8
Oil & Gas,Pipeline Pumping,3,7,35.3,2.24,Sunny,Day,46.6,156.5
Mining,Hauling Ore,4,8,34.4,4.74,Rainy,Day,18.5,111.0
Marine & Rail,Rail Network Inspection,6,7,55.5,6.46,Foggy,Day,1.1,208.6
Marine & Rail,Tugboat Engine Service,9,9,30.4,4.12,Foggy,Night,11.1,240.8
Data Center Power,Cooling System Inspection,8,8,46.6,5.85,Cloudy,Day,19.0,83.5
Oil & Gas,Well Servicing,7,9,30.7,6.25,Sunny,Day,28.9,275.6
Marine & Rail,Tugboat Engine Service,3,9,53.0,1.87,Sunny,Night,29.1,147.3
Oil & Gas,Well Servicing,6,8,41.8,6.85,Sunny,Day,10.5,245.6
Oil & Gas,Gas Compression Service,4,5,11.7,5.21,Sunny,Day,27.8,211.9
Oil & Gas,Pipeline Pumping,5,10,53.6,6.13,Cloudy,Day,37.2,173.2
Marine & Rail,Tugboat Engine Service,5,9,52.8,10.99,Rainy,Day,23.7,180.0
Mining,Surface Excavation,4,7,19.6,7.73,Rainy,Night,28.0,223.1
Oil & Gas,Well Servicing,2,7,61.7,10.97,Sunny,Day,19.3,227.6
Marine & Rail,Tugboat Engine Service,5,9,30.6,12.29,Rainy,Night,21.2,189.1
Oil & Gas,Well Servicing,6,8,9.4,5.52,Cloudy,Night,5.0,225.5
Mining,Hauling Ore,3,6,24.7,9.36,Cloudy,Day,27.7,115.4
Marine & Rail,Tugboat Engine Service,6,8,17.5,2.06,Sunny,Day,15.1,155.1
Mining,Drilling,8,7,25.1,13.94,Sunny,Day,12.1,298.1
Oil & Gas,Gas Compression Service,7,5,4.2,6.55,Sunny,Night,2.3,243.6
Marine & Rail,Rail Network Inspection,4,8,44.8,10.45,Sunny,Day,13.1,155.3
Construction,Material Loading,6,7,48.5,4.52,Rainy,Day,-5.0,79.6
Oil & Gas,Gas Compression Service,7,5,38.0,5.43,Cloudy,Day,21.8,291.4
Oil & Gas,Well Servicing,6,9,11.6,7.52,Foggy,Day,16.5,225.1
Marine & Rail,Rail Network Inspection,7,6,7.4,5.82,Sunny,Night,21.7,205.6
Mining,Surface Excavation,1,5,51.7,8.17,Rainy,Day,34.3,214.4
Construction,Site Preparation,6,8,4.7,1.04,Sunny,Day,10.3,137.6
Oil & Gas,Well Servicing,3,6,24.4,4.45,Cloudy,Day,10.0,218.9
Construction,Demolition,6,5,30.5,6.97,Rainy,Day,28.6,317.8
Data Center Power,Backup Generator Testing,6,7,11.6,4.4,Sunny,Night,23.4,80.8
Construction,Site Preparation,5,9,46.2,2.1,Sunny,Day,13.3,137.6
Construction,Foundation Work,5,8,44.8,13.46,Cloudy,Day,15.6,223.7
Mining,Surface Excavation,8,6,43.9,3.11,Sunny,Day,13.2,236.7
Data Center Power,Emergency Power Deployment,7,9,10.8,12.06,Sunny,Day,26.2,103.0
Mining,Surface Excavation,6,7,40.4,9.81,Sunny,Day,42.0,243.9
Mining,Drilling,5,9,82.3,1.38,Cloudy,Night,16.4,203.0
Mining,Drilling,4,5,64.2,6.66,Rainy,Night,11.8,302.5
Marine & Rail,Tugboat Engine Service,3,9,31.4,7.58,Sunny,Day,14.1,123.5
Mining,Surface Excavation,1,9,24.4,14.06,Rainy,Day,1.4,123.5
Oil & Gas,Gas Compression Service,7,7,30.8,3.55,Sunny,Day,22.0,230.0
Mining,Aggregate Collection,6,8,61.4,8.4,Cloudy,Day,26.1,87.2
Mining,Drilling,7,8,24.5,2.21,Sunny,Night,4.8,217.3
Oil & Gas,Well Drilling,1,7,69.3,13.72,Sunny,Day,41.1,369.4
Construction,Excavation,6,6,33.8,7.45,Sunny,Day,24.1,227.8
Oil & Gas,Well Servicing,7,6,55.5,11.42,Foggy,Night,27.6,447.3
Construction,Foundation Work,9,7,4.4,4.35,Cloudy,Day,16.5,283.8
Mining,Aggregate Collection,3,7,16.7,8.87,Rainy,Day,16.9,70.4
Construction,Excavation,6,8,66.4,4.89,Foggy,Day,4.2,194.1
Oil & Gas,Pipeline Pumping,4,4,33.4,6.07,Sunny,Night,48.0,212.3
Data Center Power,Cooling System Inspection,6,6,13.8,5.0,Cloudy,Day,19.0,73.6
Marine & Rail,Tugboat Engine Service,10,8,59.6,4.15,Foggy,Day,20.4,325.2
Marine & Rail,Locomotive Maintenance,1,8,73.9,5.7,Sunny,Night,16.6,178.1
Construction,Excavation,5,6,29.7,5.71,Rainy,Night,35.0,271.7
Oil & Gas,Pipeline Pumping,8,8,32.0,9.32,Sunny,Day,22.2,206.3
Construction,Material Loading,6,8,19.8,1.18,Sunny,Day,25.0,67.9
Marine & Rail,Freight Operations,7,9,29.5,7.8,Cloudy,Night,15.5,270.1
Construction,Road Building,2,5,55.9,6.51,Rainy,Day,33.2,331.2
Marine & Rail,Tugboat Engine Service,6,7,61.2,1.7,Sunny,Night,27.2,221.4
Construction,Road Building,5,6,62.1,9.52,Cloudy,Day,15.6,309.5
Data Center Power,Emergency Power Deployment,4,9,59.3,7.53,Cloudy,Night,16.7,91.0
Construction,Site Preparation,6,6,16.3,5.79,Sunny,Day,20.1,168.3
Data Center Power,Generator Maintenance,6,6,55.3,2.54,Sunny,Day,20.0,132.1
Oil & Gas,Well Servicing,4,8,71.0,3.86,Cloudy,Day,13.6,222.5
Oil & Gas,Well Drilling,2,7,20.8,7.64,Sunny,Night,3.9,279.7
Oil & Gas,Well Drilling,6,7,39.0,7.53,Sunny,Day,34.4,474.7
Data Center Power,Cooling System Inspection,4,10,8.2,9.81,Foggy,Day,18.2,54.0
Oil & Gas,Gas Compression Service,5,5,58.7,9.53,Rainy,Day,48.0,310.4
Marine & Rail,Rail Network Inspection,4,9,42.8,11.88,Cloudy,Day,24.4,164.6
Mining,Aggregate Collection,5,7,29.7,3.62,Sunny,Night,-3.5,71.1
Marine & Rail,Rail Network Inspection,3,10,24.3,9.07,Cloudy,Night,8.9,131.9
Mining,Aggregate Collection,2,9,27.0,4.59,Foggy,Night,16.2,57.8
Marine & Rail,Locomotive Maintenance,7,9,33.5,9.45,Foggy,Day,1.6,229.3
Oil & Gas,Pipeline Pumping,6,8,10.9,5.13,Foggy,Night,21.7,179.7
Mining,Hauling Ore,6,5,64.5,2.17,Cloudy,Day,15.4,131.2
Construction,Site Preparation,4,8,21.8,3.51,Sunny,Day,40.0,162.0
Mining,Drilling,7,8,58.4,6.82,Cloudy,Night,30.2,320.5
Oil & Gas,Well Drilling,6,7,6.4,4.7,Sunny,Day,21.0,382.1
Construction,Demolition,3,7,27.7,9.77,Sunny,Day,33.5,193.2
Oil & Gas,Pipeline Pumping,8,7,34.2,6.08,Sunny,Day,25.2,211.0
Oil & Gas,Gas Compression Service,5,9,50.5,4.43,Sunny,Night,-2.1,151.9
Mining,Drilling,1,10,38.6,12.24,Cloudy,Day,17.9,130.6
Data Center Power,Generator Maintenance,8,4,28.0,1.87,Cloudy,Day,18.3,168.1
Construction,Road Building,6,8,24.0,6.21,Cloudy,Day,20.6,277.9
Construction,Demolition,3,5,46.3,6.07,Rainy,Day,40.0,281.6
Mining,Drilling,3,9,37.7,6.92,Rainy,Night,42.0,238.5
Mining,Surface Excavation,10,6,39.4,0.68,Sunny,Day,7.7,254.5
Mining,Hauling Ore,10,5,57.2,10.35,Rainy,Night,6.5,245.2
Marine & Rail,Locomotive Maintenance,7,6,20.1,11.0,Foggy,Night,6.2,323.1
Data Center Power,Cooling System Inspection,3,7,38.0,7.6,Cloudy,Day,18.6,62.3
Marine & Rail,Tugboat Engine Service,8,8,33.2,5.73,Cloudy,Night,35.8,272.2
Data Center Power,Generator Maintenance,4,7,10.2,3.44,Foggy,Day,20.0,100.1
Marine & Rail,Rail Network Inspection,5,8,69.6,3.91,Foggy,Night,25.6,242.0
Construction,Material Loading,10,10,21.8,13.79,Rainy,Day,21.0,110.4
Mining,Drilling,2,7,22.6,6.9,Sunny,Day,17.3,173.8
Construction,Material Loading,5,9,35.6,4.62,Cloudy,Day,16.2,64.0
Data Center Power,Generator Maintenance,4,7,9.5,5.12,Sunny,Day,22.5,100.3
Oil & Gas,Well Drilling,9,8,25.5,9.76,Sunny,Day,48.0,556.7
Marine & Rail,Locomotive Maintenance,6,5,65.4,2.96,Cloudy,Night,21.0,349.5
Mining,Surface Excavation,5,6,59.2,6.5,Rainy,Day,17.8,232.1
Construction,Site Preparation,5,9,43.0,5.81,Rainy,Day,21.1,172.4
Data Center Power,Emergency Power Deployment,5,5,74.7,3.9,Sunny,Day,27.6,127.9
Data Center Power,Backup Generator Testing,4,6,40.4,3.97,Cloudy,Day,22.2,72.0
Oil & Gas,Pipeline Pumping,5,9,72.0,10.87,Rainy,Day,8.2,158.4
Mining,Drilling,6,8,6.2,2.75,Rainy,Night,11.1,233.9
Mining,Aggregate Collection,3,7,34.3,12.29,Cloudy,Day,14.9,63.3
Construction,Material Loading,5,8,50.2,7.06,Sunny,Day,23.1,72.1
Construction,Excavation,6,8,53.9,7.17,Rainy,Night,14.3,233.1
Data Center Power,Emergency Power Deployment,10,9,10.3,2.55,Sunny,Day,28.0,110.8
Mining,Drilling,4,6,58.6,12.18,Rainy,Night,16.5,321.9
Construction,Excavation,4,9,5.1,3.53,Foggy,Day,10.2,121.9
Mining,Drilling,8,6,15.3,12.11,Sunny,Night,4.4,311.7
Data Center Power,Backup Generator Testing,7,10,5.9,4.19,Cloudy,Day,25.2,70.2
Mining,Surface Excavation,5,8,14.3,3.53,Cloudy,Day,7.9,143.8
Mining,Drilling,8,5,7.2,7.64,Cloudy,Night,27.8,360.3
Data Center Power,Emergency Power Deployment,6,9,32.7,1.93,Sunny,Day,22.3,85.7
Mining,Hauling Ore,7,9,27.7,13.02,Rainy,Day,9.6,144.1
Data Center Power,Emergency Power Deployment,4,5,43.3,4.46,Sunny,Night,18.8,118.1
Data Center Power,Emergency Power Deployment,6,10,21.5,1.84,Sunny,Day,28.1,77.3
Mining,Hauling Ore,4,9,85.8,4.5,Cloudy,Day,-10.0,94.6
Data Center Power,Backup Generator Testing,4,6,19.2,12.19,Rainy,Day,22.0,73.3
Oil & Gas,Pipeline Pumping,7,8,36.8,3.59,Sunny,Night,3.2,171.5
Construction,Material Loading,4,9,6.3,8.52,Cloudy,Day,24.3,61.5
Construction,Road Building,9,6,14.4,9.21,Sunny,Night,10.3,383.7
Data Center Power,Generator Maintenance,6,4,17.3,0.94,Rainy,Day,25.6,147.8
Construction,Road Building,9,7,33.9,3.95,Sunny,Day,34.5,394.3
Mining,Drilling,5,6,5.4,8.69,Rainy,Day,20.8,275.0
Mining,Hauling Ore,6,8,25.9,5.83,Sunny,Day,21.2,120.6
Data Center Power,Backup Generator Testing,8,9,27.1,9.44,Sunny,Night,18.5,86.3
Mining,Surface Excavation,6,8,51.1,8.58,Sunny,Day,7.4,178.5
Oil & Gas,Pipeline Pumping,6,9,37.4,12.51,Cloudy,Day,41.2,210.7
Mining,Drilling,5,7,7.6,1.09,Sunny,Day,-10.0,176.3
Construction,Foundation Work,5,9,83.1,4.88,Rainy,Night,17.6,259.9
Construction,Site Preparation,1,7,47.2,6.69,Rainy,Day,18.8,140.5
Oil & Gas,Well Servicing,4,6,53.7,9.02,Cloudy,Night,41.9,371.9
Mining,Drilling,2,8,62.6,8.09,Cloudy,Day,-0.5,162.9
Mining,Surface Excavation,1,6,28.0,5.24,Sunny,Night,20.0,147.1
Data Center Power,Backup Generator Testing,5,5,53.9,0.75,Rainy,Night,18.7,86.1
Marine & Rail,Locomotive Maintenance,7,5,74.3,1.22,Cloudy,Night,10.5,337.4
Marine & Rail,Locomotive Maintenance,7,7,22.1,8.71,Cloudy,Night,11.3,293.1
Oil & Gas,Pipeline Pumping,6,8,67.2,8.33,Rainy,Night,41.5,238.4
Construction,Excavation,8,5,25.6,11.0,Sunny,Day,4.6,260.1
Marine & Rail,Freight Operations,7,5,47.6,10.73,Sunny,Day,9.8,303.1
Oil & Gas,Pipeline Pumping,5,7,36.3,1.53,Sunny,Day,43.5,169.7
Oil & Gas,Well Servicing,6,6,53.3,2.86,Sunny,Night,39.6,378.4
Marine & Rail,Locomotive Maintenance,5,6,27.7,1.46,Foggy,Night,10.2,241.5
Marine & Rail,Rail Network Inspection,6,9,74.6,6.56,Sunny,Day,10.5,172.4
Oil & Gas,Pipeline Pumping,7,7,22.9,4.03,Sunny,Day,26.1,183.6
Construction,Site Preparation,7,8,5.0,8.07,Cloudy,Day,15.2,168.2
Oil & Gas,Pipeline Pumping,6,7,55.0,10.69,Sunny,Day,16.0,185.9
Construction,Material Loading,8,7,50.6,12.77,Cloudy,Day,24.2,113.9
Marine & Rail,Tugboat Engine Service,8,7,24.9,7.41,Sunny,Day,22.7,239.1
Construction,Site Preparation,5,8,12.5,3.01,Sunny,Night,19.3,151.9
Mining,Drilling,5,8,57.8,5.64,Rainy,Day,13.3,241.8
Data Center Power,Generator Maintenance,8,9,39.6,0.89,Cloudy,Day,20.6,112.8
Oil & Gas,Gas Compression Service,4,7,44.8,5.83,Sunny,Day,10.4,164.7
Construction,Road Building,6,8,58.3,12.98,Rainy,Day,2.6,308.5
Marine & Rail,Rail Network Inspection,5,9,40.7,8.03,Cloudy,Day,28.6,176.6
Marine & Rail,Locomotive Maintenance,7,8,30.7,3.25,Sunny,Night,18.8,256.8
Mining,Drilling,6,10,38.4,6.72,Sunny,Day,14.4,179.3
Construction,Road Building,3,8,49.0,8.04,Cloudy,Day,20.0,217.1
Oil & Gas,Gas Compression Service,4,6,22.7,9.04,Rainy,Day,38.0,243.9
Oil & Gas,Well Servicing,8,6,26.3,2.42,Sunny,Day,15.0,312.8
Oil & Gas,Pipeline Pumping,6,8,82.3,6.64,Sunny,Day,-6.8,160.6
Oil & Gas,Pipeline Pumping,7,8,20.7,5.13,Sunny,Day,22.4,178.1
Construction,Demolition,7,7,15.8,12.01,Cloudy,Day,20.2,240.2
Oil & Gas,Gas Compression Service,8,8,7.9,7.98,Foggy,Night,40.0,278.6
Data Center Power,Emergency Power Deployment,9,9,36.9,0.98,Cloudy,Night,17.5,118.8
Construction,Road Building,4,6,22.2,8.4,Sunny,Day,19.5,266.5
Marine & Rail,Tugboat Engine Service,5,6,10.4,6.2,Rainy,Day,18.6,195.7
Marine & Rail,Freight Operations,2,7,29.7,6.37,Sunny,Day,2.7,164.3
Data Center Power,Cooling System Inspection,7,7,58.8,4.11,Sunny,Day,20.7,83.3
Marine & Rail,Locomotive Maintenance,7,9,44.2,9.66,Sunny,Night,4.9,241.4
Oil & Gas,Gas Compression Service,1,7,59.6,3.57,Sunny,Day,14.0,133.3
Data Center Power,Emergency Power Deployment,5,5,61.4,1.28,Rainy,Night,17.7,130.1
Mining,Drilling,6,5,12.6,2.21,Cloudy,Day,6.8,238.9
Oil & Gas,Well Servicing,9,9,41.0,4.27,Foggy,Night,25.5,356.9
Mining,Drilling,5,9,59.0,5.85,Sunny,Night,14.1,193.8
Oil & Gas,Well Drilling,6,5,50.3,8.12,Sunny,Night,39.6,647.1
Oil & Gas,Well Drilling,4,6,21.1,3.84,Cloudy,Day,31.1,400.3
Oil & Gas,Well Drilling,7,9,2.7,8.38,Sunny,Night,-13.1,309.2
Data Center Power,Generator Maintenance,4,8,7.9,7.42,Cloudy,Day,21.7,92.3
Mining,Hauling Ore,5,8,32.3,3.72,Sunny,Night,-10.0,102.4
Construction,Excavation,6,6,34.1,6.9,Rainy,Night,20.8,281.3
Construction,Foundation Work,6,9,33.1,7.99,Sunny,Day,23.8,212.8
Construction,Foundation Work,4,5,17.8,9.19,Sunny,Night,22.6,275.6
Mining,Surface Excavation,7,8,48.0,10.86,Rainy,Day,12.0,232.9
Mining,Aggregate Collection,5,8,64.8,5.39,Cloudy,Day,15.4,73.4
Marine & Rail,Tugboat Engine Service,2,5,34.7,10.63,Rainy,Day,13.2,174.9
Oil & Gas,Pipeline Pumping,4,7,46.7,8.3,Sunny,Night,38.3,202.1
Construction,Demolition,2,9,44.2,8.61,Rainy,Night,29.2,181.2
Mining,Drilling,2,9,19.2,4.7,Sunny,Day,4.7,125.3
Marine & Rail,Locomotive Maintenance,5,7,75.4,5.83,Foggy,Day,18.4,261.0
Construction,Site Preparation,2,7,70.3,3.11,Sunny,Day,18.7,135.2
Oil & Gas,Well Drilling,2,7,59.6,8.08,Rainy,Day,43.6,412.9
Marine & Rail,Locomotive Maintenance,5,5,11.2,10.38,Cloudy,Day,22.1,285.0
Construction,Material Loading,7,8,45.1,4.45,Cloudy,Day,23.2,83.6
Marine & Rail,Rail Network Inspection,5,6,67.2,5.28,Cloudy,Night,20.4,211.4
Mining,Surface Excavation,5,6,12.6,1.21,Sunny,Day,23.5,174.8
Data Center Power,Generator Maintenance,8,8,18.5,1.61,Foggy,Day,21.3,120.4
Mining,Drilling,5,5,7.8,1.87,Sunny,Day,14.0,228.5
Construction,Road Building,6,5,30.6,7.65,Sunny,Day,20.1,349.8
Construction,Site Preparation,10,9,53.0,8.15,Sunny,Day,15.4,246.7
Marine & Rail,Rail Network Inspection,6,9,22.5,7.39,Rainy,Day,31.8,213.6
Construction,Excavation,8,9,26.3,4.05,Cloudy,Day,3.1,171.3
Marine & Rail,Tugboat Engine Service,6,7,41.6,12.32,Cloudy,Day,23.8,228.6
Construction,Site Preparation,1,7,26.0,8.49,Cloudy,Day,9.1,112.0
Mining,Surface Excavation,7,6,33.6,6.68,Cloudy,Night,25.2,271.7
Mining,Surface Excavation,5,7,12.4,6.13,Sunny,Day,18.0,169.2
Construction,Road Building,7,3,7.8,2.25,Rainy,Day,7.5,377.9
Marine & Rail,Tugboat Engine Service,6,7,69.7,6.95,Sunny,Day,4.7,197.8
Data Center Power,Generator Maintenance,5,10,20.5,3.78,Sunny,Day,16.5,77.0
Oil & Gas,Well Servicing,2,7,37.2,7.91,Cloudy,Day,25.5,222.4
Marine & Rail,Freight Operations,4,8,34.0,7.09,Sunny,Night,13.6,206.4
Oil & Gas,Pipeline Pumping,2,6,16.0,9.23,Sunny,Day,6.6,119.3
Data Center Power,Emergency Power Deployment,5,6,22.2,7.16,Cloudy,Night,17.6,122.0
Construction,Excavation,9,8,43.7,7.17,Rainy,Day,13.0,278.7
Mining,Surface Excavation,7,7,23.0,5.72,Sunny,Night,21.7,220.9
Construction,Site Preparation,6,7,34.1,9.22,Cloudy,Day,25.7,191.4
Marine & Rail,Tugboat Engine Service,7,7,33.3,1.61,Cloudy,Day,9.6,190.8
Marine & Rail,Rail Network Inspection,6,9,13.5,2.42,Sunny,Night,23.4,176.5
Construction,Road Building,4,6,73.4,2.24,Foggy,Night,11.3,294.8
Mining,Aggregate Collection,10,9,74.2,8.58,Foggy,Day,10.9,120.6
Data Center Power,Cooling System Inspection,7,8,49.3,1.69,Sunny,Day,15.7,74.6
Construction,Foundation Work,7,5,35.4,3.01,Rainy,Night,25.7,409.4
Mining,Aggregate Collection,6,6,49.7,14.76,Sunny,Night,19.4,98.8
Marine & Rail,Tugboat Engine Service,5,7,69.4,6.69,Sunny,Night,17.8,211.0
Oil & Gas,Pipeline Pumping,3,7,11.7,8.41,Cloudy,Day,15.7,132.8
Construction,Road Building,6,7,20.2,12.79,Sunny,Night,16.2,313.3
Data Center Power,Cooling System Inspection,10,8,83.0,5.95,Cloudy,Night,24.3,130.3
Oil & Gas,Well Servicing,6,8,16.2,3.9,Rainy,Night,29.1,317.2
Construction,Road Building,1,3,17.4,3.37,Cloudy,Day,14.7,231.0
Mining,Surface Excavation,4,9,43.0,6.99,Sunny,Night,15.3,148.2
Marine & Rail,Locomotive Maintenance,5,4,61.8,5.99,Cloudy,Day,29.8,343.6
Mining,Drilling,6,5,10.5,6.02,Sunny,Day,19.4,275.0
Marine & Rail,Locomotive Maintenance,7,8,20.7,6.75,Sunny,Night,2.0,239.6
Construction,Demolition,6,8,60.1,7.3,Cloudy,Day,28.3,225.3
Construction,Road Building,3,10,52.5,10.5,Sunny,Day,21.3,185.6
Oil & Gas,Well Servicing,4,8,73.9,1.52,Rainy,Night,8.6,245.0
Marine & Rail,Rail Network Inspection,10,5,49.0,4.09,Cloudy,Day,13.7,279.6
Mining,Hauling Ore,4,4,39.5,6.32,Rainy,Day,5.5,126.8
Construction,Foundation Work,4,7,46.4,3.28,Sunny,Night,12.3,228.8
Oil & Gas,Well Drilling,7,6,10.6,14.48,Rainy,Day,32.5,620.1
Oil & Gas,Pipeline Pumping,6,9,29.9,2.98,Cloudy,Day,29.3,170.9
Mining,Aggregate Collection,6,10,46.6,3.52,Sunny,Day,17.9,66.5
Oil & Gas,Pipeline Pumping,9,5,61.4,5.06,Sunny,Day,36.9,307.8
Marine & Rail,Tugboat Engine Service,2,7,9.9,8.51,Sunny,Night,23.2,161.9
Mining,Hauling Ore,5,10,41.5,5.13,Sunny,Day,5.6,89.6
Construction,Foundation Work,2,4,34.9,7.54,Cloudy,Night,25.9,265.5
Data Center Power,Backup Generator Testing,5,7,2.3,2.11,Sunny,Day,25.9,67.6
Data Center Power,Cooling System Inspection,3,8,34.3,7.24,Cloudy,Day,19.0,56.2
Marine & Rail,Rail Network Inspection,4,10,10.3,5.28,Sunny,Day,11.3,127.5
Data Center Power,Backup Generator Testing,6,6,25.4,6.99,Rainy,Day,19.7,84.1
Oil & Gas,Gas Compression Service,3,9,51.9,0.74,Sunny,Night,19.2,143.0
Mining,Aggregate Collection,4,7,71.8,9.31,Sunny,Night,12.1,77.1
Construction,Demolition,5,6,19.5,10.13,Cloudy,Day,21.1,226.6
Data Center Power,Cooling System Inspection,7,10,73.2,0.55,Cloudy,Day,21.6,74.1
Mining,Aggregate Collection,3,3,58.0,5.69,Rainy,Day,-9.7,80.6
Mining,Surface Excavation,4,6,6.3,9.33,Rainy,Day,28.0,218.0
Marine & Rail,Locomotive Maintenance,7,8,16.9,5.93,Cloudy,Day,35.3,285.9
Construction,Foundation Work,5,10,73.1,5.41,Cloudy,Day,19.8,176.1
Mining,Drilling,8,7,27.4,7.67,Sunny,Day,-2.3,254.2
Oil & Gas,Well Servicing,8,7,19.7,9.87,Rainy,Day,33.8,427.3
Construction,Road Building,6,8,24.9,2.39,Sunny,Day,21.2,240.9
Construction,Excavation,3,7,31.5,9.15,Sunny,Night,28.3,194.1
Mining,Drilling,6,7,96.9,12.26,Cloudy,Day,25.7,323.1
Oil & Gas,Well Servicing,7,6,61.9,7.19,Cloudy,Day,17.2,350.5
Data Center Power,Generator Maintenance,5,9,1.7,4.64,Sunny,Day,23.5,87.9
Data Center Power,Cooling System Inspection,5,6,19.4,7.87,Rainy,Day,20.4,69.4
Mining,Hauling Ore,5,7,16.3,5.42,Sunny,Night,4.0,108.3
Mining,Aggregate Collection,8,8,17.0,2.69,Rainy,Day,24.6,102.2
Mining,Hauling Ore,6,9,45.7,3.31,Foggy,Day,19.7,134.8
Construction,Foundation Work,6,8,4.2,6.05,Rainy,Night,20.4,269.8
Construction,Site Preparation,5,6,45.4,10.56,Rainy,Day,17.8,202.9
Mining,Surface Excavation,5,8,44.2,2.67,Rainy,Night,18.3,192.2
Oil & Gas,Pipeline Pumping,6,8,16.2,7.8,Sunny,Day,24.8,168.9
Construction,Excavation,6,7,29.3,2.52,Sunny,Day,14.8,185.4
Construction,Material Loading,3,7,28.4,4.12,Rainy,Night,17.1,71.2
Oil & Gas,Well Drilling,6,7,53.9,15.61,Sunny,Day,19.1,465.8
Data Center Power,Emergency Power Deployment,4,8,9.4,5.78,Sunny,Night,15.5,87.3
Marine & Rail,Rail Network Inspection,5,7,48.7,5.12,Cloudy,Night,21.6,196.8
Construction,Road Building,6,8,16.1,12.12,Sunny,Day,22.6,282.5
Construction,Demolition,6,6,45.1,9.96,Cloudy,Night,19.3,270.9
Data Center Power,Backup Generator Testing,6,7,14.8,3.3,Rainy,Night,22.5,82.4
Construction,Excavation,5,6,6.7,2.14,Foggy,Day,2.0,171.5
Construction,Road Building,6,9,39.8,3.7,Sunny,Day,33.0,259.2
Mining,Hauling Ore,10,10,33.4,9.01,Sunny,Day,23.7,160.8
Oil & Gas,Pipeline Pumping,7,8,5.0,5.91,Cloudy,Night,19.7,179.9
Mining,Aggregate Collection,4,6,7.6,1.22,Rainy,Day,4.0,69.7
Mining,Drilling,3,8,24.7,7.38,Sunny,Day,7.5,161.2
Construction,Excavation,8,8,17.3,0.98,Sunny,Day,38.4,216.0
Data Center Power,Emergency Power Deployment,3,7,30.5,4.3,Cloudy,Night,16.7,92.6
Marine & Rail,Tugboat Engine Service,9,9,21.7,6.32,Cloudy,Night,36.7,255.0
Oil & Gas,Well Servicing,2,7,41.2,4.85,Rainy,Day,32.7,262.5
Construction,Foundation Work,3,8,1.5,4.98,Cloudy,Day,33.1,193.3
Construction,Excavation,5,9,35.7,8.49,Rainy,Day,21.0,182.5
Construction,Excavation,2,8,7.0,7.04,Cloudy,Day,29.7,144.5
Marine & Rail,Tugboat Engine Service,7,7,58.9,10.19,Sunny,Night,1.9,227.8
Oil & Gas,Pipeline Pumping,5,9,47.4,10.25,Sunny,Day,36.2,181.5
Data Center Power,Emergency Power Deployment,1,9,31.4,4.91,Sunny,Night,19.3,61.6
Construction,Foundation Work,2,9,23.6,2.46,Cloudy,Day,27.8,154.2
Data Center Power,Backup Generator Testing,4,7,68.3,11.45,Sunny,Day,23.5,75.0
Construction,Material Loading,9,9,43.6,6.08,Sunny,Night,29.2,105.4
Data Center Power,Generator Maintenance,3,5,23.7,5.33,Sunny,Day,23.4,108.9
Construction,Foundation Work,7,7,71.3,1.35,Sunny,Day,13.1,273.1
Mining,Hauling Ore,6,8,18.4,2.23,Cloudy,Night,23.8,123.5
Oil & Gas,Gas Compression Service,4,9,3.2,11.33,Cloudy,Day,15.7,155.8
Oil & Gas,Gas Compression Service,6,5,12.6,9.42,Cloudy,Day,20.1,260.6
Data Center Power,Cooling System Inspection,2,9,29.8,1.8,Sunny,Day,20.2,47.9
Marine & Rail,Freight Operations,6,6,11.8,11.03,Sunny,Day,18.6,253.1
Marine & Rail,Tugboat Engine Service,6,8,37.7,4.61,Cloudy,Night,20.1,194.7
Construction,Material Loading,9,9,31.4,15.76,Sunny,Day,24.3,103.7
Mining,Drilling,8,8,26.0,5.77,Sunny,Day,4.7,229.1
Construction,Foundation Work,4,8,18.9,8.06,Rainy,Day,24.2,229.4
Mining,Hauling Ore,7,8,33.9,5.38,Cloudy,Night,32.9,156.0
Oil & Gas,Well Servicing,1,8,9.6,11.93,Sunny,Day,9.4,157.6
Marine & Rail,Tugboat Engine Service,4,7,57.5,5.44,Rainy,Night,15.2,191.4
Oil & Gas,Well Drilling,1,7,12.1,2.82,Cloudy,Day,32.6,273.3
Marine & Rail,Rail Network Inspection,2,9,16.4,2.89,Sunny,Night,14.3,120.9
Marine & Rail,Tugboat Engine Service,5,9,41.8,5.73,Sunny,Day,21.7,154.2
Marine & Rail,Freight Operations,4,6,33.3,8.9,Rainy,Night,23.0,291.6
Data Center Power,Emergency Power Deployment,6,9,55.4,6.69,Sunny,Day,25.7,99.8
Oil & Gas,Gas Compression Service,4,9,53.3,9.53,Sunny,Day,38.2,196.3
Oil & Gas,Well Servicing,4,8,44.8,10.97,Sunny,Night,14.8,245.9
Marine & Rail,Tugboat Engine Service,5,8,12.7,2.6,Sunny,Day,-2.8,136.3
Construction,Foundation Work,7,9,22.2,0.69,Rainy,Day,33.0,269.2
Marine & Rail,Freight Operations,7,9,15.2,5.55,Sunny,Day,9.1,211.9
Data Center Power,Generator Maintenance,3,9,4.4,3.95,Cloudy,Night,19.1,77.2
Construction,Site Preparation,7,9,4.9,5.19,Cloudy,Night,40.0,204.2
Marine & Rail,Rail Network Inspection,4,8,30.3,12.79,Cloudy,Night,24.6,183.0
Data Center Power,Cooling System Inspection,1,9,18.3,8.78,Rainy,Day,24.5,46.1
Mining,Surface Excavation,6,7,37.0,10.29,Sunny,Day,18.1,208.5
Marine & Rail,Tugboat Engine Service,6,7,70.6,11.43,Sunny,Day,16.5,222.6
Mining,Aggregate Collection,6,7,44.2,6.88,Sunny,Night,36.5,102.5
Data Center Power,Cooling System Inspection,6,6,45.9,9.83,Cloudy,Night,17.8,85.3
Oil & Gas,Pipeline Pumping,9,9,31.2,3.12,Sunny,Night,18.7,208.5
Construction,Demolition,9,6,25.3,6.01,Sunny,Day,16.3,270.8
Data Center Power,Generator Maintenance,4,8,2.2,5.28,Cloudy,Night,25.1,98.2
Construction,Material Loading,3,8,34.7,6.09,Sunny,Day,29.5,63.1
Construction,Demolition,6,9,53.2,7.51,Cloudy,Day,22.4,193.2
Mining,Drilling,7,10,78.2,2.51,Cloudy,Day,-5.0,191.2
Data Center Power,Cooling System Inspection,9,8,13.5,4.94,Cloudy,Night,14.9,90.1
Construction,Excavation,8,7,24.0,4.65,Sunny,Day,12.3,215.0
Marine & Rail,Rail Network Inspection,7,9,35.3,3.99,Sunny,Night,2.0,170.8
Marine & Rail,Rail Network Inspection,4,8,53.0,3.14,Cloudy,Night,36.4,196.8
Construction,Excavation,7,7,36.3,8.0,Cloudy,Night,10.8,233.9
Mining,Drilling,3,7,27.4,4.9,Foggy,Day,29.6,215.8
Oil & Gas,Well Servicing,5,7,51.8,6.88,Cloudy,Day,48.0,322.8
Oil & Gas,Pipeline Pumping,4,9,7.6,6.59,Sunny,Night,14.5,134.8
Mining,Drilling,1,9,57.8,7.74,Sunny,Night,30.8,174.1
Mining,Drilling,9,9,7.1,10.89,Sunny,Day,5.7,213.2
Construction,Demolition,10,9,27.9,6.26,Rainy,Day,26.4,287.8
Construction,Excavation,7,9,17.1,8.53,Sunny,Day,2.1,165.7
Oil & Gas,Well Servicing,2,6,27.6,10.98,Sunny,Day,33.9,259.7
Mining,Aggregate Collection,4,8,52.8,1.28,Sunny,Day,29.6,72.4
Oil & Gas,Gas Compression Service,5,9,59.8,2.43,Foggy,Day,40.4,192.0
Data Center Power,Cooling System Inspection,8,6,18.2,3.69,Rainy,Night,23.4,91.8
Mining,Surface Excavation,7,7,48.2,1.65,Sunny,Day,17.4,197.3
Marine & Rail,Tugboat Engine Service,8,8,58.2,6.73,Sunny,Day,26.6,241.9
Mining,Drilling,8,6,85.4,2.99,Sunny,Day,24.9,369.8
Oil & Gas,Gas Compression Service,2,9,15.5,2.09,Cloudy,Day,13.6,111.1
Construction,Site Preparation,6,8,33.5,1.2,Sunny,Day,28.8,174.0
Data Center Power,Generator Maintenance,5,8,73.2,2.97,Sunny,Day,23.3,107.2
Data Center Power,Generator Maintenance,4,7,39.3,1.79,Sunny,Night,22.9,104.8
Construction,Foundation Work,5,6,37.2,10.58,Sunny,Night,19.2,276.1
Data Center Power,Generator Maintenance,7,6,13.7,12.99,Rainy,Day,19.2,153.6
Data Center Power,Emergency Power Deployment,6,10,5.9,5.74,Cloudy,Night,18.1,80.5
Construction,Excavation,1,8,21.2,12.32,Foggy,Day,1.3,123.0
Mining,Drilling,5,8,55.6,4.27,Cloudy,Day,22.5,216.2
Mining,Hauling Ore,7,7,76.5,4.03,Cloudy,Night,19.3,161.6
Oil & Gas,Well Servicing,4,5,10.8,3.48,Cloudy,Day,13.2,251.0
Data Center Power,Cooling System Inspection,6,9,61.4,2.32,Sunny,Day,23.9,69.0
Mining,Surface Excavation,7,6,20.4,4.44,Sunny,Day,-10.0,192.6
Oil & Gas,Well Servicing,4,7,36.2,5.39,Sunny,Night,16.7,251.9
Mining,Aggregate Collection,10,9,32.7,7.49,Cloudy,Day,14.2,97.9
Marine & Rail,Tugboat Engine Service,5,3,44.5,7.19,Cloudy,Night,4.8,256.5
Mining,Hauling Ore,5,7,47.3,3.92,Rainy,Day,4.8,112.6
Marine & Rail,Rail Network Inspection,4,8,23.5,13.63,Rainy,Day,12.1,167.3
Mining,Surface Excavation,4,7,24.5,2.69,Sunny,Day,35.3,182.4
Data Center Power,Emergency Power Deployment,5,3,32.9,10.06,Rainy,Day,19.4,156.0
Oil & Gas,Well Drilling,3,9,33.8,6.23,Rainy,Day,27.5,319.9
Mining,Surface Excavation,3,6,48.5,10.2,Cloudy,Day,42.0,225.3
Oil & Gas,Well Servicing,7,9,68.1,9.45,Cloudy,Night,29.7,347.6
Data Center Power,Emergency Power Deployment,7,7,44.4,2.38,Cloudy,Day,26.7,128.8
Construction,Foundation Work,8,9,3.9,3.59,Rainy,Day,23.1,253.6
Construction,Foundation Work,7,6,17.1,8.03,Cloudy,Day,33.9,323.0
Construction,Excavation,8,8,37.3,4.59,Sunny,Day,20.8,220.2
Data Center Power,Cooling System Inspection,10,6,59.5,5.56,Sunny,Night,21.8,130.8
Mining,Surface Excavation,6,6,55.9,6.14,Rainy,Night,18.8,275.0
Construction,Foundation Work,7,7,27.6,12.34,Rainy,Day,5.2,287.5
Marine & Rail,Locomotive Maintenance,10,9,43.8,5.38,Sunny,Day,-3.0,262.5
Marine & Rail,Freight Operations,7,10,44.3,6.13,Rainy,Day,27.1,305.7
Construction,Road Building,4,8,40.6,7.27,Sunny,Day,40.0,266.9
Construction,Material Loading,5,7,33.6,4.45,Sunny,Day,25.5,70.0
Marine & Rail,Tugboat Engine Service,4,9,49.2,12.46,Foggy,Day,30.7,204.7
Mining,Surface Excavation,6,9,34.8,11.01,Rainy,Day,17.4,193.2
Mining,Hauling Ore,7,7,46.0,2.52,Foggy,Night,19.0,173.3
Oil & Gas,Pipeline Pumping,9,7,11.7,6.82,Cloudy,Day,40.7,245.4
Mining,Hauling Ore,9,6,49.9,4.69,Cloudy,Day,17.5,173.9
Construction,Road Building,6,7,36.8,4.91,Cloudy,Night,30.9,327.7
Mining,Drilling,6,7,33.6,5.39,Cloudy,Day,23.4,255.0
Mining,Drilling,2,7,49.5,12.27,Sunny,Day,16.8,195.3
Construction,Foundation Work,3,8,15.8,7.49,Sunny,Night,12.6,180.7
Construction,Material Loading,6,8,27.7,3.28,Sunny,Night,0.1,65.3
Marine & Rail,Locomotive Maintenance,4,8,49.8,2.31,Cloudy,Day,17.0,204.0
Data Center Power,Cooling System Inspection,5,8,15.3,2.51,Cloudy,Night,19.8,67.1
Mining,Surface Excavation,4,8,55.0,7.59,Rainy,Night,18.8,198.8
Marine & Rail,Freight Operations,7,8,24.1,13.87,Sunny,Day,11.6,249.6
Marine & Rail,Rail Network Inspection,3,8,43.1,6.37,Sunny,Day,24.8,146.0
Marine & Rail,Rail Network Inspection,2,10,8.4,8.78,Rainy,Night,1.3,126.3
Construction,Excavation,4,9,22.6,7.11,Cloudy,Day,7.2,132.8
Mining,Drilling,4,6,63.4,10.8,Cloudy,Night,3.9,249.4
Mining,Drilling,2,9,60.5,4.53,Sunny,Day,8.4,139.7
Oil & Gas,Well Servicing,4,7,56.6,10.81,Sunny,Night,19.6,291.6
Data Center Power,Emergency Power Deployment,2,8,60.4,1.12,Cloudy,Day,21.5,73.5
Mining,Drilling,8,9,30.8,6.09,Cloudy,Night,24.2,264.1
Data Center Power,Backup Generator Testing,7,9,26.2,3.65,Sunny,Night,27.3,83.7
Mining,Aggregate Collection,2,7,2.7,13.0,Rainy,Night,24.4,75.7
Mining,Hauling Ore,1,8,48.9,12.52,Sunny,Day,11.4,81.9
Marine & Rail,Freight Operations,7,6,23.1,9.26,Sunny,Day,12.7,271.6
Marine & Rail,Tugboat Engine Service,5,8,44.7,3.77,Sunny,Day,20.9,165.3
Mining,Drilling,9,9,38.8,1.88,Cloudy,Day,23.2,264.9
Mining,Surface Excavation,5,7,10.9,7.76,Cloudy,Day,26.2,197.0
Oil & Gas,Well Drilling,4,8,15.0,11.34,Cloudy,Day,48.0,390.5
Data Center Power,Cooling System Inspection,9,9,80.7,2.45,Cloudy,Day,25.9,104.3
Mining,Drilling,6,8,38.3,12.38,Rainy,Day,25.5,297.2
Oil & Gas,Pipeline Pumping,4,6,37.5,4.74,Cloudy,Day,38.0,181.7
Construction,Road Building,7,9,4.4,9.33,Sunny,Day,21.3,252.1
Oil & Gas,Gas Compression Service,4,7,26.9,5.96,Sunny,Day,23.2,180.7
Construction,Foundation Work,5,7,65.8,1.05,Sunny,Day,15.5,231.5
Mining,Hauling Ore,7,7,46.9,4.36,Cloudy,Day,15.3,135.3
Marine & Rail,Rail Network Inspection,6,9,31.0,6.15,Sunny,Night,17.3,174.1
Mining,Surface Excavation,5,6,29.2,6.85,Rainy,Day,0.0,196.4
Oil & Gas,Well Drilling,4,3,74.1,4.43,Sunny,Day,48.0,587.1
Construction,Material Loading,9,9,37.1,2.9,Cloudy,Day,25.1,89.2
Construction,Material Loading,5,6,22.3,6.3,Rainy,Day,17.7,81.4
Marine & Rail,Rail Network Inspection,5,7,68.5,3.91,Rainy,Night,25.3,230.9
Oil & Gas,Well Drilling,5,8,30.3,11.31,Sunny,Day,38.1,418.4
Mining,Hauling Ore,4,7,36.9,8.65,Sunny,Night,30.9,129.3
Mining,Hauling Ore,2,8,10.1,9.58,Sunny,Day,18.5,89.2
Oil & Gas,Gas Compression Service,2,6,25.8,3.13,Rainy,Day,2.1,148.8
Oil & Gas,Pipeline Pumping,7,6,71.9,7.94,Sunny,Day,27.4,241.0
Mining,Drilling,3,10,38.7,0.78,Sunny,Night,17.9,145.4
Construction,Demolition,7,9,69.1,3.09,Cloudy,Day,27.6,216.2
Mining,Surface Excavation,5,8,29.5,5.36,Rainy,Day,32.4,206.1
Construction,Road Building,7,8,9.1,4.19,Sunny,Night,33.2,310.7
Construction,Foundation Work,7,6,82.1,3.04,Rainy,Night,28.1,435.8
Marine & Rail,Tugboat Engine Service,9,8,82.5,7.01,Sunny,Night,12.7,286.8
Mining,Drilling,6,6,21.7,4.61,Rainy,Day,38.0,339.0
Marine & Rail,Freight Operations,3,7,69.4,14.32,Foggy,Night,37.5,346.3
Mining,Surface Excavation,5,8,45.4,1.67,Sunny,Day,7.4,144.2
Mining,Surface Excavation,4,5,57.6,1.81,Sunny,Night,25.3,213.2
Marine & Rail,Tugboat Engine Service,10,7,53.8,12.54,Cloudy,Day,20.6,336.6
Mining,Aggregate Collection,8,9,65.5,4.67,Cloudy,Night,9.7,97.3
Data Center Power,Backup Generator Testing,3,9,58.7,4.71,Sunny,Night,22.9,65.8
Construction,Excavation,6,9,24.1,9.59,Cloudy,Day,39.7,211.7
Oil & Gas,Gas Compression Service,7,10,21.4,11.82,Foggy,Night,26.2,216.4
Marine & Rail,Rail Network Inspection,8,4,10.1,11.13,Sunny,Night,-3.3,223.9
Oil & Gas,Well Servicing,8,7,58.6,3.18,Sunny,Day,16.3,340.2
Construction,Foundation Work,4,6,44.0,6.09,Sunny,Day,18.2,234.6
Oil & Gas,Well Servicing,5,8,14.1,7.95,Sunny,Day,38.9,264.6
Marine & Rail,Locomotive Maintenance,7,8,28.5,7.39,Sunny,Day,19.5,254.4
Construction,Excavation,5,8,45.6,2.81,Sunny,Day,15.3,155.3
Data Center Power,Cooling System Inspection,6,8,28.4,7.75,Sunny,Night,16.8,73.0
Mining,Surface Excavation,9,4,54.8,6.83,Foggy,Day,9.2,339.8
Data Center Power,Cooling System Inspection,3,7,41.1,3.26,Rainy,Day,21.9,59.2
Construction,Road Building,7,4,55.1,3.49,Cloudy,Night,22.3,463.3
Mining,Drilling,9,6,15.8,10.96,Sunny,Day,15.7,319.2
Construction,Material Loading,7,6,10.6,10.09,Cloudy,Day,11.3,82.3
Data Center Power,Cooling System Inspection,5,6,8.4,0.56,Rainy,Night,16.0,69.3
Construction,Foundation Work,3,7,34.3,3.82,Sunny,Day,3.1,174.6
Construction,Foundation Work,4,8,29.3,3.95,Cloudy,Day,18.6,188.8
Oil & Gas,Well Servicing,1,9,7.7,3.03,Sunny,Day,48.0,163.8
Oil & Gas,Pipeline Pumping,4,8,15.9,7.39,Sunny,Day,14.3,132.8
Data Center Power,Generator Maintenance,4,8,27.1,5.81,Sunny,Night,20.4,100.5
Data Center Power,Emergency Power Deployment,3,5,43.5,7.1,Cloudy,Day,16.7,103.9
Construction,Road Building,5,9,54.8,3.68,Rainy,Day,26.1,261.1
Construction,Excavation,5,7,51.5,5.86,Rainy,Night,15.4,235.0
Oil & Gas,Well Servicing,1,9,15.5,4.67,Rainy,Day,15.8,158.4
Construction,Site Preparation,6,9,40.6,10.85,Cloudy,Day,-0.7,163.8
Construction,Road Building,6,8,46.7,4.05,Sunny,Day,1.7,239.3
Construction,Site Preparation,6,9,22.7,6.83,Sunny,Day,13.6,154.7
Data Center Power,Backup Generator Testing,4,8,17.2,4.41,Cloudy,Night,20.6,66.8
Mining,Drilling,4,8,23.7,8.94,Sunny,Day,35.9,220.7
Marine & Rail,Rail Network Inspection,7,8,43.8,8.43,Cloudy,Day,22.1,213.4
Marine & Rail,Locomotive Maintenance,6,9,47.8,8.24,Cloudy,Night,30.5,266.6
Mining,Drilling,4,9,28.2,3.01,Rainy,Day,12.6,173.0
Marine & Rail,Rail Network Inspection,8,6,50.6,13.7,Cloudy,Day,18.2,260.8
Oil & Gas,Well Servicing,3,6,64.5,11.19,Sunny,Night,31.1,324.2
Construction,Foundation Work,6,9,51.0,2.73,Cloudy,Night,22.0,232.8
Marine & Rail,Locomotive Maintenance,6,8,53.4,7.55,Sunny,Day,4.7,229.7
Construction,Demolition,4,9,11.9,1.84,Cloudy,Day,22.3,143.3
Mining,Drilling,7,9,11.1,10.82,Sunny,Night,14.4,228.7
Marine & Rail,Freight Operations,4,5,28.8,12.2,Foggy,Day,0.3,256.0
Marine & Rail,Rail Network Inspection,7,8,31.8,9.33,Cloudy,Day,12.1,190.5
Marine & Rail,Locomotive Maintenance,4,5,10.1,5.6,Sunny,Night,26.7,289.3
Construction,Site Preparation,5,8,14.3,14.77,Rainy,Day,22.9,199.2
Construction,Site Preparation,3,8,23.6,1.98,Cloudy,Day,8.0,116.5
Mining,Aggregate Collection,5,9,32.6,4.46,Sunny,Day,6.4,62.5
Data Center Power,Cooling System Inspection,2,9,31.8,6.3,Sunny,Day,22.0,48.8
Oil & Gas,Gas Compression Service,4,9,57.2,4.13,Rainy,Day,11.8,145.8
Marine & Rail,Rail Network Inspection,6,8,69.8,14.14,Foggy,Day,25.5,257.3
Mining,Aggregate Collection,8,9,23.5,11.74,Rainy,Night,4.5,98.4
Mining,Surface Excavation,4,5,10.5,7.33,Sunny,Day,-3.2,172.2
Oil & Gas,Pipeline Pumping,7,4,81.9,8.97,Cloudy,Day,15.2,243.2
Construction,Road Building,8,5,41.8,4.23,Sunny,Night,14.3,408.5
Mining,Surface Excavation,6,8,51.3,13.71,Rainy,Day,12.8,219.6
Marine & Rail,Rail Network Inspection,7,7,81.3,0.15,Sunny,Night,15.0,228.9
Mining,Surface Excavation,5,8,36.5,6.95,Rainy,Day,29.3,208.9
Mining,Hauling Ore,4,8,31.2,0.95,Cloudy,Day,-5.4,83.6
Data Center Power,Generator Maintenance,5,6,55.5,6.38,Cloudy,Night,23.5,146.0
Construction,Excavation,6,10,28.0,14.95,Sunny,Day,21.5,169.2
Construction,Road Building,6,7,54.1,4.68,Cloudy,Day,7.3,269.8
Mining,Drilling,9,7,26.3,12.07,Sunny,Day,8.2,295.8
Construction,Road Building,7,7,19.9,5.97,Rainy,Day,29.2,365.8
Construction,Material Loading,9,7,15.4,2.4,Sunny,Night,19.7,92.3
Mining,Surface Excavation,2,5,33.5,3.45,Cloudy,Night,-0.6,157.5
Construction,Site Preparation,5,6,57.6,13.91,Sunny,Day,20.6,205.6
Construction,Material Loading,9,7,29.8,2.87,Cloudy,Day,22.5,97.4
Oil & Gas,Well Servicing,2,5,56.4,10.58,Sunny,Day,16.1,254.5
Marine & Rail,Rail Network Inspection,7,7,17.6,6.1,Sunny,Day,13.4,179.8
Data Center Power,Backup Generator Testing,4,8,22.8,3.97,Sunny,Day,25.4,63.5
Construction,Demolition,6,8,35.5,0.44,Cloudy,Day,24.3,192.3
Mining,Surface Excavation,5,9,52.4,7.13,Rainy,Day,9.3,170.1
Data Center Power,Emergency Power Deployment,7,8,69.5,9.47,Sunny,Night,21.9,138.3
Mining,Hauling Ore,8,8,31.4,5.0,Cloudy,Day,22.5,139.8
Construction,Road Building,5,9,42.0,8.41,Sunny,Day,10.0,215.4
Marine & Rail,Tugboat Engine Service,4,6,53.0,3.97,Sunny,Day,8.6,167.5
Construction,Road Building,8,5,59.4,7.36,Sunny,Night,20.2,475.9
Construction,Excavation,7,8,36.0,9.25,Cloudy,Night,23.2,233.7
Data Center Power,Generator Maintenance,4,8,25.3,4.66,Sunny,Day,18.1,91.3
Mining,Surface Excavation,1,9,54.4,2.78,Cloudy,Day,42.0,132.2
Data Center Power,Backup Generator Testing,4,9,23.8,5.19,Cloudy,Night,29.7,69.0
Construction,Demolition,7,7,62.0,3.25,Sunny,Day,23.3,242.5
Marine & Rail,Tugboat Engine Service,4,7,51.0,6.26,Cloudy,Night,18.4,200.0
Data Center Power,Emergency Power Deployment,5,7,80.4,4.88,Sunny,Day,21.2,108.3
Mining,Surface Excavation,8,10,31.1,2.99,Rainy,Night,11.7,186.7
Mining,Drilling,4,7,37.3,6.94,Sunny,Night,15.6,223.2
Data Center Power,Cooling System Inspection,3,8,39.2,3.0,Sunny,Day,20.6,53.5
Oil & Gas,Well Drilling,7,9,57.6,2.55,Sunny,Day,17.8,359.9
Mining,Aggregate Collection,7,10,36.1,11.04,Sunny,Day,23.6,82.0
Construction,Road Building,5,8,5.9,6.29,Sunny,Day,33.2,263.5
Oil & Gas,Well Drilling,7,7,19.6,5.32,Cloudy,Night,1.3,404.0
Mining,Surface Excavation,5,6,47.8,5.43,Foggy,Day,9.1,192.4
Data Center Power,Emergency Power Deployment,9,8,35.5,4.59,Sunny,Day,21.1,124.5
Marine & Rail,Tugboat Engine Service,7,9,31.8,14.81,Rainy,Night,7.5,198.9
Mining,Surface Excavation,6,5,5.6,12.31,Cloudy,Day,9.5,225.4
Mining,Drilling,8,10,23.7,0.41,Cloudy,Day,23.5,196.3
Mining,Hauling Ore,10,7,48.9,6.14,Sunny,Day,16.7,178.6
Oil & Gas,Pipeline Pumping,7,7,18.5,4.03,Rainy,Day,17.3,180.1
Marine & Rail,Rail Network Inspection,5,5,12.0,5.12,Foggy,Day,28.0,237.1
Mining,Drilling,4,7,60.3,6.06,Sunny,Day,27.6,236.3
Construction,Demolition,2,6,51.8,10.09,Rainy,Day,39.1,250.1
Construction,Site Preparation,6,5,39.7,6.92,Foggy,Day,14.6,199.3
Data Center Power,Backup Generator Testing,6,8,67.6,3.53,Cloudy,Day,18.0,79.6
Marine & Rail,Locomotive Maintenance,10,10,19.3,9.15,Rainy,Day,29.8,282.7
Data Center Power,Generator Maintenance,9,8,25.6,3.86,Sunny,Night,22.5,141.8
Marine & Rail,Tugboat Engine Service,7,8,55.1,13.41,Sunny,Day,30.9,260.6
Construction,Foundation Work,5,7,54.4,1.54,Cloudy,Day,11.1,219.8
Mining,Hauling Ore,5,8,73.6,7.84,Sunny,Day,21.9,123.8
Data Center Power,Cooling System Inspection,7,8,54.4,2.18,Sunny,Day,19.6,76.5
Mining,Aggregate Collection,6,6,20.0,3.25,Sunny,Day,28.7,86.0
Mining,Surface Excavation,2,6,49.9,3.78,Cloudy,Day,14.3,146.0
Data Center Power,Cooling System Inspection,6,9,8.9,1.1,Rainy,Day,22.2,62.0
Construction,Foundation Work,8,7,52.1,9.35,Sunny,Day,13.2,299.1
Construction,Site Preparation,6,9,36.8,3.42,Rainy,Day,36.1,203.9
Data Center Power,Backup Generator Testing,7,5,57.2,4.45,Cloudy,Night,14.4,105.7
Mining,Surface Excavation,6,5,45.6,7.47,Sunny,Day,5.6,218.5
Construction,Road Building,7,5,32.8,7.45,Cloudy,Night,17.2,394.6
Construction,Demolition,6,9,31.3,2.23,Rainy,Day,8.6,175.2
Construction,Site Preparation,1,6,17.8,1.39,Sunny,Day,32.5,123.7
Mining,Drilling,5,8,64.2,12.84,Sunny,Day,14.5,234.5
Oil & Gas,Well Servicing,10,6,32.7,3.32,Cloudy,Night,7.5,386.0
Construction,Road Building,5,7,13.1,2.72,Sunny,Day,22.0,240.7
Oil & Gas,Pipeline Pumping,5,8,48.0,9.11,Foggy,Night,29.4,196.8
Construction,Material Loading,6,8,21.8,4.96,Sunny,Night,6.4,70.6
Data Center Power,Generator Maintenance,7,9,24.3,7.47,Rainy,Day,25.7,112.1
Oil & Gas,Pipeline Pumping,1,6,26.5,7.09,Sunny,Night,19.7,134.3
Mining,Drilling,5,7,48.4,10.24,Rainy,Day,9.5,258.6
Data Center Power,Generator Maintenance,4,8,65.4,3.83,Rainy,Day,25.5,104.0
Mining,Drilling,4,7,20.3,1.77,Cloudy,Night,-2.3,192.6
Oil & Gas,Pipeline Pumping,6,6,24.7,3.04,Sunny,Night,18.1,174.8
Oil & Gas,Gas Compression Service,4,6,22.7,5.96,Foggy,Night,21.7,228.1
Construction,Road Building,7,7,69.5,8.24,Sunny,Day,13.3,333.5
Construction,Demolition,4,6,17.3,7.91,Sunny,Day,8.6,183.1
Marine & Rail,Locomotive Maintenance,6,4,45.4,8.83,Sunny,Night,38.0,441.5
Marine & Rail,Locomotive Maintenance,7,8,55.8,12.12,Sunny,Night,11.0,298.5
Marine & Rail,Tugboat Engine Service,7,6,16.7,7.37,Rainy,Day,12.8,218.7
Marine & Rail,Rail Network Inspection,5,8,18.2,16.7,Sunny,Day,14.4,163.1
Oil & Gas,Well Servicing,9,7,9.9,2.33,Sunny,Day,35.7,341.5
Oil & Gas,Well Drilling,5,6,37.9,4.76,Cloudy,Day,24.4,424.5
Mining,Surface Excavation,2,8,63.2,12.05,Cloudy,Night,8.6,148.7
Construction,Material Loading,7,9,42.2,1.55,Foggy,Day,27.7,81.7
Data Center Power,Backup Generator Testing,4,8,7.9,3.7,Cloudy,Day,26.7,65.1
Oil & Gas,Well Drilling,4,9,75.7,2.11,Cloudy,Night,9.7,288.4
Marine & Rail,Rail Network Inspection,8,8,45.2,6.25,Sunny,Day,17.4,216.6
Mining,Hauling Ore,7,10,42.3,16.53,Rainy,Day,29.1,172.1
Marine & Rail,Rail Network Inspection,5,9,64.0,14.78,Sunny,Night,33.9,210.1
Mining,Aggregate Collection,5,3,7.4,5.35,Cloudy,Night,33.0,98.0
Data Center Power,Emergency Power Deployment,3,6,7.2,6.02,Sunny,Night,20.9,99.3
Oil & Gas,Gas Compression Service,8,9,29.0,7.17,Cloudy,Day,27.5,231.2
Data Center Power,Backup Generator Testing,3,5,44.8,5.93,Sunny,Day,20.4,70.6
Oil & Gas,Pipeline Pumping,5,6,48.5,5.92,Cloudy,Day,32.1,197.9
Construction,Foundation Work,4,7,39.2,8.09,Cloudy,Day,6.5,203.5
Oil & Gas,Gas Compression Service,7,8,10.4,7.14,Rainy,Day,12.4,198.5
Construction,Material Loading,10,9,23.6,1.41,Sunny,Day,17.4,83.4
Oil & Gas,Pipeline Pumping,5,8,37.3,2.74,Rainy,Day,42.7,170.4
Mining,Surface Excavation,8,8,35.7,6.12,Rainy,Night,13.8,248.1
Mining,Surface Excavation,8,7,45.7,1.3,Cloudy,Day,28.1,238.6
Marine & Rail,Locomotive Maintenance,8,8,14.8,1.96,Rainy,Day,7.3,226.3
Construction,Excavation,5,8,22.9,6.33,Cloudy,Day,26.3,182.8
Marine & Rail,Locomotive Maintenance,1,6,44.7,6.03,Rainy,Day,10.7,183.0
Construction,Road Building,5,10,41.8,9.8,Sunny,Night,34.6,255.3
Construction,Foundation Work,8,8,8.4,8.45,Rainy,Day,16.6,268.1
Mining,Aggregate Collection,5,6,42.1,5.36,Rainy,Night,12.3,92.7
Construction,Material Loading,9,10,26.6,3.93,Cloudy,Day,20.6,82.7
Mining,Surface Excavation,6,7,56.7,12.68,Cloudy,Day,7.5,208.9
Data Center Power,Backup Generator Testing,2,7,72.2,4.79,Sunny,Day,20.1,59.6
Data Center Power,Emergency Power Deployment,3,8,16.2,6.66,Sunny,Day,21.7,78.9
Mining,Hauling Ore,7,9,32.8,8.8,Rainy,Night,26.4,171.8
Mining,Drilling,6,8,86.1,6.96,Rainy,Day,15.5,285.0
Oil & Gas,Well Drilling,8,7,74.6,6.83,Sunny,Day,37.6,624.2
Oil & Gas,Gas Compression Service,8,9,16.1,5.52,Cloudy,Day,44.0,229.6
Mining,Drilling,8,9,15.9,8.52,Sunny,Day,31.8,254.4
Data Center Power,Generator Maintenance,6,8,26.7,3.3,Sunny,Day,20.9,106.3
Marine & Rail,Tugboat Engine Service,7,8,32.6,4.57,Sunny,Day,18.6,190.7
Marine & Rail,Locomotive Maintenance,8,6,30.6,4.79,Sunny,Night,12.7,332.2
Mining,Aggregate Collection,9,9,26.6,12.37,Rainy,Night,12.7,109.8
Construction,Material Loading,2,6,56.0,2.54,Sunny,Day,30.1,63.4
Mining,Drilling,4,9,24.6,2.23,Rainy,Day,10.6,173.2
Marine & Rail,Rail Network Inspection,7,4,8.8,9.99,Sunny,Day,12.5,209.0
Mining,Drilling,7,6,33.5,8.85,Rainy,Day,7.9,312.4
Construction,Foundation Work,6,6,11.7,4.23,Sunny,Night,7.5,252.0
Construction,Demolition,7,7,57.7,6.36,Rainy,Night,15.7,303.5
Mining,Drilling,7,7,26.3,4.61,Cloudy,Day,30.9,291.8
Data Center Power,Emergency Power Deployment,6,10,18.2,1.76,Cloudy,Night,21.4,78.3
Data Center Power,Backup Generator Testing,4,6,49.5,2.15,Sunny,Day,19.5,70.4
Mining,Surface Excavation,10,9,41.4,8.66,Cloudy,Day,11.5,237.2
Data Center Power,Generator Maintenance,5,10,43.9,3.83,Sunny,Night,23.6,86.4
Marine & Rail,Freight Operations,9,10,5.7,7.38,Cloudy,Night,15.6,267.0
Data Center Power,Emergency Power Deployment,7,9,29.1,5.03,Cloudy,Night,15.5,104.2
Construction,Demolition,7,6,52.6,17.78,Sunny,Day,2.7,283.3
Mining,Drilling,4,6,41.2,8.16,Sunny,Day,17.1,238.6
Construction,Demolition,5,9,92.9,2.38,Foggy,Day,12.0,168.9
Oil & Gas,Well Drilling,6,4,31.4,3.24,Foggy,Night,40.3,644.1
Mining,Drilling,6,10,44.8,8.77,Sunny,Day,15.0,185.5
Mining,Aggregate Collection,3,7,51.3,7.07,Cloudy,Day,29.7,73.2
Construction,Road Building,4,6,28.7,6.72,Rainy,Day,34.4,338.9
Construction,Excavation,6,7,65.2,3.56,Sunny,Night,18.0,220.4
Marine & Rail,Locomotive Maintenance,9,9,32.7,10.59,Foggy,Day,4.9,270.3
Data Center Power,Cooling System Inspection,6,7,49.3,7.91,Rainy,Day,20.6,77.1
Construction,Excavation,9,8,61.5,5.83,Sunny,Day,19.5,258.8
Oil & Gas,Pipeline Pumping,6,8,51.0,6.94,Sunny,Day,8.7,157.8
Data Center Power,Emergency Power Deployment,7,9,17.1,2.62,Cloudy,Night,16.7,94.3
Marine & Rail,Tugboat Engine Service,8,5,35.7,5.96,Sunny,Day,18.2,279.0
Construction,Demolition,6,7,20.0,10.49,Sunny,Day,3.5,198.3
Data Center Power,Cooling System Inspection,1,9,41.4,3.28,Sunny,Day,21.1,43.9
Data Center Power,Emergency Power Deployment,7,9,46.6,5.73,Sunny,Day,21.7,102.7
Mining,Surface Excavation,3,7,44.5,6.07,Cloudy,Day,8.0,152.6
Mining,Drilling,7,6,82.2,11.58,Sunny,Night,7.5,358.3
Mining,Surface Excavation,10,9,57.7,5.58,Sunny,Day,5.6,219.4
Mining,Surface Excavation,4,7,83.7,6.56,Sunny,Day,16.2,176.6
Data Center Power,Emergency Power Deployment,4,5,8.2,4.81,Cloudy,Day,23.6,110.7
Marine & Rail,Locomotive Maintenance,1,9,4.6,13.31,Cloudy,Day,16.7,147.0
Construction,Foundation Work,7,7,10.6,4.37,Sunny,Day,21.4,253.4
Marine & Rail,Locomotive Maintenance,5,9,46.6,8.8,Sunny,Day,4.8,185.3
Oil & Gas,Pipeline Pumping,5,7,40.6,2.41,Foggy,Day,43.9,190.0
Construction,Road Building,6,4,36.0,8.22,Rainy,Night,8.7,431.3
Oil & Gas,Well Servicing,8,6,26.3,9.53,Rainy,Day,25.9,431.8
Marine & Rail,Rail Network Inspection,5,6,3.6,4.03,Rainy,Day,23.4,192.2
Construction,Site Preparation,2,6,35.1,9.04,Sunny,Night,29.3,168.4
Construction,Site Preparation,4,6,36.2,1.08,Rainy,Day,16.9,162.5
Mining,Hauling Ore,5,8,53.9,0.65,Sunny,Day,22.6,105.6
Data Center Power,Generator Maintenance,7,7,40.1,6.37,Sunny,Day,27.7,140.0
Marine & Rail,Tugboat Engine Service,4,9,52.9,15.74,Rainy,Day,9.0,158.1
Marine & Rail,Rail Network Inspection,7,6,56.0,14.23,Sunny,Day,28.4,255.5
Data Center Power,Cooling System Inspection,5,8,8.0,4.5,Rainy,Night,20.4,66.2
Mining,Aggregate Collection,5,8,10.7,9.05,Sunny,Night,12.8,71.0
Mining,Hauling Ore,9,9,24.0,12.33,Rainy,Night,12.8,179.1
Marine & Rail,Locomotive Maintenance,1,6,18.2,6.53,Sunny,Day,15.7,180.1
Data Center Power,Emergency Power Deployment,3,6,3.5,4.22,Sunny,Day,26.4,89.5
Data Center Power,Cooling System Inspection,5,9,24.1,5.76,Sunny,Day,19.2,58.6
Marine & Rail,Rail Network Inspection,9,8,21.6,12.04,Rainy,Day,14.7,246.2
Construction,Excavation,7,8,22.0,5.51,Rainy,Day,32.7,241.6
Mining,Aggregate Collection,4,7,28.5,3.42,Rainy,Day,9.4,73.6
Construction,Road Building,5,9,61.6,2.98,Cloudy,Day,13.4,213.3
Construction,Demolition,1,6,32.0,2.64,Cloudy,Day,14.8,140.1
Construction,Demolition,4,7,50.3,0.78,Foggy,Night,33.8,220.2
Construction,Road Building,5,9,63.4,2.44,Sunny,Day,27.2,237.2
Construction,Road Building,6,7,33.2,3.76,Cloudy,Day,15.0,272.0
Data Center Power,Emergency Power Deployment,5,8,64.6,4.12,Sunny,Day,23.0,98.4
Marine & Rail,Locomotive Maintenance,4,8,17.9,11.57,Sunny,Night,17.9,224.8
Construction,Demolition,4,5,55.9,5.63,Rainy,Day,-1.0,228.8
Construction,Excavation,7,4,56.2,7.75,Cloudy,Day,21.8,294.8
Mining,Surface Excavation,2,7,53.7,2.87,Sunny,Day,27.6,152.5
Data Center Power,Cooling System Inspection,4,8,21.3,0.57,Sunny,Day,20.1,55.0
Mining,Drilling,8,10,30.8,3.68,Rainy,Day,24.3,245.5
Construction,Demolition,6,9,26.8,6.5,Foggy,Night,19.1,191.7
Marine & Rail,Tugboat Engine Service,5,6,46.4,15.89,Rainy,Day,38.0,271.0
Data Center Power,Cooling System Inspection,5,7,37.8,3.72,Rainy,Night,20.8,72.2
Mining,Drilling,3,9,17.2,6.57,Sunny,Night,-8.9,144.5
Marine & Rail,Freight Operations,7,7,65.2,14.15,Sunny,Night,13.5,324.3
Marine & Rail,Rail Network Inspection,4,6,23.3,7.62,Sunny,Day,14.3,160.9
Construction,Demolition,8,6,29.5,2.95,Rainy,Day,28.5,311.7
Mining,Hauling Ore,8,9,54.0,5.29,Foggy,Day,16.6,168.5
Marine & Rail,Freight Operations,4,9,26.4,2.98,Cloudy,Night,11.5,196.5
Data Center Power,Backup Generator Testing,1,10,42.4,0.8,Cloudy,Night,22.5,50.0
Oil & Gas,Gas Compression Service,6,8,16.4,5.97,Cloudy,Day,30.9,211.8
Construction,Foundation Work,6,7,67.0,4.02,Sunny,Day,27.5,272.8
Construction,Foundation Work,4,9,23.3,9.17,Sunny,Night,27.5,195.2
Marine & Rail,Freight Operations,5,6,30.4,5.27,Cloudy,Night,10.7,248.9
Data Center Power,Generator Maintenance,4,9,20.5,2.93,Rainy,Day,18.4,82.3
Oil & Gas,Well Servicing,4,5,26.7,11.3,Cloudy,Day,9.3,282.5
Marine & Rail,Rail Network Inspection,3,6,4.3,12.36,Cloudy,Day,10.4,150.4
Marine & Rail,Tugboat Engine Service,8,5,26.7,3.26,Foggy,Day,28.1,348.6
Data Center Power,Emergency Power Deployment,3,8,27.0,4.03,Sunny,Day,22.4,78.7
Construction,Excavation,3,9,34.8,12.02,Cloudy,Day,22.3,152.8
Construction,Material Loading,3,10,42.1,7.47,Sunny,Night,20.7,58.9
Oil & Gas,Well Drilling,3,9,47.1,11.77,Sunny,Night,26.3,338.4
Mining,Drilling,5,6,24.4,9.82,Sunny,Day,9.2,239.2
Data Center Power,Generator Maintenance,5,7,62.9,4.87,Foggy,Day,21.7,124.2
Mining,Hauling Ore,8,7,39.7,0.38,Sunny,Day,8.8,123.7
Marine & Rail,Freight Operations,7,5,39.4,4.75,Sunny,Day,10.4,280.0
Oil & Gas,Well Servicing,5,9,26.8,2.82,Sunny,Night,-11.9,184.7
Marine & Rail,Tugboat Engine Service,6,7,11.0,8.56,Cloudy,Day,8.4,181.5
Data Center Power,Emergency Power Deployment,5,5,17.5,7.49,Sunny,Day,23.5,120.4
Construction,Road Building,4,8,16.3,4.18,Foggy,Day,36.5,258.2
Mining,Hauling Ore,3,10,18.4,10.01,Sunny,Day,4.4,77.2
Oil & Gas,Well Servicing,9,8,35.5,5.11,Sunny,Day,26.3,330.8
Construction,Excavation,4,7,7.7,7.06,Cloudy,Day,23.8,174.8
Mining,Hauling Ore,6,6,35.3,4.36,Cloudy,Day,19.9,126.8
Construction,Foundation Work,8,6,22.8,4.47,Cloudy,Night,30.7,368.2
Construction,Excavation,1,9,6.4,7.69,Rainy,Day,17.2,122.9
Mining,Surface Excavation,6,9,57.5,9.06,Sunny,Night,-10.0,168.4
Marine & Rail,Rail Network Inspection,4,7,52.3,3.46,Rainy,Day,16.5,182.1
Mining,Aggregate Collection,10,6,47.3,1.15,Rainy,Night,-8.8,133.5
Oil & Gas,Well Servicing,2,8,36.2,5.75,Rainy,Day,22.2,212.6
Construction,Excavation,7,6,16.4,2.65,Sunny,Night,15.8,231.4
Data Center Power,Cooling System Inspection,8,8,59.9,8.03,Cloudy,Day,22.5,95.2
Oil & Gas,Pipeline Pumping,5,7,41.4,2.3,Cloudy,Night,33.9,189.4
Oil & Gas,Well Drilling,6,5,34.6,11.88,Cloudy,Day,21.4,519.3
Oil & Gas,Well Servicing,5,7,72.4,8.68,Rainy,Day,20.1,327.8
Construction,Demolition,5,5,32.2,7.2,Rainy,Day,11.9,255.6
Data Center Power,Cooling System Inspection,4,7,29.7,1.92,Foggy,Night,22.4,70.0
Mining,Aggregate Collection,4,7,34.7,6.35,Cloudy,Day,36.2,80.3
Construction,Road Building,1,7,13.6,1.05,Sunny,Day,25.5,180.1
Construction,Demolition,7,8,62.1,4.58,Rainy,Day,12.5,248.0
Construction,Foundation Work,5,6,56.8,7.14,Sunny,Day,8.1,241.3
Mining,Aggregate Collection,7,8,49.9,6.32,Sunny,Day,18.6,85.4
Mining,Drilling,9,7,71.3,5.95,Rainy,Day,17.1,395.6
Oil & Gas,Gas Compression Service,5,7,63.0,6.8,Sunny,Day,25.2,217.9
Construction,Site Preparation,4,5,46.1,10.48,Sunny,Day,33.8,208.2
Oil & Gas,Well Drilling,2,8,6.4,0.87,Rainy,Day,22.6,276.6
Oil & Gas,Well Servicing,5,6,26.5,5.12,Sunny,Day,-6.5,231.5
Oil & Gas,Gas Compression Service,4,9,25.3,6.16,Cloudy,Day,-1.2,127.7
Mining,Drilling,5,8,40.4,10.73,Rainy,Night,16.1,268.8
Mining,Drilling,1,8,28.7,3.22,Sunny,Night,3.6,138.6
Oil & Gas,Well Servicing,6,9,17.9,8.52,Sunny,Night,27.8,255.4
Construction,Material Loading,5,3,75.5,9.41,Rainy,Day,16.3,105.0
Mining,Hauling Ore,8,8,9.4,13.45,Cloudy,Day,13.7,139.2
Mining,Aggregate Collection,6,9,35.5,4.05,Rainy,Day,21.4,87.4
Mining,Aggregate Collection,1,7,22.7,4.62,Sunny,Day,21.2,53.3
Marine & Rail,Tugboat Engine Service,3,9,33.9,4.98,Rainy,Day,3.2,114.0
Data Center Power,Cooling System Inspection,9,8,54.6,7.59,Rainy,Day,20.0,98.9
Mining,Hauling Ore,4,6,68.0,4.34,Rainy,Day,32.7,147.4
Construction,Foundation Work,10,6,35.9,7.28,Sunny,Day,16.7,369.2
Marine & Rail,Tugboat Engine Service,8,9,41.6,3.19,Cloudy,Day,13.6,185.9
Oil & Gas,Gas Compression Service,8,8,44.5,0.7,Sunny,Day,30.4,240.2
Mining,Drilling,7,7,26.6,2.73,Rainy,Day,23.4,298.3
Mining,Drilling,5,7,32.1,4.0,Cloudy,Day,20.0,228.1
Data Center Power,Generator Maintenance,8,8,13.2,7.07,Sunny,Night,19.8,130.3
Construction,Demolition,4,8,23.3,7.87,Cloudy,Night,15.0,184.0
Mining,Aggregate Collection,8,4,44.0,4.76,Sunny,Day,35.2,127.1
Data Center Power,Cooling System Inspection,10,7,18.0,3.75,Sunny,Night,24.0,102.1
Mining,Surface Excavation,6,7,55.5,2.7,Rainy,Day,16.0,216.4
Construction,Demolition,5,4,8.7,12.28,Sunny,Day,30.9,277.0
Construction,Excavation,6,8,42.3,1.23,Sunny,Day,31.0,197.7
Construction,Material Loading,6,9,38.2,10.93,Cloudy,Day,9.9,72.4
Oil & Gas,Gas Compression Service,7,10,58.0,3.99,Sunny,Day,27.3,183.2
Mining,Drilling,4,8,33.0,6.77,Sunny,Day,3.7,167.3
Oil & Gas,Well Servicing,5,6,36.4,13.04,Cloudy,Day,36.7,363.8
Construction,Road Building,7,7,37.7,3.95,Sunny,Day,0.2,277.3
Construction,Material Loading,7,7,20.3,6.61,Cloudy,Night,26.3,93.8
Construction,Excavation,8,8,50.8,10.61,Cloudy,Day,13.6,240.3
Marine & Rail,Freight Operations,3,7,43.3,9.74,Sunny,Day,17.9,207.9
Mining,Drilling,2,4,29.9,1.48,Rainy,Day,15.2,227.8
Data Center Power,Cooling System Inspection,3,5,35.7,2.82,Sunny,Day,20.4,59.9
Data Center Power,Cooling System Inspection,4,8,19.5,7.04,Cloudy,Night,19.6,64.9
Construction,Material Loading,5,7,44.0,5.5,Sunny,Day,24.9,72.8
Data Center Power,Backup Generator Testing,10,5,56.0,5.27,Sunny,Day,20.5,124.8
Mining,Hauling Ore,6,10,30.0,2.3,Rainy,Day,24.3,122.0
Mining,Hauling Ore,6,9,32.1,7.35,Rainy,Night,18.9,144.6
Marine & Rail,Tugboat Engine Service,6,8,16.9,3.87,Sunny,Day,23.5,170.5
Mining,Drilling,6,7,31.6,3.26,Rainy,Day,9.6,260.9
Marine & Rail,Tugboat Engine Service,5,9,83.0,1.39,Sunny,Day,14.2,149.3
Marine & Rail,Rail Network Inspection,6,7,25.8,10.24,Sunny,Day,30.9,209.3
Mining,Aggregate Collection,1,9,81.9,8.81,Sunny,Day,0.4,48.0
Oil & Gas,Pipeline Pumping,7,10,67.0,2.29,Cloudy,Day,34.1,195.3
Data Center Power,Cooling System Inspection,2,10,51.1,5.61,Sunny,Day,21.8,47.4
Construction,Foundation Work,1,5,25.6,4.77,Sunny,Day,17.5,185.5
Oil & Gas,Well Servicing,7,9,21.2,4.29,Sunny,Day,7.9,215.5
Mining,Hauling Ore,8,8,27.1,11.25,Cloudy,Day,-2.7,132.4
Marine & Rail,Locomotive Maintenance,5,7,35.5,10.51,Rainy,Day,13.3,255.7
Oil & Gas,Pipeline Pumping,3,8,23.0,8.2,Rainy,Day,34.8,159.4
Mining,Drilling,2,8,54.5,4.59,Rainy,Night,29.9,222.1
Mining,Drilling,5,9,6.5,2.34,Sunny,Night,15.7,179.2
Mining,Surface Excavation,5,7,9.0,6.14,Cloudy,Day,25.0,182.7
Marine & Rail,Locomotive Maintenance,8,7,31.2,13.34,Sunny,Day,1.5,303.6
Oil & Gas,Well Servicing,6,7,11.9,7.21,Foggy,Night,30.7,331.2
Marine & Rail,Freight Operations,2,7,41.0,6.12,Sunny,Day,5.2,169.3
Marine & Rail,Rail Network Inspection,8,6,47.7,3.46,Rainy,Day,12.8,259.2
Construction,Road Building,6,8,56.9,14.31,Rainy,Night,22.5,387.9
Construction,Site Preparation,5,3,3.5,6.8,Rainy,Day,33.2,223.5
Marine & Rail,Locomotive Maintenance,8,10,33.8,1.79,Cloudy,Day,38.0,243.2
Data Center Power,Generator Maintenance,7,8,43.5,2.37,Cloudy,Night,24.6,133.4
Mining,Drilling,4,9,43.5,5.89,Rainy,Day,26.5,217.1
Oil & Gas,Well Servicing,3,9,83.1,10.23,Sunny,Night,37.8,261.9
Construction,Material Loading,7,7,33.2,5.59,Rainy,Day,34.1,107.7
Marine & Rail,Tugboat Engine Service,7,7,50.3,13.05,Cloudy,Night,20.1,275.1
Data Center Power,Backup Generator Testing,8,9,62.6,7.84,Cloudy,Night,18.1,100.4
Data Center Power,Cooling System Inspection,5,9,32.3,2.1,Sunny,Day,20.7,59.0
Oil & Gas,Well Drilling,3,7,43.6,12.3,Cloudy,Night,41.2,457.0
Mining,Surface Excavation,6,8,39.0,3.46,Sunny,Night,26.1,194.3
Oil & Gas,Pipeline Pumping,5,6,53.4,2.39,Cloudy,Day,14.7,159.6
Oil & Gas,Well Servicing,2,9,30.0,5.08,Foggy,Day,41.4,201.1
Data Center Power,Cooling System Inspection,5,8,12.2,3.08,Cloudy,Day,19.7,60.3
Data Center Power,Cooling System Inspection,3,9,2.7,0.37,Rainy,Day,25.0,51.7
Construction,Material Loading,6,6,50.9,4.97,Sunny,Day,19.0,77.5
Oil & Gas,Pipeline Pumping,5,7,39.3,11.79,Sunny,Day,5.7,154.4
Construction,Foundation Work,8,9,10.6,3.08,Rainy,Day,22.3,251.0
Oil & Gas,Well Drilling,4,8,31.5,6.91,Sunny,Day,18.3,313.8
Marine & Rail,Freight Operations,5,5,67.8,5.95,Foggy,Day,3.6,299.7
Oil & Gas,Gas Compression Service,4,8,18.6,5.33,Sunny,Day,39.5,191.0
Marine & Rail,Rail Network Inspection,1,5,47.0,10.25,Sunny,Night,0.8,134.7
Oil & Gas,Gas Compression Service,6,8,29.9,3.32,Sunny,Night,7.7,184.3
Oil & Gas,Pipeline Pumping,6,8,27.0,2.2,Sunny,Day,13.6,146.4
Marine & Rail,Freight Operations,6,9,39.3,2.75,Sunny,Night,38.0,281.5
Marine & Rail,Rail Network Inspection,6,9,5.2,7.8,Rainy,Day,35.5,214.4
Mining,Surface Excavation,7,8,27.3,15.06,Sunny,Day,13.0,208.6
Marine & Rail,Tugboat Engine Service,9,6,50.5,6.46,Foggy,Night,25.3,420.3
Mining,Hauling Ore,6,7,59.0,5.89,Cloudy,Day,-4.8,112.8
Construction,Demolition,8,8,39.6,2.44,Sunny,Day,6.7,207.2
Mining,Hauling Ore,3,8,23.5,9.78,Sunny,Day,-2.6,87.6
Data Center Power,Generator Maintenance,6,6,60.7,1.95,Sunny,Day,19.9,128.8
Marine & Rail,Rail Network Inspection,1,9,34.1,10.67,Foggy,Night,1.3,134.9
Data Center Power,Generator Maintenance,7,8,14.3,6.31,Sunny,Night,25.0,125.7
Construction,Material Loading,7,8,5.8,6.61,Sunny,Day,40.0,87.3
Data Center Power,Cooling System Inspection,2,8,27.1,2.39,Sunny,Day,16.5,50.1
Construction,Road Building,5,8,11.8,4.79,Rainy,Day,14.3,247.5
Mining,Hauling Ore,7,6,38.9,6.75,Sunny,Day,6.3,128.4
Marine & Rail,Locomotive Maintenance,8,9,14.5,6.23,Sunny,Night,13.2,244.1
Marine & Rail,Locomotive Maintenance,7,6,22.7,5.6,Sunny,Night,15.2,305.3
Mining,Drilling,5,7,8.9,5.59,Rainy,Day,21.2,253.1
Construction,Material Loading,6,7,37.9,6.65,Sunny,Day,7.9,70.5
Construction,Material Loading,6,8,31.1,3.8,Rainy,Day,30.6,86.4
Marine & Rail,Tugboat Engine Service,7,8,52.6,12.0,Foggy,Day,13.6,265.0
Oil & Gas,Well Drilling,2,7,25.5,9.22,Sunny,Day,18.0,296.3
Data Center Power,Backup Generator Testing,10,7,34.1,4.1,Sunny,Day,19.6,105.0
Mining,Aggregate Collection,6,7,61.6,9.67,Cloudy,Night,10.7,91.1
Data Center Power,Backup Generator Testing,7,9,12.0,3.34,Cloudy,Day,15.7,71.5
Mining,Surface Excavation,5,8,76.3,10.54,Rainy,Day,27.3,228.1
Marine & Rail,Rail Network Inspection,7,9,10.1,0.58,Sunny,Night,17.2,181.3
Data Center Power,Backup Generator Testing,4,8,25.7,7.45,Sunny,Day,26.1,67.2
Oil & Gas,Pipeline Pumping,7,3,16.5,5.4,Sunny,Night,36.6,253.2
Marine & Rail,Tugboat Engine Service,4,7,31.4,6.13,Sunny,Day,21.0,174.6
Marine & Rail,Locomotive Maintenance,8,8,31.2,9.43,Rainy,Day,14.5,282.1
Data Center Power,Cooling System Inspection,5,6,53.9,9.3,Sunny,Day,22.8,71.4
Data Center Power,Backup Generator Testing,4,7,20.5,3.65,Sunny,Day,24.7,67.2
Construction,Material Loading,6,9,18.4,10.25,Sunny,Night,19.0,76.6
Data Center Power,Generator Maintenance,6,8,8.7,5.27,Sunny,Night,22.9,112.5
Marine & Rail,Locomotive Maintenance,4,9,21.1,8.11,Rainy,Day,9.2,171.9
Oil & Gas,Well Servicing,2,6,24.4,6.97,Sunny,Day,6.8,199.0
Marine & Rail,Tugboat Engine Service,7,6,33.3,4.5,Foggy,Night,8.8,289.6
Data Center Power,Emergency Power Deployment,7,6,34.8,7.58,Cloudy,Day,19.6,137.0
Mining,Drilling,5,7,18.4,2.46,Rainy,Day,9.8,215.6
Construction,Foundation Work,5,7,45.0,5.74,Sunny,Day,30.8,259.9
Marine & Rail,Rail Network Inspection,5,8,49.4,3.67,Rainy,Day,3.9,166.8
Mining,Drilling,5,4,13.5,3.92,Sunny,Day,27.0,278.0
Construction,Demolition,6,7,21.4,11.6,Cloudy,Night,22.5,250.5
Construction,Demolition,9,7,21.3,15.99,Rainy,Night,27.3,390.4
Marine & Rail,Tugboat Engine Service,6,6,28.4,7.32,Sunny,Day,20.0,211.6
Construction,Road Building,6,10,14.6,4.58,Sunny,Night,11.1,204.8
Oil & Gas,Gas Compression Service,6,6,20.8,9.55,Cloudy,Night,40.1,305.3
Mining,Surface Excavation,8,10,53.2,6.27,Cloudy,Day,40.1,211.5
Marine & Rail,Locomotive Maintenance,5,6,54.4,8.56,Sunny,Night,8.9,279.1
Construction,Demolition,8,7,36.5,8.49,Sunny,Day,14.4,249.9
Oil & Gas,Pipeline Pumping,1,7,31.1,10.72,Cloudy,Night,5.7,121.0
Construction,Foundation Work,9,9,16.3,2.4,Sunny,Day,19.4,237.0
Marine & Rail,Tugboat Engine Service,3,8,49.4,5.23,Cloudy,Night,29.3,166.3
Construction,Site Preparation,8,10,43.2,9.9,Rainy,Day,31.7,248.0
Data Center Power,Emergency Power Deployment,3,9,37.3,7.6,Foggy,Night,24.5,84.6
Marine & Rail,Tugboat Engine Service,3,6,19.4,5.57,Cloudy,Day,16.9,165.5
Mining,Surface Excavation,2,7,35.0,1.3,Cloudy,Night,41.0,171.9
Oil & Gas,Well Drilling,5,5,28.5,4.28,Sunny,Day,14.0,388.1
Mining,Hauling Ore,4,7,44.5,12.56,Sunny,Day,10.8,111.5
Oil & Gas,Well Drilling,6,5,4.2,4.75,Sunny,Day,33.0,472.1
Oil & Gas,Pipeline Pumping,4,6,32.6,4.91,Sunny,Night,35.0,194.2
Mining,Drilling,6,8,74.5,11.2,Rainy,Day,39.8,354.5
Marine & Rail,Tugboat Engine Service,3,6,21.7,12.32,Cloudy,Night,27.3,217.4
Oil & Gas,Well Servicing,8,7,69.4,2.56,Sunny,Day,15.4,336.3
Construction,Material Loading,6,6,9.6,2.43,Cloudy,Night,14.2,75.7
Marine & Rail,Tugboat Engine Service,6,7,30.5,1.38,Foggy,Day,19.1,220.0
Construction,Demolition,7,6,34.5,3.8,Sunny,Day,18.3,243.4
Mining,Drilling,6,7,33.4,4.81,Sunny,Day,15.5,236.9
Mining,Aggregate Collection,7,5,6.6,6.95,Sunny,Day,11.8,81.3
Data Center Power,Emergency Power Deployment,6,9,45.6,1.85,Cloudy,Day,21.0,89.2
Oil & Gas,Pipeline Pumping,5,8,12.0,13.86,Cloudy,Night,29.2,196.5
Construction,Demolition,6,8,17.4,6.23,Cloudy,Day,18.3,183.8
Marine & Rail,Rail Network Inspection,9,5,32.2,7.66,Cloudy,Day,21.8,270.4
Mining,Drilling,6,9,37.0,0.9,Foggy,Day,21.2,199.1
Construction,Site Preparation,7,8,21.9,7.44,Cloudy,Night,14.2,183.9
Construction,Site Preparation,9,6,51.0,2.87,Cloudy,Day,31.1,272.8
Marine & Rail,Tugboat Engine Service,3,6,14.3,8.66,Cloudy,Night,18.9,182.4
Mining,Hauling Ore,7,8,39.0,13.21,Sunny,Day,2.3,125.3
Marine & Rail,Locomotive Maintenance,8,8,9.1,7.0,Rainy,Day,20.4,264.6
Construction,Site Preparation,8,8,35.3,3.77,Rainy,Day,2.9,208.5
Marine & Rail,Tugboat Engine Service,7,8,11.5,6.37,Cloudy,Night,8.5,185.8
Construction,Excavation,1,7,44.7,2.51,Sunny,Night,22.7,147.1
Oil & Gas,Gas Compression Service,3,6,38.5,9.83,Rainy,Night,26.0,228.4
Marine & Rail,Freight Operations,1,4,45.8,3.18,Foggy,Night,10.4,228.2
Marine & Rail,Tugboat Engine Service,8,8,41.1,6.4,Foggy,Day,30.0,283.4
Oil & Gas,Well Servicing,7,10,24.9,4.74,Sunny,Night,10.3,212.4
Mining,Surface Excavation,4,9,40.8,4.1,Cloudy,Day,11.6,131.6
Mining,Surface Excavation,8,9,57.0,7.92,Sunny,Day,25.3,223.7
Mining,Hauling Ore,6,7,53.5,4.83,Sunny,Day,32.4,140.5
Oil & Gas,Well Drilling,5,9,50.7,12.84,Rainy,Night,38.0,500.8
Data Center Power,Backup Generator Testing,5,9,47.8,5.43,Sunny,Day,21.7,65.0
Marine & Rail,Rail Network Inspection,5,9,47.9,2.69,Sunny,Night,9.8,161.8
Construction,Road Building,1,7,13.6,3.89,Rainy,Day,25.8,213.9
Mining,Hauling Ore,7,7,11.3,9.92,Sunny,Day,10.5,125.2
Marine & Rail,Rail Network Inspection,5,7,40.4,3.99,Sunny,Night,24.1,191.6
Mining,Drilling,5,9,27.7,6.44,Rainy,Night,17.5,213.8
Oil & Gas,Pipeline Pumping,5,3,54.1,11.6,Sunny,Day,18.7,210.7
Marine & Rail,Freight Operations,3,6,29.1,1.41,Cloudy,Day,15.2,197.2
Oil & Gas,Well Servicing,6,4,67.2,3.04,Rainy,Day,38.2,462.4
Construction,Demolition,1,8,17.4,2.95,Rainy,Day,22.0,141.5
Data Center Power,Generator Maintenance,3,8,54.4,5.31,Sunny,Day,19.7,89.8
Data Center Power,Cooling System Inspection,5,8,32.9,6.68,Sunny,Day,17.6,63.2
Construction,Foundation Work,7,8,55.9,2.74,Sunny,Day,17.1,244.5
Data Center Power,Generator Maintenance,4,8,37.9,7.67,Sunny,Night,23.8,106.2
Oil & Gas,Well Servicing,6,8,22.4,1.9,Rainy,Night,48.0,335.7
Marine & Rail,Tugboat Engine Service,8,8,59.5,8.17,Cloudy,Night,28.9,288.8
Mining,Surface Excavation,5,5,17.6,8.25,Cloudy,Day,29.8,239.5
Oil & Gas,Well Drilling,4,8,9.6,9.59,Rainy,Day,1.6,320.0
Oil & Gas,Pipeline Pumping,4,6,60.1,4.04,Cloudy,Day,20.4,164.3
Marine & Rail,Freight Operations,5,7,36.8,13.69,Cloudy,Night,25.2,284.2
Data Center Power,Emergency Power Deployment,2,8,19.7,2.26,Cloudy,Day,20.2,69.3
Construction,Excavation,5,8,26.8,2.55,Sunny,Day,15.7,155.0
Construction,Demolition,10,8,28.8,3.12,Sunny,Day,34.0,286.0
Oil & Gas,Well Drilling,5,10,36.1,3.13,Sunny,Night,37.5,331.4
Construction,Road Building,8,6,32.2,3.58,Rainy,Day,15.5,401.6
Oil & Gas,Pipeline Pumping,6,7,13.2,11.41,Rainy,Day,29.7,197.7
Mining,Surface Excavation,6,5,48.0,5.36,Cloudy,Day,21.4,246.4
Mining,Drilling,6,7,75.0,13.17,Rainy,Night,15.5,347.0
Construction,Excavation,8,9,33.5,10.68,Sunny,Day,28.7,219.0
Data Center Power,Generator Maintenance,3,4,37.2,4.46,Sunny,Day,15.3,115.9
Marine & Rail,Locomotive Maintenance,4,6,53.9,11.23,Foggy,Night,8.4,277.9
Oil & Gas,Well Servicing,6,4,30.2,9.85,Sunny,Day,5.7,318.7
Marine & Rail,Tugboat Engine Service,9,9,33.2,2.63,Sunny,Day,23.5,203.8
Data Center Power,Emergency Power Deployment,6,7,21.4,14.35,Sunny,Night,18.7,134.3
Marine & Rail,Tugboat Engine Service,7,9,23.2,4.76,Sunny,Day,31.2,189.3
Marine & Rail,Tugboat Engine Service,7,7,28.6,2.12,Rainy,Night,9.1,208.2
Data Center Power,Cooling System Inspection,1,6,53.6,4.47,Sunny,Day,22.6,53.0
Oil & Gas,Well Servicing,5,9,19.2,9.09,Cloudy,Day,12.6,203.2
Mining,Drilling,5,8,8.4,8.25,Sunny,Day,4.2,185.4
Mining,Aggregate Collection,7,7,45.7,7.25,Cloudy,Day,-2.4,82.4
Construction,Road Building,4,8,45.6,2.92,Foggy,Day,12.3,217.6
Construction,Road Building,4,9,31.2,12.04,Cloudy,Day,26.0,235.5
Construction,Site Preparation,4,7,25.1,5.57,Sunny,Night,14.8,154.8
Mining,Hauling Ore,3,7,65.0,2.95,Sunny,Day,28.6,106.9
Marine & Rail,Rail Network Inspection,6,7,61.5,5.88,Sunny,Night,25.7,230.8
Oil & Gas,Gas Compression Service,9,9,51.6,2.62,Sunny,Night,10.3,235.0
Marine & Rail,Tugboat Engine Service,5,10,6.7,5.22,Sunny,Day,12.7,118.5
Data Center Power,Cooling System Inspection,7,6,68.9,6.39,Rainy,Day,24.0,99.5
Construction,Site Preparation,4,6,32.4,13.74,Rainy,Day,14.5,202.0
Mining,Aggregate Collection,9,8,13.1,2.39,Cloudy,Night,-9.8,83.8
Oil & Gas,Gas Compression Service,4,9,57.6,4.89,Sunny,Night,2.7,145.6
Marine & Rail,Tugboat Engine Service,10,8,17.1,9.93,Foggy,Day,13.1,285.9
Oil & Gas,Well Drilling,6,7,26.3,8.6,Sunny,Day,31.4,463.1
Construction,Excavation,3,7,67.5,7.98,Rainy,Night,7.3,194.5
Oil & Gas,Pipeline Pumping,8,8,38.7,2.16,Sunny,Day,31.8,209.8
Oil & Gas,Well Drilling,6,7,17.9,4.08,Rainy,Day,35.6,506.8
Data Center Power,Cooling System Inspection,6,7,25.7,6.06,Sunny,Day,24.4,72.4
Oil & Gas,Pipeline Pumping,4,8,34.1,9.57,Sunny,Day,13.1,141.1
Mining,Hauling Ore,5,6,43.4,3.81,Sunny,Day,16.3,111.9
Construction,Excavation,8,8,26.1,8.74,Cloudy,Day,18.7,219.0
Oil & Gas,Well Drilling,6,8,42.3,6.06,Cloudy,Day,7.4,341.1
Oil & Gas,Well Servicing,8,6,28.2,13.18,Sunny,Day,23.9,392.5
Data Center Power,Emergency Power Deployment,7,9,23.2,9.52,Cloudy,Night,20.8,110.5
Oil & Gas,Gas Compression Service,1,4,54.9,11.92,Sunny,Night,37.2,256.0
Construction,Foundation Work,3,6,25.8,7.98,Rainy,Day,27.2,255.6
Marine & Rail,Locomotive Maintenance,4,8,64.7,6.68,Cloudy,Night,2.7,212.6
Mining,Hauling Ore,6,8,40.0,3.13,Rainy,Day,42.0,154.5
Data Center Power,Backup Generator Testing,10,5,58.4,12.97,Cloudy,Day,23.8,146.8
Construction,Material Loading,6,6,24.4,3.6,Cloudy,Day,10.2,70.5
Construction,Foundation Work,7,8,72.4,1.43,Sunny,Night,26.1,300.7
Oil & Gas,Well Drilling,4,10,30.7,3.07,Foggy,Night,40.1,314.9
Oil & Gas,Gas Compression Service,8,7,23.1,8.09,Sunny,Night,26.1,282.1
Marine & Rail,Freight Operations,5,8,8.2,12.83,Foggy,Day,24.6,280.0
Data Center Power,Emergency Power Deployment,6,10,26.8,2.98,Cloudy,Night,19.6,81.7
Oil & Gas,Well Servicing,8,7,45.5,5.44,Sunny,Night,14.0,346.1
Construction,Site Preparation,5,6,32.7,6.3,Cloudy,Day,11.0,167.5
Data Center Power,Cooling System Inspection,5,8,36.8,3.59,Sunny,Night,20.2,69.3
Mining,Hauling Ore,6,10,38.5,6.34,Cloudy,Day,22.6,112.8
Oil & Gas,Well Drilling,6,9,19.8,8.19,Rainy,Day,30.9,422.9
Construction,Foundation Work,5,6,43.1,7.59,Cloudy,Day,16.8,262.4
Oil & Gas,Gas Compression Service,8,7,19.6,7.35,Cloudy,Day,37.4,286.4
Construction,Road Building,2,9,47.5,1.5,Cloudy,Day,13.0,158.6
Construction,Road Building,2,9,83.3,10.31,Sunny,Day,13.9,190.1
Mining,Aggregate Collection,4,7,23.6,10.04,Rainy,Day,29.9,85.7
Construction,Road Building,4,7,57.3,3.57,Sunny,Day,26.0,250.8
Data Center Power,Backup Generator Testing,9,9,29.1,2.05,Sunny,Night,22.8,99.5
Mining,Hauling Ore,5,9,33.6,6.21,Sunny,Day,26.0,112.5
Mining,Drilling,6,8,74.7,3.04,Cloudy,Night,12.4,237.7
Marine & Rail,Tugboat Engine Service,2,3,35.4,6.8,Sunny,Day,17.6,192.7
Construction,Demolition,7,8,56.9,7.61,Sunny,Day,14.7,221.3
Marine & Rail,Rail Network Inspection,4,9,23.1,7.06,Sunny,Night,0.4,136.6
Mining,Drilling,3,9,5.6,7.2,Sunny,Night,24.3,166.0
Mining,Hauling Ore,8,7,42.7,4.77,Sunny,Night,17.1,162.2
Data Center Power,Emergency Power Deployment,5,9,51.7,7.95,Sunny,Day,20.1,88.7
Oil & Gas,Gas Compression Service,5,6,34.1,4.63,Cloudy,Day,26.0,220.4
Data Center Power,Cooling System Inspection,10,9,27.7,7.38,Cloudy,Night,20.1,98.2
Mining,Surface Excavation,5,7,16.3,5.61,Rainy,Night,19.5,211.2
Construction,Material Loading,6,2,28.2,5.79,Cloudy,Night,34.3,115.1
Oil & Gas,Gas Compression Service,9,10,59.0,6.8,Cloudy,Day,37.6,273.2
Marine & Rail,Tugboat Engine Service,6,8,18.6,4.56,Sunny,Day,10.7,159.1
Construction,Excavation,4,9,15.5,2.09,Sunny,Day,31.9,144.2
Data Center Power,Cooling System Inspection,3,4,89.4,3.88,Cloudy,Day,19.1,74.1
Marine & Rail,Tugboat Engine Service,5,6,73.5,12.45,Sunny,Night,11.2,233.1
Mining,Drilling,5,6,38.7,6.23,Rainy,Day,6.7,264.6
Construction,Foundation Work,5,7,41.9,7.36,Rainy,Night,21.5,293.3
Oil & Gas,Gas Compression Service,10,6,31.7,5.56,Rainy,Day,43.8,380.9
Marine & Rail,Locomotive Maintenance,3,8,26.2,0.58,Cloudy,Night,15.6,188.4
Mining,Hauling Ore,2,7,50.3,8.92,Sunny,Night,3.4,94.1
Oil & Gas,Well Servicing,10,9,16.9,8.41,Cloudy,Day,19.0,309.9
Mining,Surface Excavation,7,7,25.3,15.67,Cloudy,Night,31.1,291.0
Marine & Rail,Tugboat Engine Service,4,6,78.4,5.83,Sunny,Day,24.4,207.1
Marine & Rail,Locomotive Maintenance,8,6,27.5,10.68,Sunny,Day,13.0,329.5
Mining,Hauling Ore,4,4,63.1,4.16,Rainy,Day,7.0,131.4
Data Center Power,Emergency Power Deployment,3,8,39.9,2.59,Sunny,Day,22.4,77.9
Oil & Gas,Gas Compression Service,4,9,76.1,13.13,Sunny,Day,34.7,203.6
Construction,Material Loading,7,9,30.2,11.76,Sunny,Night,34.7,93.3
Oil & Gas,Pipeline Pumping,2,8,40.5,8.97,Sunny,Day,9.1,119.1
Oil & Gas,Well Servicing,8,8,37.3,2.79,Rainy,Night,13.0,334.3
Marine & Rail,Tugboat Engine Service,4,7,77.3,6.93,Sunny,Day,7.9,169.4
Mining,Hauling Ore,6,10,51.6,7.87,Cloudy,Day,5.5,109.1
Oil & Gas,Pipeline Pumping,7,9,81.4,5.59,Sunny,Day,38.8,238.4
Marine & Rail,Rail Network Inspection,9,9,51.3,5.76,Cloudy,Day,13.6,226.0
Mining,Drilling,4,9,35.7,2.78,Sunny,Night,42.0,218.5
Construction,Demolition,6,10,20.2,9.19,Sunny,Day,-3.9,142.4
Construction,Foundation Work,6,7,92.1,3.86,Sunny,Day,12.0,261.3
Mining,Drilling,7,6,22.4,3.16,Sunny,Day,30.2,291.8
Mining,Drilling,6,5,15.9,13.81,Sunny,Night,25.2,342.7
Data Center Power,Emergency Power Deployment,5,9,22.4,3.41,Foggy,Day,15.8,80.5
Construction,Material Loading,3,9,53.0,11.91,Rainy,Day,14.8,68.6
Mining,Hauling Ore,5,8,27.1,2.42,Cloudy,Day,12.7,99.2
Mining,Surface Excavation,6,8,24.5,13.19,Cloudy,Night,14.3,197.9
Construction,Excavation,7,9,16.6,4.34,Foggy,Day,26.9,191.5
Construction,Material Loading,7,6,23.7,6.31,Rainy,Night,18.5,103.7
Marine & Rail,Rail Network Inspection,7,8,15.0,9.18,Sunny,Night,20.3,207.0
Oil & Gas,Well Drilling,9,8,28.5,3.79,Rainy,Day,20.0,512.3
Mining,Surface Excavation,8,8,75.4,2.56,Sunny,Day,39.7,276.6
Construction,Demolition,5,4,19.9,8.48,Sunny,Night,18.7,272.1
Marine & Rail,Locomotive Maintenance,6,9,51.9,3.52,Rainy,Day,11.7,203.4
Oil & Gas,Well Servicing,7,9,27.1,8.21,Sunny,Day,40.7,290.6
Construction,Demolition,7,9,6.1,14.45,Cloudy,Day,17.0,193.9
Construction,Site Preparation,8,8,37.4,5.04,Sunny,Night,28.0,234.3
Marine & Rail,Locomotive Maintenance,3,6,44.1,6.3,Cloudy,Night,8.8,229.6
Mining,Drilling,6,8,8.3,6.82,Sunny,Day,7.3,190.9
Mining,Hauling Ore,7,8,69.2,13.59,Cloudy,Day,33.6,180.6
Marine & Rail,Tugboat Engine Service,8,8,13.0,1.41,Sunny,Night,12.4,188.7
Construction,Excavation,2,9,53.2,0.54,Sunny,Day,22.0,115.7
Oil & Gas,Well Servicing,7,10,11.8,1.76,Sunny,Day,36.0,223.7
Marine & Rail,Rail Network Inspection,6,9,6.4,6.72,Cloudy,Night,29.8,197.4
Marine & Rail,Rail Network Inspection,8,8,60.4,8.2,Foggy,Night,32.3,343.2
Marine & Rail,Rail Network Inspection,6,7,17.6,3.51,Sunny,Day,10.3,165.6
Mining,Drilling,10,8,16.1,4.84,Sunny,Night,13.2,288.4
Oil & Gas,Gas Compression Service,7,7,45.3,5.88,Sunny,Day,21.4,244.7
Mining,Aggregate Collection,5,8,66.3,6.79,Sunny,Night,3.0,72.5
Mining,Drilling,7,10,35.0,13.06,Rainy,Day,8.0,231.3
Construction,Road Building,3,8,51.9,9.32,Sunny,Day,15.2,214.0
Construction,Foundation Work,4,7,55.5,5.92,Cloudy,Night,40.0,295.2
Data Center Power,Backup Generator Testing,3,9,39.1,2.52,Cloudy,Day,19.9,56.7
Construction,Foundation Work,7,5,21.0,2.36,Sunny,Day,26.2,318.8
Construction,Foundation Work,7,7,11.4,2.9,Rainy,Night,20.7,307.7
Oil & Gas,Gas Compression Service,8,9,25.8,11.73,Sunny,Day,-0.7,199.0
Marine & Rail,Locomotive Maintenance,4,4,62.7,6.21,Rainy,Night,20.8,323.4
Oil & Gas,Pipeline Pumping,2,9,14.4,3.59,Sunny,Day,2.8,95.0
Oil & Gas,Pipeline Pumping,5,8,75.7,8.65,Cloudy,Day,0.8,158.1
Oil & Gas,Gas Compression Service,5,9,34.4,11.71,Cloudy,Day,32.8,198.9
Mining,Drilling,5,9,29.1,4.82,Rainy,Day,4.8,188.9
Construction,Material Loading,6,5,50.2,7.18,Sunny,Day,22.1,88.4
Marine & Rail,Rail Network Inspection,2,9,11.7,6.55,Foggy,Day,6.4,133.8
Mining,Hauling Ore,2,9,19.8,15.55,Rainy,Day,-2.0,92.4
Oil & Gas,Well Servicing,5,8,33.4,5.66,Rainy,Day,22.2,274.5
Oil & Gas,Well Drilling,3,8,26.1,1.99,Sunny,Night,35.5,328.9
Mining,Aggregate Collection,5,7,51.6,3.1,Foggy,Night,15.8,82.7
Construction,Material Loading,3,3,66.6,12.83,Rainy,Night,4.8,91.6
Mining,Drilling,7,9,50.8,5.11,Rainy,Night,19.5,282.0
Mining,Hauling Ore,4,8,43.7,7.58,Cloudy,Night,7.9,108.2
Mining,Aggregate Collection,5,10,39.2,12.23,Rainy,Night,12.9,78.8
Mining,Hauling Ore,4,9,9.1,1.88,Cloudy,Day,23.9,93.2
Construction,Foundation Work,9,7,27.2,3.51,Foggy,Night,14.0,332.2
Marine & Rail,Locomotive Maintenance,7,7,13.3,2.8,Rainy,Night,13.3,269.2
Mining,Aggregate Collection,6,9,33.9,6.61,Rainy,Night,32.4,98.1
Mining,Aggregate Collection,8,10,49.5,2.83,Cloudy,Day,4.7,81.5
Construction,Road Building,7,8,16.5,3.99,Cloudy,Day,14.3,252.8
Oil & Gas,Well Servicing,7,8,19.6,6.26,Rainy,Night,21.0,324.8
Marine & Rail,Locomotive Maintenance,7,7,29.3,4.48,Foggy,Day,18.5,293.8
Oil & Gas,Gas Compression Service,6,9,52.1,10.73,Sunny,Day,26.8,205.8
Mining,Surface Excavation,9,6,15.5,14.02,Rainy,Day,31.3,349.9
Construction,Road Building,3,9,30.5,4.25,Sunny,Day,13.5,172.8
Oil & Gas,Gas Compression Service,10,8,5.8,7.92,Sunny,Night,32.9,288.9
Oil & Gas,Well Drilling,10,7,37.3,9.43,Sunny,Day,18.4,588.9
Oil & Gas,Well Drilling,6,8,40.2,1.33,Sunny,Day,16.0,327.7
Mining,Aggregate Collection,6,8,59.0,9.73,Cloudy,Day,30.4,94.5
Data Center Power,Emergency Power Deployment,4,4,20.8,5.15,Sunny,Night,19.2,125.7
Mining,Surface Excavation,6,6,24.2,3.08,Cloudy,Day,23.5,209.9
Oil & Gas,Well Servicing,4,8,19.8,6.91,Rainy,Day,35.8,283.7
Oil & Gas,Gas Compression Service,6,9,39.3,4.53,Sunny,Day,42.1,206.6
Construction,Excavation,5,7,23.8,6.74,Cloudy,Day,20.2,184.8
Oil & Gas,Well Drilling,8,7,32.4,3.52,Cloudy,Night,47.7,585.9
Data Center Power,Generator Maintenance,7,9,24.3,5.82,Sunny,Night,21.2,116.7
Mining,Surface Excavation,6,6,4.8,6.35,Sunny,Day,12.4,186.9
Data Center Power,Emergency Power Deployment,7,9,13.2,9.91,Cloudy,Day,20.7,101.2
Marine & Rail,Tugboat Engine Service,6,8,51.6,10.44,Foggy,Night,11.7,245.6
Mining,Drilling,3,6,32.0,5.75,Sunny,Night,31.0,245.3
Marine & Rail,Freight Operations,6,8,30.1,4.99,Sunny,Night,25.8,269.8
Marine & Rail,Tugboat Engine Service,9,10,64.8,6.57,Foggy,Day,15.3,251.8
Oil & Gas,Pipeline Pumping,7,6,52.8,4.84,Rainy,Day,12.8,193.3
Construction,Demolition,4,8,77.5,11.99,Cloudy,Day,24.8,210.7
Marine & Rail,Locomotive Maintenance,1,5,50.1,6.46,Cloudy,Day,12.5,202.3
Mining,Hauling Ore,10,5,53.1,9.1,Rainy,Day,25.1,249.8
Oil & Gas,Well Drilling,5,5,25.6,15.33,Rainy,Day,37.9,673.1
Marine & Rail,Tugboat Engine Service,3,7,16.8,11.17,Foggy,Day,16.7,190.4
Oil & Gas,Pipeline Pumping,3,10,22.0,13.88,Sunny,Night,37.8,163.5
Mining,Drilling,5,6,32.5,3.66,Sunny,Night,-10.0,230.1
Construction,Excavation,3,4,21.8,4.59,Rainy,Night,16.0,230.2
Data Center Power,Generator Maintenance,9,8,15.3,9.58,Sunny,Day,24.3,138.7
Oil & Gas,Well Drilling,1,8,24.7,3.36,Cloudy,Day,11.0,210.0
Oil & Gas,Well Drilling,6,7,45.5,5.34,Sunny,Day,38.3,472.7
Marine & Rail,Tugboat Engine Service,4,10,36.8,7.02,Cloudy,Day,14.3,121.6
Mining,Drilling,6,6,64.5,14.87,Foggy,Day,8.1,308.4
Marine & Rail,Rail Network Inspection,5,9,58.4,6.71,Sunny,Day,13.2,159.7
Oil & Gas,Well Drilling,3,7,22.6,11.61,Cloudy,Night,14.3,349.4
Marine & Rail,Freight Operations,6,9,44.5,0.34,Foggy,Day,19.6,270.3
Oil & Gas,Well Servicing,1,5,40.8,9.57,Cloudy,Night,20.4,259.9
Marine & Rail,Freight Operations,7,10,44.0,7.39,Sunny,Night,33.6,288.1
Oil & Gas,Pipeline Pumping,2,6,32.5,3.93,Cloudy,Day,30.8,144.6
Mining,Surface Excavation,5,5,28.7,4.54,Sunny,Day,27.5,224.4
Marine & Rail,Freight Operations,4,6,12.4,12.55,Sunny,Day,14.5,214.5
Construction,Site Preparation,6,8,31.1,9.55,Sunny,Day,23.9,186.8
Mining,Drilling,5,9,52.4,5.82,Rainy,Day,33.2,243.2
Mining,Drilling,5,8,14.7,11.21,Sunny,Night,22.6,242.6
Oil & Gas,Pipeline Pumping,6,8,41.1,3.54,Cloudy,Day,27.2,176.0
Oil & Gas,Pipeline Pumping,5,7,26.5,2.4,Rainy,Day,40.5,178.4
Mining,Aggregate Collection,8,8,41.0,3.25,Sunny,Day,-10.0,84.3
Data Center Power,Cooling System Inspection,2,6,52.8,2.57,Sunny,Day,23.9,58.0
Construction,Foundation Work,2,9,43.5,11.36,Sunny,Day,6.7,145.9
Mining,Hauling Ore,5,9,35.0,16.31,Sunny,Day,7.5,113.1
Mining,Drilling,4,8,29.2,8.16,Sunny,Day,3.8,173.1
Mining,Drilling,5,5,27.4,8.04,Rainy,Day,0.4,268.9
Construction,Foundation Work,9,6,23.2,8.49,Foggy,Day,31.7,388.5
Oil & Gas,Pipeline Pumping,8,7,33.2,5.18,Cloudy,Night,48.0,259.8
Construction,Site Preparation,7,9,43.3,4.03,Sunny,Day,27.7,186.4
Mining,Hauling Ore,4,4,60.7,3.55,Rainy,Day,8.9,132.3
Construction,Material Loading,8,9,46.5,7.32,Sunny,Night,2.6,87.2
Construction,Foundation Work,8,8,61.5,3.29,Rainy,Night,18.0,352.7
Oil & Gas,Pipeline Pumping,5,7,21.2,5.2,Sunny,Day,40.9,182.0
Construction,Excavation,7,7,58.5,3.27,Rainy,Day,29.3,289.0
Marine & Rail,Locomotive Maintenance,5,7,20.6,10.53,Rainy,Night,27.2,294.4
Oil & Gas,Well Servicing,8,4,12.4,3.06,Cloudy,Day,37.8,446.7
Marine & Rail,Tugboat Engine Service,10,8,8.8,10.06,Rainy,Day,9.6,215.7
Oil & Gas,Gas Compression Service,8,9,91.8,5.98,Sunny,Day,38.2,285.2
Data Center Power,Cooling System Inspection,6,9,31.5,2.09,Cloudy,Day,22.3,65.1
Mining,Aggregate Collection,8,9,52.1,8.61,Rainy,Day,-2.5,99.6
Mining,Aggregate Collection,7,5,7.6,7.87,Sunny,Day,20.5,86.8
Construction,Foundation Work,3,8,38.6,5.62,Sunny,Day,-4.2,165.2
Construction,Demolition,6,5,28.0,2.49,Cloudy,Day,32.1,264.2
Oil & Gas,Well Drilling,4,7,10.0,5.05,Sunny,Night,14.1,336.2
Oil & Gas,Well Servicing,3,7,30.5,5.81,Sunny,Night,31.6,262.4
Marine & Rail,Tugboat Engine Service,8,9,67.3,7.9,Foggy,Day,11.2,255.0
Marine & Rail,Tugboat Engine Service,6,10,26.9,11.51,Foggy,Day,15.3,181.7
Oil & Gas,Gas Compression Service,5,8,30.7,2.35,Sunny,Night,19.7,185.9
Data Center Power,Generator Maintenance,7,5,47.1,8.67,Cloudy,Day,20.7,170.3
Oil & Gas,Well Servicing,4,8,27.2,7.93,Cloudy,Night,21.7,241.4
Data Center Power,Cooling System Inspection,8,6,47.5,3.84,Sunny,Night,24.3,103.5
Mining,Surface Excavation,3,9,30.2,8.32,Sunny,Night,13.8,138.5
Oil & Gas,Pipeline Pumping,4,7,40.6,5.52,Rainy,Day,42.5,184.6
Marine & Rail,Rail Network Inspection,2,9,55.6,4.44,Sunny,Night,8.4,128.1
Marine & Rail,Freight Operations,1,8,30.1,16.81,Cloudy,Day,11.1,159.2
Construction,Excavation,7,7,27.5,4.01,Rainy,Day,22.6,238.5
Mining,Aggregate Collection,7,5,43.8,8.77,Sunny,Night,19.6,106.4
Oil & Gas,Well Servicing,3,8,48.2,8.76,Sunny,Night,23.5,233.3
Marine & Rail,Rail Network Inspection,9,7,52.8,6.1,Rainy,Day,20.0,302.8
Construction,Excavation,2,7,36.7,6.92,Cloudy,Night,26.6,180.8
Mining,Drilling,8,7,28.8,5.93,Cloudy,Night,29.9,341.9
Data Center Power,Emergency Power Deployment,4,8,84.1,11.35,Sunny,Night,14.5,107.8
Mining,Hauling Ore,1,4,61.7,9.72,Sunny,Day,12.1,97.4
Data Center Power,Cooling System Inspection,9,7,50.4,10.59,Cloudy,Day,21.3,107.2
Mining,Surface Excavation,4,8,39.1,6.29,Cloudy,Day,16.4,153.7
Mining,Drilling,7,4,50.1,9.82,Sunny,Day,23.3,376.1
Data Center Power,Backup Generator Testing,4,8,66.0,4.76,Rainy,Day,18.2,67.7
Construction,Road Building,5,8,63.3,5.64,Rainy,Night,28.6,335.5
Construction,Excavation,3,7,12.5,10.84,Rainy,Day,23.4,193.4
Construction,Excavation,8,9,25.1,10.53,Cloudy,Day,23.5,218.3
Construction,Road Building,5,8,56.6,3.63,Rainy,Day,18.6,275.6
Construction,Foundation Work,5,8,32.1,0.71,Rainy,Night,16.3,234.3
Data Center Power,Generator Maintenance,8,6,17.2,0.55,Rainy,Day,20.3,137.1
Oil & Gas,Pipeline Pumping,3,6,32.3,1.73,Rainy,Night,47.9,177.5
Marine & Rail,Freight Operations,1,8,30.0,11.6,Rainy,Night,27.9,218.8
Marine & Rail,Rail Network Inspection,9,7,55.9,4.12,Sunny,Day,22.0,268.3
Data Center Power,Generator Maintenance,10,8,39.9,4.79,Sunny,Night,20.0,159.6
Construction,Foundation Work,1,9,28.7,2.5,Sunny,Day,24.4,139.5
Mining,Drilling,6,9,21.7,2.01,Sunny,Day,6.5,162.2
Oil & Gas,Well Drilling,3,7,35.6,16.24,Cloudy,Night,28.2,431.8
Marine & Rail,Rail Network Inspection,5,9,30.4,12.97,Sunny,Day,26.7,171.7
Construction,Demolition,8,6,31.8,4.21,Cloudy,Night,22.7,299.8
Oil & Gas,Pipeline Pumping,6,9,50.5,3.31,Cloudy,Day,21.2,160.5
Construction,Material Loading,3,6,17.2,13.84,Cloudy,Night,26.7,78.9
Data Center Power,Cooling System Inspection,5,8,21.8,0.33,Sunny,Day,21.4,60.1
Oil & Gas,Well Drilling,4,8,58.1,6.5,Sunny,Night,39.2,419.7
Mining,Aggregate Collection,5,7,12.7,3.91,Rainy,Day,15.1,78.3
Oil & Gas,Well Servicing,6,6,41.9,14.26,Rainy,Day,48.0,467.8
Oil & Gas,Pipeline Pumping,7,9,21.1,6.36,Sunny,Day,13.9,159.4
Oil & Gas,Well Servicing,10,8,19.6,5.98,Cloudy,Day,28.0,351.3
Construction,Excavation,6,8,32.6,4.93,Sunny,Day,26.7,193.2
Marine & Rail,Freight Operations,8,7,53.5,13.43,Sunny,Day,2.4,290.6
Oil & Gas,Gas Compression Service,8,8,67.8,3.2,Sunny,Day,37.7,292.4
Data Center Power,Backup Generator Testing,4,7,26.1,0.66,Cloudy,Night,22.4,71.3
Data Center Power,Cooling System Inspection,3,6,19.7,3.96,Sunny,Night,23.7,64.0
Marine & Rail,Rail Network Inspection,7,8,34.5,5.15,Sunny,Day,26.3,206.1
Construction,Foundation Work,4,9,81.0,1.95,Rainy,Day,28.9,230.9
Oil & Gas,Pipeline Pumping,4,6,20.8,12.8,Rainy,Day,11.1,158.0
Mining,Drilling,2,5,30.6,2.83,Sunny,Night,5.1,189.9
Mining,Drilling,5,8,7.7,7.07,Sunny,Night,15.0,204.4
Marine & Rail,Tugboat Engine Service,4,8,20.6,5.04,Cloudy,Day,17.4,150.5
Marine & Rail,Locomotive Maintenance,5,4,50.5,3.98,Sunny,Night,16.6,317.7
Oil & Gas,Well Drilling,7,7,46.2,5.51,Cloudy,Day,26.1,483.0
Marine & Rail,Rail Network Inspection,5,10,14.7,10.38,Cloudy,Night,22.2,164.6
Construction,Excavation,4,7,84.1,1.43,Cloudy,Night,14.8,186.8
Marine & Rail,Locomotive Maintenance,6,10,28.0,10.84,Foggy,Day,15.2,204.1
Mining,Hauling Ore,3,8,50.6,1.16,Rainy,Night,28.3,117.1
Construction,Foundation Work,10,7,30.3,1.94,Cloudy,Day,35.2,393.8
Mining,Hauling Ore,8,6,31.3,9.61,Sunny,Day,24.6,164.5
Mining,Aggregate Collection,6,6,52.4,8.24,Rainy,Night,33.6,122.3
Mining,Hauling Ore,5,8,55.0,1.88,Sunny,Day,23.7,110.8
Mining,Drilling,6,9,67.4,6.4,Sunny,Night,42.0,277.8
Marine & Rail,Tugboat Engine Service,3,8,40.4,6.02,Foggy,Day,6.3,156.6
Construction,Excavation,9,9,36.3,5.34,Sunny,Day,11.6,204.8
Construction,Site Preparation,9,6,45.9,9.81,Sunny,Day,17.3,250.3
Data Center Power,Generator Maintenance,5,9,39.5,2.34,Rainy,Day,26.8,94.4
Construction,Site Preparation,7,9,57.5,7.38,Foggy,Night,18.7,216.5
Oil & Gas,Well Servicing,4,9,14.0,4.49,Sunny,Day,36.5,212.0
Construction,Foundation Work,4,8,51.4,5.28,Sunny,Day,29.1,217.4
Mining,Aggregate Collection,4,6,22.3,11.64,Rainy,Day,33.2,92.6
Mining,Surface Excavation,4,9,32.2,4.97,Rainy,Day,12.8,147.1
Marine & Rail,Tugboat Engine Service,2,8,26.1,4.0,Sunny,Night,7.9,125.0
Construction,Foundation Work,7,6,25.7,6.18,Cloudy,Day,24.2,310.0
Data Center Power,Backup Generator Testing,4,9,49.9,3.4,Sunny,Day,16.2,59.6
Oil & Gas,Well Drilling,6,7,76.5,10.63,Rainy,Day,7.9,491.4
Mining,Drilling,2,9,7.7,6.11,Sunny,Day,12.5,132.0
Oil & Gas,Well Servicing,6,6,43.5,9.02,Rainy,Day,17.7,367.8
Data Center Power,Cooling System Inspection,8,9,32.5,5.11,Cloudy,Day,14.8,78.7
Mining,Aggregate Collection,3,7,14.2,9.48,Cloudy,Day,33.5,72.4
Construction,Road Building,4,6,74.4,4.83,Foggy,Day,15.8,284.4
Mining,Surface Excavation,3,7,40.4,2.64,Cloudy,Day,21.3,152.5
Oil & Gas,Well Servicing,8,6,71.1,1.91,Sunny,Day,32.3,418.3
Marine & Rail,Freight Operations,6,8,12.6,1.38,Cloudy,Night,27.4,264.0
Marine & Rail,Tugboat Engine Service,4,7,22.5,8.28,Sunny,Day,20.5,174.0
Oil & Gas,Pipeline Pumping,8,9,53.6,7.25,Cloudy,Night,28.1,240.3
Oil & Gas,Gas Compression Service,3,6,23.0,16.53,Cloudy,Day,10.0,193.0
Data Center Power,Cooling System Inspection,8,8,30.6,4.84,Sunny,Day,17.2,78.9
Construction,Material Loading,1,6,33.1,4.87,Sunny,Day,29.6,53.6
Construction,Material Loading,7,7,60.2,10.97,Cloudy,Day,24.9,100.2
Oil & Gas,Gas Compression Service,5,9,31.4,9.29,Sunny,Night,26.9,196.1
Mining,Aggregate Collection,9,7,35.8,4.86,Rainy,Day,-10.0,104.0
Data Center Power,Backup Generator Testing,6,8,44.5,5.0,Sunny,Day,21.2,77.0
Oil & Gas,Gas Compression Service,5,8,57.8,2.27,Sunny,Day,5.4,160.4
Oil & Gas,Pipeline Pumping,1,7,31.4,2.44,Cloudy,Night,8.6,111.0
Construction,Foundation Work,3,9,38.8,3.57,Foggy,Day,10.5,155.4
Marine & Rail,Locomotive Maintenance,6,7,51.3,3.71,Sunny,Night,12.8,263.0
Mining,Surface Excavation,6,9,48.2,1.55,Sunny,Day,-2.4,136.5
Mining,Drilling,6,9,10.1,10.4,Rainy,Day,11.5,212.9
Mining,Hauling Ore,4,6,17.0,2.23,Cloudy,Night,40.1,134.2
Construction,Demolition,9,9,32.2,6.83,Sunny,Day,27.9,238.3
Construction,Road Building,4,8,24.2,10.3,Cloudy,Night,11.4,243.0
Construction,Excavation,6,7,58.5,3.1,Cloudy,Night,13.3,213.2
Marine & Rail,Freight Operations,7,7,15.6,9.89,Cloudy,Night,19.7,294.2
Construction,Demolition,4,7,54.5,6.42,Sunny,Day,21.4,199.2
Mining,Drilling,6,7,48.4,3.28,Sunny,Day,21.8,242.2
Mining,Aggregate Collection,3,7,51.9,5.72,Rainy,Night,19.0,78.5
Marine & Rail,Tugboat Engine Service,6,5,20.8,5.16,Rainy,Night,23.1,251.7
Mining,Aggregate Collection,8,9,54.1,6.63,Sunny,Day,3.2,83.3
Construction,Excavation,8,7,26.6,5.39,Sunny,Night,20.1,240.6
Oil & Gas,Well Servicing,2,9,36.4,9.2,Cloudy,Day,48.0,206.2
Construction,Excavation,6,7,40.5,4.09,Sunny,Night,20.6,218.7
Data Center Power,Backup Generator Testing,4,5,13.7,3.76,Sunny,Day,17.6,66.5
Oil & Gas,Well Servicing,5,9,22.5,11.89,Sunny,Night,42.5,279.9
Data Center Power,Cooling System Inspection,5,6,11.9,1.4,Sunny,Day,20.1,63.9
Data Center Power,Backup Generator Testing,4,5,5.6,10.22,Rainy,Day,24.4,74.0
Construction,Site Preparation,2,8,55.0,8.38,Sunny,Night,40.0,175.7
Construction,Foundation Work,4,9,23.1,1.8,Sunny,Day,16.3,162.6
Data Center Power,Backup Generator Testing,4,8,16.2,6.97,Rainy,Day,22.3,65.3
Oil & Gas,Well Servicing,4,8,71.0,3.99,Sunny,Day,26.0,231.7
Mining,Hauling Ore,5,9,60.2,1.31,Rainy,Day,14.0,115.0
Data Center Power,Backup Generator Testing,6,4,47.2,8.68,Rainy,Night,18.6,101.2
Oil & Gas,Gas Compression Service,9,8,31.2,10.65,Sunny,Day,22.8,266.6
Construction,Material Loading,5,4,8.8,4.97,Sunny,Day,9.4,68.7
Oil & Gas,Gas Compression Service,6,7,52.2,3.72,Sunny,Night,36.0,267.4
Mining,Drilling,1,6,66.7,3.43,Sunny,Day,24.1,188.2
Mining,Surface Excavation,1,8,49.2,10.54,Sunny,Day,13.1,123.7
Construction,Road Building,4,8,25.6,5.75,Cloudy,Day,12.8,215.0
Oil & Gas,Well Servicing,8,9,60.0,15.11,Sunny,Day,8.6,305.2
Mining,Surface Excavation,6,5,32.1,7.62,Rainy,Night,18.2,290.1
Construction,Site Preparation,9,9,48.6,6.99,Sunny,Night,19.5,237.1
Mining,Drilling,8,5,32.5,4.33,Foggy,Night,9.0,354.7
Mining,Surface Excavation,4,9,11.9,5.17,Rainy,Night,32.5,181.2
Mining,Surface Excavation,7,7,21.2,1.92,Rainy,Day,24.1,230.8
Construction,Excavation,5,8,34.5,4.3,Sunny,Day,11.2,153.0
Construction,Excavation,5,8,46.5,1.62,Cloudy,Day,22.7,166.2
Mining,Drilling,5,8,12.8,5.28,Sunny,Day,34.4,223.1
Construction,Site Preparation,4,3,11.6,5.46,Sunny,Night,11.9,174.2
Mining,Drilling,8,9,44.2,4.61,Rainy,Day,22.3,286.4
Mining,Drilling,6,7,35.0,6.15,Cloudy,Day,21.3,256.2
Mining,Surface Excavation,7,6,12.1,1.46,Sunny,Night,26.6,230.2
Mining,Drilling,9,8,38.4,3.99,Cloudy,Night,34.7,348.3
Oil & Gas,Pipeline Pumping,8,7,48.1,1.95,Sunny,Night,33.8,240.1
Marine & Rail,Locomotive Maintenance,10,10,52.1,10.18,Cloudy,Day,24.1,318.2
Data Center Power,Emergency Power Deployment,7,9,22.3,6.2,Rainy,Day,19.3,101.1
Mining,Hauling Ore,2,7,51.0,3.54,Sunny,Day,25.2,92.3
Mining,Drilling,6,8,7.0,6.2,Sunny,Night,15.6,213.6
Marine & Rail,Tugboat Engine Service,6,7,8.1,3.71,Cloudy,Night,22.5,201.3
Construction,Demolition,7,9,36.1,0.35,Sunny,Day,16.1,167.7
Marine & Rail,Tugboat Engine Service,5,9,45.7,11.31,Cloudy,Day,6.8,151.1
Construction,Demolition,2,8,16.5,11.65,Rainy,Night,16.1,182.1
Construction,Excavation,6,8,26.7,14.36,Cloudy,Day,13.3,198.4
Data Center Power,Generator Maintenance,3,4,31.2,8.01,Sunny,Day,17.6,122.2
Data Center Power,Backup Generator Testing,3,10,15.9,1.23,Sunny,Night,24.7,54.7
Construction,Material Loading,7,6,26.5,7.23,Sunny,Day,17.9,84.4
Construction,Demolition,4,10,19.4,14.61,Foggy,Day,17.4,148.6
Oil & Gas,Pipeline Pumping,5,9,33.3,10.65,Sunny,Night,23.8,170.2
Construction,Road Building,10,7,27.4,13.53,Sunny,Night,19.0,460.6
Construction,Road Building,7,8,5.3,12.62,Cloudy,Night,32.1,347.9
Marine & Rail,Locomotive Maintenance,7,6,33.1,10.21,Foggy,Night,7.5,329.6
Construction,Material Loading,5,8,27.8,8.79,Rainy,Night,31.8,96.3
Marine & Rail,Tugboat Engine Service,4,8,55.4,10.12,Sunny,Night,17.4,182.4
Construction,Demolition,4,7,48.1,7.55,Sunny,Day,10.7,179.7
Data Center Power,Emergency Power Deployment,6,6,33.3,8.79,Rainy,Day,17.7,123.4
Data Center Power,Emergency Power Deployment,6,7,14.6,10.46,Sunny,Day,18.1,108.4
Mining,Surface Excavation,3,6,69.7,6.77,Sunny,Day,19.6,188.6
Mining,Drilling,10,9,32.3,12.91,Sunny,Day,4.2,268.2
Construction,Site Preparation,5,9,19.9,5.53,Cloudy,Day,8.3,138.5
Mining,Drilling,6,9,31.1,12.2,Sunny,Day,26.0,227.2
Marine & Rail,Tugboat Engine Service,1,10,73.7,9.91,Sunny,Day,27.6,114.5
Mining,Aggregate Collection,10,6,8.9,5.19,Sunny,Day,20.2,98.7
Oil & Gas,Well Servicing,9,5,30.9,3.16,Rainy,Day,24.2,463.7
Mining,Aggregate Collection,3,7,9.0,4.98,Rainy,Day,36.9,81.5
Marine & Rail,Tugboat Engine Service,10,7,22.1,0.96,Sunny,Day,12.0,220.7
Oil & Gas,Well Servicing,6,9,13.8,4.35,Foggy,Night,23.0,250.5
Marine & Rail,Tugboat Engine Service,5,8,51.2,7.78,Sunny,Night,23.1,188.9
Data Center Power,Generator Maintenance,8,7,6.3,4.97,Sunny,Day,21.7,125.6
Data Center Power,Backup Generator Testing,5,4,66.8,2.0,Rainy,Night,22.2,93.2
Construction,Material Loading,5,7,54.5,5.74,Cloudy,Day,17.3,74.1
Data Center Power,Generator Maintenance,5,4,59.3,2.88,Sunny,Night,22.1,152.2
Mining,Surface Excavation,3,8,10.2,1.66,Cloudy,Night,32.6,156.8
Oil & Gas,Gas Compression Service,8,7,27.6,5.52,Sunny,Day,48.0,277.2
Construction,Foundation Work,9,9,28.5,3.24,Sunny,Day,11.7,238.0
Mining,Hauling Ore,7,7,56.7,6.58,Rainy,Day,17.6,163.0
Mining,Surface Excavation,4,10,7.1,14.77,Sunny,Night,10.3,129.7
Marine & Rail,Tugboat Engine Service,3,9,35.3,7.44,Sunny,Night,17.7,141.6
Construction,Road Building,2,9,58.8,5.43,Sunny,Night,6.8,171.5
Oil & Gas,Well Drilling,4,8,48.9,4.41,Cloudy,Night,11.5,327.7
Marine & Rail,Freight Operations,8,8,14.0,7.46,Cloudy,Night,15.6,285.2
Mining,Hauling Ore,5,6,10.9,8.56,Sunny,Day,24.5,125.8
Oil & Gas,Well Servicing,3,8,40.3,1.61,Sunny,Day,8.3,176.7
Construction,Road Building,8,6,34.0,3.87,Sunny,Day,38.5,413.4
Oil & Gas,Well Servicing,5,8,11.8,11.13,Cloudy,Day,35.7,282.5
Oil & Gas,Pipeline Pumping,7,4,9.5,4.99,Sunny,Night,24.8,222.2
Mining,Hauling Ore,4,7,49.8,11.83,Cloudy,Day,15.4,116.6
Data Center Power,Cooling System Inspection,7,6,33.7,4.2,Cloudy,Night,22.5,91.1
Mining,Drilling,7,6,21.9,4.34,Foggy,Night,7.6,297.1
Oil & Gas,Pipeline Pumping,6,5,35.7,6.67,Sunny,Day,36.8,216.9
Mining,Surface Excavation,6,8,34.2,4.48,Cloudy,Night,36.6,227.9
Mining,Hauling Ore,4,8,26.2,3.76,Rainy,Day,11.4,100.1
Marine & Rail,Tugboat Engine Service,10,9,37.3,4.87,Foggy,Night,24.1,314.4
Data Center Power,Cooling System Inspection,9,7,23.6,2.05,Rainy,Night,17.4,97.0
Marine & Rail,Locomotive Maintenance,9,9,25.3,5.48,Rainy,Night,5.2,264.0
Marine & Rail,Rail Network Inspection,9,7,39.0,5.5,Cloudy,Day,26.2,255.8
Marine & Rail,Rail Network Inspection,3,4,44.3,9.57,Foggy,Day,16.7,205.8
Marine & Rail,Rail Network Inspection,4,10,16.3,4.98,Foggy,Day,5.3,145.1
Mining,Aggregate Collection,5,8,72.5,2.94,Sunny,Day,29.9,81.9
Mining,Drilling,2,5,80.0,2.81,Cloudy,Night,25.5,251.2
Construction,Road Building,4,9,2.7,3.53,Rainy,Day,10.4,199.1
Construction,Excavation,3,5,30.2,3.93,Sunny,Day,18.9,178.2
Construction,Excavation,3,8,24.6,5.09,Rainy,Night,22.5,180.6
Construction,Demolition,5,6,26.1,6.36,Cloudy,Day,34.5,242.0
Mining,Drilling,8,8,25.7,10.11,Rainy,Day,24.7,325.7
Data Center Power,Backup Generator Testing,6,9,16.3,2.18,Sunny,Day,21.4,66.5
Mining,Hauling Ore,8,6,27.9,11.81,Sunny,Day,17.8,163.9
Data Center Power,Backup Generator Testing,6,8,28.6,6.29,Sunny,Day,22.4,73.4
Mining,Surface Excavation,5,9,14.7,7.04,Rainy,Day,32.8,186.9
Construction,Foundation Work,6,8,13.5,7.95,Sunny,Day,14.8,212.2
Construction,Foundation Work,2,4,5.7,10.2,Rainy,Day,23.4,266.8
Construction,Demolition,7,6,25.7,5.77,Foggy,Night,29.9,298.9
Oil & Gas,Well Servicing,6,9,46.1,9.86,Sunny,Night,33.2,306.6
Construction,Demolition,6,9,83.2,4.27,Rainy,Day,-3.0,194.3
Oil & Gas,Gas Compression Service,6,9,48.4,2.42,Cloudy,Day,11.3,160.7
Construction,Excavation,7,6,41.6,3.16,Cloudy,Day,36.0,270.3
Mining,Drilling,9,9,21.6,2.52,Sunny,Day,9.9,203.8
Data Center Power,Cooling System Inspection,6,9,20.4,3.19,Sunny,Night,17.9,67.3
Mining,Aggregate Collection,7,10,17.4,1.38,Rainy,Day,9.3,72.4
Data Center Power,Emergency Power Deployment,3,7,14.4,3.8,Sunny,Day,19.7,81.3
Construction,Foundation Work,5,8,31.3,4.2,Cloudy,Day,25.8,216.9
Construction,Material Loading,6,6,47.0,1.54,Sunny,Day,18.5,76.1
Construction,Material Loading,7,7,29.6,10.09,Rainy,Day,12.3,93.4
Construction,Foundation Work,4,5,49.1,11.21,Sunny,Day,4.6,243.3
Construction,Road Building,7,7,38.9,9.38,Sunny,Day,23.8,339.1
Data Center Power,Emergency Power Deployment,7,5,26.4,1.99,Sunny,Day,17.8,131.5
Construction,Road Building,9,6,34.6,4.84,Cloudy,Day,27.6,427.5
Oil & Gas,Well Servicing,8,8,28.2,1.66,Sunny,Day,24.9,302.6
Mining,Drilling,6,9,48.3,9.01,Cloudy,Day,8.4,199.1
Data Center Power,Cooling System Inspection,4,9,42.1,1.62,Sunny,Night,22.3,62.0
Mining,Drilling,4,9,8.0,8.74,Cloudy,Day,24.8,181.3
Marine & Rail,Tugboat Engine Service,8,7,67.7,13.25,Cloudy,Day,11.4,266.8
Mining,Hauling Ore,6,7,17.8,6.88,Sunny,Night,16.5,127.6
Construction,Road Building,4,7,17.0,13.91,Cloudy,Day,28.8,294.6
Oil & Gas,Well Drilling,4,8,38.8,0.83,Sunny,Day,22.8,300.2
Mining,Drilling,7,7,42.9,5.48,Rainy,Day,24.5,307.7
Oil & Gas,Pipeline Pumping,7,2,41.2,4.2,Sunny,Night,20.6,248.3
Marine & Rail,Rail Network Inspection,3,9,35.6,1.41,Sunny,Night,12.1,133.8
Construction,Excavation,3,7,32.4,5.57,Cloudy,Day,29.9,179.5
Marine & Rail,Tugboat Engine Service,5,9,34.6,4.2,Cloudy,Day,24.0,150.4
Mining,Drilling,6,3,25.8,12.56,Rainy,Night,17.7,432.6
Construction,Excavation,5,7,15.4,1.65,Rainy,Day,6.3,178.7
Oil & Gas,Gas Compression Service,8,9,59.0,6.41,Sunny,Day,33.1,255.0
Construction,Excavation,6,6,26.8,4.75,Sunny,Night,21.2,227.3
Construction,Demolition,7,8,17.5,3.81,Cloudy,Day,40.0,236.5
Construction,Foundation Work,7,7,19.1,4.99,Sunny,Day,13.7,243.7
Mining,Aggregate Collection,6,5,22.2,8.26,Cloudy,Day,33.5,95.9
Construction,Material Loading,6,9,32.0,6.66,Sunny,Day,17.3,70.4
Mining,Drilling,5,8,65.6,4.95,Sunny,Day,34.1,242.6
Data Center Power,Cooling System Inspection,8,8,29.1,5.91,Rainy,Day,25.2,83.5
Mining,Aggregate Collection,4,3,33.5,6.04,Sunny,Day,7.3,75.5
Construction,Excavation,4,9,34.7,4.08,Sunny,Night,27.9,162.6
Mining,Hauling Ore,9,9,18.7,6.97,Sunny,Day,9.1,126.4
Marine & Rail,Rail Network Inspection,6,8,7.6,7.84,Foggy,Day,17.0,202.4
Construction,Foundation Work,5,5,24.3,8.78,Sunny,Day,40.0,309.4
Marine & Rail,Locomotive Maintenance,3,6,55.7,17.07,Rainy,Night,29.2,325.7
Data Center Power,Cooling System Inspection,8,5,22.9,9.6,Sunny,Day,22.8,93.7
Mining,Surface Excavation,5,7,22.5,5.0,Sunny,Night,23.0,189.6
Construction,Material Loading,5,8,23.8,0.84,Sunny,Day,23.2,62.5
Mining,Surface Excavation,8,9,69.3,4.98,Rainy,Day,16.3,233.5
Oil & Gas,Well Drilling,5,7,47.0,5.48,Sunny,Day,27.6,397.8
Data Center Power,Cooling System Inspection,3,7,40.1,5.16,Cloudy,Day,23.2,60.3
Mining,Hauling Ore,3,7,14.5,11.42,Sunny,Day,-9.0,91.6
Oil & Gas,Pipeline Pumping,4,8,74.0,10.19,Sunny,Day,8.3,150.7
Data Center Power,Emergency Power Deployment,5,7,57.3,2.72,Foggy,Day,17.8,104.5
Marine & Rail,Locomotive Maintenance,3,6,18.5,14.36,Sunny,Night,22.3,264.3
Construction,Excavation,5,6,14.8,1.3,Sunny,Day,20.7,183.6
Marine & Rail,Rail Network Inspection,2,7,55.9,2.89,Cloudy,Day,22.0,145.0
Oil & Gas,Pipeline Pumping,9,7,11.4,5.61,Sunny,Night,28.6,231.0
Oil & Gas,Well Servicing,8,8,77.5,12.11,Cloudy,Day,45.1,438.1
Mining,Drilling,1,9,29.6,11.62,Sunny,Day,17.5,138.2
Mining,Drilling,7,8,37.4,2.59,Rainy,Night,21.2,292.5
Construction,Foundation Work,6,7,65.8,4.41,Cloudy,Day,19.1,268.1
Mining,Drilling,5,6,6.0,5.74,Sunny,Day,25.1,245.5
Data Center Power,Emergency Power Deployment,10,8,10.5,4.98,Rainy,Day,20.6,128.4
Oil & Gas,Well Drilling,5,5,43.2,3.32,Cloudy,Day,38.4,503.0
Oil & Gas,Well Servicing,6,7,52.4,4.06,Rainy,Day,18.2,316.3
Marine & Rail,Locomotive Maintenance,6,7,22.1,13.78,Sunny,Day,-1.8,245.7
Oil & Gas,Well Servicing,4,9,31.7,9.25,Foggy,Night,15.6,216.3
Construction,Excavation,4,6,9.6,6.24,Sunny,Day,28.7,195.7
Data Center Power,Emergency Power Deployment,6,8,39.6,3.65,Cloudy,Day,25.2,101.9
Construction,Material Loading,4,9,19.7,2.18,Sunny,Day,9.5,50.2
Mining,Drilling,9,9,60.0,6.97,Sunny,Day,23.9,304.3
Data Center Power,Cooling System Inspection,3,8,25.3,4.45,Foggy,Day,18.1,57.8
Oil & Gas,Gas Compression Service,7,7,32.0,2.35,Rainy,Night,25.3,248.0
Data Center Power,Cooling System Inspection,5,9,9.3,9.62,Sunny,Night,19.1,64.5
Marine & Rail,Tugboat Engine Service,3,7,33.6,7.8,Sunny,Night,-0.2,151.8
Data Center Power,Cooling System Inspection,4,7,47.7,3.36,Cloudy,Day,22.0,63.0
Mining,Aggregate Collection,4,6,36.4,12.68,Sunny,Day,8.1,70.0
Marine & Rail,Freight Operations,2,9,27.2,11.06,Sunny,Day,18.6,171.7
Data Center Power,Backup Generator Testing,4,8,44.4,7.6,Cloudy,Day,23.7,67.7
Mining,Surface Excavation,5,6,60.5,6.74,Cloudy,Day,26.4,225.1
Data Center Power,Emergency Power Deployment,6,8,28.6,5.55,Sunny,Day,23.1,95.7
Construction,Road Building,5,7,17.3,6.74,Sunny,Day,19.2,253.6
Data Center Power,Emergency Power Deployment,3,4,59.4,3.42,Sunny,Day,20.7,110.7
Construction,Material Loading,10,8,24.1,6.96,Cloudy,Night,19.3,104.7
Construction,Excavation,5,7,12.9,7.68,Cloudy,Day,13.4,175.6
Oil & Gas,Well Servicing,6,9,34.0,9.32,Sunny,Day,38.2,278.0
Mining,Drilling,3,7,36.6,9.78,Cloudy,Day,10.6,193.6
Construction,Foundation Work,4,8,26.8,7.99,Foggy,Day,19.5,209.4
Construction,Material Loading,8,8,49.3,2.75,Rainy,Day,20.3,100.2
Data Center Power,Emergency Power Deployment,5,4,21.4,4.95,Rainy,Day,23.9,133.4
Marine & Rail,Tugboat Engine Service,4,8,60.8,1.53,Sunny,Day,7.6,134.7
Construction,Foundation Work,7,5,46.4,6.4,Cloudy,Night,22.0,369.4
Construction,Material Loading,6,8,52.0,11.65,Sunny,Day,20.4,80.8
Oil & Gas,Well Servicing,2,5,16.4,3.9,Rainy,Night,28.4,294.8
Oil & Gas,Gas Compression Service,6,8,57.5,8.75,Cloudy,Day,20.5,211.9
Mining,Drilling,5,6,37.2,6.36,Sunny,Day,22.1,252.1
Oil & Gas,Well Servicing,3,7,31.1,1.78,Sunny,Day,17.1,203.4
Mining,Surface Excavation,3,7,48.8,11.32,Rainy,Day,31.1,213.8
Construction,Foundation Work,5,6,57.9,3.26,Rainy,Day,26.1,308.2
Construction,Material Loading,5,7,29.4,6.56,Sunny,Night,6.6,67.7
Data Center Power,Cooling System Inspection,5,7,47.1,4.55,Sunny,Day,15.8,67.9
Mining,Surface Excavation,7,4,15.6,0.51,Cloudy,Day,21.4,242.3
Data Center Power,Generator Maintenance,6,8,80.0,1.16,Sunny,Day,22.7,116.4
Marine & Rail,Rail Network Inspection,6,8,26.0,14.03,Rainy,Night,38.0,264.1
Oil & Gas,Gas Compression Service,5,10,57.2,4.19,Sunny,Night,38.3,189.4
Oil & Gas,Gas Compression Service,4,7,59.8,13.32,Sunny,Day,25.0,224.4
Marine & Rail,Locomotive Maintenance,6,6,71.1,3.86,Rainy,Day,21.1,300.3
Construction,Foundation Work,4,10,62.9,5.78,Sunny,Day,28.9,178.1
Marine & Rail,Freight Operations,8,8,10.9,6.28,Cloudy,Day,15.1,257.5
Data Center Power,Generator Maintenance,6,3,28.0,5.75,Sunny,Day,23.2,165.4
Data Center Power,Backup Generator Testing,8,7,21.2,9.16,Cloudy,Day,25.8,93.4
Construction,Excavation,7,5,32.9,4.97,Sunny,Day,18.1,251.2
Data Center Power,Emergency Power Deployment,7,7,55.3,1.41,Sunny,Day,25.2,121.8
Mining,Drilling,9,8,51.5,4.63,Sunny,Day,-3.0,265.5
Mining,Surface Excavation,9,7,16.5,9.39,Sunny,Day,14.4,233.0
Mining,Hauling Ore,8,8,28.7,11.49,Rainy,Night,21.2,182.2
Construction,Foundation Work,1,6,39.3,4.03,Sunny,Day,24.9,186.8
Data Center Power,Cooling System Inspection,9,5,57.6,7.06,Rainy,Day,23.7,118.7
Mining,Drilling,5,7,59.5,2.54,Rainy,Night,13.4,262.2
Mining,Hauling Ore,7,8,41.7,3.44,Rainy,Night,20.2,160.2
Construction,Excavation,3,6,42.0,9.32,Foggy,Day,18.0,195.3
Oil & Gas,Pipeline Pumping,7,6,49.7,6.72,Cloudy,Night,26.1,244.4
Oil & Gas,Well Servicing,5,6,23.9,4.49,Sunny,Day,25.8,278.6
Mining,Surface Excavation,6,8,34.4,7.36,Rainy,Day,13.3,198.2
Construction,Road Building,6,6,74.8,1.53,Rainy,Day,18.0,356.4
Construction,Material Loading,9,9,59.7,5.31,Sunny,Day,11.2,90.2
Construction,Foundation Work,5,9,24.1,5.22,Sunny,Day,29.7,202.4
Marine & Rail,Freight Operations,9,10,39.9,1.43,Sunny,Day,0.7,244.9
Mining,Aggregate Collection,7,8,35.5,5.86,Sunny,Day,27.3,89.1
Data Center Power,Generator Maintenance,6,9,19.1,4.66,Sunny,Night,19.1,100.4
Data Center Power,Generator Maintenance,5,9,70.7,8.5,Sunny,Day,21.0,102.8
Mining,Aggregate Collection,8,8,58.7,3.84,Foggy,Day,9.0,96.7
Data Center Power,Backup Generator Testing,4,5,37.5,5.28,Cloudy,Day,19.4,73.3
Mining,Drilling,6,8,29.9,14.02,Rainy,Night,7.6,274.3
Construction,Demolition,8,9,25.4,10.49,Cloudy,Day,16.0,217.1
Mining,Drilling,6,5,65.7,9.32,Sunny,Night,36.5,396.2
Construction,Demolition,5,5,10.2,10.73,Sunny,Day,9.8,225.2
Oil & Gas,Gas Compression Service,2,7,21.0,9.78,Sunny,Day,12.4,148.3
Mining,Surface Excavation,4,8,37.7,7.93,Foggy,Night,19.4,185.7
Data Center Power,Generator Maintenance,2,9,21.9,1.03,Sunny,Night,23.2,73.1
Construction,Site Preparation,5,8,65.0,1.64,Rainy,Night,24.0,198.4
Data Center Power,Emergency Power Deployment,6,6,76.6,4.94,Sunny,Day,21.7,131.1
Marine & Rail,Rail Network Inspection,4,8,27.5,3.78,Rainy,Night,8.2,172.4
Oil & Gas,Pipeline Pumping,3,8,48.1,9.98,Sunny,Day,45.3,166.6
Oil & Gas,Pipeline Pumping,5,8,10.7,7.37,Foggy,Day,29.4,166.9
Construction,Road Building,3,9,28.4,4.28,Sunny,Day,17.6,171.1
Oil & Gas,Well Servicing,10,9,22.6,9.56,Cloudy,Night,14.2,324.4
Mining,Drilling,7,4,18.2,5.8,Cloudy,Night,11.4,322.5
Oil & Gas,Pipeline Pumping,9,7,73.7,18.19,Sunny,Day,25.7,318.3
Mining,Drilling,5,6,58.1,1.96,Foggy,Day,1.1,226.2
Construction,Foundation Work,9,8,19.9,7.1,Sunny,Day,10.0,258.9
Construction,Road Building,5,9,29.5,8.91,Sunny,Night,31.7,258.5
Construction,Site Preparation,5,8,71.6,8.1,Sunny,Day,36.3,206.5
Construction,Demolition,1,7,34.7,9.41,Cloudy,Night,29.3,180.3
Oil & Gas,Pipeline Pumping,3,9,31.7,12.63,Sunny,Day,23.4,138.6
Construction,Foundation Work,4,7,58.7,7.18,Sunny,Day,13.1,218.4
Mining,Aggregate Collection,1,8,72.3,7.84,Sunny,Day,10.0,52.7
Marine & Rail,Tugboat Engine Service,5,9,12.5,5.0,Sunny,Day,24.7,146.0
Oil & Gas,Gas Compression Service,9,6,42.6,10.06,Rainy,Night,24.7,379.7
Marine & Rail,Rail Network Inspection,7,4,18.0,9.83,Foggy,Night,28.5,312.8
Construction,Material Loading,5,8,23.8,2.02,Cloudy,Day,19.6,64.5
Mining,Aggregate Collection,6,7,16.1,8.94,Cloudy,Day,20.7,81.6
Construction,Foundation Work,7,9,74.8,1.47,Rainy,Day,13.0,269.0
Mining,Drilling,4,7,30.5,1.06,Sunny,Day,0.6,170.9
Marine & Rail,Locomotive Maintenance,8,8,50.1,2.19,Foggy,Night,9.1,293.0
Marine & Rail,Locomotive Maintenance,8,10,28.0,10.79,Foggy,Day,29.5,268.6
Oil & Gas,Pipeline Pumping,7,7,70.0,3.11,Sunny,Day,41.6,234.3
Data Center Power,Emergency Power Deployment,9,6,52.3,2.07,Rainy,Night,21.7,174.7
Marine & Rail,Freight Operations,2,8,11.7,11.45,Sunny,Day,20.4,173.6
Construction,Site Preparation,5,8,15.8,7.72,Rainy,Night,24.5,203.2
Marine & Rail,Tugboat Engine Service,5,7,57.3,1.15,Sunny,Day,15.9,173.6
Mining,Aggregate Collection,6,7,25.9,8.06,Sunny,Night,21.4,86.3
Marine & Rail,Tugboat Engine Service,8,10,13.5,11.0,Foggy,Day,7.9,190.7
Construction,Demolition,2,9,43.2,12.1,Sunny,Day,19.4,137.3
Mining,Hauling Ore,3,6,37.1,10.5,Cloudy,Day,20.1,112.6
Construction,Foundation Work,4,7,32.6,5.52,Foggy,Night,26.9,248.6
Marine & Rail,Locomotive Maintenance,6,4,36.2,5.71,Sunny,Night,7.5,321.0
Mining,Drilling,5,6,39.1,9.3,Cloudy,Night,16.4,274.2
Oil & Gas,Well Servicing,8,8,9.2,7.99,Sunny,Day,41.7,335.5
Data Center Power,Emergency Power Deployment,6,8,54.8,5.78,Foggy,Day,20.3,111.0
Oil & Gas,Well Drilling,5,7,25.1,6.42,Cloudy,Night,10.9,384.1
Marine & Rail,Locomotive Maintenance,5,7,30.9,11.65,Rainy,Day,10.5,243.0
Oil & Gas,Well Servicing,2,6,39.2,7.21,Rainy,Night,46.7,330.4
Marine & Rail,Tugboat Engine Service,7,8,15.3,11.31,Sunny,Day,24.4,203.6
Marine & Rail,Tugboat Engine Service,5,8,3.7,9.66,Cloudy,Day,15.3,162.2
Construction,Demolition,8,7,41.2,2.09,Sunny,Night,24.2,282.7
Oil & Gas,Gas Compression Service,7,10,52.8,2.01,Rainy,Day,20.3,173.9
Construction,Road Building,3,6,38.7,2.73,Sunny,Day,10.6,229.1
Oil & Gas,Pipeline Pumping,7,8,21.6,4.92,Cloudy,Day,47.4,203.5
Mining,Drilling,3,9,59.2,8.84,Rainy,Day,22.9,199.1
Data Center Power,Emergency Power Deployment,6,9,16.1,1.5,Rainy,Day,18.9,84.6
Construction,Demolition,4,7,11.8,5.9,Rainy,Day,20.4,210.5
Mining,Drilling,5,8,46.9,3.47,Rainy,Day,0.2,207.4
Construction,Road Building,5,4,25.5,11.02,Cloudy,Night,30.7,410.7
Marine & Rail,Rail Network Inspection,3,8,22.2,4.22,Cloudy,Night,10.7,140.9
Mining,Hauling Ore,7,6,13.4,7.41,Rainy,Day,23.9,163.2
Data Center Power,Cooling System Inspection,10,8,69.3,1.27,Sunny,Day,17.3,107.1
Marine & Rail,Tugboat Engine Service,8,8,44.5,9.66,Rainy,Night,13.2,251.2
Marine & Rail,Tugboat Engine Service,5,8,58.5,2.36,Foggy,Day,2.3,176.0
Mining,Surface Excavation,6,7,64.0,11.47,Sunny,Day,25.4,237.3
Marine & Rail,Locomotive Maintenance,6,8,25.4,15.59,Foggy,Day,16.4,263.6
Mining,Drilling,8,7,55.2,8.57,Rainy,Day,24.6,379.5
Construction,Foundation Work,9,8,34.2,3.51,Foggy,Day,12.3,284.8
Construction,Foundation Work,4,6,6.3,2.17,Rainy,Day,30.9,268.7
Data Center Power,Backup Generator Testing,7,8,52.0,4.44,Cloudy,Day,21.6,88.6
Construction,Demolition,6,9,84.4,5.68,Sunny,Night,38.6,244.2
Mining,Drilling,3,9,10.1,8.03,Cloudy,Day,13.4,149.0
Mining,Drilling,9,9,31.9,8.08,Rainy,Night,-9.4,291.1
Data Center Power,Emergency Power Deployment,1,8,20.2,2.84,Sunny,Day,24.0,64.3
Data Center Power,Generator Maintenance,7,8,19.6,7.44,Rainy,Day,22.8,123.1
Marine & Rail,Rail Network Inspection,6,6,55.5,11.91,Sunny,Day,11.1,196.8
Oil & Gas,Pipeline Pumping,5,9,37.4,12.08,Sunny,Day,31.0,177.7
Construction,Foundation Work,5,5,59.2,3.18,Rainy,Day,25.4,334.0
Construction,Material Loading,7,8,15.8,2.64,Cloudy,Day,3.3,66.2
Data Center Power,Backup Generator Testing,4,9,47.6,4.39,Sunny,Day,24.8,64.5
Mining,Drilling,6,9,23.2,5.83,Sunny,Night,5.0,187.4
Construction,Foundation Work,8,10,42.9,2.48,Sunny,Night,26.3,240.2
Construction,Excavation,6,7,11.3,3.79,Sunny,Day,36.3,204.1
Construction,Material Loading,2,9,12.8,5.91,Rainy,Night,24.8,60.5
Oil & Gas,Well Servicing,6,8,56.2,4.51,Cloudy,Day,15.6,262.1
Marine & Rail,Locomotive Maintenance,4,8,20.6,11.49,Rainy,Day,25.5,232.4
Data Center Power,Emergency Power Deployment,7,9,8.3,2.11,Sunny,Day,21.7,88.0
Mining,Hauling Ore,5,7,37.2,10.21,Sunny,Day,21.7,127.0
Mining,Drilling,2,6,41.3,2.03,Sunny,Night,13.1,188.5
Construction,Material Loading,8,8,57.2,1.87,Foggy,Night,31.3,105.1
Mining,Hauling Ore,7,7,61.3,6.06,Rainy,Night,24.8,192.8
Data Center Power,Emergency Power Deployment,3,9,65.5,4.2,Cloudy,Day,25.2,77.0
Oil & Gas,Gas Compression Service,6,8,14.9,5.48,Rainy,Day,35.8,215.9
Marine & Rail,Locomotive Maintenance,5,6,58.7,6.68,Foggy,Day,-1.5,255.6
Oil & Gas,Pipeline Pumping,4,8,47.1,5.1,Cloudy,Day,34.6,161.9
Construction,Excavation,8,8,12.8,9.02,Cloudy,Day,13.5,204.7
Mining,Surface Excavation,9,7,24.2,6.7,Cloudy,Day,12.3,235.3
Marine & Rail,Freight Operations,6,5,33.4,7.73,Sunny,Day,16.3,260.3
Mining,Surface Excavation,5,7,39.7,1.83,Rainy,Day,8.4,179.9
Construction,Site Preparation,4,9,35.6,8.14,Sunny,Day,24.1,147.2
Mining,Hauling Ore,4,7,21.4,3.58,Cloudy,Day,6.0,94.6
Construction,Foundation Work,6,7,28.2,9.27,Sunny,Day,40.0,292.8
Oil & Gas,Well Drilling,3,9,91.9,8.9,Sunny,Day,39.1,350.4
Construction,Excavation,6,9,38.7,7.12,Sunny,Night,3.8,165.5
Construction,Material Loading,7,7,74.0,1.83,Sunny,Day,23.5,88.1
Data Center Power,Emergency Power Deployment,6,7,38.8,7.65,Sunny,Day,21.0,114.8
Marine & Rail,Freight Operations,1,8,16.9,9.61,Sunny,Night,18.3,165.5
Mining,Drilling,3,8,27.1,5.87,Foggy,Day,24.3,195.7
Mining,Surface Excavation,3,4,52.6,10.22,Sunny,Day,6.3,199.3
Construction,Material Loading,5,9,14.5,2.19,Cloudy,Day,23.4,59.2
Marine & Rail,Locomotive Maintenance,1,7,10.8,11.88,Sunny,Day,13.8,169.6
Data Center Power,Emergency Power Deployment,8,7,7.8,4.69,Cloudy,Night,21.4,128.3
Data Center Power,Backup Generator Testing,3,8,29.7,8.87,Sunny,Night,20.3,64.7
Mining,Hauling Ore,6,9,30.8,5.2,Sunny,Day,-1.6,95.5
Construction,Demolition,6,9,87.7,7.49,Sunny,Night,25.2,229.7
Construction,Excavation,7,8,16.4,13.35,Sunny,Night,16.1,217.7
Mining,Drilling,6,5,12.4,6.42,Cloudy,Day,21.0,289.3
Marine & Rail,Tugboat Engine Service,5,4,18.5,13.65,Foggy,Day,21.6,308.8
Mining,Surface Excavation,5,9,12.6,8.28,Rainy,Day,20.3,172.2
Mining,Drilling,6,9,17.7,10.75,Cloudy,Day,23.8,218.7
Oil & Gas,Gas Compression Service,4,6,51.7,1.64,Sunny,Day,30.4,210.2
Mining,Surface Excavation,2,7,37.5,11.96,Cloudy,Day,16.8,151.9
Mining,Surface Excavation,8,9,10.7,3.21,Cloudy,Day,11.7,161.7
Construction,Road Building,7,10,11.9,5.22,Sunny,Day,10.7,198.6
Marine & Rail,Tugboat Engine Service,7,7,24.3,1.97,Sunny,Night,24.0,217.8
Construction,Material Loading,10,5,61.4,13.23,Cloudy,Day,26.0,149.0
Oil & Gas,Well Servicing,7,7,63.2,14.18,Sunny,Night,27.2,425.9
Construction,Demolition,6,7,29.9,4.51,Sunny,Night,16.5,213.6
Oil & Gas,Well Servicing,9,6,62.6,6.49,Sunny,Day,35.2,478.5
Mining,Surface Excavation,5,8,3.2,12.31,Sunny,Day,34.7,189.8
Data Center Power,Emergency Power Deployment,5,5,26.0,2.83,Cloudy,Night,17.4,121.3
Construction,Material Loading,5,9,5.9,9.23,Sunny,Day,8.7,59.4
Construction,Foundation Work,4,9,36.2,9.21,Rainy,Day,23.0,215.5
Mining,Surface Excavation,3,7,22.6,8.7,Cloudy,Day,24.3,165.6
Construction,Site Preparation,10,8,3.8,12.38,Cloudy,Night,19.3,247.5
Oil & Gas,Pipeline Pumping,5,8,49.3,3.32,Sunny,Night,37.5,187.1
Mining,Aggregate Collection,3,8,31.4,10.45,Sunny,Night,6.5,61.3
Construction,Excavation,5,10,50.6,1.96,Foggy,Day,24.2,136.7
Mining,Hauling Ore,5,5,33.4,10.9,Sunny,Day,35.3,150.5
Construction,Foundation Work,6,8,47.2,9.36,Sunny,Day,24.1,245.3
Oil & Gas,Well Drilling,6,8,32.1,1.08,Rainy,Day,35.3,429.4
Oil & Gas,Pipeline Pumping,1,9,24.5,5.52,Sunny,Day,40.0,117.8
Oil & Gas,Well Drilling,7,9,38.2,8.96,Rainy,Day,27.9,479.9
Construction,Road Building,7,7,26.0,1.03,Sunny,Day,13.4,272.4
Mining,Surface Excavation,3,9,57.3,2.64,Foggy,Day,8.7,126.4
Construction,Material Loading,3,9,43.5,4.31,Rainy,Day,12.3,60.1
Oil & Gas,Pipeline Pumping,8,6,52.1,2.7,Sunny,Day,25.6,230.4
Mining,Surface Excavation,7,6,14.2,1.58,Rainy,Night,10.3,241.0
Oil & Gas,Gas Compression Service,2,6,27.0,2.86,Rainy,Day,21.0,165.6
Data Center Power,Emergency Power Deployment,3,6,52.8,5.6,Cloudy,Day,23.3,101.4
Mining,Drilling,5,9,42.5,5.84,Sunny,Day,22.9,187.5
Data Center Power,Emergency Power Deployment,8,7,14.9,0.72,Sunny,Day,21.9,110.8
Mining,Drilling,4,8,32.7,10.11,Rainy,Day,31.0,253.9
Construction,Foundation Work,8,7,46.0,8.5,Sunny,Day,21.6,312.8
Marine & Rail,Locomotive Maintenance,5,8,56.7,2.47,Foggy,Day,0.3,201.8
Construction,Foundation Work,5,8,16.2,7.66,Sunny,Day,-5.0,180.1
Data Center Power,Cooling System Inspection,7,8,82.9,4.28,Sunny,Night,22.3,93.5
Oil & Gas,Well Servicing,4,6,28.4,6.8,Cloudy,Day,33.7,297.1
Oil & Gas,Well Drilling,2,8,15.0,3.83,Cloudy,Day,13.8,239.5
Oil & Gas,Pipeline Pumping,7,6,23.8,7.3,Sunny,Day,14.8,181.9
Oil & Gas,Well Servicing,6,3,26.4,7.33,Rainy,Night,1.3,415.2
Data Center Power,Backup Generator Testing,3,5,44.3,7.89,Sunny,Day,22.9,70.1
Construction,Foundation Work,6,7,45.8,1.18,Sunny,Day,31.6,268.9
Oil & Gas,Pipeline Pumping,7,9,52.4,2.95,Sunny,Night,37.9,219.2
Oil & Gas,Well Servicing,7,9,44.5,5.52,Cloudy,Day,9.8,232.2
Mining,Drilling,8,5,33.9,10.52,Rainy,Night,20.2,452.3
Oil & Gas,Well Servicing,6,9,47.5,4.93,Cloudy,Night,25.3,260.1
Oil & Gas,Well Drilling,3,7,58.0,10.11,Sunny,Day,-0.9,308.7
Oil & Gas,Well Drilling,3,9,26.9,7.6,Sunny,Day,37.8,305.1
Construction,Demolition,6,8,66.2,5.09,Sunny,Night,8.8,209.2
Oil & Gas,Well Servicing,2,6,27.8,10.2,Sunny,Day,22.9,234.2
Mining,Surface Excavation,7,9,45.0,13.43,Rainy,Night,26.8,266.3
Construction,Road Building,3,7,24.6,4.75,Sunny,Day,12.5,206.6
Oil & Gas,Well Drilling,8,6,30.5,5.13,Sunny,Day,18.4,490.7
Marine & Rail,Tugboat Engine Service,7,9,13.8,7.63,Rainy,Day,26.8,189.1
Mining,Drilling,9,9,36.1,7.23,Sunny,Day,28.5,279.4
Data Center Power,Cooling System Inspection,3,8,46.2,2.26,Sunny,Day,18.1,54.5
Mining,Drilling,3,8,44.2,8.43,Rainy,Day,2.5,191.5
Marine & Rail,Tugboat Engine Service,7,9,36.9,11.17,Foggy,Night,14.6,251.1
Mining,Hauling Ore,6,9,26.1,4.65,Rainy,Night,10.7,127.9
Marine & Rail,Rail Network Inspection,3,8,40.9,3.56,Sunny,Day,10.2,132.4
Mining,Hauling Ore,7,9,41.3,5.8,Rainy,Day,26.9,152.3
Mining,Aggregate Collection,5,7,18.0,6.03,Rainy,Night,18.7,89.1
Oil & Gas,Well Drilling,8,8,5.5,12.26,Cloudy,Day,21.5,435.0
Marine & Rail,Tugboat Engine Service,4,6,41.1,14.96,Foggy,Day,12.7,241.4
Marine & Rail,Tugboat Engine Service,5,6,70.2,12.16,Cloudy,Day,31.0,262.9
Data Center Power,Cooling System Inspection,6,6,55.1,5.72,Sunny,Day,15.4,78.5
Construction,Site Preparation,1,9,48.9,2.41,Sunny,Day,22.3,108.8
Oil & Gas,Pipeline Pumping,8,8,26.6,5.82,Rainy,Day,29.1,215.6
Data Center Power,Cooling System Inspection,7,7,44.0,4.12,Sunny,Night,22.8,89.1
Construction,Demolition,7,8,17.4,4.28,Rainy,Day,36.5,254.4
Oil & Gas,Well Drilling,6,9,24.4,7.59,Sunny,Day,16.6,316.1
Marine & Rail,Tugboat Engine Service,10,7,11.3,5.34,Sunny,Day,-8.1,207.3
Mining,Surface Excavation,8,8,42.8,1.28,Sunny,Day,-2.3,182.2
Marine & Rail,Tugboat Engine Service,5,7,35.6,4.78,Sunny,Night,6.8,174.8
Construction,Demolition,5,10,15.6,9.74,Sunny,Night,20.7,156.2
Construction,Material Loading,6,7,21.9,1.31,Rainy,Day,5.7,72.9
Marine & Rail,Rail Network Inspection,9,9,19.4,14.56,Cloudy,Day,19.1,226.3
Mining,Surface Excavation,7,6,11.8,4.62,Rainy,Day,15.1,235.7
Construction,Road Building,5,7,63.4,7.91,Sunny,Day,32.5,319.5
Oil & Gas,Well Servicing,6,8,21.4,13.62,Rainy,Day,24.5,325.1
Mining,Drilling,7,9,41.2,8.29,Sunny,Day,27.2,236.7
Mining,Hauling Ore,2,8,17.3,1.81,Cloudy,Day,25.6,86.0
Oil & Gas,Well Drilling,7,10,18.1,4.27,Sunny,Night,48.0,370.4
Oil & Gas,Well Servicing,5,8,21.2,5.93,Cloudy,Day,4.8,204.4
Marine & Rail,Freight Operations,9,8,48.8,5.62,Sunny,Night,11.4,327.8
Construction,Excavation,7,6,83.7,3.24,Sunny,Night,9.8,269.8
Data Center Power,Cooling System Inspection,5,4,29.5,2.67,Rainy,Day,17.0,75.2
Construction,Excavation,6,7,75.9,8.48,Cloudy,Day,7.3,218.1
Mining,Hauling Ore,5,6,33.8,6.3,Rainy,Day,26.2,146.3
Mining,Drilling,6,7,47.9,2.34,Sunny,Day,3.6,213.3
Mining,Drilling,8,8,29.3,13.26,Sunny,Day,25.9,291.5
Construction,Road Building,10,8,15.6,10.38,Rainy,Day,28.6,426.8
Oil & Gas,Well Drilling,4,8,6.3,8.65,Cloudy,Day,35.5,368.6
Oil & Gas,Well Servicing,3,6,46.0,9.52,Cloudy,Day,31.1,294.4
Oil & Gas,Gas Compression Service,3,9,13.3,10.61,Sunny,Day,28.5,155.1
Data Center Power,Cooling System Inspection,5,8,37.7,2.04,Cloudy,Day,21.3,64.2
Data Center Power,Cooling System Inspection,7,8,43.1,1.89,Cloudy,Day,19.8,77.4
Mining,Hauling Ore,5,8,65.1,1.52,Sunny,Night,1.9,101.0
Mining,Hauling Ore,3,6,66.1,10.52,Cloudy,Day,30.5,128.2
Marine & Rail,Rail Network Inspection,6,6,20.9,3.78,Foggy,Day,9.0,203.0
Construction,Excavation,9,7,40.7,3.24,Rainy,Day,17.0,289.2
Mining,Drilling,3,9,11.1,6.3,Sunny,Day,29.6,168.1
Construction,Demolition,3,7,28.5,5.77,Sunny,Day,24.9,172.9
Oil & Gas,Well Servicing,3,8,6.7,7.22,Sunny,Day,38.8,224.8
Mining,Hauling Ore,8,5,24.2,7.5,Sunny,Day,22.5,157.2
Data Center Power,Generator Maintenance,5,8,27.1,4.34,Foggy,Day,22.2,102.6
Data Center Power,Emergency Power Deployment,8,10,60.8,1.61,Sunny,Night,21.2,106.9
Data Center Power,Backup Generator Testing,4,8,22.8,3.07,Cloudy,Night,19.6,70.1
Marine & Rail,Rail Network Inspection,9,8,24.6,12.9,Sunny,Night,23.0,258.9
Marine & Rail,Freight Operations,5,7,46.3,12.35,Sunny,Day,11.1,231.6
Construction,Site Preparation,8,10,47.7,5.88,Sunny,Day,40.0,216.7
Construction,Foundation Work,5,9,38.3,6.4,Sunny,Night,15.9,199.2
Construction,Material Loading,5,7,30.9,10.23,Rainy,Day,23.3,84.9
Marine & Rail,Tugboat Engine Service,5,8,59.2,11.23,Cloudy,Day,26.3,198.0
Construction,Road Building,6,6,32.0,4.09,Rainy,Day,37.0,394.3
Oil & Gas,Gas Compression Service,7,6,38.1,14.69,Cloudy,Day,30.1,327.8
Oil & Gas,Gas Compression Service,10,7,12.1,6.06,Cloudy,Day,11.8,256.0
Mining,Drilling,4,5,67.4,5.82,Rainy,Day,2.7,270.2
Oil & Gas,Well Servicing,2,6,66.1,8.53,Cloudy,Day,15.6,233.6
Construction,Road Building,8,6,36.3,4.84,Cloudy,Night,12.5,391.6
Construction,Road Building,5,7,28.9,16.09,Sunny,Day,21.8,309.3
Mining,Drilling,5,8,45.5,8.03,Sunny,Night,13.6,233.2
Oil & Gas,Well Servicing,4,8,23.3,9.06,Rainy,Night,32.7,313.1
Oil & Gas,Well Servicing,6,8,21.8,1.63,Rainy,Day,48.0,320.1
Marine & Rail,Rail Network Inspection,8,8,14.0,14.78,Rainy,Night,24.5,262.7
Construction,Material Loading,5,7,42.1,6.25,Sunny,Night,40.0,90.1
Mining,Drilling,7,9,32.8,9.87,Sunny,Day,18.8,226.7
Data Center Power,Emergency Power Deployment,2,9,25.9,4.63,Sunny,Night,21.2,70.8
Oil & Gas,Well Drilling,6,7,46.1,4.39,Sunny,Day,15.0,387.4
Data Center Power,Emergency Power Deployment,5,9,35.0,9.78,Sunny,Day,21.8,87.8
Oil & Gas,Well Servicing,5,7,40.0,11.49,Foggy,Day,28.5,303.2
Marine & Rail,Freight Operations,5,8,27.8,10.19,Sunny,Day,16.8,217.1
Oil & Gas,Pipeline Pumping,4,9,66.1,12.13,Cloudy,Day,14.9,153.5
Mining,Hauling Ore,7,10,48.9,6.44,Sunny,Day,10.4,112.7
Oil & Gas,Pipeline Pumping,4,9,27.8,10.98,Sunny,Day,11.8,135.3
Data Center Power,Emergency Power Deployment,7,8,67.7,6.4,Sunny,Day,23.5,119.6
Oil & Gas,Gas Compression Service,7,5,57.3,1.11,Sunny,Night,42.8,339.3
Mining,Drilling,5,9,13.5,8.83,Rainy,Night,15.2,224.1
Marine & Rail,Locomotive Maintenance,3,8,23.8,8.81,Foggy,Night,18.9,214.2
Mining,Surface Excavation,9,8,17.5,4.18,Foggy,Day,33.3,241.3
Oil & Gas,Well Servicing,5,7,38.7,0.99,Rainy,Day,-15.0,237.8
Mining,Drilling,6,8,42.5,2.59,Foggy,Day,17.7,226.6
Data Center Power,Backup Generator Testing,4,7,18.5,2.08,Sunny,Day,20.0,65.9
Marine & Rail,Rail Network Inspection,3,7,54.7,5.04,Sunny,Night,10.3,154.1
Mining,Surface Excavation,5,7,26.4,5.25,Sunny,Day,13.1,168.3
Construction,Excavation,5,9,26.0,9.67,Sunny,Night,9.8,161.2
Oil & Gas,Well Servicing,5,9,3.2,6.2,Sunny,Night,41.1,252.0
Marine & Rail,Locomotive Maintenance,5,9,42.0,7.06,Foggy,Day,14.0,199.6
Construction,Road Building,7,8,34.5,2.98,Sunny,Day,31.8,299.7
Oil & Gas,Well Servicing,6,6,40.9,8.6,Sunny,Night,31.9,372.8
Oil & Gas,Gas Compression Service,7,5,20.6,4.41,Sunny,Day,19.1,257.9
Oil & Gas,Well Servicing,4,9,22.1,10.22,Sunny,Night,35.1,249.3
Construction,Foundation Work,5,9,21.3,0.9,Sunny,Night,30.0,208.2
Oil & Gas,Gas Compression Service,6,8,10.2,6.17,Cloudy,Night,41.0,237.8
Construction,Road Building,4,6,3.4,1.77,Cloudy,Day,25.3,242.2
Oil & Gas,Well Drilling,7,8,55.1,6.55,Sunny,Night,32.2,514.2
Mining,Hauling Ore,4,7,19.6,3.67,Cloudy,Day,39.6,120.5
Construction,Material Loading,5,6,49.4,7.91,Rainy,Day,11.2,84.2
Marine & Rail,Tugboat Engine Service,7,7,76.7,8.24,Sunny,Day,13.1,237.0
Construction,Demolition,9,4,19.8,8.01,Rainy,Day,6.7,361.2
Oil & Gas,Well Drilling,3,5,27.3,1.4,Rainy,Day,30.0,444.8
Construction,Road Building,5,7,35.9,13.31,Cloudy,Day,31.3,330.6
Oil & Gas,Well Servicing,6,6,29.4,2.89,Sunny,Day,35.5,318.0
Marine & Rail,Tugboat Engine Service,4,9,31.0,6.09,Rainy,Night,16.1,150.3
Data Center Power,Cooling System Inspection,6,7,26.2,6.53,Sunny,Day,18.3,68.5
Construction,Road Building,4,9,37.5,4.14,Sunny,Night,19.3,209.5
Oil & Gas,Well Servicing,7,8,43.5,3.16,Cloudy,Night,22.0,296.7
Data Center Power,Backup Generator Testing,7,6,59.1,3.43,Sunny,Night,18.8,100.7
Oil & Gas,Pipeline Pumping,6,9,25.8,11.21,Sunny,Night,8.8,164.1
Oil & Gas,Pipeline Pumping,5,8,18.2,7.55,Sunny,Night,39.1,198.2
Marine & Rail,Rail Network Inspection,6,8,64.9,7.35,Sunny,Night,4.7,186.3
Construction,Excavation,5,7,18.0,5.48,Sunny,Day,0.7,162.0
Data Center Power,Backup Generator Testing,7,9,27.9,7.03,Sunny,Day,23.4,78.7
Data Center Power,Backup Generator Testing,7,9,18.7,6.0,Sunny,Night,17.9,79.6
Mining,Hauling Ore,8,8,22.1,7.95,Rainy,Day,7.7,145.7
Construction,Site Preparation,3,6,63.1,4.06,Rainy,Day,15.5,167.0
Oil & Gas,Well Servicing,4,6,27.0,3.96,Cloudy,Day,48.0,293.4
Data Center Power,Cooling System Inspection,6,7,20.7,6.16,Sunny,Day,19.7,68.9
Data Center Power,Cooling System Inspection,6,4,17.8,2.08,Sunny,Day,22.3,76.5
Construction,Material Loading,5,9,33.0,7.79,Sunny,Night,10.6,65.4
Marine & Rail,Locomotive Maintenance,7,9,19.3,8.85,Sunny,Day,17.1,221.0
Mining,Drilling,5,9,23.6,3.5,Sunny,Night,25.8,199.3
Oil & Gas,Well Servicing,8,9,24.9,4.33,Foggy,Night,33.4,317.6
Marine & Rail,Locomotive Maintenance,4,7,9.8,6.7,Foggy,Night,13.0,228.6
Oil & Gas,Well Servicing,3,8,18.6,2.49,Cloudy,Day,16.8,188.4
Marine & Rail,Tugboat Engine Service,5,6,60.5,4.44,Rainy,Night,11.4,208.2
Mining,Drilling,2,9,34.9,13.04,Cloudy,Day,42.0,198.3
Marine & Rail,Freight Operations,8,7,26.3,3.82,Rainy,Day,3.8,289.4
Oil & Gas,Well Servicing,2,7,19.2,4.0,Sunny,Day,25.1,203.3
Data Center Power,Cooling System Inspection,9,7,29.5,5.17,Sunny,Day,18.2,88.9
Data Center Power,Emergency Power Deployment,3,7,40.6,5.36,Sunny,Day,23.4,88.9
Marine & Rail,Freight Operations,7,8,22.2,2.43,Sunny,Day,19.3,242.8
Marine & Rail,Tugboat Engine Service,5,6,42.9,12.72,Sunny,Day,17.7,208.8
Data Center Power,Generator Maintenance,6,8,46.4,1.01,Sunny,Day,14.7,101.1
Construction,Foundation Work,6,7,30.4,6.02,Sunny,Day,29.9,273.8
Construction,Demolition,8,8,51.5,0.89,Rainy,Day,22.4,260.4
Marine & Rail,Rail Network Inspection,8,6,73.4,1.97,Cloudy,Day,10.8,234.2
Marine & Rail,Rail Network Inspection,6,7,44.9,4.23,Cloudy,Night,13.4,199.9
Construction,Site Preparation,7,6,14.5,14.93,Foggy,Day,15.9,215.6
Construction,Foundation Work,6,6,23.8,10.46,Rainy,Day,13.6,309.1
Oil & Gas,Pipeline Pumping,10,8,63.6,7.75,Foggy,Day,27.7,308.6
Oil & Gas,Well Drilling,4,7,26.7,5.45,Foggy,Night,22.1,383.7
Mining,Hauling Ore,7,4,22.2,10.73,Sunny,Day,19.0,154.2
Construction,Foundation Work,1,10,60.5,5.44,Cloudy,Day,29.5,138.4
Oil & Gas,Well Servicing,5,6,55.4,12.86,Sunny,Day,28.4,338.7
Construction,Excavation,5,7,15.0,10.26,Sunny,Day,15.1,178.1
Marine & Rail,Locomotive Maintenance,9,5,33.7,12.2,Cloudy,Night,10.1,428.0
Data Center Power,Cooling System Inspection,5,9,32.4,9.39,Rainy,Night,21.1,70.5
Mining,Aggregate Collection,6,6,26.7,3.45,Cloudy,Day,33.3,91.3
Marine & Rail,Locomotive Maintenance,3,6,57.8,2.5,Foggy,Day,23.6,243.5
Oil & Gas,Pipeline Pumping,6,9,10.8,7.55,Cloudy,Night,20.5,172.5
Data Center Power,Cooling System Inspection,4,6,39.9,0.62,Sunny,Night,22.7,69.6
Oil & Gas,Gas Compression Service,5,5,3.5,8.57,Sunny,Night,16.7,238.9
Mining,Surface Excavation,6,7,15.5,2.95,Rainy,Night,17.5,218.4
Mining,Hauling Ore,3,9,23.0,6.38,Cloudy,Day,9.8,83.1
Marine & Rail,Rail Network Inspection,6,6,27.4,14.26,Foggy,Day,1.5,219.2
Data Center Power,Emergency Power Deployment,5,6,25.4,4.55,Sunny,Day,20.2,107.2
Data Center Power,Emergency Power Deployment,6,10,32.2,1.49,Sunny,Day,21.8,77.9
Marine & Rail,Rail Network Inspection,8,4,13.8,8.85,Sunny,Day,25.0,246.2
Oil & Gas,Well Servicing,3,8,46.4,4.68,Sunny,Day,19.0,199.6
Data Center Power,Emergency Power Deployment,1,8,48.7,6.29,Cloudy,Night,28.4,79.4
Marine & Rail,Locomotive Maintenance,8,7,42.2,1.63,Cloudy,Night,17.2,312.9
Data Center Power,Generator Maintenance,2,8,29.6,10.01,Sunny,Day,26.4,87.5
Data Center Power,Emergency Power Deployment,6,7,35.2,3.28,Sunny,Day,26.9,112.3
Construction,Road Building,5,7,27.2,3.28,Rainy,Day,24.0,294.6
Data Center Power,Cooling System Inspection,4,9,15.2,4.58,Rainy,Day,21.1,57.5
Marine & Rail,Rail Network Inspection,6,6,47.4,7.81,Sunny,Day,7.0,184.7
Oil & Gas,Pipeline Pumping,6,5,23.1,4.72,Sunny,Day,31.8,192.7
Oil & Gas,Well Servicing,7,6,52.6,12.16,Sunny,Day,37.8,432.2
Data Center Power,Cooling System Inspection,1,7,0.8,6.35,Sunny,Night,21.8,49.2
Marine & Rail,Freight Operations,7,7,9.2,3.41,Cloudy,Day,10.8,230.3
Construction,Excavation,6,9,32.5,5.91,Sunny,Day,20.0,164.5
Mining,Surface Excavation,6,9,45.8,12.09,Sunny,Day,21.1,181.0
Construction,Material Loading,4,9,25.2,6.28,Sunny,Day,9.8,55.7
Construction,Road Building,6,6,33.3,3.99,Cloudy,Day,20.4,297.6
Mining,Hauling Ore,4,8,16.4,3.52,Rainy,Day,28.2,120.1
Construction,Foundation Work,7,8,33.7,6.8,Cloudy,Day,29.1,274.5
Marine & Rail,Locomotive Maintenance,5,8,73.4,13.71,Sunny,Day,2.8,230.4
Mining,Drilling,6,8,60.8,8.38,Sunny,Day,26.7,251.9
Oil & Gas,Gas Compression Service,5,6,20.8,5.54,Cloudy,Day,32.5,239.1
Mining,Drilling,10,9,21.9,2.87,Cloudy,Day,15.4,238.9
Marine & Rail,Rail Network Inspection,3,9,24.6,2.8,Foggy,Night,12.9,164.9
Construction,Material Loading,9,9,42.0,6.02,Sunny,Day,9.8,86.4
Marine & Rail,Locomotive Maintenance,8,8,23.3,2.59,Sunny,Night,6.5,241.2
Data Center Power,Emergency Power Deployment,4,9,5.3,6.98,Sunny,Day,21.1,72.8
Data Center Power,Emergency Power Deployment,5,4,16.5,2.5,Rainy,Day,25.5,125.3
Marine & Rail,Locomotive Maintenance,9,6,27.1,2.91,Foggy,Day,25.2,369.1
Marine & Rail,Rail Network Inspection,4,5,73.0,11.49,Sunny,Day,21.3,200.1
Mining,Aggregate Collection,6,6,15.3,4.0,Sunny,Night,42.0,102.3
Construction,Demolition,6,9,20.7,3.84,Sunny,Day,16.2,162.7
Data Center Power,Cooling System Inspection,7,7,24.8,6.53,Cloudy,Day,23.8,81.4
Oil & Gas,Well Servicing,7,8,51.3,6.29,Sunny,Day,21.6,290.6
Mining,Hauling Ore,7,6,56.4,4.24,Sunny,Day,0.9,129.5
Mining,Drilling,3,9,22.2,13.09,Rainy,Day,31.4,213.6
Oil & Gas,Pipeline Pumping,10,9,57.5,8.35,Rainy,Day,38.9,303.8
Construction,Site Preparation,7,9,22.4,6.81,Rainy,Day,31.6,224.0
Marine & Rail,Locomotive Maintenance,4,8,39.3,3.04,Cloudy,Night,10.0,201.9
Marine & Rail,Tugboat Engine Service,6,9,33.5,4.53,Sunny,Day,-1.6,137.6
Marine & Rail,Tugboat Engine Service,5,7,34.1,12.01,Cloudy,Night,15.4,206.7
Data Center Power,Cooling System Inspection,3,5,76.4,3.82,Cloudy,Day,17.8,65.2
Oil & Gas,Well Servicing,8,7,25.2,7.16,Cloudy,Day,30.2,353.6
Oil & Gas,Gas Compression Service,6,5,39.8,0.7,Cloudy,Day,14.0,223.3
Construction,Foundation Work,5,7,61.4,3.97,Sunny,Day,33.1,265.0
Data Center Power,Cooling System Inspection,2,10,64.4,10.61,Foggy,Night,26.9,57.7
Construction,Excavation,5,9,59.2,5.06,Sunny,Day,30.8,173.6
Construction,Road Building,7,9,34.2,5.58,Sunny,Day,36.1,291.2
Mining,Aggregate Collection,1,6,35.0,10.04,Cloudy,Night,21.1,67.5
Construction,Foundation Work,5,8,22.3,0.6,Cloudy,Night,18.3,215.8
Construction,Excavation,4,6,60.1,4.13,Cloudy,Night,11.9,200.2
Marine & Rail,Freight Operations,5,9,20.8,4.7,Sunny,Day,16.9,194.7
Mining,Aggregate Collection,10,7,31.1,5.36,Cloudy,Night,2.5,107.2
Construction,Foundation Work,8,7,28.3,7.92,Cloudy,Day,28.8,310.3
Mining,Surface Excavation,5,8,31.0,6.43,Rainy,Day,24.0,202.6
Marine & Rail,Rail Network Inspection,7,9,5.8,6.87,Sunny,Day,17.9,169.7
Data Center Power,Cooling System Inspection,7,10,41.9,2.82,Cloudy,Night,18.0,75.5
Marine & Rail,Locomotive Maintenance,5,8,18.4,1.56,Cloudy,Night,14.0,210.3
Data Center Power,Backup Generator Testing,2,7,41.8,4.22,Rainy,Day,21.2,61.4
Construction,Material Loading,6,4,52.0,9.66,Sunny,Night,26.7,106.9
Mining,Drilling,5,7,50.3,6.8,Cloudy,Day,41.7,291.4
Mining,Hauling Ore,3,8,37.9,7.21,Rainy,Day,10.9,106.6
Data Center Power,Generator Maintenance,7,8,52.2,2.56,Sunny,Day,25.3,126.7
Data Center Power,Emergency Power Deployment,5,6,43.9,2.59,Rainy,Day,27.9,117.7
Construction,Excavation,6,7,73.6,12.54,Sunny,Day,18.9,240.2
Data Center Power,Backup Generator Testing,4,7,9.4,4.63,Sunny,Day,22.0,63.8
Mining,Hauling Ore,7,8,8.4,5.2,Rainy,Night,34.8,164.9
Mining,Surface Excavation,8,5,54.5,9.17,Sunny,Day,31.7,329.7
Mining,Surface Excavation,5,8,63.8,6.62,Cloudy,Day,25.0,188.7
Marine & Rail,Tugboat Engine Service,10,4,56.6,2.6,Cloudy,Day,19.6,352.5
Construction,Foundation Work,7,6,36.4,6.6,Cloudy,Day,1.4,277.0
Marine & Rail,Locomotive Maintenance,2,9,77.3,12.06,Rainy,Day,26.0,199.8
Mining,Hauling Ore,8,8,59.9,8.67,Cloudy,Day,28.9,172.9
Oil & Gas,Well Servicing,7,9,74.3,12.46,Sunny,Night,5.2,295.0
Construction,Demolition,5,8,33.1,10.15,Cloudy,Day,17.0,193.4
Mining,Hauling Ore,6,8,12.5,7.69,Sunny,Day,20.5,114.4
Data Center Power,Generator Maintenance,5,9,63.1,1.11,Sunny,Day,16.3,88.7
Oil & Gas,Well Servicing,8,8,19.1,14.46,Sunny,Night,19.7,333.8
Marine & Rail,Locomotive Maintenance,2,8,53.0,2.66,Rainy,Night,7.7,174.3
Mining,Surface Excavation,5,8,34.5,3.12,Sunny,Day,29.4,173.9
Mining,Drilling,8,9,46.8,2.04,Sunny,Day,35.5,275.1
Construction,Road Building,6,10,31.0,3.87,Sunny,Day,4.1,184.2
Marine & Rail,Rail Network Inspection,5,6,6.9,7.33,Cloudy,Day,8.8,161.9
Marine & Rail,Tugboat Engine Service,7,6,28.7,13.37,Sunny,Day,21.8,257.1
Marine & Rail,Rail Network Inspection,7,6,14.6,7.01,Sunny,Night,8.7,208.6
Construction,Road Building,7,5,16.2,4.41,Sunny,Night,25.0,380.9
Mining,Drilling,8,7,47.9,6.21,Sunny,Day,3.1,268.0
Data Center Power,Generator Maintenance,6,9,10.2,1.0,Rainy,Night,21.3,97.9
Oil & Gas,Well Drilling,2,7,36.1,6.75,Foggy,Day,7.6,286.6
Construction,Excavation,8,6,25.1,1.63,Sunny,Day,19.0,232.0
Data Center Power,Emergency Power Deployment,3,7,8.4,2.06,Sunny,Day,17.7,75.9
Oil & Gas,Pipeline Pumping,7,10,78.8,6.25,Sunny,Night,19.1,202.6
Oil & Gas,Well Drilling,4,10,18.8,7.36,Sunny,Day,12.6,236.2
Construction,Demolition,3,6,41.7,4.15,Rainy,Night,19.8,229.9
Construction,Material Loading,1,8,62.5,1.65,Sunny,Day,18.7,48.8
Construction,Material Loading,7,8,61.0,10.4,Cloudy,Day,4.7,83.2
Mining,Drilling,8,8,42.2,12.01,Rainy,Night,31.9,398.0
Data Center Power,Generator Maintenance,5,8,37.3,15.45,Cloudy,Day,22.6,118.1
Marine & Rail,Freight Operations,4,9,10.0,12.11,Sunny,Day,26.5,204.9
Mining,Hauling Ore,2,6,43.6,12.04,Cloudy,Day,-9.6,93.1
Oil & Gas,Well Servicing,8,8,17.4,7.79,Cloudy,Night,15.0,310.4
Oil & Gas,Gas Compression Service,7,7,15.2,2.26,Rainy,Night,48.0,258.0
Data Center Power,Cooling System Inspection,9,8,1.8,5.84,Cloudy,Day,20.1,80.4
Mining,Surface Excavation,9,8,4.6,4.15,Foggy,Day,14.6,187.5
Construction,Material Loading,5,6,60.2,5.29,Rainy,Day,23.4,86.8
Oil & Gas,Well Servicing,4,9,31.6,7.54,Cloudy,Day,26.6,215.8
Construction,Demolition,6,8,45.4,5.16,Rainy,Day,19.2,228.3
Construction,Road Building,4,8,20.2,3.58,Sunny,Day,12.7,199.8
Mining,Surface Excavation,6,8,56.2,6.41,Cloudy,Day,18.5,190.4
Mining,Drilling,4,8,6.8,5.97,Sunny,Day,8.9,162.7
Oil & Gas,Gas Compression Service,5,7,28.6,6.77,Sunny,Night,41.8,249.2
Marine & Rail,Tugboat Engine Service,6,6,19.4,2.74,Rainy,Night,16.0,212.7
Oil & Gas,Well Drilling,8,9,20.7,9.9,Sunny,Day,9.7,366.1
Oil & Gas,Well Servicing,6,8,47.2,5.48,Sunny,Day,11.5,240.0
Construction,Excavation,7,6,68.6,8.64,Cloudy,Day,7.8,254.0
Oil & Gas,Well Drilling,8,9,41.5,8.48,Rainy,Day,20.4,488.5
Data Center Power,Emergency Power Deployment,5,9,54.0,1.69,Sunny,Night,17.9,85.6
Construction,Demolition,8,9,31.0,6.48,Sunny,Day,32.5,230.1
Oil & Gas,Well Drilling,7,7,19.9,4.53,Sunny,Day,5.0,356.7
Data Center Power,Generator Maintenance,1,8,17.7,5.45,Sunny,Day,19.8,71.4
Data Center Power,Generator Maintenance,8,6,14.2,5.3,Cloudy,Night,19.8,155.2
Data Center Power,Emergency Power Deployment,3,7,34.3,3.91,Sunny,Day,21.5,84.5
Oil & Gas,Well Drilling,7,8,14.3,7.5,Foggy,Day,22.1,418.1
Construction,Foundation Work,3,8,7.7,6.19,Cloudy,Night,25.2,197.2
Data Center Power,Cooling System Inspection,7,7,45.5,2.3,Sunny,Day,22.8,80.5
Mining,Hauling Ore,3,6,34.0,7.9,Sunny,Day,15.9,101.5
Marine & Rail,Locomotive Maintenance,7,8,29.9,4.5,Rainy,Day,7.3,228.2
Oil & Gas,Gas Compression Service,5,9,12.6,11.13,Sunny,Night,27.5,192.3
Oil & Gas,Pipeline Pumping,4,8,49.1,6.68,Rainy,Night,13.5,158.5
Oil & Gas,Pipeline Pumping,6,4,30.7,6.11,Rainy,Night,29.6,225.3
Construction,Excavation,6,8,24.9,2.96,Sunny,Day,37.4,202.6
Oil & Gas,Pipeline Pumping,8,8,68.8,8.31,Rainy,Day,27.9,247.7
Mining,Drilling,5,7,33.7,6.66,Sunny,Night,13.1,234.2
Mining,Drilling,8,8,24.9,9.83,Sunny,Day,42.0,323.9
Marine & Rail,Locomotive Maintenance,3,6,24.0,10.3,Cloudy,Day,26.7,247.2
Oil & Gas,Gas Compression Service,6,9,48.4,12.89,Sunny,Night,24.3,226.2
Construction,Excavation,5,6,48.3,11.11,Sunny,Day,22.6,227.2
Marine & Rail,Rail Network Inspection,2,5,36.4,7.33,Foggy,Day,7.3,163.5
Construction,Excavation,4,6,10.0,6.04,Sunny,Day,33.9,197.3
Data Center Power,Generator Maintenance,5,9,38.5,10.03,Cloudy,Day,22.0,99.5
Construction,Material Loading,9,9,21.3,12.51,Sunny,Day,26.6,96.1
Data Center Power,Emergency Power Deployment,5,7,67.9,3.18,Cloudy,Day,16.3,104.4
Oil & Gas,Pipeline Pumping,5,9,28.9,7.15,Sunny,Day,10.0,137.8
Marine & Rail,Freight Operations,8,7,62.9,15.72,Sunny,Day,19.6,348.0
Construction,Excavation,4,9,17.3,10.41,Rainy,Day,16.7,169.0
Construction,Excavation,8,10,43.6,10.16,Cloudy,Day,27.6,212.1
Construction,Material Loading,5,8,42.8,7.79,Foggy,Day,16.0,70.3
Mining,Hauling Ore,5,9,40.7,4.6,Cloudy,Night,10.0,108.0
Marine & Rail,Tugboat Engine Service,6,8,25.2,7.59,Sunny,Day,19.8,176.2
Construction,Material Loading,10,8,64.8,1.87,Foggy,Night,8.0,114.7
Marine & Rail,Tugboat Engine Service,6,9,64.6,6.31,Rainy,Day,24.6,179.3
Construction,Foundation Work,4,8,76.6,4.72,Sunny,Day,11.0,196.5
Oil & Gas,Gas Compression Service,7,9,26.3,8.73,Sunny,Night,-3.8,188.2
Mining,Surface Excavation,7,7,12.9,4.53,Rainy,Night,10.5,222.5
Data Center Power,Emergency Power Deployment,8,10,35.1,8.72,Sunny,Night,19.4,110.1
Construction,Foundation Work,7,7,35.6,9.61,Rainy,Night,-3.1,325.3
Construction,Site Preparation,4,7,20.5,7.71,Sunny,Night,10.4,156.7
Mining,Surface Excavation,7,8,59.1,12.32,Rainy,Day,26.7,275.2
Oil & Gas,Well Drilling,6,6,35.6,10.83,Sunny,Day,-12.4,408.6
Mining,Drilling,8,8,49.9,14.76,Cloudy,Day,2.8,279.9
Oil & Gas,Pipeline Pumping,6,5,6.5,6.23,Sunny,Day,39.4,207.5
Marine & Rail,Freight Operations,6,9,21.5,3.58,Foggy,Day,27.8,290.2
Construction,Excavation,5,6,63.7,7.91,Sunny,Night,32.9,253.9
Mining,Drilling,2,6,27.9,6.02,Sunny,Night,32.7,237.5
Oil & Gas,Well Servicing,7,9,47.2,8.51,Rainy,Night,43.4,379.4
Marine & Rail,Rail Network Inspection,3,6,48.3,14.16,Cloudy,Day,28.4,184.5
Data Center Power,Emergency Power Deployment,7,8,40.5,6.9,Cloudy,Night,14.9,123.3
Oil & Gas,Well Drilling,7,10,21.7,5.54,Rainy,Night,15.4,366.8
Oil & Gas,Pipeline Pumping,6,9,35.6,11.61,Cloudy,Day,19.7,166.5
Data Center Power,Emergency Power Deployment,8,9,76.8,3.31,Sunny,Day,20.8,115.8
Oil & Gas,Well Drilling,2,10,48.8,13.0,Sunny,Day,41.1,285.1
Data Center Power,Backup Generator Testing,9,3,61.8,8.64,Sunny,Night,17.7,142.6
Mining,Hauling Ore,5,6,41.1,6.8,Cloudy,Day,25.8,133.9
Mining,Hauling Ore,6,9,52.2,6.19,Cloudy,Night,26.8,138.4
Construction,Excavation,7,7,64.8,8.29,Sunny,Night,17.0,265.1
Oil & Gas,Well Servicing,1,9,15.4,6.12,Sunny,Day,23.4,159.0
Construction,Site Preparation,5,5,39.4,10.75,Cloudy,Night,16.6,205.5
Construction,Demolition,7,10,41.8,10.94,Cloudy,Day,31.7,207.4
Mining,Drilling,2,8,29.2,3.39,Cloudy,Day,36.3,186.7
Construction,Material Loading,6,8,12.1,10.07,Cloudy,Night,26.8,87.6
Oil & Gas,Well Servicing,6,5,12.1,2.87,Rainy,Day,25.6,341.3
Oil & Gas,Well Servicing,7,8,72.2,10.17,Rainy,Day,38.1,432.2
Construction,Road Building,2,7,41.7,5.25,Rainy,Day,10.6,222.8
Mining,Surface Excavation,8,9,16.4,2.67,Sunny,Day,19.5,168.6
Mining,Drilling,6,6,59.7,3.41,Sunny,Day,12.8,254.6
Marine & Rail,Tugboat Engine Service,3,7,36.7,2.61,Sunny,Day,19.1,153.2
Mining,Aggregate Collection,5,6,48.0,2.67,Sunny,Night,0.7,74.4
Marine & Rail,Tugboat Engine Service,10,9,19.7,8.63,Cloudy,Day,12.0,207.3
Oil & Gas,Well Servicing,4,9,78.3,6.35,Sunny,Day,37.8,250.6
Mining,Surface Excavation,6,7,61.7,2.49,Sunny,Day,-5.1,175.8
Oil & Gas,Well Drilling,2,4,44.2,10.51,Sunny,Day,26.6,421.4
Oil & Gas,Well Servicing,8,8,16.4,11.32,Sunny,Night,10.6,305.1
Construction,Material Loading,6,7,47.4,8.32,Cloudy,Day,12.4,78.1
Mining,Surface Excavation,6,9,4.1,5.21,Cloudy,Day,9.2,141.1
Mining,Drilling,4,5,38.7,2.2,Rainy,Day,2.0,247.8
Oil & Gas,Gas Compression Service,3,7,69.4,1.64,Foggy,Day,26.0,180.8
Construction,Excavation,8,5,47.9,10.46,Foggy,Night,16.0,349.5
Mining,Drilling,10,9,15.4,6.23,Sunny,Day,16.5,244.1
Marine & Rail,Locomotive Maintenance,7,7,63.5,4.04,Rainy,Night,0.1,293.3
Mining,Aggregate Collection,4,7,21.3,9.18,Sunny,Night,17.6,70.9
Mining,Drilling,8,7,56.2,10.39,Rainy,Day,3.5,340.7
Construction,Demolition,5,9,51.1,2.49,Rainy,Day,21.4,191.1
Mining,Aggregate Collection,7,9,43.7,3.95,Cloudy,Day,17.2,81.0
Mining,Surface Excavation,5,8,24.7,7.47,Rainy,Day,30.6,210.7
Construction,Site Preparation,7,5,9.2,13.67,Sunny,Day,23.4,227.6
Mining,Hauling Ore,8,6,7.6,8.0,Cloudy,Day,4.3,131.2
Construction,Foundation Work,6,6,32.6,3.32,Rainy,Night,15.5,323.9
Mining,Hauling Ore,6,9,28.6,2.42,Sunny,Night,24.5,116.5
Construction,Demolition,4,5,15.4,9.36,Rainy,Day,25.7,263.4
Marine & Rail,Rail Network Inspection,6,8,7.3,7.23,Sunny,Day,18.7,166.2
Data Center Power,Backup Generator Testing,5,8,52.3,7.62,Sunny,Night,17.4,75.4
Marine & Rail,Rail Network Inspection,4,7,30.0,6.04,Rainy,Day,3.7,166.3
Oil & Gas,Well Servicing,5,8,19.5,10.84,Cloudy,Night,13.2,251.8
Mining,Surface Excavation,7,8,63.3,6.1,Cloudy,Day,14.7,204.8
Data Center Power,Cooling System Inspection,7,6,35.5,3.32,Cloudy,Day,20.2,82.9
Mining,Drilling,4,6,64.3,4.53,Rainy,Day,-2.4,234.9
Marine & Rail,Rail Network Inspection,3,7,49.6,11.13,Sunny,Night,21.1,176.4
Data Center Power,Backup Generator Testing,1,9,46.2,1.83,Sunny,Day,18.1,47.4
Construction,Site Preparation,3,7,44.7,5.85,Sunny,Day,12.7,133.7
Marine & Rail,Tugboat Engine Service,4,6,20.0,5.65,Cloudy,Day,10.9,174.0
Oil & Gas,Well Drilling,7,6,17.0,3.26,Foggy,Night,33.0,549.1
Mining,Aggregate Collection,6,6,45.2,8.43,Sunny,Day,16.6,86.2
Data Center Power,Cooling System Inspection,3,7,27.6,4.18,Cloudy,Night,22.5,62.9
Marine & Rail,Tugboat Engine Service,3,5,25.2,4.59,Foggy,Day,11.9,208.0
Marine & Rail,Locomotive Maintenance,5,8,27.6,7.41,Sunny,Night,3.8,208.4
Construction,Road Building,5,9,33.2,2.8,Rainy,Day,19.7,231.6
Mining,Aggregate Collection,10,5,32.7,6.9,Cloudy,Day,12.5,114.8
Mining,Aggregate Collection,9,9,80.1,4.25,Cloudy,Day,-7.2,98.7
Data Center Power,Generator Maintenance,5,6,20.6,7.38,Sunny,Day,14.5,118.6
Mining,Surface Excavation,6,4,16.0,1.53,Sunny,Day,37.0,253.6
Construction,Road Building,2,8,19.2,9.65,Rainy,Night,21.5,247.1
Data Center Power,Backup Generator Testing,10,8,25.0,5.6,Sunny,Day,26.2,98.7
Data Center Power,Cooling System Inspection,9,9,17.8,1.39,Rainy,Night,23.8,85.8
Oil & Gas,Well Drilling,4,9,20.6,6.66,Rainy,Day,22.7,320.6
Mining,Aggregate Collection,4,9,37.1,13.18,Cloudy,Day,15.1,64.8
Data Center Power,Emergency Power Deployment,5,7,8.4,2.34,Sunny,Night,24.1,98.6
Mining,Drilling,4,9,17.4,3.24,Cloudy,Day,5.8,152.1
Mining,Surface Excavation,5,9,47.3,14.11,Rainy,Night,12.1,198.2
Construction,Road Building,2,8,30.2,13.0,Rainy,Day,29.1,264.5
Data Center Power,Backup Generator Testing,6,6,20.2,6.63,Sunny,Day,14.6,76.4
Data Center Power,Emergency Power Deployment,4,8,33.0,1.56,Rainy,Day,24.0,83.5
Oil & Gas,Pipeline Pumping,5,7,43.9,8.19,Rainy,Day,25.7,177.1
Construction,Road Building,6,6,47.1,8.91,Sunny,Day,17.6,323.4
Oil & Gas,Gas Compression Service,4,9,54.9,8.85,Foggy,Night,13.1,176.9
Oil & Gas,Well Servicing,10,8,21.2,7.92,Sunny,Day,10.7,310.4
Mining,Hauling Ore,5,8,44.2,8.4,Cloudy,Night,21.7,133.3
Data Center Power,Cooling System Inspection,2,7,30.2,2.63,Cloudy,Night,27.2,59.4
Construction,Excavation,9,6,50.1,9.03,Rainy,Day,9.1,336.3
Oil & Gas,Gas Compression Service,8,8,58.2,6.48,Sunny,Day,37.6,286.5
Construction,Site Preparation,3,9,8.0,6.09,Cloudy,Night,19.5,136.8
Marine & Rail,Rail Network Inspection,7,6,64.9,2.57,Rainy,Night,26.2,295.0
Construction,Material Loading,7,7,36.6,5.5,Cloudy,Day,29.7,88.6
Mining,Drilling,8,8,15.0,4.21,Rainy,Day,29.7,294.2
Mining,Surface Excavation,5,9,53.4,5.18,Cloudy,Day,15.4,149.3
Oil & Gas,Well Servicing,10,6,35.3,7.03,Cloudy,Night,24.8,499.4
Oil & Gas,Well Servicing,5,6,49.2,13.01,Rainy,Night,7.5,359.7
Oil & Gas,Well Drilling,4,6,33.3,13.41,Cloudy,Night,14.5,441.1
Data Center Power,Emergency Power Deployment,2,9,66.2,8.62,Sunny,Night,24.8,83.0
Mining,Surface Excavation,6,8,29.8,11.55,Rainy,Day,16.8,213.0
Construction,Material Loading,7,9,30.4,5.4,Rainy,Day,26.0,90.4
Construction,Foundation Work,4,9,25.4,3.06,Rainy,Night,12.7,204.4
Mining,Surface Excavation,1,6,25.0,5.76,Sunny,Day,12.2,134.9
Mining,Surface Excavation,7,8,32.2,1.13,Rainy,Day,22.4,213.6
Marine & Rail,Rail Network Inspection,4,9,41.8,17.98,Rainy,Day,6.0,169.6
Marine & Rail,Locomotive Maintenance,10,9,31.8,2.07,Cloudy,Night,13.8,286.9
Data Center Power,Emergency Power Deployment,3,6,34.6,1.4,Sunny,Day,21.6,90.7
Data Center Power,Backup Generator Testing,5,7,45.6,4.52,Cloudy,Day,18.6,71.0
Marine & Rail,Tugboat Engine Service,4,6,30.3,8.75,Rainy,Night,21.4,212.1
Mining,Aggregate Collection,3,6,7.8,5.14,Sunny,Day,29.2,67.5
Marine & Rail,Freight Operations,6,5,69.9,7.81,Foggy,Night,26.1,395.7
Marine & Rail,Rail Network Inspection,3,9,8.2,8.36,Cloudy,Day,23.3,134.9
Construction,Demolition,8,7,7.1,8.25,Sunny,Day,9.5,219.2
Data Center Power,Cooling System Inspection,4,9,31.5,2.57,Cloudy,Day,19.3,55.2
Marine & Rail,Tugboat Engine Service,9,6,63.9,6.95,Sunny,Day,11.2,289.7
Construction,Foundation Work,4,9,34.5,5.39,Foggy,Day,10.9,175.5
Construction,Site Preparation,3,7,48.3,7.83,Cloudy,Day,16.7,148.0
Oil & Gas,Well Drilling,6,9,48.1,6.81,Cloudy,Day,22.2,359.8
Mining,Surface Excavation,4,8,53.1,2.59,Sunny,Night,15.5,151.3
Oil & Gas,Pipeline Pumping,5,5,26.8,7.8,Cloudy,Night,46.6,228.9
Construction,Material Loading,8,8,32.6,7.09,Rainy,Day,23.5,102.1
Oil & Gas,Gas Compression Service,8,9,66.1,5.89,Sunny,Day,25.4,243.9
Marine & Rail,Tugboat Engine Service,4,8,47.6,5.5,Sunny,Day,19.8,153.0
Oil & Gas,Gas Compression Service,2,6,10.8,6.15,Sunny,Day,30.6,181.0
Oil & Gas,Pipeline Pumping,6,8,23.9,4.19,Foggy,Night,25.8,191.1
Marine & Rail,Locomotive Maintenance,5,7,6.1,10.23,Sunny,Night,6.3,229.1
Data Center Power,Cooling System Inspection,3,7,26.6,4.1,Sunny,Day,17.9,55.3
Construction,Demolition,1,6,33.4,9.27,Sunny,Day,22.1,160.8
Mining,Drilling,6,8,23.1,1.18,Sunny,Day,35.4,237.8
Mining,Drilling,6,5,31.5,1.21,Rainy,Day,20.3,307.5
Oil & Gas,Well Servicing,4,5,44.4,8.89,Sunny,Day,29.1,307.9
Data Center Power,Generator Maintenance,3,7,14.6,4.56,Rainy,Day,20.2,94.4
Oil & Gas,Well Drilling,7,9,64.4,5.72,Cloudy,Day,30.0,426.0
Oil & Gas,Well Servicing,5,6,34.4,5.9,Rainy,Day,-5.8,279.6
Oil & Gas,Well Servicing,8,7,49.7,6.33,Cloudy,Night,40.5,435.4
Construction,Demolition,5,7,75.6,5.37,Sunny,Day,7.5,191.3
Mining,Drilling,6,8,38.1,8.08,Sunny,Night,27.5,268.1
Oil & Gas,Well Servicing,3,6,37.0,5.82,Sunny,Day,40.4,282.8
Construction,Excavation,4,4,20.1,4.79,Cloudy,Day,22.0,218.2
Oil & Gas,Well Drilling,3,8,34.9,10.73,Sunny,Night,42.9,390.3
Mining,Surface Excavation,4,10,92.8,10.98,Cloudy,Night,27.9,177.3
Construction,Material Loading,7,8,47.2,4.41,Cloudy,Night,21.9,90.0
Oil & Gas,Well Servicing,5,5,44.5,11.65,Foggy,Night,44.4,439.6
Mining,Aggregate Collection,4,9,22.6,10.71,Rainy,Day,16.0,69.8
Marine & Rail,Rail Network Inspection,9,10,20.8,11.82,Cloudy,Night,3.2,203.8
Data Center Power,Generator Maintenance,6,8,32.4,1.18,Sunny,Day,21.6,103.1
Construction,Demolition,3,6,20.5,8.52,Cloudy,Night,5.5,190.3
Oil & Gas,Gas Compression Service,6,8,14.1,16.57,Sunny,Night,22.8,236.2
Mining,Aggregate Collection,8,8,41.9,1.14,Sunny,Day,17.8,87.6
Data Center Power,Emergency Power Deployment,6,8,52.7,0.95,Cloudy,Day,18.0,95.3
Mining,Aggregate Collection,5,9,35.1,10.47,Sunny,Day,23.7,70.9
Oil & Gas,Well Drilling,5,8,36.6,4.3,Sunny,Night,33.6,409.5
Data Center Power,Backup Generator Testing,2,4,9.1,4.05,Foggy,Night,17.4,70.1
Mining,Surface Excavation,3,8,35.2,7.24,Cloudy,Day,39.5,170.9
Mining,Drilling,8,6,4.1,9.1,Sunny,Night,12.1,305.4
Mining,Aggregate Collection,5,6,87.3,13.29,Sunny,Night,7.8,87.2
Data Center Power,Generator Maintenance,3,8,17.9,4.02,Cloudy,Day,17.8,80.7
Data Center Power,Generator Maintenance,4,8,81.1,13.17,Cloudy,Night,18.9,124.3
Mining,Drilling,4,9,86.2,10.74,Cloudy,Day,24.9,216.4
Marine & Rail,Rail Network Inspection,9,7,14.9,7.57,Rainy,Day,7.1,238.0
Oil & Gas,Gas Compression Service,7,6,21.9,10.6,Cloudy,Day,35.4,295.5
Marine & Rail,Locomotive Maintenance,7,7,23.7,3.68,Cloudy,Day,10.5,248.7
Construction,Foundation Work,2,9,45.0,0.58,Sunny,Night,14.1,154.8
Construction,Foundation Work,7,7,21.6,9.4,Rainy,Day,22.5,314.8
Construction,Excavation,7,7,13.2,0.51,Sunny,Day,9.1,175.1
Marine & Rail,Locomotive Maintenance,5,3,28.1,7.37,Foggy,Day,18.3,332.8
Construction,Site Preparation,6,9,24.2,8.87,Cloudy,Day,11.0,153.8
Mining,Drilling,4,7,13.1,3.2,Sunny,Night,19.7,210.0
Data Center Power,Generator Maintenance,6,6,51.3,6.16,Cloudy,Day,21.5,144.8
Data Center Power,Generator Maintenance,7,5,19.2,0.79,Sunny,Day,19.2,138.3
Oil & Gas,Gas Compression Service,4,7,35.8,11.81,Sunny,Night,17.6,203.4
Mining,Hauling Ore,4,7,16.3,13.24,Cloudy,Night,22.8,127.6
Oil & Gas,Well Drilling,4,7,10.7,1.14,Sunny,Day,34.5,350.0
Data Center Power,Emergency Power Deployment,6,8,21.0,5.58,Sunny,Day,21.7,102.7
Mining,Surface Excavation,3,9,6.6,5.23,Sunny,Night,27.5,139.7
Marine & Rail,Rail Network Inspection,10,7,39.7,13.19,Sunny,Day,27.4,297.8
Mining,Surface Excavation,5,6,20.1,8.23,Sunny,Day,13.1,188.6
Marine & Rail,Rail Network Inspection,7,7,29.8,5.66,Cloudy,Day,34.2,228.8
Marine & Rail,Rail Network Inspection,4,7,21.9,6.24,Sunny,Day,20.8,162.9
Construction,Site Preparation,6,6,44.6,0.62,Cloudy,Day,26.1,182.6
Mining,Drilling,3,8,38.9,3.53,Cloudy,Day,18.3,166.6
Construction,Foundation Work,8,8,82.9,6.46,Rainy,Day,11.9,345.3
Mining,Hauling Ore,5,5,17.5,14.08,Cloudy,Night,26.4,151.2
Mining,Aggregate Collection,6,5,13.1,7.09,Cloudy,Day,16.4,84.2
Marine & Rail,Rail Network Inspection,6,6,70.4,12.0,Rainy,Day,29.6,282.1
Marine & Rail,Freight Operations,3,9,22.4,2.67,Cloudy,Night,17.7,186.4
Data Center Power,Generator Maintenance,10,8,9.6,5.39,Rainy,Day,23.2,135.3
Construction,Foundation Work,5,5,44.3,1.69,Cloudy,Day,17.6,273.4
Construction,Road Building,9,6,78.2,8.43,Sunny,Day,31.1,519.1
Mining,Drilling,3,9,15.3,6.37,Rainy,Day,26.9,192.0
Construction,Site Preparation,6,6,48.3,11.98,Rainy,Day,19.8,236.3
Construction,Site Preparation,4,7,6.2,4.31,Sunny,Day,14.1,137.9
Data Center Power,Emergency Power Deployment,6,9,33.3,7.07,Sunny,Day,18.1,94.8
Data Center Power,Emergency Power Deployment,5,10,50.9,5.34,Sunny,Night,21.4,84.1
Mining,Surface Excavation,5,7,66.3,15.76,Sunny,Day,-3.5,190.7
Oil & Gas,Well Drilling,1,9,32.9,15.07,Sunny,Day,40.9,285.6
Marine & Rail,Rail Network Inspection,6,6,28.6,8.11,Sunny,Night,6.0,186.2
Oil & Gas,Well Servicing,5,4,43.3,11.22,Cloudy,Night,48.0,453.9
Mining,Surface Excavation,3,7,34.8,5.91,Sunny,Night,5.1,152.4
Data Center Power,Backup Generator Testing,2,7,40.5,6.83,Sunny,Day,24.5,57.7
Data Center Power,Backup Generator Testing,6,8,62.1,3.72,Sunny,Night,24.1,85.5
Construction,Road Building,5,8,42.2,6.64,Rainy,Day,20.0,286.6
Marine & Rail,Locomotive Maintenance,4,9,63.2,3.54,Sunny,Night,16.2,199.7
Mining,Hauling Ore,5,7,44.9,7.42,Rainy,Day,-10.0,118.9
Construction,Demolition,2,8,14.1,2.68,Rainy,Day,16.4,146.9
Data Center Power,Backup Generator Testing,3,8,17.0,3.15,Cloudy,Night,20.2,62.8
Marine & Rail,Tugboat Engine Service,5,6,56.6,5.21,Cloudy,Night,5.2,204.9
Mining,Drilling,6,10,56.8,1.82,Rainy,Day,28.9,228.3
Construction,Material Loading,1,5,61.1,2.96,Rainy,Night,23.2,70.2
Oil & Gas,Well Drilling,7,8,19.5,3.61,Sunny,Day,9.1,334.9
Mining,Surface Excavation,8,8,38.8,3.84,Rainy,Night,23.2,267.8
Marine & Rail,Freight Operations,4,8,31.1,2.45,Sunny,Day,3.8,179.3
Construction,Demolition,8,9,48.2,6.47,Sunny,Day,16.7,210.6
Construction,Road Building,6,9,65.3,5.22,Sunny,Day,10.5,233.4
Construction,Foundation Work,5,6,52.5,2.5,Cloudy,Day,24.5,265.6
Marine & Rail,Tugboat Engine Service,10,6,23.7,5.2,Cloudy,Day,12.5,260.8
Oil & Gas,Well Servicing,5,8,20.3,6.25,Rainy,Day,20.4,267.7
Marine & Rail,Tugboat Engine Service,1,8,46.5,5.99,Cloudy,Day,17.7,124.9
Oil & Gas,Gas Compression Service,7,8,53.3,5.66,Sunny,Day,29.5,249.6
Marine & Rail,Rail Network Inspection,4,9,54.9,1.86,Sunny,Day,27.7,155.9
Marine & Rail,Freight Operations,2,6,38.7,2.54,Sunny,Day,19.5,186.9
Oil & Gas,Well Servicing,4,5,53.3,12.89,Sunny,Day,48.0,371.9
Data Center Power,Generator Maintenance,7,6,9.9,11.41,Cloudy,Day,25.7,151.5
Construction,Material Loading,5,6,67.0,10.88,Sunny,Night,28.1,97.7
Data Center Power,Emergency Power Deployment,3,7,63.9,2.99,Rainy,Night,25.1,99.1
Construction,Material Loading,6,7,4.4,4.71,Sunny,Day,33.9,78.7
Oil & Gas,Well Drilling,5,8,34.2,7.96,Cloudy,Day,36.1,432.3
Mining,Surface Excavation,5,7,15.9,1.19,Sunny,Day,31.4,178.1
Oil & Gas,Well Drilling,7,6,61.2,4.77,Sunny,Day,48.0,580.9
Marine & Rail,Locomotive Maintenance,7,8,14.8,5.49,Sunny,Day,7.5,222.7
Data Center Power,Generator Maintenance,7,7,67.7,1.8,Cloudy,Night,21.6,151.1
Oil & Gas,Pipeline Pumping,10,8,58.4,8.72,Sunny,Day,25.1,276.8
Data Center Power,Cooling System Inspection,7,7,34.9,8.3,Rainy,Night,19.7,89.7
Construction,Material Loading,4,8,55.6,6.74,Sunny,Day,28.1,70.0
Mining,Aggregate Collection,5,7,36.3,3.19,Foggy,Day,25.9,80.0
Data Center Power,Emergency Power Deployment,7,9,34.8,2.73,Sunny,Day,18.2,91.3
Oil & Gas,Well Servicing,4,5,25.2,2.7,Cloudy,Day,45.3,317.2
Marine & Rail,Tugboat Engine Service,6,8,49.2,11.03,Sunny,Day,-0.7,172.8
Data Center Power,Cooling System Inspection,7,6,32.0,7.76,Sunny,Day,22.9,83.4
Data Center Power,Emergency Power Deployment,2,8,57.6,8.1,Sunny,Day,26.4,81.6
Marine & Rail,Locomotive Maintenance,4,9,31.8,7.06,Cloudy,Day,7.6,170.6
Mining,Hauling Ore,5,8,38.6,9.03,Sunny,Day,19.6,115.7
Mining,Surface Excavation,4,7,28.6,5.27,Cloudy,Day,9.5,158.9
Oil & Gas,Well Servicing,10,9,25.8,9.71,Sunny,Day,33.5,355.9
Oil & Gas,Well Servicing,6,8,43.8,11.36,Cloudy,Day,3.5,253.9
Mining,Surface Excavation,5,9,42.4,2.65,Sunny,Day,-10.0,128.3
Mining,Aggregate Collection,6,9,69.9,1.2,Sunny,Night,12.0,81.7
Mining,Surface Excavation,5,5,31.1,6.12,Rainy,Day,17.4,235.6
Mining,Drilling,5,8,11.0,11.87,Sunny,Day,34.1,242.6
Mining,Hauling Ore,3,7,63.7,14.87,Sunny,Day,38.4,135.9
Mining,Aggregate Collection,1,4,10.8,4.68,Rainy,Night,18.1,68.8
Oil & Gas,Pipeline Pumping,6,9,2.6,2.95,Cloudy,Day,20.7,141.1
Marine & Rail,Locomotive Maintenance,2,6,38.1,6.24,Cloudy,Day,20.9,219.2
Data Center Power,Cooling System Inspection,4,9,21.1,5.21,Cloudy,Day,19.9,54.7
Data Center Power,Emergency Power Deployment,5,8,9.1,2.58,Sunny,Night,20.1,92.8
Data Center Power,Emergency Power Deployment,8,7,66.0,9.03,Rainy,Day,18.5,155.9
Construction,Excavation,8,9,61.6,4.37,Rainy,Day,12.1,230.2
Construction,Road Building,2,9,28.4,3.3,Sunny,Night,23.2,178.0
Marine & Rail,Rail Network Inspection,5,4,17.0,9.62,Foggy,Day,34.0,265.0
Construction,Excavation,2,6,12.5,0.55,Cloudy,Day,17.9,142.4
Data Center Power,Emergency Power Deployment,4,6,63.6,0.35,Sunny,Day,17.4,97.3
Mining,Drilling,8,8,29.3,4.99,Sunny,Day,28.0,267.3
Marine & Rail,Locomotive Maintenance,2,8,53.9,8.47,Sunny,Day,20.8,185.4
Oil & Gas,Well Drilling,4,7,6.4,13.73,Foggy,Night,25.8,425.8
Construction,Excavation,6,7,30.8,8.72,Sunny,Night,31.3,249.8
Oil & Gas,Gas Compression Service,8,5,83.4,3.66,Sunny,Day,39.1,386.4
Construction,Foundation Work,9,5,12.3,4.3,Sunny,Night,21.5,375.4
Marine & Rail,Locomotive Maintenance,10,6,31.9,3.52,Rainy,Day,32.1,423.6
Construction,Excavation,5,10,38.6,3.7,Sunny,Day,16.8,131.9
Oil & Gas,Well Servicing,9,8,72.5,17.34,Cloudy,Day,15.3,425.6
Oil & Gas,Pipeline Pumping,3,8,24.1,2.79,Foggy,Day,20.1,130.7
Data Center Power,Emergency Power Deployment,7,5,35.1,1.99,Foggy,Night,17.7,147.5
Oil & Gas,Pipeline Pumping,4,7,28.6,4.49,Rainy,Day,5.9,132.1
Data Center Power,Cooling System Inspection,3,9,13.5,1.29,Rainy,Day,24.1,52.6
Oil & Gas,Well Drilling,6,8,15.4,7.94,Sunny,Night,31.6,430.2
Marine & Rail,Tugboat Engine Service,7,8,29.9,6.56,Sunny,Day,12.0,188.9
Construction,Site Preparation,8,8,26.0,2.13,Sunny,Day,19.1,183.0
Oil & Gas,Gas Compression Service,8,9,63.7,6.51,Cloudy,Night,40.5,303.6
Marine & Rail,Locomotive Maintenance,7,8,14.7,8.16,Foggy,Day,16.6,262.0
Oil & Gas,Well Drilling,4,10,31.2,7.82,Sunny,Night,36.1,317.4
Mining,Aggregate Collection,5,9,31.5,7.23,Cloudy,Day,12.1,63.7
Oil & Gas,Pipeline Pumping,6,9,51.9,4.33,Cloudy,Night,36.4,207.1
Mining,Surface Excavation,5,9,49.3,6.7,Sunny,Day,41.4,188.7
Construction,Foundation Work,10,9,25.8,4.71,Cloudy,Day,2.8,248.7
Construction,Foundation Work,9,7,59.9,3.48,Sunny,Night,1.8,346.9
Construction,Road Building,5,8,42.1,6.22,Sunny,Day,15.6,236.0
Marine & Rail,Tugboat Engine Service,9,6,68.8,13.97,Cloudy,Day,17.6,350.0
Oil & Gas,Pipeline Pumping,7,9,81.2,0.71,Cloudy,Night,45.0,230.9
Oil & Gas,Well Servicing,7,5,70.2,5.75,Sunny,Night,26.2,444.8
Construction,Material Loading,5,9,28.5,7.39,Sunny,Day,9.6,59.8
Mining,Surface Excavation,4,7,31.9,10.42,Rainy,Day,23.4,208.0
Marine & Rail,Locomotive Maintenance,6,9,28.5,6.75,Sunny,Day,7.0,192.4
Marine & Rail,Rail Network Inspection,5,9,40.5,2.26,Rainy,Day,27.1,189.7
Marine & Rail,Tugboat Engine Service,7,6,33.3,3.18,Foggy,Day,13.5,252.4
Construction,Foundation Work,5,9,48.5,0.5,Sunny,Day,12.6,177.1
Data Center Power,Generator Maintenance,6,7,49.5,2.21,Sunny,Day,22.1,119.8
Construction,Excavation,2,8,3.8,5.15,Cloudy,Day,6.3,118.0
Construction,Demolition,6,8,46.6,4.62,Sunny,Day,20.4,198.1
Data Center Power,Backup Generator Testing,6,8,79.7,5.97,Cloudy,Day,22.8,82.4
Mining,Hauling Ore,10,8,41.6,2.77,Rainy,Night,28.6,213.8
Marine & Rail,Tugboat Engine Service,4,6,23.7,13.87,Cloudy,Night,18.7,214.5
Oil & Gas,Well Drilling,2,6,23.1,6.97,Sunny,Night,8.8,308.5
Oil & Gas,Well Servicing,7,8,41.7,11.37,Sunny,Day,20.2,301.1
Oil & Gas,Well Drilling,5,7,22.0,14.8,Sunny,Day,23.6,426.5
Construction,Demolition,3,8,29.2,2.03,Cloudy,Night,15.9,148.8
Construction,Site Preparation,5,7,24.0,2.52,Cloudy,Day,23.3,159.2
Construction,Excavation,4,10,11.8,3.48,Sunny,Day,25.3,122.8
Marine & Rail,Locomotive Maintenance,5,5,9.0,9.77,Sunny,Day,10.5,261.9
Data Center Power,Cooling System Inspection,7,8,64.4,0.09,Sunny,Day,23.7,79.2
Marine & Rail,Tugboat Engine Service,3,8,46.5,9.27,Cloudy,Day,21.7,160.3
Marine & Rail,Locomotive Maintenance,2,6,38.2,7.68,Cloudy,Day,1.4,198.0
Mining,Drilling,7,5,38.5,2.85,Sunny,Day,18.3,304.7
Marine & Rail,Rail Network Inspection,7,9,23.9,12.83,Rainy,Day,10.5,200.6
Oil & Gas,Well Servicing,7,9,55.7,8.84,Sunny,Day,39.3,317.3
Construction,Road Building,5,9,48.7,6.16,Cloudy,Night,19.6,244.4
Mining,Hauling Ore,5,8,28.7,9.46,Sunny,Day,37.0,132.4
Mining,Hauling Ore,5,5,14.7,17.64,Cloudy,Night,-0.2,137.3
Oil & Gas,Pipeline Pumping,7,8,14.3,3.8,Sunny,Night,18.2,174.9
Marine & Rail,Tugboat Engine Service,6,8,66.2,8.03,Sunny,Night,6.5,194.4
Oil & Gas,Well Servicing,3,7,39.0,2.07,Cloudy,Day,23.4,217.8
Data Center Power,Cooling System Inspection,1,8,8.6,3.28,Cloudy,Day,22.5,45.0
Oil & Gas,Well Drilling,10,7,72.4,6.75,Rainy,Day,12.8,716.2
Construction,Foundation Work,5,7,54.1,2.52,Cloudy,Day,10.1,221.7
Marine & Rail,Locomotive Maintenance,5,8,30.1,8.44,Cloudy,Night,21.4,247.5
Construction,Road Building,5,8,17.2,2.96,Sunny,Day,19.1,216.4
Data Center Power,Emergency Power Deployment,5,7,63.3,4.79,Sunny,Night,16.7,113.9
Construction,Foundation Work,7,8,60.7,0.45,Sunny,Day,10.3,232.2
Oil & Gas,Gas Compression Service,9,8,91.7,8.55,Cloudy,Day,32.4,357.8
Construction,Demolition,4,9,55.2,3.0,Sunny,Day,17.5,142.5
Oil & Gas,Well Drilling,7,8,47.2,6.0,Sunny,Night,44.0,517.8
Mining,Surface Excavation,6,8,64.7,2.39,Sunny,Day,40.4,220.2
Construction,Foundation Work,9,9,28.2,5.48,Sunny,Day,15.1,250.8
Oil & Gas,Pipeline Pumping,8,7,17.1,15.31,Cloudy,Night,33.2,268.7
Mining,Drilling,2,9,7.7,7.73,Foggy,Day,23.2,154.8
Construction,Foundation Work,4,9,53.1,10.95,Rainy,Night,29.7,253.4
Construction,Road Building,5,3,29.2,8.33,Cloudy,Night,20.2,405.2
Data Center Power,Emergency Power Deployment,3,9,53.6,4.55,Sunny,Night,22.4,79.3
Marine & Rail,Freight Operations,4,8,3.2,12.5,Sunny,Night,17.9,215.2
Marine & Rail,Tugboat Engine Service,7,8,42.1,9.41,Sunny,Day,30.7,232.0
Oil & Gas,Well Servicing,4,5,51.9,11.06,Rainy,Day,37.4,417.3
Marine & Rail,Tugboat Engine Service,7,8,21.7,1.38,Rainy,Night,14.6,188.0
Data Center Power,Backup Generator Testing,7,7,41.2,6.69,Cloudy,Night,21.9,96.6
Construction,Excavation,5,9,37.9,7.14,Sunny,Day,16.2,154.0
Construction,Road Building,6,8,38.5,7.65,Cloudy,Day,27.6,294.7
Data Center Power,Cooling System Inspection,5,6,57.7,1.02,Sunny,Day,23.5,72.7
Oil & Gas,Well Servicing,3,6,16.7,3.24,Sunny,Day,30.9,244.1
Mining,Aggregate Collection,3,6,36.7,5.25,Cloudy,Day,21.8,67.6
Oil & Gas,Gas Compression Service,4,6,30.0,10.59,Cloudy,Day,31.7,239.7
Mining,Drilling,2,6,5.1,3.65,Sunny,Day,20.6,177.2
Construction,Foundation Work,9,6,53.0,10.15,Sunny,Night,17.2,395.9
Mining,Aggregate Collection,1,8,11.6,16.22,Rainy,Night,4.9,57.8
Mining,Hauling Ore,5,8,22.0,12.98,Cloudy,Night,18.9,124.4
Construction,Material Loading,6,8,20.5,2.5,Sunny,Day,33.8,73.4
Marine & Rail,Rail Network Inspection,5,7,68.5,5.9,Rainy,Day,13.6,204.1
Data Center Power,Generator Maintenance,6,7,40.9,3.17,Cloudy,Day,21.8,119.2
Oil & Gas,Pipeline Pumping,2,6,43.0,5.71,Sunny,Night,27.4,157.0
Mining,Aggregate Collection,2,8,62.2,9.17,Sunny,Day,16.1,59.4
Oil & Gas,Well Servicing,4,8,14.3,7.88,Rainy,Night,48.0,304.9
Construction,Site Preparation,8,5,36.6,1.21,Sunny,Day,21.3,216.3
Marine & Rail,Freight Operations,8,6,53.1,7.21,Sunny,Night,9.2,329.6
Construction,Road Building,6,9,19.0,10.35,Rainy,Night,13.8,285.4
Oil & Gas,Gas Compression Service,4,10,30.5,11.47,Sunny,Day,32.4,159.9
Oil & Gas,Well Servicing,5,9,43.5,14.29,Sunny,Day,22.1,240.4
Marine & Rail,Tugboat Engine Service,8,9,45.7,9.81,Foggy,Day,25.0,275.5
Data Center Power,Cooling System Inspection,6,9,73.9,6.29,Cloudy,Night,17.4,79.3
Construction,Excavation,2,7,7.8,12.48,Cloudy,Night,5.1,153.5
Mining,Aggregate Collection,7,9,70.0,10.51,Rainy,Day,22.1,105.1
Marine & Rail,Freight Operations,7,9,26.9,6.47,Cloudy,Day,26.8,259.6
Mining,Surface Excavation,8,7,38.6,3.91,Rainy,Night,8.8,252.8
Mining,Surface Excavation,5,7,8.4,9.13,Cloudy,Day,15.7,181.1
Construction,Foundation Work,4,9,11.7,2.66,Rainy,Day,23.0,199.3
Construction,Foundation Work,5,8,16.5,7.2,Sunny,Day,8.5,195.9
Marine & Rail,Freight Operations,5,8,59.0,5.08,Sunny,Night,23.0,245.2
Marine & Rail,Tugboat Engine Service,8,8,30.8,10.72,Cloudy,Night,19.7,247.1
Oil & Gas,Well Drilling,10,7,74.3,11.97,Sunny,Night,30.5,851.9
Marine & Rail,Locomotive Maintenance,4,5,22.3,6.57,Rainy,Day,6.9,241.3
Marine & Rail,Tugboat Engine Service,7,7,44.9,5.11,Cloudy,Night,23.4,244.6
Oil & Gas,Well Drilling,5,6,26.1,10.02,Sunny,Night,27.6,490.2
Data Center Power,Generator Maintenance,5,6,13.4,3.82,Cloudy,Night,22.7,127.8
Construction,Excavation,8,8,45.2,5.9,Sunny,Day,13.8,215.8
Oil & Gas,Well Servicing,8,8,41.7,3.68,Sunny,Day,18.0,290.1
Oil & Gas,Gas Compression Service,8,9,42.2,5.22,Rainy,Night,31.9,257.8
Data Center Power,Backup Generator Testing,8,9,17.7,2.63,Cloudy,Day,23.1,79.1
Mining,Surface Excavation,3,4,31.0,8.85,Sunny,Night,6.7,201.3
Data Center Power,Emergency Power Deployment,3,6,69.7,2.92,Sunny,Night,26.8,109.6
Marine & Rail,Tugboat Engine Service,6,8,11.9,9.35,Cloudy,Night,4.9,176.8
Data Center Power,Backup Generator Testing,5,8,15.7,4.55,Sunny,Day,22.6,67.1
Mining,Hauling Ore,6,7,7.1,8.4,Cloudy,Day,23.8,126.3
Mining,Surface Excavation,4,8,62.4,2.53,Rainy,Day,9.3,161.4
Oil & Gas,Gas Compression Service,3,6,6.6,11.16,Foggy,Day,48.0,234.5
Oil & Gas,Pipeline Pumping,8,9,42.4,6.59,Cloudy,Day,28.4,208.6
Marine & Rail,Freight Operations,9,8,22.8,8.47,Sunny,Night,18.8,319.1
Mining,Surface Excavation,5,8,24.8,10.05,Cloudy,Day,28.8,189.1
Mining,Aggregate Collection,6,6,11.1,6.21,Sunny,Day,24.2,82.9
Oil & Gas,Pipeline Pumping,5,9,8.7,5.29,Sunny,Day,16.0,129.9
Oil & Gas,Well Drilling,5,9,69.7,15.16,Rainy,Day,4.9,382.3
Construction,Material Loading,7,9,25.4,4.93,Foggy,Day,21.9,77.4
Oil & Gas,Well Servicing,5,8,39.3,13.76,Sunny,Day,48.0,297.1
Construction,Material Loading,3,8,40.2,12.63,Rainy,Night,40.0,93.1
Mining,Hauling Ore,6,8,44.3,4.36,Rainy,Night,14.4,138.7
Marine & Rail,Locomotive Maintenance,9,7,12.5,6.86,Sunny,Night,6.1,299.7
Marine & Rail,Rail Network Inspection,6,6,43.0,4.42,Sunny,Day,29.7,208.8
Marine & Rail,Tugboat Engine Service,5,9,29.6,6.78,Rainy,Day,27.8,164.3
Oil & Gas,Well Servicing,4,8,31.9,11.46,Cloudy,Night,28.2,281.8
Data Center Power,Cooling System Inspection,5,7,56.8,9.81,Cloudy,Day,23.4,74.0
Oil & Gas,Well Drilling,10,7,66.0,7.93,Cloudy,Night,13.5,674.2
Oil & Gas,Well Drilling,6,9,34.2,7.87,Sunny,Night,24.1,382.0
Marine & Rail,Rail Network Inspection,3,7,28.4,12.61,Foggy,Day,25.4,199.0
Construction,Material Loading,5,6,46.4,7.8,Cloudy,Night,17.6,83.3
Data Center Power,Emergency Power Deployment,4,8,13.5,2.77,Cloudy,Day,25.6,81.4
Oil & Gas,Pipeline Pumping,9,9,20.2,5.23,Foggy,Day,23.0,203.3
Construction,Road Building,2,8,17.9,6.09,Sunny,Day,14.6,176.2
Oil & Gas,Well Servicing,4,4,23.8,8.13,Sunny,Night,25.9,334.4
Mining,Hauling Ore,3,7,18.2,4.24,Rainy,Day,13.7,99.4
Marine & Rail,Locomotive Maintenance,4,9,37.6,5.9,Foggy,Day,14.3,182.9
Data Center Power,Cooling System Inspection,6,4,85.6,4.47,Sunny,Night,18.9,95.1
Construction,Road Building,4,9,54.1,12.22,Sunny,Day,17.4,232.2
Construction,Road Building,7,8,26.2,2.54,Foggy,Day,15.0,274.2
Construction,Demolition,6,8,42.1,2.97,Rainy,Day,22.0,223.2
Oil & Gas,Well Drilling,9,6,44.0,4.93,Sunny,Day,6.1,506.4
Construction,Foundation Work,7,9,5.2,3.92,Foggy,Day,15.7,200.1
Data Center Power,Generator Maintenance,6,8,10.9,4.16,Sunny,Day,23.2,104.6
Construction,Excavation,7,8,43.8,1.32,Cloudy,Day,20.0,200.3
Oil & Gas,Pipeline Pumping,5,8,34.2,4.99,Sunny,Night,15.3,155.0
Marine & Rail,Rail Network Inspection,3,8,55.7,3.17,Sunny,Night,10.5,144.7
Marine & Rail,Freight Operations,6,8,32.3,7.93,Cloudy,Day,20.3,243.6
Mining,Drilling,3,10,50.9,17.58,Cloudy,Day,15.7,173.0
Data Center Power,Emergency Power Deployment,6,5,23.9,4.53,Cloudy,Day,20.9,124.1
Construction,Road Building,7,9,3.6,6.64,Cloudy,Day,11.5,224.8
Marine & Rail,Locomotive Maintenance,4,8,33.7,7.53,Cloudy,Night,23.7,239.7
Construction,Material Loading,3,6,68.0,2.13,Cloudy,Day,34.5,71.4
Oil & Gas,Well Servicing,2,7,31.2,7.86,Cloudy,Night,19.9,229.6
Mining,Surface Excavation,4,10,47.4,3.37,Sunny,Night,14.9,127.4
Data Center Power,Cooling System Inspection,7,9,20.8,4.56,Sunny,Day,24.4,69.4
Oil & Gas,Well Servicing,8,9,17.2,6.67,Cloudy,Day,22.5,265.0
Mining,Aggregate Collection,4,8,28.2,2.94,Cloudy,Night,12.6,65.8
Marine & Rail,Tugboat Engine Service,4,7,31.6,7.73,Rainy,Night,15.3,186.7
Oil & Gas,Pipeline Pumping,3,6,15.3,3.05,Sunny,Day,30.3,145.5
Mining,Aggregate Collection,4,8,9.5,1.9,Rainy,Day,28.2,74.8
Marine & Rail,Rail Network Inspection,7,7,38.9,0.54,Cloudy,Day,16.1,193.9
Oil & Gas,Well Drilling,3,8,46.9,2.73,Rainy,Day,29.0,352.6
Mining,Hauling Ore,2,9,33.0,6.16,Foggy,Night,4.4,96.2
Data Center Power,Emergency Power Deployment,10,6,33.4,7.72,Cloudy,Day,22.1,173.5
Data Center Power,Cooling System Inspection,6,8,1.0,3.25,Cloudy,Day,18.2,63.9
Marine & Rail,Freight Operations,5,8,52.7,3.3,Rainy,Day,8.6,235.6
Construction,Site Preparation,7,5,26.0,4.09,Cloudy,Day,18.5,204.1
Oil & Gas,Well Servicing,6,5,60.9,5.07,Rainy,Day,43.4,469.3
Data Center Power,Generator Maintenance,5,5,42.0,4.96,Sunny,Day,24.1,132.8
Mining,Hauling Ore,8,8,37.3,14.08,Sunny,Day,26.8,168.8
Oil & Gas,Well Servicing,4,10,63.1,6.69,Cloudy,Day,17.3,189.6
Mining,Drilling,3,6,38.6,5.42,Sunny,Day,29.1,227.8
Construction,Excavation,2,7,70.4,5.54,Cloudy,Night,21.6,175.8
Construction,Material Loading,6,8,9.3,4.31,Sunny,Day,9.0,59.5
Construction,Excavation,6,7,30.5,3.46,Sunny,Day,16.2,185.4
Mining,Drilling,8,8,38.0,4.16,Rainy,Day,22.2,305.6
Data Center Power,Generator Maintenance,2,9,67.2,4.19,Sunny,Night,23.9,84.7
Construction,Foundation Work,6,9,16.7,4.5,Rainy,Night,-5.0,226.4
Construction,Road Building,3,8,10.0,4.4,Cloudy,Day,3.4,176.4
Data Center Power,Backup Generator Testing,7,6,24.0,3.99,Rainy,Day,16.9,83.7
Mining,Surface Excavation,5,9,73.3,7.45,Cloudy,Night,16.6,173.2
Oil & Gas,Well Servicing,6,6,42.1,3.78,Sunny,Day,25.5,313.8
Marine & Rail,Locomotive Maintenance,6,8,11.8,2.63,Sunny,Night,20.7,234.0
Construction,Site Preparation,5,9,42.1,11.73,Sunny,Day,18.3,162.7
Mining,Surface Excavation,4,8,8.1,4.56,Cloudy,Day,8.0,131.6
Marine & Rail,Tugboat Engine Service,1,8,60.7,9.06,Foggy,Night,-6.7,148.4
Marine & Rail,Freight Operations,7,10,14.2,4.69,Sunny,Day,7.7,200.5
Oil & Gas,Pipeline Pumping,9,9,18.2,5.09,Cloudy,Night,32.9,228.3
Mining,Drilling,6,6,80.4,2.8,Sunny,Day,15.6,288.2
Mining,Aggregate Collection,4,9,17.5,6.05,Sunny,Day,33.3,68.7
Marine & Rail,Locomotive Maintenance,6,9,22.5,11.13,Rainy,Day,8.2,209.7
Oil & Gas,Well Servicing,8,9,29.3,2.81,Sunny,Day,25.3,253.9
Mining,Aggregate Collection,4,9,29.0,3.87,Sunny,Day,24.2,63.2
Oil & Gas,Well Drilling,6,5,24.2,4.61,Sunny,Night,27.7,527.8
Construction,Foundation Work,7,6,35.0,6.47,Sunny,Day,40.0,339.9
Construction,Site Preparation,4,4,20.1,6.65,Rainy,Day,11.7,176.9
Construction,Demolition,8,8,6.5,2.78,Cloudy,Day,28.8,218.3
Marine & Rail,Tugboat Engine Service,5,9,29.7,10.25,Foggy,Night,5.5,192.8
Oil & Gas,Pipeline Pumping,1,5,69.7,1.23,Sunny,Day,41.1,146.1
Data Center Power,Cooling System Inspection,9,9,15.3,1.28,Sunny,Night,19.6,83.4
Marine & Rail,Locomotive Maintenance,1,7,47.2,9.8,Sunny,Night,32.1,230.6
Construction,Foundation Work,6,4,88.7,0.3,Foggy,Day,25.5,366.0
Data Center Power,Cooling System Inspection,9,5,26.0,2.7,Sunny,Night,21.0,103.0
Mining,Drilling,5,7,54.5,6.31,Rainy,Night,25.3,308.4
Data Center Power,Emergency Power Deployment,7,7,17.2,5.68,Cloudy,Day,20.4,113.6
Oil & Gas,Well Servicing,5,8,63.6,10.2,Cloudy,Day,46.9,310.1
Mining,Hauling Ore,7,9,30.1,5.65,Rainy,Day,0.2,122.1
Marine & Rail,Rail Network Inspection,6,5,51.6,5.53,Foggy,Day,17.4,258.0
Marine & Rail,Locomotive Maintenance,10,7,34.6,5.76,Sunny,Night,21.2,381.4
Data Center Power,Emergency Power Deployment,4,8,56.6,4.28,Cloudy,Night,20.6,96.4
Marine & Rail,Locomotive Maintenance,9,8,28.7,10.0,Rainy,Day,27.5,345.2
Marine & Rail,Locomotive Maintenance,5,9,71.2,2.25,Sunny,Day,26.8,211.0
Mining,Drilling,6,8,24.0,7.65,Sunny,Day,1.5,195.3
Construction,Site Preparation,8,6,66.1,7.3,Rainy,Day,20.0,280.8
Construction,Road Building,3,9,51.5,8.32,Rainy,Day,40.0,263.7
Oil & Gas,Well Drilling,10,8,43.3,2.59,Rainy,Night,14.9,597.1
Oil & Gas,Pipeline Pumping,6,7,17.2,6.69,Sunny,Night,23.7,188.7
Construction,Foundation Work,8,8,15.6,4.65,Sunny,Day,8.7,235.5
Data Center Power,Generator Maintenance,5,9,13.7,0.57,Sunny,Night,20.9,88.7
Marine & Rail,Locomotive Maintenance,8,7,63.3,8.88,Sunny,Day,20.3,366.9
Oil & Gas,Pipeline Pumping,6,7,35.1,0.76,Cloudy,Night,31.5,193.2
Oil & Gas,Well Drilling,8,8,22.9,5.2,Sunny,Day,17.4,393.3
Oil & Gas,Pipeline Pumping,9,8,52.3,3.22,Cloudy,Night,-3.8,212.0
Data Center Power,Cooling System Inspection,1,9,44.8,1.22,Cloudy,Night,18.5,47.7
Marine & Rail,Freight Operations,7,5,35.4,11.42,Rainy,Night,9.7,339.7
Mining,Hauling Ore,6,5,38.9,10.91,Cloudy,Day,20.3,144.6
Construction,Foundation Work,5,9,76.9,8.69,Cloudy,Night,21.2,236.5
Oil & Gas,Well Servicing,8,5,29.1,4.69,Rainy,Night,39.0,526.5
Oil & Gas,Pipeline Pumping,9,4,35.2,5.56,Rainy,Day,31.2,275.1
Marine & Rail,Rail Network Inspection,7,8,28.7,9.14,Sunny,Day,38.0,233.0
Marine & Rail,Freight Operations,3,5,39.8,17.58,Sunny,Night,0.9,222.7
Data Center Power,Cooling System Inspection,3,6,44.4,5.0,Cloudy,Night,22.1,66.1
Construction,Road Building,5,9,20.7,6.07,Sunny,Night,21.3,237.5
Marine & Rail,Tugboat Engine Service,5,7,17.6,6.29,Sunny,Night,26.1,205.1
Construction,Foundation Work,7,4,55.2,6.33,Cloudy,Day,10.3,346.3
Oil & Gas,Pipeline Pumping,6,6,26.6,6.18,Cloudy,Day,27.2,193.7
Data Center Power,Generator Maintenance,6,9,56.9,4.38,Rainy,Night,20.2,114.0
Data Center Power,Cooling System Inspection,7,9,59.2,5.49,Sunny,Night,21.0,82.9
Oil & Gas,Pipeline Pumping,6,6,39.3,7.31,Rainy,Night,36.1,238.9
Mining,Surface Excavation,7,9,55.0,3.58,Cloudy,Day,11.1,165.7
Marine & Rail,Rail Network Inspection,5,9,21.5,13.98,Cloudy,Night,2.0,156.9
Data Center Power,Emergency Power Deployment,6,9,53.7,2.39,Rainy,Day,18.0,92.0
Oil & Gas,Well Servicing,4,8,28.2,7.77,Rainy,Night,47.5,317.1
Marine & Rail,Tugboat Engine Service,7,6,12.1,6.41,Foggy,Night,20.8,288.5
Mining,Drilling,4,7,14.5,1.52,Rainy,Day,28.6,233.9
Oil & Gas,Pipeline Pumping,5,5,44.3,4.91,Cloudy,Day,16.8,171.9
Marine & Rail,Tugboat Engine Service,8,4,74.0,10.31,Cloudy,Day,21.8,390.1
Construction,Road Building,6,8,25.4,1.46,Sunny,Night,21.3,265.5
Marine & Rail,Rail Network Inspection,5,9,37.8,5.37,Rainy,Day,9.9,164.6
Mining,Aggregate Collection,9,7,42.7,3.99,Sunny,Day,17.7,106.1
Data Center Power,Emergency Power Deployment,4,9,27.7,4.97,Sunny,Day,24.5,77.8
Oil & Gas,Well Servicing,5,10,11.3,10.92,Cloudy,Day,41.7,227.5
Oil & Gas,Gas Compression Service,7,9,18.9,2.48,Rainy,Day,25.6,186.1
Mining,Hauling Ore,1,9,34.6,6.22,Sunny,Day,27.5,79.6
Mining,Hauling Ore,7,8,38.2,11.26,Sunny,Day,28.5,155.6
Oil & Gas,Well Servicing,8,5,23.5,4.65,Sunny,Day,20.9,362.4
Data Center Power,Cooling System Inspection,8,8,47.0,4.61,Sunny,Day,17.3,83.3
Data Center Power,Backup Generator Testing,10,7,31.4,6.81,Rainy,Night,22.7,121.7
Construction,Site Preparation,4,9,13.0,9.18,Cloudy,Night,23.2,158.5
Construction,Excavation,9,8,54.3,6.09,Rainy,Day,10.0,269.1
Data Center Power,Cooling System Inspection,5,6,38.7,4.64,Sunny,Night,21.3,75.4
Data Center Power,Cooling System Inspection,6,9,28.2,0.61,Cloudy,Day,21.6,64.1
Oil & Gas,Gas Compression Service,9,9,63.5,10.88,Foggy,Day,7.9,249.2
Oil & Gas,Well Servicing,5,8,37.1,9.98,Rainy,Day,28.3,308.0
Construction,Site Preparation,5,8,43.2,9.12,Sunny,Day,40.0,197.0
Data Center Power,Cooling System Inspection,5,9,25.5,6.4,Cloudy,Night,22.2,67.1
Mining,Drilling,7,5,60.7,6.41,Cloudy,Night,3.4,332.0
Construction,Material Loading,2,7,44.7,7.55,Rainy,Day,21.2,67.8
Marine & Rail,Tugboat Engine Service,6,7,66.9,6.15,Cloudy,Day,16.6,210.1
Construction,Material Loading,7,8,58.9,7.22,Sunny,Day,22.4,89.8
Oil & Gas,Well Servicing,4,9,36.0,7.77,Sunny,Day,-4.8,173.2
Oil & Gas,Pipeline Pumping,4,8,10.1,10.47,Sunny,Day,46.6,171.8
Mining,Drilling,9,8,29.3,8.75,Sunny,Day,41.1,344.9
Oil & Gas,Well Servicing,6,4,15.7,2.52,Sunny,Day,17.7,302.7
Data Center Power,Generator Maintenance,8,7,35.1,9.04,Cloudy,Day,18.7,155.0
Oil & Gas,Well Servicing,5,8,49.7,0.48,Sunny,Day,48.0,259.9
Data Center Power,Cooling System Inspection,2,7,26.0,6.51,Rainy,Night,20.2,58.9
Construction,Excavation,8,7,32.7,5.46,Cloudy,Day,20.2,241.9
Marine & Rail,Tugboat Engine Service,9,8,51.9,4.94,Sunny,Day,5.2,218.7
Construction,Excavation,2,5,28.3,6.66,Rainy,Day,21.4,207.0
Oil & Gas,Well Servicing,7,7,30.6,2.61,Sunny,Day,-5.4,247.9
Construction,Excavation,6,9,46.3,1.94,Rainy,Day,15.2,181.4
Data Center Power,Emergency Power Deployment,5,2,13.7,3.87,Sunny,Night,23.3,151.3
Construction,Excavation,5,8,51.1,3.13,Sunny,Night,38.9,218.6
Mining,Hauling Ore,4,9,29.8,4.41,Sunny,Night,33.4,112.9
Oil & Gas,Pipeline Pumping,6,7,38.3,5.16,Cloudy,Day,19.0,169.7
Construction,Foundation Work,9,6,33.8,8.78,Sunny,Day,34.6,391.0
Data Center Power,Generator Maintenance,10,7,35.2,1.44,Sunny,Day,19.1,153.5
Construction,Foundation Work,6,10,38.0,3.5,Sunny,Day,16.6,172.4
Mining,Surface Excavation,7,9,64.1,8.13,Rainy,Day,25.0,237.3
Data Center Power,Emergency Power Deployment,10,8,58.6,6.95,Cloudy,Night,22.3,175.8
Mining,Drilling,4,5,40.3,11.06,Sunny,Day,21.1,279.0
Marine & Rail,Tugboat Engine Service,6,8,24.3,4.86,Sunny,Night,-2.7,167.8
Oil & Gas,Pipeline Pumping,7,7,21.8,7.39,Cloudy,Day,19.9,184.0
Mining,Surface Excavation,6,5,73.4,3.99,Sunny,Day,1.8,217.3
Mining,Hauling Ore,6,5,38.2,11.96,Foggy,Night,10.5,179.4
Oil & Gas,Well Drilling,8,9,68.7,10.28,Cloudy,Day,17.7,467.4
Construction,Excavation,6,8,41.0,7.89,Cloudy,Night,40.0,257.9
Oil & Gas,Well Servicing,7,8,78.9,9.68,Sunny,Day,31.6,350.7
Oil & Gas,Well Servicing,2,8,9.5,7.65,Sunny,Day,2.8,154.1
Mining,Surface Excavation,3,7,2.5,8.78,Cloudy,Night,42.0,197.1
Marine & Rail,Rail Network Inspection,3,8,20.3,9.64,Cloudy,Night,2.8,140.4
Marine & Rail,Rail Network Inspection,6,10,17.3,3.74,Sunny,Night,8.4,154.6
Mining,Drilling,7,8,77.7,7.38,Cloudy,Day,24.3,294.8
Marine & Rail,Tugboat Engine Service,6,5,30.0,10.38,Sunny,Night,17.0,254.8
Construction,Foundation Work,7,8,48.1,4.02,Cloudy,Day,22.8,268.6
Data Center Power,Backup Generator Testing,2,8,37.3,9.55,Sunny,Day,21.7,55.7
Mining,Drilling,3,10,34.8,5.25,Foggy,Day,33.9,163.8
Marine & Rail,Rail Network Inspection,6,7,25.7,10.99,Sunny,Night,20.5,204.0
Oil & Gas,Well Drilling,5,9,26.5,3.29,Sunny,Day,28.3,305.6
Oil & Gas,Pipeline Pumping,3,8,27.1,1.14,Sunny,Night,4.1,113.5
Construction,Demolition,9,7,35.8,3.47,Foggy,Day,23.5,290.7
Oil & Gas,Gas Compression Service,3,6,70.6,8.55,Rainy,Night,7.8,210.8
Mining,Hauling Ore,9,5,14.9,2.11,Rainy,Day,16.9,169.4
Construction,Excavation,7,8,15.5,4.27,Sunny,Day,12.0,175.4
Construction,Site Preparation,4,7,52.5,1.89,Sunny,Day,34.0,167.1
Marine & Rail,Locomotive Maintenance,5,9,47.3,5.62,Sunny,Day,17.5,194.4
Data Center Power,Backup Generator Testing,9,6,0.6,4.6,Foggy,Night,26.3,105.3
Construction,Material Loading,3,7,16.0,6.17,Sunny,Night,21.5,64.0
Marine & Rail,Rail Network Inspection,4,6,53.1,11.93,Sunny,Day,-0.9,158.6
Mining,Surface Excavation,6,9,64.4,11.25,Sunny,Day,23.3,193.8
Mining,Drilling,6,7,30.0,4.95,Sunny,Night,31.4,277.1
Oil & Gas,Gas Compression Service,8,6,35.3,7.76,Sunny,Day,32.6,315.3
Oil & Gas,Well Servicing,7,10,11.2,5.97,Cloudy,Night,10.6,209.5
Marine & Rail,Freight Operations,5,6,20.0,7.33,Foggy,Night,30.2,343.4
Oil & Gas,Well Servicing,10,9,31.6,0.76,Cloudy,Night,20.4,324.9
Mining,Hauling Ore,6,9,61.5,6.79,Sunny,Day,1.3,110.1
Marine & Rail,Tugboat Engine Service,3,8,8.7,7.97,Sunny,Night,9.7,141.2
Oil & Gas,Well Drilling,8,9,13.3,4.32,Cloudy,Night,30.0,425.6
Mining,Drilling,6,9,58.1,6.59,Cloudy,Day,14.9,202.2
Oil & Gas,Well Servicing,3,8,64.1,5.84,Rainy,Night,3.0,230.6
Construction,Foundation Work,5,7,28.3,10.64,Sunny,Day,23.1,245.3
Marine & Rail,Tugboat Engine Service,5,9,64.4,4.28,Cloudy,Day,31.2,174.4
Data Center Power,Emergency Power Deployment,1,8,30.2,1.29,Sunny,Night,20.3,65.9
Oil & Gas,Well Servicing,4,7,28.4,6.17,Sunny,Day,5.0,214.8
Oil & Gas,Gas Compression Service,5,8,29.2,11.33,Cloudy,Night,20.6,205.9
Oil & Gas,Pipeline Pumping,4,7,18.1,15.38,Sunny,Day,20.0,170.3
Data Center Power,Emergency Power Deployment,5,9,36.0,6.06,Sunny,Night,16.3,88.6
Construction,Demolition,3,4,34.9,4.63,Cloudy,Night,16.6,231.3
Construction,Demolition,6,5,26.4,3.85,Sunny,Day,11.2,225.6
Construction,Site Preparation,9,8,33.8,6.45,Sunny,Day,12.6,209.5
Mining,Drilling,5,9,50.3,9.76,Cloudy,Night,5.0,199.3
Oil & Gas,Well Drilling,2,7,66.3,10.08,Cloudy,Night,29.3,393.4
Mining,Drilling,6,7,16.6,12.14,Rainy,Night,5.5,285.9
Data Center Power,Backup Generator Testing,3,8,33.2,9.3,Cloudy,Day,20.5,62.6
Data Center Power,Backup Generator Testing,9,9,69.7,4.86,Sunny,Day,19.6,104.5
Construction,Foundation Work,4,8,8.7,1.79,Cloudy,Day,12.6,176.9
Oil & Gas,Gas Compression Service,6,6,12.6,3.74,Sunny,Day,42.8,251.5
Marine & Rail,Locomotive Maintenance,7,9,9.5,6.89,Sunny,Day,15.9,207.1
Mining,Hauling Ore,3,6,40.7,5.66,Sunny,Day,12.6,96.8
Marine & Rail,Tugboat Engine Service,5,9,82.5,13.93,Rainy,Night,34.3,227.1
Data Center Power,Cooling System Inspection,6,8,34.5,1.99,Cloudy,Day,22.0,67.9
Mining,Aggregate Collection,4,7,19.1,7.11,Rainy,Day,20.7,78.8
Construction,Road Building,4,9,35.1,4.79,Rainy,Day,17.1,235.9
Construction,Foundation Work,9,5,50.6,6.08,Cloudy,Night,25.9,453.0
Marine & Rail,Rail Network Inspection,8,6,23.3,9.84,Foggy,Day,38.0,323.8
Construction,Demolition,4,6,35.3,5.64,Rainy,Day,8.8,209.3
Construction,Demolition,5,8,33.7,4.26,Sunny,Day,26.2,181.3
Oil & Gas,Pipeline Pumping,2,8,15.8,1.59,Sunny,Day,13.6,105.5
Mining,Hauling Ore,5,5,3.7,6.91,Rainy,Day,-8.1,122.0
Data Center Power,Backup Generator Testing,5,7,41.6,7.76,Cloudy,Day,21.1,75.3
Marine & Rail,Locomotive Maintenance,4,8,42.5,6.07,Sunny,Day,15.5,203.3
Construction,Foundation Work,5,8,50.4,12.89,Cloudy,Day,29.1,245.6
Mining,Drilling,8,9,44.3,3.81,Sunny,Day,26.0,266.1
Mining,Surface Excavation,6,9,9.8,2.59,Rainy,Day,8.0,154.5
Oil & Gas,Well Drilling,8,6,8.8,5.93,Sunny,Day,22.1,475.2
Construction,Excavation,8,10,14.6,4.72,Cloudy,Day,33.7,179.4
Mining,Drilling,8,6,66.6,5.41,Cloudy,Day,4.5,317.9
Oil & Gas,Gas Compression Service,6,8,62.3,2.13,Cloudy,Day,21.5,199.5
Mining,Surface Excavation,5,9,16.6,5.42,Cloudy,Day,35.2,163.4
Data Center Power,Cooling System Inspection,4,6,40.3,4.4,Cloudy,Night,18.5,71.2
Construction,Foundation Work,4,5,46.7,7.29,Cloudy,Day,37.3,314.2
Marine & Rail,Locomotive Maintenance,3,6,36.2,12.41,Rainy,Night,7.4,257.1
Marine & Rail,Rail Network Inspection,2,7,9.7,17.52,Foggy,Day,24.5,173.9
Construction,Foundation Work,2,10,30.7,1.77,Sunny,Day,35.2,144.5
Mining,Surface Excavation,4,6,5.7,4.35,Cloudy,Day,27.8,178.9
Construction,Road Building,1,9,27.5,10.89,Rainy,Day,17.0,188.2
Mining,Surface Excavation,7,5,19.4,1.25,Sunny,Night,5.5,212.8
Marine & Rail,Tugboat Engine Service,4,8,44.9,7.15,Sunny,Day,25.9,169.9
Construction,Road Building,5,9,40.9,7.92,Sunny,Day,1.3,212.1
Construction,Material Loading,6,8,63.9,3.4,Rainy,Day,24.3,89.1
Marine & Rail,Rail Network Inspection,3,8,24.2,2.8,Cloudy,Day,22.4,145.8
Data Center Power,Emergency Power Deployment,3,6,9.2,4.04,Sunny,Night,24.8,96.4
Data Center Power,Backup Generator Testing,1,8,8.2,1.05,Cloudy,Day,23.5,45.9
Mining,Aggregate Collection,1,8,76.7,8.93,Cloudy,Day,22.4,60.6
Mining,Drilling,4,7,12.4,5.05,Foggy,Day,3.3,190.8
Mining,Surface Excavation,7,10,51.5,11.51,Cloudy,Day,22.9,180.7
Construction,Excavation,5,8,30.0,5.03,Cloudy,Day,27.1,174.1
Mining,Drilling,3,9,46.9,6.18,Sunny,Day,15.7,157.2
Mining,Surface Excavation,3,5,42.5,13.6,Sunny,Night,16.1,209.6
Data Center Power,Generator Maintenance,7,9,36.6,6.69,Cloudy,Night,18.6,120.9
Oil & Gas,Pipeline Pumping,6,8,49.8,4.63,Rainy,Night,48.0,213.8
Data Center Power,Cooling System Inspection,6,9,60.6,4.64,Sunny,Day,24.7,72.4
Oil & Gas,Well Servicing,4,8,18.8,8.33,Rainy,Day,5.9,231.8
Construction,Road Building,6,7,16.7,6.04,Cloudy,Day,12.0,267.7
Construction,Excavation,6,8,19.5,12.37,Rainy,Day,23.2,232.3
Oil & Gas,Pipeline Pumping,5,8,36.1,6.81,Cloudy,Night,42.9,202.8
Oil & Gas,Pipeline Pumping,5,9,39.6,15.81,Rainy,Night,-5.4,165.0
Oil & Gas,Well Servicing,5,8,46.7,13.07,Rainy,Night,7.9,297.4
Mining,Surface Excavation,5,7,14.0,11.83,Rainy,Day,11.5,205.5
Oil & Gas,Well Drilling,5,6,42.3,2.19,Sunny,Day,25.4,406.8
Mining,Drilling,6,7,69.0,10.24,Sunny,Day,22.1,283.7
Marine & Rail,Tugboat Engine Service,5,9,56.4,7.3,Sunny,Day,2.4,141.5
Oil & Gas,Well Servicing,8,9,32.7,3.96,Cloudy,Day,39.5,313.2
Marine & Rail,Locomotive Maintenance,8,9,29.2,0.95,Sunny,Day,22.5,231.4
Mining,Drilling,6,8,8.9,5.3,Rainy,Day,3.7,215.4
Oil & Gas,Pipeline Pumping,8,7,56.3,7.59,Sunny,Day,37.9,262.9
Marine & Rail,Tugboat Engine Service,1,9,42.8,11.01,Rainy,Day,9.1,109.6
Mining,Surface Excavation,4,9,26.4,1.82,Cloudy,Day,19.5,132.9
Construction,Foundation Work,4,8,10.0,14.36,Cloudy,Day,6.8,184.4
Construction,Site Preparation,6,6,25.0,5.21,Cloudy,Day,10.7,169.9
Marine & Rail,Locomotive Maintenance,8,5,31.5,1.58,Cloudy,Night,30.0,409.4
Construction,Foundation Work,8,5,46.0,3.82,Rainy,Day,20.5,413.5
Construction,Road Building,3,6,21.9,10.33,Rainy,Night,5.5,290.6
Marine & Rail,Tugboat Engine Service,6,8,14.2,1.12,Cloudy,Night,17.1,171.6
Construction,Material Loading,5,7,46.7,4.92,Sunny,Day,25.3,74.6
Oil & Gas,Well Servicing,3,7,28.4,5.11,Sunny,Night,15.3,223.1
Mining,Hauling Ore,8,9,78.2,10.54,Foggy,Night,11.1,200.9
Construction,Foundation Work,4,9,18.0,5.57,Sunny,Day,18.2,167.6
Oil & Gas,Well Drilling,6,7,26.9,1.44,Cloudy,Day,27.4,403.6
Construction,Foundation Work,6,8,14.4,6.24,Rainy,Night,22.2,269.4
Construction,Site Preparation,10,9,21.4,4.39,Sunny,Night,-0.4,199.1
Construction,Foundation Work,3,4,30.5,9.62,Sunny,Day,22.8,254.4
Construction,Excavation,3,9,61.0,10.72,Cloudy,Day,10.4,144.7
Marine & Rail,Tugboat Engine Service,5,8,7.5,7.32,Cloudy,Night,22.2,184.1
Oil & Gas,Gas Compression Service,8,4,48.1,2.02,Sunny,Night,39.7,392.6
Marine & Rail,Tugboat Engine Service,7,7,48.4,9.6,Rainy,Day,23.5,247.4
Marine & Rail,Freight Operations,6,8,18.0,5.71,Rainy,Day,31.8,294.8
Construction,Foundation Work,7,9,44.7,8.55,Rainy,Day,24.6,283.7
Mining,Hauling Ore,6,5,18.1,4.82,Cloudy,Day,28.0,140.2
Data Center Power,Emergency Power Deployment,6,6,46.3,6.48,Rainy,Day,24.2,127.4
Data Center Power,Cooling System Inspection,4,4,16.0,3.08,Cloudy,Night,23.9,77.9
Marine & Rail,Tugboat Engine Service,5,8,48.7,9.66,Cloudy,Day,12.6,171.2
Data Center Power,Backup Generator Testing,6,8,61.6,2.01,Sunny,Day,16.6,77.5
Data Center Power,Emergency Power Deployment,5,7,17.1,5.96,Rainy,Day,21.9,104.0
Oil & Gas,Pipeline Pumping,3,9,78.9,2.62,Sunny,Day,26.7,137.8
Data Center Power,Backup Generator Testing,7,8,8.2,5.09,Sunny,Day,17.8,72.9
Mining,Surface Excavation,6,7,31.3,11.33,Sunny,Day,10.4,193.7
Oil & Gas,Well Drilling,8,5,24.2,9.96,Sunny,Day,44.4,668.3
Oil & Gas,Well Drilling,9,7,54.0,9.18,Rainy,Day,34.2,760.1
Mining,Aggregate Collection,5,8,11.7,4.62,Cloudy,Day,25.5,71.1
Data Center Power,Generator Maintenance,2,6,28.3,2.42,Rainy,Night,13.9,102.0
Construction,Excavation,5,8,62.6,7.25,Rainy,Day,36.5,246.1
Mining,Hauling Ore,7,7,5.5,15.41,Rainy,Night,35.2,194.6
Construction,Road Building,3,6,39.8,0.92,Sunny,Day,14.3,216.7
Data Center Power,Backup Generator Testing,5,5,51.0,3.23,Sunny,Day,19.4,77.6
Construction,Foundation Work,8,8,12.1,4.51,Cloudy,Night,9.4,248.7
Marine & Rail,Rail Network Inspection,3,9,32.8,7.73,Sunny,Day,12.7,131.1
Mining,Drilling,6,7,13.7,7.03,Sunny,Night,3.5,228.2
Mining,Hauling Ore,3,6,20.8,2.84,Cloudy,Day,30.5,108.6
Data Center Power,Backup Generator Testing,1,7,60.9,4.13,Sunny,Night,17.8,57.9
Data Center Power,Emergency Power Deployment,6,9,35.8,3.87,Sunny,Night,21.8,95.2
Data Center Power,Cooling System Inspection,8,7,28.8,4.3,Sunny,Night,21.9,89.7
Mining,Drilling,6,9,73.9,7.91,Cloudy,Day,29.3,241.4
Marine & Rail,Locomotive Maintenance,6,8,39.7,6.23,Cloudy,Night,17.6,263.4
Data Center Power,Backup Generator Testing,4,8,14.7,7.2,Rainy,Day,21.7,63.3
Marine & Rail,Freight Operations,7,8,46.9,6.73,Cloudy,Day,9.2,269.9
Construction,Demolition,4,7,15.9,3.94,Foggy,Day,23.5,185.1
Mining,Drilling,5,6,29.8,0.44,Cloudy,Day,15.0,222.0
Mining,Hauling Ore,10,9,26.9,5.37,Sunny,Night,34.6,178.1
Oil & Gas,Well Servicing,6,7,30.9,7.99,Sunny,Day,48.0,322.7
Marine & Rail,Freight Operations,7,9,34.6,9.31,Cloudy,Day,24.6,267.0
Data Center Power,Backup Generator Testing,3,9,17.1,3.69,Sunny,Night,25.0,59.0
Data Center Power,Emergency Power Deployment,7,8,15.3,1.89,Sunny,Day,21.9,95.2
Construction,Demolition,4,8,18.4,0.55,Cloudy,Day,1.4,137.7
Marine & Rail,Rail Network Inspection,5,7,41.1,3.05,Cloudy,Night,34.3,212.8
Oil & Gas,Well Drilling,5,7,48.5,11.63,Cloudy,Day,23.7,439.6
Construction,Material Loading,3,9,24.8,9.39,Rainy,Day,19.8,66.0
Marine & Rail,Rail Network Inspection,6,9,22.7,9.25,Sunny,Night,1.1,164.1
Oil & Gas,Gas Compression Service,3,9,45.8,3.88,Rainy,Day,37.4,169.7
Data Center Power,Backup Generator Testing,9,8,17.0,4.07,Cloudy,Day,23.8,93.7
Construction,Demolition,4,7,58.4,7.96,Rainy,Day,-3.6,200.9
Construction,Road Building,6,7,68.3,8.28,Rainy,Day,2.4,332.9
Marine & Rail,Rail Network Inspection,8,5,32.2,5.46,Foggy,Day,22.8,299.6
Data Center Power,Generator Maintenance,2,4,51.1,6.01,Sunny,Night,25.7,132.2
Data Center Power,Emergency Power Deployment,5,9,59.1,2.5,Cloudy,Night,25.4,92.9
Construction,Road Building,3,9,67.9,13.23,Sunny,Night,21.0,238.4
Construction,Foundation Work,6,8,38.5,1.12,Cloudy,Day,14.1,222.4
Oil & Gas,Gas Compression Service,9,7,17.1,1.45,Sunny,Day,40.0,276.2
Construction,Foundation Work,6,9,5.1,10.45,Rainy,Day,25.6,236.4
Construction,Excavation,4,7,12.3,8.41,Cloudy,Day,20.6,181.6
Data Center Power,Generator Maintenance,4,8,22.1,6.44,Sunny,Night,23.1,102.5
Oil & Gas,Gas Compression Service,7,9,64.7,8.66,Rainy,Day,19.5,218.4
Construction,Demolition,6,6,18.5,15.09,Cloudy,Day,25.0,264.9
Data Center Power,Generator Maintenance,8,8,39.9,2.26,Cloudy,Night,19.6,137.7
Data Center Power,Cooling System Inspection,6,9,29.9,4.02,Rainy,Day,20.5,67.2
Construction,Excavation,2,9,4.3,3.01,Rainy,Day,17.6,125.1
Data Center Power,Generator Maintenance,4,7,47.5,10.39,Cloudy,Day,20.1,114.6
Construction,Foundation Work,7,9,36.6,5.52,Sunny,Day,27.2,233.2
Data Center Power,Generator Maintenance,8,4,30.7,7.9,Sunny,Day,17.5,181.5
Oil & Gas,Pipeline Pumping,4,7,39.7,9.1,Foggy,Day,-9.5,138.4
Oil & Gas,Pipeline Pumping,6,7,16.6,0.89,Sunny,Day,29.1,162.0
Oil & Gas,Well Servicing,3,9,8.4,5.38,Rainy,Day,8.3,181.8
Construction,Site Preparation,8,5,24.9,9.31,Sunny,Night,24.3,252.5
Marine & Rail,Locomotive Maintenance,6,8,34.3,1.82,Cloudy,Night,12.6,223.8
Marine & Rail,Tugboat Engine Service,4,9,11.5,2.01,Sunny,Night,-2.7,116.7
Mining,Drilling,4,9,30.7,17.68,Rainy,Day,2.9,198.8
Oil & Gas,Gas Compression Service,7,7,38.0,10.82,Cloudy,Day,10.3,245.3
Marine & Rail,Tugboat Engine Service,5,7,25.5,12.87,Sunny,Night,23.3,217.5
Mining,Drilling,2,10,61.4,5.25,Cloudy,Day,17.3,137.1
Oil & Gas,Gas Compression Service,4,4,50.3,1.89,Cloudy,Night,17.3,238.0
Marine & Rail,Rail Network Inspection,5,9,24.5,8.89,Sunny,Day,23.9,158.0
Mining,Surface Excavation,3,8,43.3,3.05,Sunny,Day,20.2,142.6
Construction,Road Building,9,9,50.3,2.79,Sunny,Night,27.4,357.8
Data Center Power,Emergency Power Deployment,10,7,11.5,4.22,Sunny,Day,18.4,132.2
Oil & Gas,Well Servicing,8,8,29.3,3.72,Sunny,Day,31.8,310.4
Construction,Foundation Work,7,8,14.3,3.27,Sunny,Day,40.0,264.4
Construction,Road Building,6,5,29.0,1.16,Rainy,Day,19.4,344.8
Oil & Gas,Pipeline Pumping,5,7,85.0,3.54,Cloudy,Night,10.9,171.7
Marine & Rail,Tugboat Engine Service,8,7,33.1,13.68,Cloudy,Night,-3.1,249.4
Marine & Rail,Locomotive Maintenance,3,6,19.0,8.93,Sunny,Night,19.0,239.6
Mining,Drilling,4,7,60.7,5.48,Sunny,Day,8.3,201.3
Oil & Gas,Pipeline Pumping,2,7,38.7,2.78,Sunny,Day,6.7,109.0
Construction,Excavation,5,8,39.9,6.02,Rainy,Day,15.7,191.3
Construction,Material Loading,7,4,45.7,3.85,Sunny,Day,37.9,105.7
Mining,Surface Excavation,3,6,23.6,6.62,Cloudy,Day,39.9,204.4
Data Center Power,Backup Generator Testing,6,10,44.2,8.47,Sunny,Night,20.8,78.0
Mining,Aggregate Collection,1,7,51.9,11.07,Cloudy,Day,26.5,62.7
Construction,Excavation,7,5,44.8,5.86,Foggy,Day,11.8,267.0
Mining,Drilling,4,9,30.0,11.25,Rainy,Day,42.0,245.2
Construction,Demolition,8,6,38.3,8.02,Cloudy,Day,16.3,293.1
Construction,Foundation Work,9,7,59.2,5.96,Rainy,Day,22.1,405.7
Mining,Drilling,1,9,32.8,7.92,Sunny,Day,19.7,141.5
Mining,Aggregate Collection,8,7,34.7,8.46,Sunny,Night,18.3,106.0
Mining,Surface Excavation,8,9,37.1,10.72,Sunny,Day,5.3,187.9
Construction,Foundation Work,7,7,64.6,8.47,Sunny,Night,24.3,336.0
Construction,Excavation,5,8,28.2,7.3,Sunny,Night,24.1,194.2
Mining,Hauling Ore,7,6,74.5,11.05,Cloudy,Night,27.3,192.6
Oil & Gas,Well Drilling,8,9,49.5,9.68,Cloudy,Day,13.1,422.1
Oil & Gas,Pipeline Pumping,6,9,54.6,6.97,Sunny,Night,23.5,189.7
Construction,Excavation,2,5,32.5,4.57,Cloudy,Day,35.4,196.8
Marine & Rail,Tugboat Engine Service,6,7,56.0,6.69,Cloudy,Day,23.4,226.2
Data Center Power,Backup Generator Testing,6,9,38.4,5.47,Cloudy,Night,24.1,80.4
Oil & Gas,Gas Compression Service,6,6,43.3,3.76,Sunny,Day,25.8,239.0
Oil & Gas,Well Drilling,4,6,74.6,6.41,Cloudy,Night,23.4,463.4
Construction,Demolition,3,9,62.0,7.16,Rainy,Day,17.6,173.8
Oil & Gas,Well Servicing,9,8,34.9,4.24,Rainy,Night,13.0,367.9
Marine & Rail,Freight Operations,8,6,41.1,13.79,Foggy,Day,22.3,404.2
Marine & Rail,Locomotive Maintenance,1,7,4.4,7.85,Sunny,Night,27.3,190.9
Data Center Power,Cooling System Inspection,4,7,14.2,14.09,Cloudy,Day,20.8,64.0
Data Center Power,Emergency Power Deployment,9,4,80.5,4.84,Cloudy,Day,17.3,212.4
Data Center Power,Backup Generator Testing,6,8,25.4,2.57,Sunny,Night,25.3,79.4
Construction,Demolition,5,8,9.0,5.14,Sunny,Day,25.3,177.1
Data Center Power,Generator Maintenance,8,9,43.3,2.13,Sunny,Night,16.8,122.7
Mining,Surface Excavation,7,8,72.0,2.68,Rainy,Night,24.0,254.7
Construction,Demolition,6,8,12.4,3.43,Sunny,Night,19.5,188.5
Marine & Rail,Tugboat Engine Service,3,7,38.2,8.45,Sunny,Night,31.4,196.7
Marine & Rail,Freight Operations,6,8,49.2,9.63,Foggy,Day,25.9,320.0
Construction,Road Building,1,8,24.6,6.02,Sunny,Day,16.7,162.0
Mining,Hauling Ore,3,8,60.2,3.84,Sunny,Day,13.8,90.7
Data Center Power,Generator Maintenance,9,8,45.8,3.2,Cloudy,Day,25.1,150.7
Oil & Gas,Gas Compression Service,7,8,32.2,5.75,Sunny,Day,35.4,237.5
Mining,Surface Excavation,5,6,34.8,3.88,Rainy,Day,28.8,240.2
Mining,Aggregate Collection,4,8,55.1,7.22,Rainy,Day,18.0,79.0
Construction,Site Preparation,3,6,66.7,5.66,Sunny,Day,12.9,144.3
Mining,Drilling,8,7,2.7,8.14,Foggy,Night,24.9,311.1
Construction,Excavation,8,8,13.8,13.3,Sunny,Day,12.8,212.9
Construction,Foundation Work,3,10,55.6,8.68,Cloudy,Day,6.7,144.2
Marine & Rail,Tugboat Engine Service,5,9,11.3,7.49,Sunny,Night,28.7,169.5
Construction,Road Building,5,5,3.2,2.58,Sunny,Day,3.0,250.7
Construction,Site Preparation,6,7,40.6,15.55,Sunny,Night,25.5,225.5
Construction,Road Building,2,9,59.9,5.06,Sunny,Day,16.0,170.7
Mining,Surface Excavation,6,9,73.3,7.79,Cloudy,Day,4.2,165.7
Mining,Surface Excavation,5,9,23.6,3.28,Rainy,Day,36.5,185.1
Construction,Excavation,9,8,38.9,11.02,Cloudy,Day,31.5,296.1
Construction,Material Loading,5,9,9.1,1.64,Cloudy,Day,26.6,62.5
Construction,Excavation,7,7,18.9,5.31,Sunny,Night,13.1,215.8
Marine & Rail,Locomotive Maintenance,6,8,23.7,10.17,Foggy,Day,17.9,247.2
Mining,Aggregate Collection,9,6,62.8,10.67,Cloudy,Day,-2.9,113.7
Data Center Power,Backup Generator Testing,7,6,41.0,2.73,Cloudy,Night,22.6,99.8
Mining,Aggregate Collection,6,7,23.2,4.55,Cloudy,Day,18.3,79.0
Mining,Hauling Ore,2,7,29.5,4.45,Cloudy,Day,9.5,84.3
Marine & Rail,Freight Operations,6,9,50.7,8.44,Sunny,Day,20.0,245.4
Oil & Gas,Well Servicing,5,7,19.6,9.95,Sunny,Day,16.7,246.5
Data Center Power,Generator Maintenance,7,9,30.2,3.54,Sunny,Night,20.9,109.2
Data Center Power,Cooling System Inspection,5,8,23.2,5.72,Cloudy,Night,17.0,68.2
Data Center Power,Generator Maintenance,5,7,32.4,4.22,Sunny,Day,15.2,104.0
Construction,Site Preparation,3,6,21.8,0.4,Sunny,Day,19.0,134.5
Oil & Gas,Well Servicing,5,5,47.8,6.48,Rainy,Day,32.6,393.1
Data Center Power,Cooling System Inspection,1,5,11.6,7.33,Sunny,Day,22.7,52.8
Marine & Rail,Tugboat Engine Service,6,7,51.6,13.08,Cloudy,Night,22.6,249.5
Mining,Hauling Ore,6,8,35.9,4.25,Cloudy,Day,6.5,108.3
Mining,Drilling,5,10,16.5,13.27,Foggy,Day,15.0,177.3
Mining,Surface Excavation,6,8,9.0,8.81,Sunny,Day,6.5,153.2
Data Center Power,Emergency Power Deployment,6,6,20.4,8.92,Sunny,Day,25.6,128.9
Construction,Material Loading,10,9,9.4,12.06,Sunny,Night,31.1,112.8
Mining,Aggregate Collection,6,8,67.4,9.55,Sunny,Day,28.0,89.6
Construction,Demolition,8,9,36.4,2.96,Rainy,Day,12.7,223.9
Marine & Rail,Rail Network Inspection,6,6,74.4,4.95,Sunny,Night,21.4,229.4
Mining,Drilling,6,8,22.6,3.48,Sunny,Night,32.8,247.0
Oil & Gas,Well Servicing,5,5,16.7,11.92,Cloudy,Day,21.0,328.5
Oil & Gas,Pipeline Pumping,5,8,62.9,7.78,Sunny,Day,-5.1,143.3
Marine & Rail,Locomotive Maintenance,5,7,20.9,1.24,Foggy,Night,24.6,260.4
Oil & Gas,Pipeline Pumping,5,7,41.5,10.54,Cloudy,Day,32.1,192.3
Mining,Aggregate Collection,7,9,29.5,6.15,Rainy,Day,8.5,82.4
Data Center Power,Emergency Power Deployment,4,7,31.2,4.82,Sunny,Day,20.3,92.7
Construction,Material Loading,10,9,53.6,8.41,Sunny,Day,9.5,101.2
Mining,Surface Excavation,9,7,39.9,2.83,Cloudy,Day,5.6,223.6
Mining,Surface Excavation,5,9,7.9,1.55,Rainy,Night,-8.8,144.3
Mining,Drilling,5,9,70.5,5.0,Sunny,Night,4.3,191.8
Data Center Power,Generator Maintenance,6,8,78.0,3.25,Cloudy,Day,18.2,118.0
Mining,Drilling,4,8,58.8,11.66,Sunny,Day,24.9,228.6
Data Center Power,Emergency Power Deployment,7,6,12.3,2.92,Sunny,Day,18.8,114.4
Marine & Rail,Locomotive Maintenance,4,7,1.9,4.9,Rainy,Night,20.2,233.1
Construction,Road Building,9,6,18.9,9.74,Rainy,Day,30.6,502.0
Data Center Power,Emergency Power Deployment,8,7,55.1,4.4,Sunny,Night,25.4,152.6
Marine & Rail,Locomotive Maintenance,3,8,35.6,3.79,Foggy,Day,29.5,211.6
Construction,Road Building,6,9,22.7,4.51,Rainy,Day,31.6,283.3
Mining,Hauling Ore,2,10,56.6,9.46,Rainy,Day,27.6,102.5
Construction,Site Preparation,5,5,12.9,3.15,Sunny,Day,19.6,163.1
Data Center Power,Cooling System Inspection,5,9,52.6,8.22,Sunny,Day,23.3,63.2
Mining,Surface Excavation,5,7,73.9,1.01,Foggy,Night,1.5,177.2
Oil & Gas,Well Servicing,8,10,30.3,5.04,Sunny,Night,45.8,288.7
Construction,Foundation Work,6,9,21.7,10.64,Sunny,Night,12.3,214.5
Data Center Power,Generator Maintenance,4,7,28.9,5.43,Cloudy,Day,22.8,105.4
Mining,Hauling Ore,5,5,62.6,7.45,Sunny,Night,15.1,135.5
Construction,Road Building,7,9,53.7,6.6,Sunny,Night,12.2,286.7
Marine & Rail,Tugboat Engine Service,5,8,34.6,6.31,Sunny,Night,9.1,162.8
Construction,Road Building,6,9,13.1,7.4,Rainy,Day,16.7,264.1
Construction,Material Loading,9,7,34.4,12.15,Cloudy,Day,5.4,99.0
Oil & Gas,Well Servicing,10,10,35.1,8.59,Sunny,Night,16.1,307.0
Construction,Road Building,9,9,19.8,3.28,Foggy,Day,21.3,286.8
Construction,Road Building,1,6,9.1,3.11,Sunny,Night,24.4,209.4
Oil & Gas,Well Servicing,4,7,29.4,16.39,Sunny,Day,19.5,269.6
Data Center Power,Emergency Power Deployment,6,5,44.0,7.98,Cloudy,Night,23.0,147.1
Data Center Power,Cooling System Inspection,8,8,36.6,6.21,Sunny,Night,18.8,88.3
Oil & Gas,Well Servicing,4,8,47.4,4.66,Cloudy,Day,20.3,227.4
Oil & Gas,Well Servicing,8,9,46.5,9.75,Sunny,Night,10.5,299.8
Mining,Drilling,7,8,66.0,6.17,Sunny,Day,10.7,253.7
Construction,Excavation,6,8,16.7,10.99,Cloudy,Day,13.2,184.9
Oil & Gas,Pipeline Pumping,7,8,15.4,11.01,Cloudy,Night,45.8,233.9
Marine & Rail,Locomotive Maintenance,2,8,42.7,3.55,Foggy,Day,27.0,186.0
Data Center Power,Cooling System Inspection,6,8,17.2,3.99,Foggy,Night,21.4,77.0
Data Center Power,Emergency Power Deployment,6,9,10.8,4.06,Sunny,Day,18.1,84.1
Mining,Surface Excavation,6,7,41.4,7.61,Sunny,Day,6.7,185.3
Data Center Power,Backup Generator Testing,3,5,15.7,0.7,Cloudy,Night,19.8,68.7
Oil & Gas,Gas Compression Service,3,4,36.0,7.47,Cloudy,Day,43.5,256.6
Construction,Excavation,1,8,58.2,6.1,Sunny,Day,9.1,117.2
Construction,Excavation,9,6,50.3,10.15,Sunny,Day,38.9,359.4
Data Center Power,Cooling System Inspection,3,7,83.6,3.57,Sunny,Day,19.3,60.9
Construction,Road Building,5,8,53.3,9.56,Foggy,Night,13.6,281.4
Oil & Gas,Well Servicing,4,8,20.7,2.24,Cloudy,Day,7.7,185.7
Mining,Hauling Ore,5,8,67.3,3.81,Rainy,Day,25.2,138.8
Mining,Surface Excavation,4,8,39.7,6.58,Sunny,Day,22.4,159.5
Construction,Foundation Work,8,8,7.4,6.94,Cloudy,Night,32.7,295.3
Construction,Excavation,6,8,36.5,6.98,Sunny,Day,22.7,197.0
Mining,Aggregate Collection,5,5,49.0,1.45,Sunny,Day,19.3,79.8
Mining,Hauling Ore,6,9,69.4,13.21,Sunny,Night,15.5,143.2
Data Center Power,Generator Maintenance,5,7,39.3,4.54,Sunny,Day,19.8,112.3
Mining,Surface Excavation,5,6,55.3,4.49,Cloudy,Night,29.0,242.5
Construction,Site Preparation,3,8,37.8,7.85,Sunny,Day,39.3,164.2
Construction,Foundation Work,3,7,28.8,0.99,Rainy,Night,8.6,220.4
Oil & Gas,Pipeline Pumping,3,8,56.4,3.73,Sunny,Day,29.9,146.0
Data Center Power,Emergency Power Deployment,5,8,14.0,2.31,Sunny,Night,20.9,92.0
Construction,Road Building,4,8,40.7,5.7,Sunny,Day,18.0,228.9
Construction,Excavation,6,6,24.3,7.49,Sunny,Day,24.8,231.3
Mining,Aggregate Collection,4,4,53.1,12.73,Cloudy,Day,17.2,82.6
Data Center Power,Backup Generator Testing,6,10,18.0,3.64,Sunny,Night,17.4,69.3
Mining,Hauling Ore,6,5,54.5,7.03,Rainy,Day,1.1,145.3
Oil & Gas,Pipeline Pumping,10,8,22.7,3.7,Sunny,Day,20.6,210.1
Construction,Site Preparation,3,7,17.4,7.58,Sunny,Night,22.7,154.5
Marine & Rail,Rail Network Inspection,5,5,17.2,11.34,Rainy,Day,16.6,211.6
Construction,Demolition,6,8,42.2,6.05,Rainy,Day,20.1,235.2
Data Center Power,Cooling System Inspection,6,8,15.6,3.15,Sunny,Night,20.6,71.2
Oil & Gas,Gas Compression Service,8,7,5.7,3.0,Rainy,Day,21.9,233.1
Marine & Rail,Locomotive Maintenance,5,8,28.2,5.92,Cloudy,Night,13.2,227.2
Oil & Gas,Well Servicing,5,8,37.5,6.05,Cloudy,Day,19.9,235.0
Construction,Material Loading,4,9,32.1,6.38,Sunny,Night,34.5,70.8
Marine & Rail,Locomotive Maintenance,6,10,59.0,15.05,Sunny,Night,30.1,262.2
Oil & Gas,Well Drilling,3,7,41.7,12.12,Rainy,Night,26.7,459.9
Oil & Gas,Well Servicing,6,9,50.2,7.36,Sunny,Day,9.2,224.2
Mining,Drilling,6,8,47.1,8.95,Rainy,Night,23.3,311.3
Marine & Rail,Tugboat Engine Service,4,7,22.5,5.02,Sunny,Day,18.9,165.9
Data Center Power,Cooling System Inspection,7,8,23.2,3.53,Cloudy,Day,21.5,75.5
Mining,Aggregate Collection,4,7,40.1,6.96,Sunny,Day,6.7,62.7
Construction,Material Loading,4,7,68.0,2.07,Sunny,Day,24.3,66.7
Construction,Road Building,4,10,53.3,3.36,Sunny,Day,16.0,165.6
Mining,Aggregate Collection,5,8,47.9,2.6,Cloudy,Day,38.3,83.3
Oil & Gas,Well Drilling,9,10,19.6,5.38,Cloudy,Day,37.7,411.9
Construction,Foundation Work,3,7,12.8,5.64,Cloudy,Day,30.8,215.1
Data Center Power,Cooling System Inspection,6,7,11.5,5.32,Sunny,Day,24.1,69.5
Data Center Power,Cooling System Inspection,5,5,23.9,13.04,Cloudy,Day,19.6,76.7
Oil & Gas,Well Servicing,5,7,58.8,2.94,Sunny,Night,32.0,313.9
Data Center Power,Cooling System Inspection,3,6,7.1,6.62,Rainy,Day,19.9,59.5
Marine & Rail,Tugboat Engine Service,3,9,36.5,9.69,Sunny,Night,10.7,138.5
Data Center Power,Cooling System Inspection,5,9,37.7,3.02,Sunny,Day,22.6,59.8
Data Center Power,Emergency Power Deployment,9,8,15.4,4.67,Sunny,Night,22.5,127.0
Data Center Power,Backup Generator Testing,6,4,38.6,0.44,Cloudy,Day,25.6,91.2
Mining,Aggregate Collection,9,6,16.6,6.04,Sunny,Day,42.0,120.1
Oil & Gas,Well Servicing,4,7,37.1,2.44,Sunny,Day,15.9,216.9
Data Center Power,Generator Maintenance,4,8,53.5,6.8,Cloudy,Night,21.2,112.2
Data Center Power,Emergency Power Deployment,2,6,8.9,2.45,Sunny,Day,22.4,78.0
Data Center Power,Cooling System Inspection,6,7,58.6,7.53,Sunny,Day,24.8,80.9
Marine & Rail,Rail Network Inspection,4,9,20.2,7.28,Foggy,Day,27.1,189.1
Oil & Gas,Pipeline Pumping,7,8,34.5,3.39,Cloudy,Day,24.0,181.9
Construction,Site Preparation,8,6,15.2,2.69,Sunny,Day,3.9,179.6
Mining,Surface Excavation,1,7,22.8,5.44,Sunny,Day,0.4,111.2
Construction,Road Building,5,10,28.4,9.99,Cloudy,Day,19.9,202.2
Oil & Gas,Well Servicing,5,7,54.9,5.14,Cloudy,Night,21.2,284.6
Oil & Gas,Pipeline Pumping,8,8,19.5,11.01,Foggy,Day,7.9,188.6
Data Center Power,Emergency Power Deployment,9,7,60.4,2.44,Sunny,Day,20.5,147.9
Data Center Power,Generator Maintenance,4,6,36.6,1.13,Sunny,Night,18.6,113.9
Mining,Drilling,4,8,26.8,15.31,Rainy,Day,8.7,222.5
Mining,Hauling Ore,1,3,36.4,8.57,Rainy,Night,10.3,117.1
Marine & Rail,Rail Network Inspection,4,8,8.7,8.74,Sunny,Day,21.4,147.2
Data Center Power,Cooling System Inspection,5,7,10.3,0.98,Sunny,Day,19.8,64.1
Oil & Gas,Pipeline Pumping,6,8,59.5,0.74,Rainy,Day,9.8,154.5
Oil & Gas,Gas Compression Service,3,9,39.3,12.85,Sunny,Night,38.4,195.0
Oil & Gas,Gas Compression Service,7,10,37.4,7.54,Sunny,Day,44.6,207.3
Construction,Demolition,4,9,61.8,3.21,Cloudy,Night,23.3,169.8
Marine & Rail,Tugboat Engine Service,4,9,14.6,9.61,Cloudy,Day,38.0,167.9
Marine & Rail,Tugboat Engine Service,7,7,29.4,5.67,Cloudy,Night,22.5,224.9
Construction,Material Loading,4,4,54.2,3.65,Sunny,Day,-0.5,66.5
Construction,Foundation Work,7,5,37.4,3.45,Sunny,Day,18.4,314.1
Construction,Demolition,4,6,34.6,10.84,Sunny,Day,33.7,244.2
Marine & Rail,Freight Operations,7,8,11.3,11.55,Sunny,Day,16.6,243.3
Oil & Gas,Well Drilling,5,7,62.8,4.49,Sunny,Day,6.1,342.1
Marine & Rail,Tugboat Engine Service,9,10,17.7,7.85,Foggy,Day,8.6,196.2
Oil & Gas,Pipeline Pumping,6,7,18.7,12.27,Sunny,Day,14.3,180.0
Marine & Rail,Freight Operations,2,10,1.8,3.39,Cloudy,Night,12.7,151.2
Oil & Gas,Well Servicing,5,9,21.0,5.28,Rainy,Night,11.7,241.2
Marine & Rail,Tugboat Engine Service,4,7,30.5,6.8,Sunny,Night,17.8,177.4
Oil & Gas,Pipeline Pumping,8,9,27.0,7.56,Rainy,Day,28.1,202.7
Data Center Power,Emergency Power Deployment,10,10,44.3,0.79,Cloudy,Day,19.0,109.1
Mining,Drilling,6,9,42.7,2.72,Rainy,Night,-0.4,213.6
Marine & Rail,Tugboat Engine Service,6,7,18.8,15.17,Sunny,Night,13.4,210.5
Oil & Gas,Well Servicing,2,7,13.3,2.58,Cloudy,Night,36.6,235.6
Mining,Hauling Ore,4,9,67.1,4.14,Rainy,Night,24.2,130.6
Construction,Demolition,7,6,4.0,6.74,Sunny,Day,25.0,246.0
Oil & Gas,Well Servicing,10,9,41.9,6.25,Cloudy,Night,6.6,332.7
Data Center Power,Cooling System Inspection,3,8,72.2,2.09,Rainy,Night,18.5,62.9
Marine & Rail,Rail Network Inspection,6,8,46.7,3.09,Cloudy,Day,23.3,184.3
Marine & Rail,Rail Network Inspection,4,7,26.5,10.11,Cloudy,Night,12.4,167.7
Construction,Demolition,4,7,57.5,6.55,Rainy,Day,24.1,230.6
Mining,Aggregate Collection,6,6,7.9,1.85,Cloudy,Night,24.5,88.7
Oil & Gas,Pipeline Pumping,6,8,58.7,15.69,Sunny,Night,30.0,236.7
Data Center Power,Emergency Power Deployment,5,6,38.1,1.21,Sunny,Day,19.0,104.0
Data Center Power,Cooling System Inspection,6,7,23.3,1.43,Cloudy,Night,17.2,76.3
Marine & Rail,Rail Network Inspection,4,9,51.4,16.32,Foggy,Day,16.8,195.9
Marine & Rail,Freight Operations,8,8,50.1,4.21,Sunny,Night,8.9,291.2
Oil & Gas,Pipeline Pumping,7,8,32.7,5.34,Sunny,Day,25.6,189.4
Construction,Road Building,5,9,34.0,7.43,Foggy,Day,17.3,234.0
Construction,Road Building,6,8,67.5,7.34,Sunny,Day,40.0,336.4
Oil & Gas,Pipeline Pumping,8,9,22.4,11.62,Sunny,Day,24.2,198.6
Marine & Rail,Rail Network Inspection,6,7,16.5,9.26,Rainy,Day,-2.4,184.1
Data Center Power,Backup Generator Testing,4,9,30.4,5.95,Sunny,Day,26.9,63.4
Oil & Gas,Pipeline Pumping,2,7,74.8,0.73,Cloudy,Day,23.4,136.1
Marine & Rail,Freight Operations,7,7,47.9,9.56,Sunny,Night,6.8,284.3
Construction,Excavation,7,6,51.6,5.86,Sunny,Night,21.8,282.7
Oil & Gas,Gas Compression Service,7,10,24.8,5.48,Cloudy,Day,28.0,184.2
Data Center Power,Emergency Power Deployment,3,7,25.0,5.46,Cloudy,Day,17.7,87.9
Construction,Foundation Work,8,5,38.3,11.71,Sunny,Day,18.1,359.2
Marine & Rail,Locomotive Maintenance,4,6,54.1,1.63,Sunny,Day,13.6,217.9
Construction,Excavation,6,6,28.0,2.48,Foggy,Day,13.9,209.0
Marine & Rail,Freight Operations,7,4,21.5,11.82,Cloudy,Day,14.6,302.8
Construction,Excavation,7,7,48.7,6.25,Sunny,Day,30.3,247.4
Construction,Excavation,5,8,44.3,5.71,Rainy,Day,-2.8,177.7
Marine & Rail,Tugboat Engine Service,4,10,27.0,1.57,Cloudy,Day,15.4,113.0
Construction,Foundation Work,6,9,28.4,5.72,Sunny,Day,10.7,185.8
Oil & Gas,Pipeline Pumping,1,8,58.7,4.49,Sunny,Day,20.1,113.9
Construction,Demolition,4,8,39.7,8.24,Sunny,Night,29.5,195.3
Construction,Foundation Work,5,8,24.1,0.31,Sunny,Day,26.6,211.4
Marine & Rail,Tugboat Engine Service,7,9,65.3,4.06,Cloudy,Night,-6.0,182.7
Mining,Drilling,7,8,34.0,6.6,Sunny,Night,20.3,263.7
Construction,Foundation Work,7,6,52.9,13.05,Sunny,Day,21.7,334.7
Data Center Power,Generator Maintenance,5,7,23.2,2.02,Cloudy,Day,20.1,105.7
Data Center Power,Cooling System Inspection,3,6,49.7,4.38,Sunny,Day,26.9,63.8
Oil & Gas,Well Servicing,9,6,11.5,5.09,Cloudy,Day,29.0,364.7
Data Center Power,Backup Generator Testing,9,6,8.5,2.36,Cloudy,Day,27.2,93.5
Data Center Power,Emergency Power Deployment,7,8,53.4,0.76,Rainy,Night,21.3,116.4
Construction,Site Preparation,6,6,52.4,3.46,Sunny,Day,12.4,163.4
Data Center Power,Cooling System Inspection,6,7,3.9,0.36,Cloudy,Day,23.1,68.2
Construction,Excavation,10,9,51.0,7.84,Sunny,Night,15.6,267.5
Construction,Excavation,5,6,43.9,3.2,Rainy,Night,26.6,261.4
Construction,Foundation Work,7,7,25.2,1.27,Sunny,Day,24.5,268.0
Construction,Excavation,5,8,59.6,2.54,Rainy,Night,11.1,200.2
Marine & Rail,Rail Network Inspection,9,6,11.6,1.25,Foggy,Day,13.4,254.8
Construction,Foundation Work,6,9,37.8,8.26,Sunny,Night,19.2,224.1
Marine & Rail,Freight Operations,10,9,58.0,2.74,Foggy,Night,2.2,411.1
Data Center Power,Generator Maintenance,5,7,11.7,5.87,Cloudy,Day,20.9,106.6
Marine & Rail,Freight Operations,4,8,5.1,8.38,Sunny,Day,27.0,198.1
Marine & Rail,Rail Network Inspection,6,6,28.5,2.34,Cloudy,Day,26.0,202.0
Marine & Rail,Freight Operations,3,10,32.3,6.76,Rainy,Night,7.8,193.1
Mining,Surface Excavation,5,8,80.9,5.78,Cloudy,Day,21.1,185.1
Construction,Road Building,5,8,14.0,1.22,Sunny,Day,18.4,212.7
Construction,Excavation,3,8,14.5,3.09,Sunny,Night,29.7,159.1
Construction,Demolition,4,7,66.6,4.08,Sunny,Day,31.6,206.8
Marine & Rail,Tugboat Engine Service,5,6,27.8,10.26,Cloudy,Day,38.0,254.2
Oil & Gas,Well Drilling,2,7,21.5,9.66,Sunny,Day,20.5,299.1
Construction,Demolition,5,7,57.5,0.65,Rainy,Day,22.7,235.0
Data Center Power,Cooling System Inspection,8,10,33.1,5.22,Sunny,Day,20.4,73.8
Construction,Site Preparation,6,7,31.1,6.53,Sunny,Night,22.6,195.6
Oil & Gas,Well Drilling,8,9,40.2,9.21,Cloudy,Day,26.6,442.4
Oil & Gas,Well Servicing,5,7,24.6,9.02,Sunny,Day,47.8,309.5
Marine & Rail,Locomotive Maintenance,6,10,36.9,12.15,Cloudy,Day,28.4,226.6
Data Center Power,Generator Maintenance,4,10,9.3,8.49,Sunny,Night,19.1,80.8
Oil & Gas,Gas Compression Service,3,8,30.5,3.76,Cloudy,Night,44.8,192.9
Construction,Material Loading,7,10,51.2,9.87,Sunny,Night,17.6,84.3
Marine & Rail,Tugboat Engine Service,5,6,42.6,2.34,Sunny,Day,13.1,181.4
Oil & Gas,Well Servicing,5,8,11.4,6.63,Cloudy,Day,15.1,223.3
Marine & Rail,Tugboat Engine Service,4,8,20.3,0.75,Cloudy,Day,14.6,138.8
Construction,Road Building,6,8,64.1,1.56,Rainy,Day,40.0,351.6
Oil & Gas,Well Servicing,1,9,13.3,12.07,Cloudy,Night,22.9,178.8
Oil & Gas,Gas Compression Service,4,9,62.7,12.38,Rainy,Day,39.3,207.2
Oil & Gas,Well Servicing,7,8,62.8,2.39,Rainy,Day,20.9,318.0
Oil & Gas,Pipeline Pumping,4,7,23.7,4.32,Sunny,Night,7.5,138.5
Oil & Gas,Well Servicing,5,8,24.4,11.81,Sunny,Day,9.9,230.7
Mining,Aggregate Collection,3,8,38.7,4.26,Rainy,Day,13.7,67.6
Data Center Power,Generator Maintenance,8,9,9.9,2.86,Sunny,Day,20.6,103.7
Mining,Surface Excavation,3,7,27.9,9.76,Sunny,Night,5.5,157.9
Mining,Surface Excavation,4,7,48.2,3.77,Foggy,Day,3.5,154.8
Data Center Power,Cooling System Inspection,6,4,47.0,3.93,Sunny,Night,17.7,89.1
Data Center Power,Backup Generator Testing,6,7,24.3,5.18,Cloudy,Day,21.7,76.3
Mining,Hauling Ore,7,9,41.7,2.7,Sunny,Night,1.6,113.0
Mining,Aggregate Collection,6,10,48.2,3.72,Rainy,Day,34.7,94.4
Marine & Rail,Tugboat Engine Service,1,7,37.3,5.04,Foggy,Day,18.7,161.8
Data Center Power,Generator Maintenance,4,8,37.7,7.17,Cloudy,Day,26.3,100.4
Marine & Rail,Locomotive Maintenance,5,7,28.7,10.07,Rainy,Day,10.6,238.4
Construction,Demolition,2,7,11.3,5.9,Sunny,Day,23.1,148.6
Oil & Gas,Pipeline Pumping,4,9,12.3,7.63,Cloudy,Day,33.1,150.3
Data Center Power,Backup Generator Testing,7,7,19.4,4.62,Cloudy,Day,18.7,78.9
Construction,Site Preparation,4,7,17.9,9.48,Rainy,Day,21.5,179.6
Construction,Foundation Work,6,8,22.9,10.66,Cloudy,Day,7.1,216.3
Marine & Rail,Tugboat Engine Service,6,5,38.2,4.61,Sunny,Day,14.8,223.3
Data Center Power,Cooling System Inspection,2,9,37.3,5.82,Cloudy,Day,21.2,49.9
Construction,Site Preparation,5,8,59.4,7.89,Rainy,Day,10.0,180.1
Marine & Rail,Locomotive Maintenance,3,8,19.9,4.76,Sunny,Night,7.0,183.4
Construction,Site Preparation,5,7,33.8,7.24,Foggy,Day,-2.7,158.7
Oil & Gas,Gas Compression Service,2,8,18.7,6.48,Sunny,Day,31.4,152.3
Mining,Hauling Ore,9,6,11.4,5.9,Rainy,Day,-4.4,144.6
Marine & Rail,Rail Network Inspection,6,7,31.7,3.46,Sunny,Day,21.9,186.0
Marine & Rail,Locomotive Maintenance,4,7,70.6,6.06,Sunny,Day,7.3,218.8
Data Center Power,Backup Generator Testing,8,8,25.0,3.86,Rainy,Night,21.5,94.4
Data Center Power,Emergency Power Deployment,7,7,24.6,7.43,Cloudy,Day,25.5,122.1
Marine & Rail,Rail Network Inspection,5,9,38.7,5.04,Cloudy,Day,11.3,151.4
Construction,Excavation,6,8,11.0,5.04,Foggy,Day,26.4,189.5
Construction,Road Building,8,9,63.2,7.33,Rainy,Day,15.7,342.7
Oil & Gas,Well Drilling,7,9,48.6,6.23,Sunny,Day,11.7,358.6
Construction,Foundation Work,10,6,48.9,1.99,Foggy,Day,-5.0,357.0
Construction,Road Building,7,6,18.9,8.21,Sunny,Day,5.2,304.8
Oil & Gas,Well Drilling,2,7,8.7,8.4,Sunny,Night,17.7,305.7
Marine & Rail,Tugboat Engine Service,6,5,33.3,8.9,Sunny,Night,36.7,295.3
Data Center Power,Cooling System Inspection,10,8,43.7,1.64,Rainy,Day,19.8,97.9
Mining,Aggregate Collection,5,6,39.6,7.96,Foggy,Day,11.2,77.6
Data Center Power,Cooling System Inspection,6,10,41.3,4.33,Cloudy,Day,17.6,63.7
Construction,Site Preparation,5,6,57.9,1.58,Rainy,Night,23.8,212.6
Mining,Surface Excavation,9,9,14.3,14.24,Sunny,Day,29.7,233.0
Oil & Gas,Gas Compression Service,5,8,25.7,10.1,Sunny,Day,29.9,203.2
Construction,Foundation Work,6,9,40.6,8.06,Cloudy,Day,20.7,220.3
Oil & Gas,Pipeline Pumping,8,8,44.3,4.55,Foggy,Night,4.0,197.4
Data Center Power,Backup Generator Testing,3,4,47.3,5.94,Cloudy,Night,18.1,77.4
Oil & Gas,Pipeline Pumping,5,8,8.2,6.09,Cloudy,Night,23.1,167.5
Mining,Surface Excavation,5,6,59.6,9.06,Cloudy,Day,13.1,216.5
Mining,Aggregate Collection,4,9,25.1,1.59,Rainy,Day,23.7,70.5
Marine & Rail,Locomotive Maintenance,6,9,21.5,3.83,Sunny,Day,23.7,207.6
Marine & Rail,Rail Network Inspection,2,8,36.0,2.59,Sunny,Night,7.7,123.8
Data Center Power,Generator Maintenance,3,7,55.3,6.19,Sunny,Night,20.5,109.0
Mining,Aggregate Collection,7,7,20.9,5.09,Rainy,Night,16.7,100.8
Marine & Rail,Locomotive Maintenance,8,9,14.4,3.75,Sunny,Night,19.8,253.0
Construction,Demolition,7,9,45.4,9.11,Rainy,Day,11.4,223.6
Construction,Excavation,4,4,20.1,3.73,Sunny,Day,18.3,202.2
Data Center Power,Backup Generator Testing,7,10,23.1,0.77,Sunny,Day,22.6,69.3
Data Center Power,Emergency Power Deployment,7,9,30.2,5.93,Cloudy,Night,22.4,107.3
Mining,Aggregate Collection,7,4,16.7,1.14,Sunny,Night,15.2,92.9
Construction,Foundation Work,2,7,1.5,10.8,Cloudy,Day,29.8,198.8
Construction,Foundation Work,2,8,59.3,7.38,Cloudy,Day,11.1,167.1
Construction,Excavation,7,6,27.8,1.38,Rainy,Night,40.0,332.2
Mining,Surface Excavation,5,9,65.5,0.66,Rainy,Night,21.8,184.6
Marine & Rail,Locomotive Maintenance,4,6,38.2,8.19,Sunny,Day,18.4,247.4
Marine & Rail,Tugboat Engine Service,5,10,57.1,1.04,Foggy,Day,20.3,157.4
Construction,Demolition,7,7,14.2,12.9,Cloudy,Day,17.3,246.4
Construction,Excavation,6,9,49.6,3.27,Rainy,Day,13.9,179.5
Oil & Gas,Pipeline Pumping,4,8,17.4,6.18,Sunny,Night,48.0,176.0
Mining,Drilling,10,6,33.8,6.59,Cloudy,Night,23.4,418.3
Construction,Site Preparation,8,8,46.9,3.87,Sunny,Night,13.5,205.4
Mining,Hauling Ore,7,5,67.1,10.22,Rainy,Day,20.0,197.8
Data Center Power,Emergency Power Deployment,3,9,12.3,2.96,Sunny,Day,24.6,69.3
Data Center Power,Generator Maintenance,9,8,40.6,1.57,Sunny,Day,21.0,136.8
Marine & Rail,Freight Operations,4,7,70.6,6.03,Sunny,Day,23.8,233.9
Data Center Power,Emergency Power Deployment,4,6,39.1,1.37,Sunny,Day,17.0,97.1
Oil & Gas,Gas Compression Service,7,7,35.0,5.84,Rainy,Day,35.3,273.8
Mining,Surface Excavation,6,7,25.0,11.93,Sunny,Day,9.5,190.3
Construction,Demolition,2,9,8.6,3.46,Cloudy,Day,32.1,133.6
Data Center Power,Backup Generator Testing,6,9,23.4,3.52,Sunny,Night,26.8,75.1
Data Center Power,Emergency Power Deployment,1,6,5.7,9.9,Sunny,Night,15.6,85.4
Data Center Power,Generator Maintenance,7,7,20.5,2.35,Sunny,Day,21.3,117.9
Construction,Demolition,7,10,54.4,2.69,Cloudy,Day,27.5,189.0
Mining,Surface Excavation,7,5,13.2,3.59,Foggy,Night,7.4,241.7
Marine & Rail,Rail Network Inspection,7,9,14.7,2.32,Sunny,Night,22.5,187.9
Mining,Hauling Ore,6,8,25.4,7.84,Sunny,Day,24.5,125.0
Construction,Excavation,5,4,27.4,7.94,Sunny,Day,18.4,231.6
Construction,Material Loading,6,6,50.2,5.3,Sunny,Day,16.9,80.0
Construction,Road Building,2,5,41.6,8.17,Sunny,Day,6.6,233.0
Marine & Rail,Freight Operations,5,7,65.4,11.76,Cloudy,Day,2.5,232.3
Oil & Gas,Well Drilling,5,8,13.4,8.1,Cloudy,Night,9.9,335.9
Marine & Rail,Freight Operations,6,9,59.9,5.42,Foggy,Night,31.2,344.9
Construction,Road Building,1,7,13.1,10.68,Sunny,Day,38.9,235.2
Oil & Gas,Gas Compression Service,4,7,25.7,6.87,Sunny,Day,9.8,164.8
Oil & Gas,Well Drilling,4,8,65.4,5.74,Cloudy,Day,32.8,388.0
Construction,Excavation,1,9,52.1,7.96,Rainy,Night,23.4,148.6
Mining,Surface Excavation,3,9,9.5,11.91,Cloudy,Day,9.2,123.0
Marine & Rail,Tugboat Engine Service,8,8,21.3,17.38,Sunny,Day,20.6,240.0
Mining,Aggregate Collection,5,8,10.5,3.36,Sunny,Night,14.6,69.2
Marine & Rail,Tugboat Engine Service,8,9,57.6,9.09,Rainy,Day,20.9,226.6
Construction,Foundation Work,5,5,35.4,15.92,Sunny,Day,4.1,256.1
Construction,Road Building,7,9,16.0,2.29,Sunny,Day,17.8,227.1
Construction,Demolition,3,7,83.3,5.35,Rainy,Night,37.4,269.5
Construction,Foundation Work,2,9,45.2,9.02,Rainy,Day,23.2,190.2
Mining,Hauling Ore,5,8,42.1,11.51,Cloudy,Day,-8.0,106.5
Data Center Power,Backup Generator Testing,7,7,78.4,0.77,Sunny,Day,20.1,92.2
Marine & Rail,Tugboat Engine Service,1,10,0.4,0.92,Rainy,Day,2.5,76.6
Construction,Foundation Work,9,7,53.9,2.74,Sunny,Day,20.3,347.0
Marine & Rail,Tugboat Engine Service,7,8,48.1,5.84,Foggy,Day,10.4,230.4
Mining,Aggregate Collection,10,10,36.4,12.55,Sunny,Day,20.5,102.0
Construction,Foundation Work,5,9,40.2,4.11,Rainy,Day,22.9,213.9
Construction,Road Building,1,6,24.4,5.73,Rainy,Day,2.4,215.0
Construction,Foundation Work,6,9,49.1,10.44,Rainy,Night,-3.5,248.8
Construction,Site Preparation,5,9,9.0,9.94,Rainy,Night,15.2,177.7
Marine & Rail,Freight Operations,4,8,23.9,10.33,Sunny,Night,22.0,221.8
Marine & Rail,Locomotive Maintenance,3,5,13.3,4.62,Sunny,Day,20.4,231.4
Oil & Gas,Well Servicing,7,7,60.8,8.46,Cloudy,Day,25.3,353.3
Data Center Power,Emergency Power Deployment,6,7,22.3,4.58,Sunny,Night,23.7,117.7
Construction,Excavation,2,6,38.4,12.14,Cloudy,Night,25.5,200.7
Marine & Rail,Tugboat Engine Service,4,7,39.7,2.0,Cloudy,Day,38.0,193.7
Construction,Excavation,4,7,63.7,1.43,Rainy,Day,12.5,184.3
Data Center Power,Cooling System Inspection,5,9,60.0,8.53,Cloudy,Night,19.1,71.8
Data Center Power,Cooling System Inspection,8,5,22.0,10.97,Cloudy,Night,24.3,101.0
Construction,Demolition,5,9,50.7,6.69,Sunny,Day,13.0,159.5
Construction,Foundation Work,6,8,12.2,2.83,Sunny,Day,7.1,190.6
Oil & Gas,Pipeline Pumping,1,9,48.1,10.52,Sunny,Day,35.9,131.6
Mining,Surface Excavation,4,7,20.8,6.23,Rainy,Night,8.0,186.0
Mining,Hauling Ore,8,6,25.7,2.23,Cloudy,Night,12.5,147.7
Oil & Gas,Gas Compression Service,4,7,16.1,5.59,Cloudy,Night,19.8,190.2
Marine & Rail,Tugboat Engine Service,8,10,23.2,9.13,Sunny,Day,15.5,173.1
Data Center Power,Generator Maintenance,9,9,62.1,5.77,Cloudy,Night,22.1,152.1
Data Center Power,Emergency Power Deployment,6,10,45.2,4.02,Sunny,Day,21.3,82.4
Construction,Demolition,6,4,22.9,1.79,Sunny,Night,0.6,243.6
Marine & Rail,Tugboat Engine Service,4,8,24.4,1.44,Sunny,Night,10.7,149.1
Data Center Power,Cooling System Inspection,6,7,52.9,6.73,Cloudy,Night,20.5,83.2
Oil & Gas,Well Drilling,6,6,54.0,5.84,Sunny,Day,39.3,513.7
Oil & Gas,Well Servicing,3,9,51.7,7.37,Cloudy,Night,-12.7,179.2
Mining,Surface Excavation,1,8,15.1,7.76,Sunny,Night,9.0,116.7
Oil & Gas,Well Servicing,2,7,55.6,5.08,Cloudy,Day,39.2,245.5
Oil & Gas,Gas Compression Service,6,7,46.3,10.73,Sunny,Day,18.5,232.1
Construction,Excavation,6,5,11.1,5.78,Sunny,Day,7.8,210.9
Mining,Surface Excavation,6,4,17.7,12.26,Foggy,Day,14.8,261.3
Data Center Power,Cooling System Inspection,5,6,84.0,2.48,Cloudy,Night,16.0,80.0
Marine & Rail,Tugboat Engine Service,1,6,23.2,10.7,Foggy,Day,19.7,173.3
Marine & Rail,Rail Network Inspection,4,7,50.3,10.69,Sunny,Day,-0.3,153.5
Oil & Gas,Well Servicing,6,7,68.6,1.58,Rainy,Day,12.1,300.4
Marine & Rail,Tugboat Engine Service,6,8,10.2,0.29,Sunny,Night,18.7,166.5
Construction,Material Loading,2,7,25.1,10.46,Sunny,Day,5.9,53.1
Mining,Surface Excavation,5,7,42.1,6.91,Cloudy,Night,19.0,196.0
Construction,Foundation Work,4,9,78.6,11.27,Sunny,Day,23.8,203.8
Oil & Gas,Well Drilling,2,9,41.2,11.47,Rainy,Day,15.7,297.8
Oil & Gas,Gas Compression Service,8,7,38.8,2.35,Rainy,Day,43.3,286.8
Mining,Aggregate Collection,6,6,32.8,7.47,Foggy,Night,30.1,102.1
Marine & Rail,Locomotive Maintenance,9,8,12.7,8.19,Sunny,Day,18.9,285.2
Construction,Material Loading,3,8,55.0,3.06,Rainy,Day,8.3,62.3
Oil & Gas,Well Servicing,6,9,34.8,14.62,Cloudy,Day,41.4,295.8
Mining,Surface Excavation,5,6,5.5,6.0,Rainy,Day,18.8,212.6
Mining,Surface Excavation,5,8,39.9,5.21,Rainy,Night,31.5,222.0
Data Center Power,Emergency Power Deployment,9,5,27.4,3.92,Cloudy,Night,25.9,175.1
Marine & Rail,Rail Network Inspection,4,9,17.0,4.81,Rainy,Day,28.4,169.9
Construction,Foundation Work,3,8,20.7,2.52,Cloudy,Night,13.5,185.7
Data Center Power,Cooling System Inspection,7,5,21.9,5.45,Rainy,Day,24.5,87.5
Marine & Rail,Rail Network Inspection,4,6,19.4,2.77,Foggy,Day,19.2,192.0
Mining,Drilling,2,6,55.6,9.45,Rainy,Day,24.9,251.1
Data Center Power,Emergency Power Deployment,8,8,39.6,1.9,Cloudy,Night,20.1,123.8
Data Center Power,Emergency Power Deployment,6,8,20.3,8.81,Cloudy,Day,16.3,102.2
Mining,Drilling,7,8,33.6,10.82,Rainy,Day,22.8,311.7
Mining,Surface Excavation,6,6,14.9,11.99,Sunny,Day,41.7,262.9
Mining,Drilling,6,10,17.6,6.53,Sunny,Day,20.9,174.9
Construction,Excavation,6,10,49.0,10.09,Foggy,Day,11.7,161.7
Construction,Material Loading,5,5,28.8,3.2,Rainy,Day,10.1,76.7
Construction,Road Building,5,10,45.8,5.03,Foggy,Day,24.7,213.8
Mining,Surface Excavation,4,9,41.3,1.48,Sunny,Night,29.5,155.7
Marine & Rail,Rail Network Inspection,2,6,37.5,4.66,Cloudy,Day,14.6,138.6
Construction,Demolition,6,6,31.8,7.04,Sunny,Day,10.3,219.3
Construction,Road Building,5,9,35.8,2.37,Sunny,Night,18.5,218.7
Oil & Gas,Gas Compression Service,6,6,40.1,12.11,Rainy,Day,23.0,270.7
Oil & Gas,Well Servicing,7,9,13.3,2.7,Rainy,Night,23.3,276.8
Construction,Material Loading,4,8,5.2,4.46,Sunny,Night,8.6,55.5
Mining,Surface Excavation,4,7,50.6,5.87,Sunny,Day,20.7,172.6
Construction,Excavation,6,9,45.6,9.91,Sunny,Day,17.6,175.2
Marine & Rail,Freight Operations,6,9,86.3,3.61,Sunny,Day,13.6,236.4
Oil & Gas,Pipeline Pumping,6,8,25.6,5.44,Rainy,Night,22.1,184.2
Construction,Excavation,6,10,9.1,5.97,Sunny,Night,6.9,141.5
Marine & Rail,Freight Operations,6,8,58.6,8.52,Sunny,Day,10.8,227.6
Marine & Rail,Rail Network Inspection,9,6,15.0,7.69,Cloudy,Day,15.0,231.3
Oil & Gas,Gas Compression Service,5,9,9.5,2.04,Cloudy,Day,23.5,154.0
Mining,Surface Excavation,6,8,27.4,13.67,Rainy,Night,29.1,252.8
Data Center Power,Cooling System Inspection,7,9,20.6,8.3,Sunny,Day,27.3,73.8
Mining,Surface Excavation,5,7,43.5,2.97,Cloudy,Day,20.7,185.9
Mining,Drilling,8,9,58.9,7.06,Sunny,Night,6.2,254.1
Construction,Site Preparation,4,8,4.4,8.06,Cloudy,Night,7.8,144.5
Data Center Power,Emergency Power Deployment,6,7,36.8,5.7,Cloudy,Night,18.9,120.6
Oil & Gas,Well Servicing,1,6,33.7,6.13,Sunny,Day,34.2,228.0
Construction,Foundation Work,2,8,72.2,7.53,Foggy,Day,3.3,171.2
Data Center Power,Cooling System Inspection,4,6,71.2,3.36,Rainy,Day,25.6,72.4
Oil & Gas,Well Drilling,9,7,49.8,2.13,Cloudy,Day,9.2,480.0
Mining,Drilling,7,10,19.6,7.69,Sunny,Day,24.7,200.7
Oil & Gas,Gas Compression Service,7,7,63.1,2.52,Sunny,Night,8.5,229.5
Oil & Gas,Well Servicing,3,4,14.2,1.86,Sunny,Day,28.8,273.6
Construction,Demolition,8,5,58.0,3.51,Foggy,Night,10.8,332.6
Data Center Power,Emergency Power Deployment,5,8,21.8,9.16,Rainy,Day,20.5,100.1
Construction,Material Loading,5,8,28.7,5.47,Cloudy,Day,21.5,68.7
Marine & Rail,Rail Network Inspection,5,8,50.0,8.54,Sunny,Night,7.6,170.2
Mining,Hauling Ore,7,8,29.2,2.62,Rainy,Day,-0.3,124.9
Data Center Power,Generator Maintenance,6,8,15.1,7.66,Cloudy,Night,18.6,115.5
Construction,Road Building,5,7,65.9,0.58,Sunny,Night,16.2,276.0
Construction,Road Building,1,9,26.2,3.73,Sunny,Day,26.6,158.5
Oil & Gas,Well Servicing,9,9,24.5,5.84,Sunny,Day,20.9,280.7
Construction,Foundation Work,10,8,33.4,7.09,Cloudy,Day,14.6,297.9
Data Center Power,Backup Generator Testing,6,6,6.3,5.7,Cloudy,Day,23.2,77.6
Marine & Rail,Rail Network Inspection,9,6,61.1,4.99,Sunny,Night,25.5,302.4
Oil & Gas,Pipeline Pumping,3,8,29.1,9.87,Rainy,Day,28.8,148.4
Mining,Hauling Ore,4,7,47.9,4.57,Rainy,Day,37.8,148.1
Mining,Drilling,6,9,58.3,2.85,Sunny,Day,25.6,209.6
Data Center Power,Generator Maintenance,6,8,18.8,6.04,Sunny,Night,23.3,115.7
Construction,Excavation,10,9,19.4,6.33,Sunny,Night,9.9,219.7
Construction,Road Building,6,7,62.4,1.83,Sunny,Day,7.3,259.6
Marine & Rail,Rail Network Inspection,3,9,61.8,6.28,Sunny,Day,27.0,148.6
Construction,Road Building,5,7,47.8,9.23,Sunny,Day,32.2,296.6
Mining,Aggregate Collection,6,9,62.4,5.13,Sunny,Night,3.4,74.9
Marine & Rail,Locomotive Maintenance,7,6,34.3,12.97,Sunny,Day,8.0,303.9
Mining,Surface Excavation,5,9,31.5,3.89,Rainy,Day,10.6,159.8
Oil & Gas,Gas Compression Service,3,8,20.6,8.4,Sunny,Day,21.5,156.5
Marine & Rail,Rail Network Inspection,3,10,14.9,1.59,Sunny,Night,-0.5,118.2
Marine & Rail,Rail Network Inspection,5,8,32.1,4.2,Sunny,Day,3.7,144.9
Marine & Rail,Locomotive Maintenance,2,8,21.6,5.73,Cloudy,Night,14.6,176.0
Marine & Rail,Tugboat Engine Service,9,8,32.9,4.75,Rainy,Day,37.2,266.7
Mining,Surface Excavation,3,7,38.6,11.37,Cloudy,Day,5.0,153.5
Construction,Site Preparation,9,10,26.5,6.07,Foggy,Day,19.9,211.7
Mining,Aggregate Collection,10,8,55.3,3.25,Sunny,Day,15.1,110.5
Construction,Material Loading,7,7,23.5,5.66,Sunny,Day,12.2,73.7
Construction,Foundation Work,5,9,62.2,4.61,Sunny,Day,8.9,182.2
Marine & Rail,Tugboat Engine Service,6,7,69.8,8.67,Rainy,Night,2.7,216.4
Construction,Demolition,7,7,32.5,13.05,Cloudy,Day,3.0,241.8
Marine & Rail,Rail Network Inspection,3,8,47.7,11.63,Sunny,Night,6.8,146.9
Marine & Rail,Tugboat Engine Service,5,9,27.1,5.28,Cloudy,Day,4.7,130.4
Mining,Hauling Ore,6,6,44.4,11.66,Sunny,Day,14.9,133.5
Oil & Gas,Gas Compression Service,6,7,6.1,5.62,Sunny,Night,21.9,220.6
Oil & Gas,Gas Compression Service,5,9,26.0,5.32,Cloudy,Day,41.8,187.5
Oil & Gas,Well Servicing,5,7,29.7,6.78,Sunny,Night,22.2,273.1
Oil & Gas,Well Drilling,6,6,29.1,7.54,Sunny,Night,23.3,497.9
Construction,Material Loading,7,8,48.0,7.31,Cloudy,Day,0.6,81.2
Data Center Power,Cooling System Inspection,5,8,13.3,3.49,Sunny,Day,24.1,61.0
Marine & Rail,Tugboat Engine Service,8,9,20.9,7.8,Foggy,Night,20.0,240.7
Mining,Hauling Ore,5,8,39.8,5.3,Sunny,Night,28.6,128.3
Marine & Rail,Locomotive Maintenance,5,9,54.0,4.0,Rainy,Night,20.3,225.8
Marine & Rail,Tugboat Engine Service,6,5,27.5,3.11,Cloudy,Night,-5.1,213.2
Oil & Gas,Well Servicing,2,6,44.8,4.43,Rainy,Night,29.2,292.3
Mining,Aggregate Collection,4,6,40.3,4.15,Sunny,Night,4.5,71.2
Data Center Power,Backup Generator Testing,4,8,13.7,3.67,Rainy,Day,22.1,63.1
Marine & Rail,Freight Operations,8,8,82.5,9.62,Cloudy,Day,17.6,342.3
Mining,Aggregate Collection,3,9,72.4,10.1,Sunny,Day,10.4,61.6
Data Center Power,Cooling System Inspection,4,6,33.3,2.87,Sunny,Day,20.8,64.8
Mining,Surface Excavation,2,5,29.9,8.58,Sunny,Day,27.9,186.1
Mining,Surface Excavation,7,9,53.2,7.82,Sunny,Night,21.7,206.8
Data Center Power,Backup Generator Testing,3,6,18.1,4.58,Sunny,Night,18.7,67.2
Oil & Gas,Well Drilling,5,8,41.1,4.75,Sunny,Night,38.8,426.5
Marine & Rail,Rail Network Inspection,2,6,51.4,6.25,Sunny,Night,25.2,167.4
Construction,Road Building,6,7,57.6,8.31,Cloudy,Night,19.5,343.4
Marine & Rail,Tugboat Engine Service,6,7,3.8,5.23,Sunny,Day,24.0,187.2
Marine & Rail,Rail Network Inspection,4,7,50.3,3.26,Sunny,Night,15.8,175.0
Construction,Excavation,4,8,36.9,12.14,Foggy,Night,40.0,242.3
Mining,Hauling Ore,3,7,22.9,4.01,Sunny,Day,6.8,90.9
Marine & Rail,Locomotive Maintenance,8,8,13.6,11.57,Sunny,Day,29.3,300.9
Construction,Excavation,10,8,0.8,5.17,Rainy,Day,14.8,243.0
Mining,Drilling,1,7,30.8,10.42,Cloudy,Day,22.5,176.3
Construction,Demolition,6,7,39.9,11.03,Sunny,Night,23.4,266.9
Marine & Rail,Freight Operations,5,9,6.4,0.26,Sunny,Night,0.5,184.9
Data Center Power,Emergency Power Deployment,5,6,24.7,8.0,Cloudy,Night,22.7,123.7
Data Center Power,Emergency Power Deployment,3,9,82.0,4.83,Sunny,Day,23.7,81.2
Oil & Gas,Gas Compression Service,6,9,47.0,0.74,Cloudy,Day,13.7,158.6
Mining,Drilling,9,8,40.9,11.46,Rainy,Day,5.9,322.3
Mining,Drilling,5,9,21.5,8.13,Cloudy,Night,17.4,206.7
Construction,Excavation,9,7,1.5,3.95,Sunny,Day,26.3,233.3
Construction,Material Loading,7,9,10.3,3.79,Sunny,Day,10.4,62.1
Data Center Power,Emergency Power Deployment,10,9,68.5,2.39,Sunny,Night,22.5,142.7
Construction,Foundation Work,4,6,34.1,2.98,Foggy,Night,18.5,255.4
Oil & Gas,Well Drilling,3,9,44.3,4.41,Sunny,Night,35.3,327.9
Mining,Surface Excavation,6,9,66.7,4.92,Sunny,Night,26.2,196.4
Oil & Gas,Well Servicing,7,7,23.0,1.5,Sunny,Day,23.0,275.5
Oil & Gas,Gas Compression Service,7,8,35.4,11.71,Cloudy,Day,17.1,223.6
Construction,Foundation Work,5,8,29.5,3.5,Sunny,Day,19.3,200.2
Oil & Gas,Gas Compression Service,5,7,70.7,2.14,Rainy,Day,42.4,243.3
Mining,Drilling,4,7,40.3,10.34,Sunny,Night,5.4,223.5
Oil & Gas,Well Drilling,5,9,42.3,7.59,Rainy,Night,32.8,431.8
Marine & Rail,Rail Network Inspection,8,7,25.9,9.89,Rainy,Night,10.6,253.2
Marine & Rail,Rail Network Inspection,4,7,42.6,6.87,Cloudy,Day,27.2,178.2
Construction,Foundation Work,6,6,56.2,1.86,Cloudy,Day,31.3,312.3
Construction,Material Loading,5,9,46.6,6.19,Cloudy,Day,9.1,62.1
Marine & Rail,Locomotive Maintenance,7,6,55.3,7.94,Cloudy,Day,3.4,307.9
Data Center Power,Generator Maintenance,6,8,34.5,3.22,Cloudy,Night,22.5,120.0
Mining,Surface Excavation,6,7,59.8,3.26,Sunny,Day,15.7,194.1
Data Center Power,Cooling System Inspection,9,7,22.9,3.82,Sunny,Day,24.6,89.5
Construction,Excavation,5,8,26.9,5.41,Rainy,Night,19.4,202.9
Construction,Foundation Work,9,8,66.7,1.06,Cloudy,Day,20.9,327.8
Oil & Gas,Gas Compression Service,8,7,27.2,5.51,Sunny,Day,17.7,237.0
Mining,Surface Excavation,7,8,25.3,5.16,Foggy,Night,42.0,243.0
Marine & Rail,Locomotive Maintenance,7,7,70.0,10.38,Sunny,Day,17.7,321.9
Mining,Surface Excavation,5,7,54.6,9.64,Cloudy,Day,32.7,230.8
Oil & Gas,Well Servicing,5,6,65.9,4.59,Sunny,Day,25.5,302.4
Oil & Gas,Gas Compression Service,6,8,66.5,5.41,Cloudy,Night,19.0,222.4
Construction,Demolition,5,9,33.2,3.78,Cloudy,Day,14.2,157.6
Construction,Material Loading,6,9,38.3,2.61,Cloudy,Day,40.0,79.0
Construction,Road Building,5,6,38.9,4.84,Cloudy,Day,40.0,334.6
Marine & Rail,Freight Operations,8,5,25.9,6.61,Sunny,Night,14.5,316.6
Marine & Rail,Rail Network Inspection,8,10,38.2,10.73,Foggy,Day,23.1,262.3
Data Center Power,Cooling System Inspection,3,9,54.8,5.66,Cloudy,Night,22.2,61.8
Mining,Hauling Ore,4,7,48.5,7.14,Cloudy,Day,17.5,109.6
Oil & Gas,Gas Compression Service,8,9,27.4,10.9,Cloudy,Night,37.3,281.0
Mining,Hauling Ore,6,8,41.5,2.82,Sunny,Day,28.2,122.7
Construction,Foundation Work,8,8,16.4,4.73,Foggy,Day,22.9,263.2
Oil & Gas,Gas Compression Service,2,5,22.4,8.82,Rainy,Night,43.9,242.7
Mining,Surface Excavation,7,10,43.2,14.26,Sunny,Day,6.7,164.9
Oil & Gas,Gas Compression Service,5,3,56.7,13.01,Sunny,Day,4.7,259.7
Data Center Power,Generator Maintenance,6,7,32.4,8.8,Rainy,Day,18.0,128.7
Mining,Surface Excavation,6,8,28.1,3.82,Cloudy,Day,30.7,186.6
Mining,Surface Excavation,3,6,21.3,4.89,Cloudy,Night,15.0,171.4
Marine & Rail,Tugboat Engine Service,10,6,40.3,2.99,Cloudy,Day,27.8,316.7
Mining,Surface Excavation,8,8,64.0,9.26,Sunny,Day,25.4,247.9
Oil & Gas,Well Servicing,3,8,18.8,14.18,Rainy,Day,34.0,282.0
Construction,Material Loading,6,8,52.8,6.15,Rainy,Day,7.6,81.8
Data Center Power,Cooling System Inspection,6,9,18.4,3.11,Sunny,Day,24.5,64.1
Construction,Foundation Work,8,4,60.0,6.45,Rainy,Day,11.6,455.6
Construction,Material Loading,7,9,25.9,5.1,Foggy,Day,10.5,72.1
Marine & Rail,Freight Operations,8,7,27.0,2.4,Sunny,Night,-6.4,262.6
Construction,Foundation Work,6,8,34.9,7.23,Foggy,Day,30.6,261.4
Construction,Road Building,5,8,61.4,6.62,Sunny,Day,27.3,264.3
Marine & Rail,Tugboat Engine Service,3,5,29.6,9.2,Sunny,Day,2.0,176.7
Construction,Foundation Work,6,7,56.5,3.83,Sunny,Day,22.6,260.0
Construction,Demolition,5,6,19.2,9.0,Rainy,Day,20.6,258.5
Mining,Hauling Ore,8,9,10.9,5.65,Cloudy,Day,16.4,118.2
Mining,Hauling Ore,4,7,36.0,9.54,Sunny,Day,19.3,110.8
Oil & Gas,Well Servicing,3,8,61.2,8.02,Cloudy,Night,39.8,272.8
Construction,Demolition,6,9,47.8,12.32,Sunny,Day,18.7,195.3
Mining,Hauling Ore,6,3,37.7,4.06,Cloudy,Night,20.7,152.8
Mining,Drilling,4,8,52.6,12.09,Rainy,Day,19.3,253.7
Mining,Drilling,7,6,44.9,8.47,Sunny,Night,16.2,326.0
Oil & Gas,Pipeline Pumping,3,7,15.7,5.79,Sunny,Day,48.0,156.6
Oil & Gas,Gas Compression Service,10,8,5.8,0.59,Foggy,Day,26.3,236.0
Marine & Rail,Freight Operations,7,4,40.0,14.65,Sunny,Day,13.9,314.3
Construction,Site Preparation,7,6,55.2,9.55,Sunny,Day,27.7,242.1
Data Center Power,Emergency Power Deployment,8,6,11.8,1.52,Sunny,Day,16.3,118.5
Oil & Gas,Gas Compression Service,6,9,86.5,7.52,Sunny,Night,9.5,194.4
Marine & Rail,Rail Network Inspection,3,6,34.4,6.22,Foggy,Day,20.7,195.1
Construction,Excavation,6,5,25.5,10.28,Sunny,Day,32.5,273.6
Oil & Gas,Well Servicing,2,6,30.8,6.82,Cloudy,Day,11.6,211.0
Mining,Drilling,8,8,49.3,4.14,Cloudy,Day,7.7,264.2
Construction,Demolition,6,6,57.5,3.0,Rainy,Day,-0.4,250.5
Data Center Power,Emergency Power Deployment,6,8,44.8,7.35,Sunny,Day,22.7,109.0
Data Center Power,Generator Maintenance,5,9,46.3,5.18,Rainy,Night,19.2,104.5
Mining,Drilling,6,8,65.6,4.88,Rainy,Day,24.3,285.7
Data Center Power,Generator Maintenance,6,8,22.5,6.77,Sunny,Day,22.3,111.2
Marine & Rail,Freight Operations,5,7,41.3,3.54,Cloudy,Night,5.5,221.8
Oil & Gas,Pipeline Pumping,7,7,21.5,11.69,Cloudy,Day,33.1,229.2
Construction,Foundation Work,9,9,10.6,1.46,Sunny,Day,13.8,223.1
Marine & Rail,Tugboat Engine Service,7,10,22.4,2.85,Sunny,Day,20.8,146.6
Construction,Foundation Work,6,8,18.3,3.99,Rainy,Day,35.1,277.4
Mining,Surface Excavation,3,10,63.3,7.74,Rainy,Day,-4.8,123.8
Marine & Rail,Locomotive Maintenance,6,8,25.0,2.66,Cloudy,Day,27.0,236.7
Marine & Rail,Tugboat Engine Service,4,9,39.4,8.73,Sunny,Day,20.7,149.9
Construction,Foundation Work,3,10,16.8,4.77,Rainy,Day,20.6,158.6
Oil & Gas,Well Drilling,4,8,91.3,5.52,Sunny,Day,18.5,339.0
Oil & Gas,Gas Compression Service,7,5,24.9,3.64,Sunny,Night,13.3,249.7
Data Center Power,Emergency Power Deployment,6,9,80.2,8.94,Sunny,Day,25.9,107.7
Construction,Foundation Work,6,4,45.5,10.7,Cloudy,Day,29.4,375.0
Construction,Material Loading,6,9,57.4,12.01,Foggy,Day,17.8,78.8
Marine & Rail,Rail Network Inspection,4,10,37.9,3.29,Sunny,Day,4.8,120.8
Oil & Gas,Well Drilling,1,6,41.9,6.86,Cloudy,Day,27.9,341.0
Marine & Rail,Freight Operations,5,8,49.5,1.73,Rainy,Day,13.9,249.3
Construction,Road Building,4,9,27.6,7.73,Sunny,Day,10.2,192.5
Construction,Excavation,1,7,51.7,6.3,Rainy,Day,16.1,154.6
Construction,Demolition,6,6,67.1,6.52,Rainy,Day,21.9,296.7
Marine & Rail,Tugboat Engine Service,7,9,61.6,5.57,Sunny,Night,8.9,185.4
Data Center Power,Emergency Power Deployment,7,8,41.9,2.29,Cloudy,Day,20.6,111.6
Oil & Gas,Well Servicing,8,9,73.6,14.45,Cloudy,Day,22.9,365.1
Mining,Hauling Ore,5,9,48.5,1.51,Cloudy,Day,16.0,97.7
Data Center Power,Emergency Power Deployment,3,7,19.1,1.49,Rainy,Night,14.7,88.4
Oil & Gas,Pipeline Pumping,9,6,74.4,2.04,Cloudy,Night,9.2,260.4
Oil & Gas,Well Servicing,8,7,17.2,7.52,Sunny,Night,-9.9,292.7
Construction,Road Building,4,6,19.1,5.22,Sunny,Night,32.8,293.8
Mining,Aggregate Collection,3,8,56.7,10.1,Sunny,Day,11.4,60.5
Oil & Gas,Well Drilling,6,9,26.3,3.34,Sunny,Day,27.7,338.5
Oil & Gas,Pipeline Pumping,5,9,14.0,9.58,Cloudy,Night,39.4,195.0
Oil & Gas,Pipeline Pumping,6,7,34.7,4.96,Rainy,Night,32.3,207.2
Marine & Rail,Rail Network Inspection,10,5,37.9,3.9,Sunny,Day,1.6,236.1
Oil & Gas,Pipeline Pumping,7,10,31.6,3.23,Sunny,Night,13.4,160.4
Construction,Site Preparation,6,5,18.6,10.49,Cloudy,Day,21.1,191.2
Data Center Power,Cooling System Inspection,8,5,52.0,14.6,Cloudy,Night,15.9,111.1
Oil & Gas,Gas Compression Service,10,8,44.2,4.67,Rainy,Day,5.5,257.4
Mining,Surface Excavation,6,9,23.0,5.45,Rainy,Day,23.0,183.8
Marine & Rail,Rail Network Inspection,5,7,24.1,8.25,Sunny,Day,15.4,161.4
Marine & Rail,Rail Network Inspection,6,6,23.3,7.47,Cloudy,Night,30.0,224.4
Mining,Hauling Ore,5,8,68.2,7.7,Sunny,Day,6.9,112.0
Oil & Gas,Well Drilling,4,8,40.9,3.24,Foggy,Day,10.2,294.3
Marine & Rail,Tugboat Engine Service,3,9,54.4,5.32,Foggy,Day,8.5,145.9
Mining,Drilling,5,5,42.3,11.87,Sunny,Day,42.0,338.5
Construction,Excavation,7,8,43.7,9.14,Sunny,Day,21.8,217.3
Construction,Foundation Work,7,6,26.2,4.49,Rainy,Day,9.4,304.4
Data Center Power,Backup Generator Testing,2,9,51.9,1.36,Sunny,Night,21.2,56.1
Construction,Demolition,3,10,34.8,3.12,Cloudy,Day,17.6,120.5
Construction,Demolition,7,9,29.1,10.25,Sunny,Day,40.0,238.0
Marine & Rail,Rail Network Inspection,5,8,38.6,5.43,Cloudy,Day,9.0,158.3
Data Center Power,Cooling System Inspection,8,7,30.1,2.16,Rainy,Night,23.3,93.7
Mining,Aggregate Collection,4,7,52.4,1.15,Cloudy,Day,14.2,68.9
Mining,Drilling,4,6,32.0,10.67,Sunny,Day,20.2,238.9
Construction,Foundation Work,5,6,50.1,9.03,Rainy,Night,19.5,323.3
Marine & Rail,Freight Operations,4,9,21.8,6.47,Sunny,Day,38.0,226.2
Construction,Material Loading,4,8,16.0,5.67,Sunny,Night,19.0,64.7
Mining,Surface Excavation,10,7,77.0,7.48,Foggy,Day,17.5,342.5
Oil & Gas,Well Drilling,7,9,46.4,2.1,Sunny,Day,15.3,332.6
Construction,Road Building,6,5,12.0,5.03,Sunny,Day,26.6,322.2
Mining,Aggregate Collection,4,7,22.8,4.76,Foggy,Night,25.9,81.6
Data Center Power,Cooling System Inspection,6,9,68.7,1.39,Sunny,Day,17.6,68.8
Data Center Power,Backup Generator Testing,6,9,22.8,7.78,Sunny,Night,26.5,78.1
Mining,Surface Excavation,7,6,12.9,3.53,Rainy,Day,9.9,225.2
Data Center Power,Backup Generator Testing,9,7,20.7,8.12,Sunny,Day,19.6,92.5
Construction,Foundation Work,6,8,71.2,3.98,Sunny,Day,21.8,245.1
Marine & Rail,Rail Network Inspection,5,5,24.0,3.11,Cloudy,Night,21.2,199.4
Mining,Hauling Ore,5,8,55.3,9.74,Sunny,Night,0.9,115.7
Marine & Rail,Freight Operations,8,5,40.0,11.33,Sunny,Day,-4.2,297.3
Data Center Power,Emergency Power Deployment,7,10,39.4,10.58,Rainy,Day,19.5,96.7
Marine & Rail,Tugboat Engine Service,8,7,36.7,4.22,Sunny,Day,22.6,228.4
Oil & Gas,Well Servicing,6,9,13.0,5.89,Foggy,Day,27.5,235.9
Construction,Site Preparation,4,8,57.6,3.89,Sunny,Day,19.1,147.2
Mining,Surface Excavation,5,8,34.1,7.92,Cloudy,Night,42.0,214.3
Oil & Gas,Well Drilling,4,6,26.4,12.38,Cloudy,Day,22.9,416.6
Mining,Surface Excavation,5,5,47.7,3.55,Sunny,Day,18.7,214.4
Mining,Surface Excavation,4,6,21.8,1.59,Cloudy,Night,25.1,191.4
Marine & Rail,Tugboat Engine Service,4,9,16.2,6.74,Cloudy,Day,15.6,138.4
Mining,Aggregate Collection,8,5,49.0,3.06,Sunny,Day,23.9,111.5
Marine & Rail,Rail Network Inspection,4,9,40.5,6.5,Foggy,Day,17.1,178.4
Mining,Drilling,4,8,6.0,2.41,Sunny,Night,30.6,199.1
Mining,Hauling Ore,6,8,49.2,5.04,Sunny,Day,21.1,121.0
Mining,Hauling Ore,9,8,30.7,12.94,Cloudy,Night,15.5,178.6
Mining,Surface Excavation,8,7,36.2,4.47,Rainy,Night,4.4,254.3
Oil & Gas,Well Drilling,3,7,17.1,4.87,Cloudy,Day,30.5,337.5
Mining,Hauling Ore,10,10,33.6,0.87,Rainy,Day,11.8,150.3
Data Center Power,Cooling System Inspection,5,8,12.5,7.86,Sunny,Night,15.8,66.7
Oil & Gas,Gas Compression Service,9,7,21.0,13.57,Sunny,Day,19.3,284.4
Oil & Gas,Well Servicing,1,9,10.7,5.32,Sunny,Day,24.6,150.8
Marine & Rail,Rail Network Inspection,7,6,28.6,5.65,Sunny,Night,15.0,220.3
Data Center Power,Cooling System Inspection,9,9,31.3,6.99,Sunny,Day,24.1,85.6
Oil & Gas,Well Drilling,7,8,47.2,2.61,Sunny,Day,22.6,402.9
Marine & Rail,Freight Operations,4,5,70.1,10.85,Cloudy,Night,20.9,281.8
Data Center Power,Generator Maintenance,4,7,20.2,2.39,Rainy,Night,18.3,106.1
Oil & Gas,Well Servicing,5,7,42.0,8.55,Sunny,Night,25.1,297.2
Marine & Rail,Tugboat Engine Service,7,5,56.5,6.58,Sunny,Night,19.8,294.5
Construction,Excavation,5,7,7.6,5.37,Rainy,Day,27.5,217.4
Mining,Hauling Ore,8,7,21.6,5.55,Rainy,Day,-3.7,143.1
Marine & Rail,Rail Network Inspection,7,9,58.6,2.9,Sunny,Night,2.8,189.0
Construction,Road Building,4,6,29.8,9.59,Sunny,Day,7.3,255.5
Construction,Demolition,9,9,38.4,6.42,Cloudy,Day,27.1,253.7
Construction,Foundation Work,5,9,19.3,14.69,Rainy,Night,12.9,233.7
Marine & Rail,Rail Network Inspection,2,8,43.7,7.15,Foggy,Night,17.4,174.7
Construction,Excavation,6,5,78.7,4.17,Sunny,Night,14.8,266.5
Marine & Rail,Rail Network Inspection,10,9,55.1,2.82,Cloudy,Day,36.4,294.3
Marine & Rail,Freight Operations,10,9,23.6,7.06,Sunny,Day,27.4,317.6
Construction,Material Loading,1,8,30.8,6.76,Rainy,Day,-0.6,52.0
Construction,Material Loading,8,8,22.9,4.53,Cloudy,Day,21.8,84.3
Mining,Drilling,5,6,24.3,4.94,Sunny,Day,-7.8,209.5
Construction,Excavation,8,8,28.3,2.8,Rainy,Day,26.6,247.4
Mining,Hauling Ore,8,8,39.0,1.57,Sunny,Night,13.3,138.8
Construction,Excavation,4,5,13.2,1.19,Cloudy,Day,22.2,191.5
Mining,Aggregate Collection,3,7,27.8,0.74,Sunny,Day,25.7,63.8
Construction,Material Loading,6,9,33.3,3.37,Rainy,Day,6.5,71.4
Data Center Power,Cooling System Inspection,5,7,52.5,6.01,Cloudy,Day,21.7,70.8
Data Center Power,Backup Generator Testing,5,10,6.6,3.65,Rainy,Day,19.4,60.6
Marine & Rail,Tugboat Engine Service,3,7,25.0,11.63,Sunny,Day,31.4,187.5
Oil & Gas,Gas Compression Service,6,8,39.2,2.9,Rainy,Day,48.0,222.9
Mining,Aggregate Collection,6,6,52.3,10.6,Sunny,Day,15.4,88.5
Construction,Material Loading,3,9,27.3,14.56,Rainy,Night,39.5,86.8
Marine & Rail,Tugboat Engine Service,5,8,34.2,6.33,Rainy,Day,26.2,176.7
Construction,Foundation Work,4,8,32.9,7.11,Sunny,Day,14.8,191.1
Mining,Aggregate Collection,1,6,50.4,2.67,Sunny,Night,17.8,60.5
Oil & Gas,Well Servicing,8,4,29.7,4.86,Cloudy,Day,41.1,477.3
Mining,Aggregate Collection,3,5,11.8,5.26,Sunny,Day,23.5,69.8
Oil & Gas,Well Servicing,3,7,24.0,14.23,Sunny,Day,25.9,251.8
Construction,Excavation,5,7,13.1,12.66,Rainy,Day,19.1,223.3
Mining,Surface Excavation,5,7,36.6,8.39,Cloudy,Day,0.4,165.0
Marine & Rail,Rail Network Inspection,5,9,37.3,4.8,Sunny,Night,12.2,161.9
Mining,Drilling,8,8,24.2,7.34,Sunny,Day,18.3,257.7
Mining,Surface Excavation,6,8,77.0,14.88,Sunny,Day,6.5,197.0
Marine & Rail,Locomotive Maintenance,8,8,50.1,5.98,Sunny,Day,12.1,273.3
Mining,Drilling,10,6,25.1,9.86,Sunny,Day,-2.7,339.3
Oil & Gas,Pipeline Pumping,7,10,31.5,2.55,Rainy,Day,14.2,151.0
Construction,Excavation,6,8,31.1,5.03,Rainy,Day,32.7,228.7
Marine & Rail,Freight Operations,5,6,65.0,2.92,Sunny,Day,15.3,230.7
Construction,Demolition,8,6,36.3,4.55,Sunny,Day,13.7,253.4
Construction,Foundation Work,6,7,29.7,2.19,Cloudy,Day,1.7,223.9
Mining,Surface Excavation,4,6,18.5,5.05,Cloudy,Day,16.0,168.9
Data Center Power,Backup Generator Testing,6,6,22.2,4.47,Sunny,Day,19.7,77.8
Mining,Drilling,10,6,26.7,0.83,Foggy,Day,21.0,350.8
Construction,Foundation Work,3,9,41.9,7.93,Cloudy,Night,23.2,180.1
Marine & Rail,Freight Operations,7,8,30.3,12.15,Sunny,Night,22.9,302.8
Oil & Gas,Pipeline Pumping,8,7,26.4,4.68,Rainy,Day,21.5,208.1
Construction,Demolition,5,7,12.9,1.46,Sunny,Day,7.7,166.3
Marine & Rail,Freight Operations,7,7,56.7,11.18,Sunny,Day,21.8,298.6
Data Center Power,Cooling System Inspection,6,8,52.5,2.9,Sunny,Day,20.3,70.3
Construction,Road Building,6,7,10.8,3.32,Cloudy,Day,16.3,253.9
Marine & Rail,Tugboat Engine Service,7,6,58.3,4.5,Sunny,Night,18.9,260.1
Data Center Power,Generator Maintenance,8,8,76.4,5.31,Sunny,Day,23.1,151.9
Construction,Road Building,6,8,25.8,6.97,Cloudy,Day,28.3,282.5
Construction,Material Loading,9,5,28.1,10.67,Foggy,Day,29.8,129.3
Construction,Site Preparation,1,8,26.8,3.64,Sunny,Day,22.5,115.9
Oil & Gas,Well Servicing,6,5,43.7,5.75,Foggy,Day,30.8,372.4
Marine & Rail,Rail Network Inspection,5,7,38.8,4.97,Rainy,Day,19.8,194.2
Data Center Power,Emergency Power Deployment,3,8,38.9,4.94,Rainy,Night,15.8,86.8
Mining,Surface Excavation,6,7,12.5,9.84,Cloudy,Day,18.1,198.3
Construction,Demolition,4,9,47.2,11.18,Sunny,Night,-5.0,161.7
Construction,Demolition,9,7,40.6,1.65,Rainy,Day,25.7,311.5
Oil & Gas,Well Drilling,6,9,27.5,11.46,Sunny,Night,28.9,411.2
Mining,Aggregate Collection,5,7,33.2,9.58,Cloudy,Day,15.2,72.9
Data Center Power,Cooling System Inspection,8,7,27.3,7.59,Sunny,Night,13.7,92.0
Mining,Aggregate Collection,7,6,45.4,6.66,Rainy,Day,16.9,105.3
Mining,Drilling,6,6,20.5,3.05,Rainy,Day,1.8,251.8
Marine & Rail,Rail Network Inspection,7,10,36.8,10.34,Cloudy,Night,38.0,236.3
Data Center Power,Cooling System Inspection,3,10,24.8,9.91,Sunny,Day,20.7,49.2
Construction,Road Building,4,7,34.2,1.67,Cloudy,Day,10.3,218.8
Construction,Material Loading,5,5,68.2,1.88,Sunny,Day,13.9,73.3
Oil & Gas,Pipeline Pumping,4,9,39.7,13.24,Sunny,Night,48.0,188.6
Data Center Power,Cooling System Inspection,6,10,41.2,1.78,Sunny,Night,19.6,65.2
Data Center Power,Cooling System Inspection,7,6,29.3,2.77,Sunny,Day,19.8,77.8
Construction,Material Loading,6,8,15.5,10.18,Sunny,Night,21.6,80.6
Mining,Hauling Ore,5,6,4.2,6.08,Sunny,Day,11.6,105.2
Data Center Power,Backup Generator Testing,4,10,77.8,4.26,Sunny,Night,20.2,68.2
Mining,Drilling,5,7,32.9,13.07,Cloudy,Day,17.1,240.9
Construction,Demolition,10,6,27.6,9.04,Sunny,Night,19.5,354.5
Data Center Power,Emergency Power Deployment,3,6,13.5,2.33,Cloudy,Day,23.1,92.3
Data Center Power,Emergency Power Deployment,10,9,80.1,7.56,Sunny,Day,18.7,151.9
Construction,Foundation Work,7,9,34.7,13.81,Cloudy,Day,21.5,242.4
Construction,Road Building,5,8,36.8,11.18,Rainy,Day,16.6,287.9
Construction,Excavation,6,9,21.3,1.51,Sunny,Day,27.8,160.4
Marine & Rail,Locomotive Maintenance,9,8,50.1,4.28,Foggy,Night,24.8,365.7
Data Center Power,Backup Generator Testing,4,9,45.3,9.54,Sunny,Day,20.2,64.9
Marine & Rail,Locomotive Maintenance,1,9,32.8,6.83,Cloudy,Night,11.2,147.4
Construction,Site Preparation,6,10,82.4,2.52,Sunny,Day,12.1,156.0
Mining,Hauling Ore,6,4,25.7,3.41,Sunny,Day,32.0,148.8
Marine & Rail,Tugboat Engine Service,9,5,67.3,5.72,Sunny,Day,38.0,390.1
Mining,Drilling,6,8,20.0,3.43,Sunny,Night,24.3,235.0
Data Center Power,Generator Maintenance,3,7,15.8,4.72,Sunny,Night,21.5,97.7
Oil & Gas,Well Servicing,3,10,33.6,3.55,Cloudy,Day,5.2,143.4
Marine & Rail,Tugboat Engine Service,3,8,21.6,13.88,Foggy,Day,24.3,195.4
Construction,Road Building,5,6,50.4,7.06,Sunny,Day,14.9,288.1
Oil & Gas,Well Drilling,4,9,41.9,10.82,Rainy,Day,13.8,330.5
Mining,Hauling Ore,7,8,47.3,7.14,Sunny,Day,32.0,149.2
Oil & Gas,Well Servicing,3,8,2.2,13.23,Sunny,Day,23.8,217.4
Marine & Rail,Freight Operations,5,8,29.6,1.12,Sunny,Day,25.7,219.9
Mining,Surface Excavation,4,8,14.4,11.84,Sunny,Night,13.4,163.1
Construction,Site Preparation,9,10,83.0,2.62,Sunny,Night,21.5,248.6
Data Center Power,Cooling System Inspection,4,7,21.9,7.76,Sunny,Day,26.3,63.6
Marine & Rail,Tugboat Engine Service,4,6,72.9,6.05,Sunny,Day,22.7,205.3
Construction,Road Building,5,7,63.9,0.38,Cloudy,Night,8.7,260.8
Marine & Rail,Freight Operations,6,7,17.9,11.07,Foggy,Night,13.6,311.7
Oil & Gas,Well Servicing,2,6,45.2,6.3,Rainy,Day,24.3,272.9
Construction,Excavation,3,9,45.8,2.12,Rainy,Day,31.4,155.5
Mining,Drilling,6,6,21.9,1.9,Sunny,Day,32.8,272.5
Mining,Drilling,5,5,58.2,1.04,Cloudy,Day,10.5,241.2
Construction,Material Loading,2,8,25.3,3.37,Cloudy,Day,11.8,48.3
Marine & Rail,Freight Operations,9,7,26.5,8.18,Rainy,Day,2.9,318.1
Construction,Foundation Work,10,8,35.2,9.54,Rainy,Night,29.6,433.0
Oil & Gas,Gas Compression Service,4,10,49.2,0.78,Rainy,Day,24.0,140.2
Data Center Power,Emergency Power Deployment,5,7,16.3,10.13,Sunny,Day,21.7,107.8
Marine & Rail,Rail Network Inspection,3,9,20.9,5.98,Cloudy,Day,1.7,122.0
Construction,Demolition,7,8,24.4,5.62,Sunny,Day,30.6,227.1
Marine & Rail,Freight Operations,8,8,67.3,6.28,Sunny,Day,10.4,290.6
Oil & Gas,Gas Compression Service,6,3,36.1,12.89,Rainy,Day,19.4,339.3
Mining,Surface Excavation,5,6,2.3,10.03,Sunny,Day,7.9,177.6
Oil & Gas,Pipeline Pumping,7,3,31.0,12.53,Rainy,Night,21.6,266.1
Marine & Rail,Tugboat Engine Service,7,8,84.4,5.08,Rainy,Day,16.9,219.6
Mining,Surface Excavation,10,7,37.0,2.48,Rainy,Night,15.7,314.5
Mining,Drilling,5,8,57.6,3.14,Foggy,Night,3.0,212.2
Construction,Foundation Work,8,8,66.1,5.29,Cloudy,Day,15.2,290.6
Marine & Rail,Locomotive Maintenance,6,7,63.6,3.81,Sunny,Night,37.4,333.4
Data Center Power,Cooling System Inspection,6,5,6.9,3.48,Foggy,Day,23.8,77.3
Marine & Rail,Tugboat Engine Service,3,10,24.3,7.15,Sunny,Day,26.9,123.4
Oil & Gas,Well Drilling,9,7,30.0,11.77,Cloudy,Day,35.6,662.6
Construction,Road Building,4,7,47.1,6.46,Rainy,Day,29.2,315.0
Construction,Foundation Work,7,9,31.3,4.63,Sunny,Day,24.8,227.0
Marine & Rail,Rail Network Inspection,3,9,68.0,10.93,Cloudy,Day,4.2,133.9
Mining,Surface Excavation,4,5,15.3,6.75,Sunny,Day,9.4,177.1
Oil & Gas,Well Servicing,8,8,19.6,3.34,Sunny,Day,48.0,306.8
Marine & Rail,Tugboat Engine Service,6,5,45.3,3.36,Sunny,Day,17.3,223.8
Data Center Power,Cooling System Inspection,3,9,62.0,9.56,Sunny,Night,18.8,60.1
Oil & Gas,Gas Compression Service,9,7,22.8,4.45,Cloudy,Night,36.7,307.4
Construction,Foundation Work,3,7,62.6,5.41,Sunny,Day,-3.3,191.8
Mining,Aggregate Collection,9,8,57.0,4.78,Cloudy,Night,5.1,104.3
Data Center Power,Cooling System Inspection,1,9,61.9,2.79,Sunny,Day,22.0,45.5
Data Center Power,Emergency Power Deployment,4,7,8.9,6.6,Sunny,Night,21.6,97.2
Construction,Demolition,6,8,31.5,1.6,Rainy,Day,38.9,240.3
Marine & Rail,Freight Operations,5,7,5.1,5.88,Sunny,Day,17.3,229.3
Marine & Rail,Freight Operations,4,6,47.5,4.91,Rainy,Day,23.3,269.2
Oil & Gas,Pipeline Pumping,7,7,37.9,4.88,Sunny,Day,21.5,186.7
Data Center Power,Emergency Power Deployment,6,7,29.9,5.47,Sunny,Night,25.5,120.0
Data Center Power,Cooling System Inspection,5,10,6.4,9.09,Cloudy,Night,18.5,61.8
Marine & Rail,Locomotive Maintenance,2,9,44.1,10.96,Cloudy,Day,10.1,166.0
Marine & Rail,Locomotive Maintenance,4,7,36.7,3.84,Rainy,Day,20.6,219.1
Data Center Power,Cooling System Inspection,3,7,40.2,3.63,Cloudy,Day,17.1,58.5
Marine & Rail,Locomotive Maintenance,6,7,65.0,12.53,Sunny,Night,34.7,370.2
Oil & Gas,Pipeline Pumping,7,7,32.8,6.29,Cloudy,Day,34.3,222.2
Mining,Aggregate Collection,6,7,51.3,4.53,Rainy,Night,28.6,111.3
Marine & Rail,Tugboat Engine Service,2,7,39.0,1.64,Foggy,Night,26.5,182.0
Oil & Gas,Well Drilling,1,6,64.6,8.08,Sunny,Day,18.1,310.2
Construction,Material Loading,2,6,28.1,5.97,Sunny,Day,22.4,58.2
Marine & Rail,Tugboat Engine Service,5,6,20.4,7.56,Rainy,Day,4.1,188.0
Construction,Demolition,2,8,63.2,1.56,Sunny,Day,27.5,153.6
Construction,Road Building,7,8,36.1,9.14,Foggy,Day,28.1,322.5
Oil & Gas,Gas Compression Service,7,8,13.6,2.96,Cloudy,Day,48.0,226.6
Data Center Power,Backup Generator Testing,4,7,34.1,2.51,Rainy,Day,17.0,66.1
Marine & Rail,Freight Operations,2,9,13.3,3.53,Rainy,Night,15.4,182.8
Data Center Power,Emergency Power Deployment,5,6,42.7,2.72,Sunny,Night,19.3,114.1
Oil & Gas,Pipeline Pumping,8,8,18.7,4.64,Sunny,Night,11.5,186.8
Construction,Excavation,3,5,49.8,2.08,Rainy,Day,29.1,226.0
Mining,Drilling,6,7,31.8,3.85,Rainy,Night,24.1,298.1
Construction,Road Building,5,9,17.2,2.12,Rainy,Day,24.0,230.2
Marine & Rail,Tugboat Engine Service,5,6,63.9,9.93,Sunny,Night,11.3,230.9
Construction,Material Loading,3,9,36.6,3.94,Cloudy,Night,28.3,65.7
Construction,Demolition,6,8,56.6,2.32,Sunny,Day,10.5,184.3
Marine & Rail,Rail Network Inspection,3,10,67.8,1.75,Sunny,Night,6.8,128.0
Construction,Foundation Work,8,10,33.6,4.13,Rainy,Day,4.9,224.9
Mining,Surface Excavation,6,8,16.0,7.09,Sunny,Day,16.2,171.2
Oil & Gas,Gas Compression Service,6,9,15.3,8.59,Cloudy,Day,38.2,199.9
Data Center Power,Backup Generator Testing,5,9,15.9,14.01,Sunny,Night,18.4,72.2
Marine & Rail,Locomotive Maintenance,5,6,39.0,3.31,Rainy,Day,17.5,254.4
Construction,Material Loading,6,6,60.7,6.78,Sunny,Day,22.0,86.3
Mining,Surface Excavation,7,7,21.1,6.41,Sunny,Day,-0.9,175.4
Marine & Rail,Rail Network Inspection,5,6,50.6,11.66,Cloudy,Day,12.0,183.2
Marine & Rail,Locomotive Maintenance,6,6,52.1,6.2,Foggy,Day,30.7,326.4
Mining,Drilling,6,5,20.5,5.17,Rainy,Day,16.5,310.0
Data Center Power,Cooling System Inspection,2,7,32.1,4.35,Sunny,Night,18.3,55.3
Data Center Power,Emergency Power Deployment,8,5,37.3,9.4,Sunny,Night,18.4,172.1
Oil & Gas,Pipeline Pumping,6,9,37.1,9.37,Rainy,Day,39.9,203.1
Data Center Power,Cooling System Inspection,3,8,28.4,1.83,Sunny,Day,24.9,55.1
Mining,Surface Excavation,5,7,6.4,4.59,Foggy,Day,-10.0,155.6
Construction,Material Loading,6,6,31.7,4.68,Rainy,Night,26.2,96.4
Oil & Gas,Well Servicing,5,9,19.7,10.77,Sunny,Day,28.9,232.3
Marine & Rail,Locomotive Maintenance,4,8,41.0,9.83,Foggy,Day,28.4,244.0
Data Center Power,Generator Maintenance,5,6,51.0,5.35,Sunny,Day,20.7,124.6
Mining,Surface Excavation,6,6,27.0,5.41,Foggy,Night,17.9,230.1
Data Center Power,Emergency Power Deployment,4,8,38.0,3.45,Foggy,Day,17.8,88.0
Data Center Power,Emergency Power Deployment,6,5,18.7,1.63,Sunny,Day,21.3,121.4
Data Center Power,Backup Generator Testing,7,9,35.3,2.78,Sunny,Day,23.1,78.3
Oil & Gas,Well Drilling,3,5,50.6,6.52,Cloudy,Day,46.4,458.2
Marine & Rail,Tugboat Engine Service,2,9,25.1,3.85,Foggy,Night,13.9,139.8
Oil & Gas,Well Drilling,5,6,65.5,5.3,Rainy,Day,25.3,501.5
Mining,Surface Excavation,6,5,13.6,5.97,Rainy,Day,13.8,236.9
Mining,Surface Excavation,6,6,43.5,3.13,Rainy,Night,3.5,227.8
Data Center Power,Emergency Power Deployment,4,8,17.9,4.42,Sunny,Night,23.6,90.2
Mining,Drilling,4,6,32.2,6.56,Sunny,Day,34.0,265.1
Data Center Power,Emergency Power Deployment,6,6,6.2,4.33,Sunny,Day,23.2,109.6
Marine & Rail,Tugboat Engine Service,5,8,49.1,3.82,Sunny,Day,37.1,193.4
Oil & Gas,Well Servicing,6,5,34.6,4.92,Sunny,Day,42.9,375.9
Mining,Drilling,4,9,29.9,9.71,Cloudy,Day,3.3,166.3
Oil & Gas,Gas Compression Service,4,6,13.3,8.58,Sunny,Day,30.2,214.7
Oil & Gas,Pipeline Pumping,6,10,35.0,0.55,Cloudy,Night,42.1,177.0
Data Center Power,Cooling System Inspection,1,9,5.0,0.64,Cloudy,Day,13.5,41.1
Oil & Gas,Pipeline Pumping,2,6,11.0,8.57,Sunny,Night,41.8,158.8
Marine & Rail,Locomotive Maintenance,5,7,41.8,4.96,Sunny,Day,-5.7,214.5
Mining,Hauling Ore,8,7,32.9,5.94,Cloudy,Day,17.4,146.2
Construction,Material Loading,9,6,80.0,5.21,Foggy,Day,26.3,129.9
Oil & Gas,Well Servicing,3,5,8.9,6.44,Cloudy,Day,22.7,261.1
Oil & Gas,Pipeline Pumping,5,7,55.0,5.18,Sunny,Night,21.7,180.3
Marine & Rail,Tugboat Engine Service,5,8,24.5,6.66,Sunny,Day,6.5,146.4
Oil & Gas,Gas Compression Service,6,3,17.3,9.74,Cloudy,Day,15.9,289.9
Oil & Gas,Gas Compression Service,7,5,22.0,9.25,Rainy,Day,7.6,262.7
Mining,Hauling Ore,2,10,22.3,8.97,Foggy,Day,17.4,96.9
Oil & Gas,Well Servicing,8,8,19.5,1.72,Rainy,Day,-1.8,255.6
Marine & Rail,Freight Operations,7,8,37.7,8.07,Foggy,Day,9.2,289.2
Mining,Hauling Ore,3,8,19.5,7.61,Cloudy,Day,28.1,102.7
Construction,Material Loading,8,7,23.3,3.8,Cloudy,Day,3.2,75.0
Construction,Site Preparation,6,10,27.0,14.73,Sunny,Night,16.2,183.4
Construction,Demolition,7,7,51.9,6.01,Sunny,Day,8.5,227.9
Data Center Power,Emergency Power Deployment,2,6,44.3,1.08,Sunny,Day,20.1,82.6
Mining,Hauling Ore,8,9,35.7,3.68,Sunny,Day,25.5,137.9
Marine & Rail,Freight Operations,4,4,74.2,8.33,Sunny,Day,33.3,295.7
Oil & Gas,Gas Compression Service,7,7,82.5,3.42,Rainy,Day,33.9,293.1
Construction,Demolition,5,5,70.5,7.35,Rainy,Day,24.1,293.6
Construction,Excavation,10,9,35.7,15.07,Sunny,Night,18.3,278.2
Mining,Hauling Ore,7,7,5.3,3.89,Sunny,Day,19.8,117.6
Mining,Aggregate Collection,5,7,70.7,8.92,Sunny,Day,10.9,75.9
Mining,Drilling,6,6,58.5,6.05,Sunny,Day,12.9,256.2
Oil & Gas,Pipeline Pumping,7,6,17.5,4.44,Sunny,Day,0.9,158.8
Marine & Rail,Rail Network Inspection,4,5,29.8,5.75,Rainy,Night,16.9,214.4
Mining,Surface Excavation,5,9,19.1,2.65,Sunny,Day,21.6,139.9
Oil & Gas,Gas Compression Service,6,8,42.4,9.79,Rainy,Day,28.4,230.4
Mining,Hauling Ore,6,7,39.6,7.15,Cloudy,Day,5.8,117.7
Construction,Road Building,2,6,35.8,2.94,Rainy,Day,18.5,247.5
Mining,Aggregate Collection,4,6,9.1,7.3,Foggy,Day,9.4,67.2
Mining,Surface Excavation,7,7,30.5,4.6,Cloudy,Day,33.5,235.5
Marine & Rail,Rail Network Inspection,5,6,26.9,9.16,Sunny,Day,4.5,165.3
Oil & Gas,Pipeline Pumping,6,6,6.1,9.7,Cloudy,Night,31.4,217.0
Construction,Material Loading,3,8,15.4,8.07,Rainy,Day,7.0,63.7
Oil & Gas,Gas Compression Service,5,7,47.4,9.19,Rainy,Night,9.6,213.8
Marine & Rail,Freight Operations,6,7,34.5,13.35,Cloudy,Night,20.1,283.0
Data Center Power,Backup Generator Testing,7,5,65.9,1.91,Sunny,Day,24.0,96.5
Oil & Gas,Well Drilling,6,7,27.2,9.59,Cloudy,Day,48.0,481.1
Construction,Material Loading,6,9,15.9,9.84,Cloudy,Day,18.3,70.5
Oil & Gas,Gas Compression Service,6,7,56.6,3.15,Sunny,Day,24.9,217.0
Mining,Drilling,5,9,52.0,4.66,Rainy,Night,-5.8,214.1
Data Center Power,Cooling System Inspection,2,7,49.4,5.64,Sunny,Day,15.1,54.1
Construction,Road Building,4,8,24.8,11.5,Sunny,Day,9.0,224.1
Construction,Material Loading,2,6,57.4,7.1,Cloudy,Night,22.0,66.3
Mining,Drilling,2,8,53.1,4.43,Sunny,Day,31.4,169.2
Mining,Surface Excavation,10,7,56.6,6.22,Rainy,Day,0.1,309.9
Oil & Gas,Pipeline Pumping,4,9,44.1,6.98,Sunny,Day,32.0,156.8
Construction,Road Building,9,7,6.2,3.95,Cloudy,Day,18.2,316.6
Construction,Foundation Work,5,5,26.0,12.61,Sunny,Day,9.7,260.4
Mining,Aggregate Collection,4,7,37.1,8.61,Sunny,Day,13.0,63.7
Oil & Gas,Well Servicing,7,6,14.1,3.13,Rainy,Day,43.8,386.8
Mining,Drilling,4,7,28.6,3.8,Foggy,Day,0.0,192.2
Data Center Power,Emergency Power Deployment,3,8,12.2,3.12,Sunny,Day,16.3,72.9
Marine & Rail,Freight Operations,7,7,51.8,5.33,Sunny,Night,26.8,313.6
Construction,Material Loading,5,7,33.0,6.45,Cloudy,Day,30.2,75.9
Marine & Rail,Freight Operations,10,8,22.1,10.41,Sunny,Night,31.2,368.0
Marine & Rail,Locomotive Maintenance,4,4,45.0,3.23,Sunny,Day,7.6,252.1
Construction,Demolition,3,5,39.0,4.72,Rainy,Day,2.7,207.4
Mining,Surface Excavation,6,7,30.4,9.23,Sunny,Day,29.5,216.6
Marine & Rail,Rail Network Inspection,1,7,54.3,7.54,Foggy,Day,15.9,154.0
Mining,Drilling,6,8,21.2,3.82,Sunny,Day,18.4,203.6
Mining,Drilling,1,9,32.4,8.17,Cloudy,Day,26.4,151.3
Mining,Aggregate Collection,4,7,2.9,9.25,Sunny,Day,9.9,62.1
Data Center Power,Cooling System Inspection,5,8,33.9,4.24,Sunny,Night,24.9,70.9
Data Center Power,Backup Generator Testing,8,6,17.5,3.55,Sunny,Day,22.5,87.9
Marine & Rail,Rail Network Inspection,2,7,19.7,10.75,Cloudy,Night,23.4,153.2
Oil & Gas,Pipeline Pumping,5,6,11.6,8.31,Sunny,Night,13.8,171.8
Construction,Material Loading,8,8,49.4,7.01,Sunny,Day,19.5,92.5
Marine & Rail,Tugboat Engine Service,8,9,57.7,13.34,Sunny,Day,19.2,226.2
Marine & Rail,Locomotive Maintenance,3,9,33.9,8.06,Cloudy,Day,18.6,175.0
Mining,Aggregate Collection,8,9,41.8,7.83,Cloudy,Day,8.6,85.6
Construction,Foundation Work,7,6,51.7,9.03,Rainy,Day,16.4,358.2
Data Center Power,Cooling System Inspection,3,5,56.6,6.26,Sunny,Night,18.5,69.3
Oil & Gas,Gas Compression Service,1,8,72.8,11.0,Rainy,Night,12.8,157.4
Construction,Demolition,5,8,19.5,4.97,Rainy,Day,18.0,194.0
Marine & Rail,Tugboat Engine Service,9,7,39.1,11.7,Sunny,Day,9.0,249.8
Marine & Rail,Freight Operations,1,7,23.8,5.47,Sunny,Night,11.9,164.6
Mining,Hauling Ore,7,6,4.1,8.89,Rainy,Day,11.7,146.3
Marine & Rail,Rail Network Inspection,9,6,28.3,3.01,Sunny,Day,22.3,246.1
Construction,Road Building,8,5,23.5,10.7,Sunny,Day,15.5,397.7
Data Center Power,Backup Generator Testing,7,9,12.5,1.17,Sunny,Day,16.4,70.0
Data Center Power,Backup Generator Testing,6,6,10.4,7.45,Sunny,Day,23.3,77.2
Marine & Rail,Rail Network Inspection,6,7,2.7,6.23,Cloudy,Day,18.0,174.6
Marine & Rail,Locomotive Maintenance,5,9,39.0,10.92,Rainy,Day,12.9,200.6
Oil & Gas,Well Drilling,1,7,30.9,7.34,Sunny,Day,16.4,260.9
Construction,Demolition,9,6,7.8,3.23,Sunny,Day,16.5,249.4
Construction,Road Building,5,9,35.9,3.86,Cloudy,Day,19.2,223.1
Oil & Gas,Well Drilling,4,6,79.7,10.59,Cloudy,Day,9.5,402.3
Data Center Power,Cooling System Inspection,3,7,64.5,4.69,Sunny,Night,14.8,63.0
Construction,Material Loading,4,9,51.2,3.21,Sunny,Day,25.4,61.0
Construction,Road Building,7,8,57.2,4.95,Sunny,Day,24.9,311.2
Marine & Rail,Tugboat Engine Service,4,8,33.0,8.34,Cloudy,Night,16.0,171.6
Data Center Power,Cooling System Inspection,5,8,35.6,5.76,Rainy,Day,23.8,67.0
Mining,Aggregate Collection,4,7,25.7,18.44,Rainy,Day,31.7,94.8
Marine & Rail,Freight Operations,2,8,25.5,5.49,Sunny,Day,-4.7,151.7
Oil & Gas,Pipeline Pumping,5,8,38.4,2.18,Rainy,Day,17.2,152.4
Marine & Rail,Tugboat Engine Service,7,9,36.7,7.21,Cloudy,Day,0.2,162.7
Marine & Rail,Rail Network Inspection,7,8,4.8,4.15,Cloudy,Night,20.2,201.2
Oil & Gas,Pipeline Pumping,3,5,56.3,8.48,Sunny,Night,36.1,203.3
Oil & Gas,Well Drilling,8,5,21.0,5.37,Sunny,Day,-4.5,464.9
Marine & Rail,Locomotive Maintenance,3,9,18.3,2.87,Sunny,Day,10.9,142.1
Construction,Material Loading,2,10,29.9,5.64,Sunny,Day,24.7,47.9
Construction,Foundation Work,8,8,34.8,6.11,Cloudy,Day,13.8,256.6
Oil & Gas,Gas Compression Service,6,7,26.0,11.28,Cloudy,Day,32.2,262.2
Construction,Excavation,7,8,64.2,7.83,Sunny,Day,31.7,241.7
Oil & Gas,Well Servicing,5,8,37.0,12.7,Sunny,Night,32.3,311.1
Data Center Power,Cooling System Inspection,5,8,55.7,1.63,Sunny,Night,19.2,70.3
Data Center Power,Emergency Power Deployment,3,6,15.6,4.28,Rainy,Day,19.4,90.8
Marine & Rail,Tugboat Engine Service,10,8,39.2,16.35,Cloudy,Day,22.7,300.7
Construction,Demolition,4,10,20.8,12.67,Rainy,Day,11.1,153.7
Mining,Hauling Ore,7,9,55.0,4.34,Foggy,Day,19.4,157.5
Marine & Rail,Rail Network Inspection,4,4,22.1,3.02,Foggy,Day,18.2,208.5
Marine & Rail,Rail Network Inspection,8,6,22.8,13.02,Foggy,Night,4.5,275.5
Marine & Rail,Locomotive Maintenance,5,4,48.7,11.71,Sunny,Day,0.1,294.8
Oil & Gas,Gas Compression Service,3,8,15.8,7.24,Foggy,Day,18.8,160.0
Mining,Surface Excavation,5,5,20.9,16.15,Cloudy,Day,25.7,252.6
Mining,Hauling Ore,6,6,2.1,0.29,Cloudy,Day,10.0,102.1
Mining,Surface Excavation,9,8,3.3,0.89,Cloudy,Day,11.8,172.1
Mining,Hauling Ore,10,7,42.3,10.07,Rainy,Day,11.6,201.0
Data Center Power,Cooling System Inspection,10,6,17.6,6.25,Sunny,Day,23.5,99.4
Construction,Road Building,4,6,53.1,2.01,Rainy,Night,15.8,313.9
Oil & Gas,Pipeline Pumping,3,7,42.1,3.88,Sunny,Night,12.9,136.6
Construction,Site Preparation,9,6,43.8,6.42,Rainy,Day,1.4,254.3
Mining,Drilling,3,9,84.6,1.63,Cloudy,Day,38.5,196.1
Oil & Gas,Well Drilling,5,9,36.2,2.35,Sunny,Day,35.4,338.1
Data Center Power,Generator Maintenance,8,9,38.9,2.56,Sunny,Night,20.5,123.0
Mining,Surface Excavation,5,8,28.6,5.04,Rainy,Night,28.8,213.5
Marine & Rail,Tugboat Engine Service,5,8,29.0,4.25,Cloudy,Night,18.4,176.4
Mining,Drilling,4,7,53.2,12.68,Cloudy,Night,11.7,249.2
Construction,Excavation,9,8,45.2,7.9,Cloudy,Day,29.3,282.8
Marine & Rail,Tugboat Engine Service,6,7,64.5,8.23,Sunny,Day,4.7,196.4
Marine & Rail,Freight Operations,5,8,28.4,8.7,Cloudy,Day,8.3,209.0
Oil & Gas,Well Servicing,3,7,15.4,3.52,Sunny,Day,27.1,219.0
Construction,Foundation Work,9,9,36.5,11.97,Sunny,Day,12.9,261.8
Mining,Drilling,4,7,41.9,2.54,Cloudy,Night,23.7,238.0
Construction,Foundation Work,1,9,57.2,5.75,Sunny,Day,21.9,149.0
Data Center Power,Emergency Power Deployment,5,5,18.0,5.39,Cloudy,Night,24.3,128.5
Mining,Drilling,1,9,36.5,7.74,Cloudy,Night,2.6,133.3
Construction,Material Loading,6,8,21.4,0.72,Rainy,Night,21.9,82.8
Data Center Power,Cooling System Inspection,10,7,44.7,2.93,Rainy,Day,21.4,105.7
Oil & Gas,Pipeline Pumping,10,6,25.9,11.71,Sunny,Day,14.1,253.6
Mining,Drilling,2,8,21.7,5.21,Rainy,Day,18.8,179.6
Marine & Rail,Freight Operations,3,9,15.0,7.56,Cloudy,Night,13.2,181.0
Mining,Drilling,7,8,30.1,1.08,Sunny,Night,14.7,230.7
Construction,Demolition,6,8,55.0,1.41,Sunny,Day,29.5,211.3
Mining,Drilling,4,5,41.0,1.39,Sunny,Day,9.4,213.1
Oil & Gas,Pipeline Pumping,8,6,10.5,3.42,Cloudy,Day,42.9,224.5
Marine & Rail,Rail Network Inspection,4,7,39.1,6.68,Sunny,Night,15.2,173.5
Mining,Hauling Ore,7,9,17.1,10.28,Sunny,Night,13.5,128.1
Construction,Foundation Work,5,7,37.1,6.13,Sunny,Night,21.0,246.2
Mining,Drilling,6,6,45.1,8.82,Sunny,Day,8.6,260.3
Marine & Rail,Tugboat Engine Service,7,6,12.3,5.24,Foggy,Day,18.1,258.2
Construction,Material Loading,4,7,26.9,2.57,Sunny,Day,39.4,69.3
Marine & Rail,Locomotive Maintenance,5,7,68.1,8.18,Sunny,Night,26.6,301.2
Data Center Power,Emergency Power Deployment,2,4,46.4,10.07,Cloudy,Night,18.8,121.2
Marine & Rail,Tugboat Engine Service,4,9,25.2,1.52,Rainy,Night,20.2,140.5
Mining,Drilling,5,8,39.4,4.94,Rainy,Day,34.4,263.5
Mining,Drilling,8,9,35.4,7.47,Sunny,Day,18.1,249.6
Mining,Drilling,6,6,13.7,0.87,Cloudy,Day,5.0,217.5
Construction,Excavation,9,8,54.1,3.01,Rainy,Day,16.9,274.3
Data Center Power,Generator Maintenance,5,8,60.0,2.86,Sunny,Day,22.6,102.9
Oil & Gas,Pipeline Pumping,3,7,41.6,8.02,Rainy,Day,33.3,165.4
Mining,Drilling,5,8,26.4,9.55,Rainy,Day,42.0,287.0
Construction,Foundation Work,7,9,30.3,3.9,Cloudy,Night,21.4,231.9
Mining,Surface Excavation,10,8,49.0,16.06,Sunny,Day,29.0,326.2
Oil & Gas,Well Servicing,9,6,32.9,4.31,Cloudy,Day,30.6,414.3
Mining,Hauling Ore,4,4,32.2,4.35,Foggy,Day,30.2,153.4
Construction,Foundation Work,5,6,31.7,2.91,Rainy,Day,23.9,288.4
Data Center Power,Emergency Power Deployment,6,7,47.4,7.54,Cloudy,Night,24.7,129.6
Mining,Surface Excavation,7,7,23.7,7.44,Sunny,Night,12.5,215.0
Construction,Demolition,7,8,30.2,2.91,Rainy,Night,22.8,265.1
Construction,Road Building,5,7,26.3,9.82,Cloudy,Night,27.8,328.2
Marine & Rail,Rail Network Inspection,3,6,12.1,9.03,Cloudy,Day,24.8,160.6
Data Center Power,Emergency Power Deployment,6,6,28.5,9.32,Sunny,Day,24.5,126.9
Data Center Power,Backup Generator Testing,3,6,16.4,3.51,Sunny,Night,19.0,64.1
Oil & Gas,Well Servicing,6,7,38.6,4.62,Rainy,Day,14.0,302.1
Construction,Foundation Work,6,5,14.8,8.41,Sunny,Day,12.6,269.8
Marine & Rail,Locomotive Maintenance,2,8,22.0,5.05,Sunny,Night,14.1,169.7
Mining,Surface Excavation,8,8,44.8,8.56,Sunny,Night,-2.8,212.8
Mining,Surface Excavation,3,8,62.9,9.32,Sunny,Night,17.2,162.1
Marine & Rail,Locomotive Maintenance,5,6,28.6,7.71,Cloudy,Day,11.7,249.7
Marine & Rail,Tugboat Engine Service,5,6,11.7,6.11,Sunny,Night,6.9,187.8
Marine & Rail,Rail Network Inspection,6,8,11.6,7.34,Foggy,Night,16.7,228.0
Data Center Power,Generator Maintenance,4,7,37.8,7.15,Rainy,Night,21.1,120.7
Construction,Demolition,7,7,11.5,11.37,Sunny,Night,26.0,264.4
Construction,Foundation Work,2,7,12.5,4.19,Sunny,Day,24.2,175.3
Marine & Rail,Rail Network Inspection,2,9,58.6,6.07,Cloudy,Day,34.5,148.5
Mining,Surface Excavation,7,10,38.4,6.91,Sunny,Day,26.2,171.2
Mining,Hauling Ore,5,6,75.3,5.59,Foggy,Day,14.6,148.1
Oil & Gas,Well Servicing,2,6,21.5,5.11,Cloudy,Night,10.7,210.7
Mining,Drilling,6,7,32.7,4.44,Sunny,Night,-0.6,230.7
Marine & Rail,Locomotive Maintenance,8,8,12.0,15.38,Rainy,Day,19.4,302.6
Oil & Gas,Pipeline Pumping,5,6,36.9,4.84,Cloudy,Night,40.7,211.9
Data Center Power,Generator Maintenance,8,6,28.7,3.6,Sunny,Day,22.0,144.5
Data Center Power,Cooling System Inspection,5,7,63.3,4.03,Sunny,Day,22.6,71.6
Marine & Rail,Locomotive Maintenance,2,9,29.9,11.55,Cloudy,Day,15.2,163.7
Marine & Rail,Locomotive Maintenance,6,9,19.7,7.33,Cloudy,Day,6.7,191.3
Oil & Gas,Gas Compression Service,5,8,23.5,16.78,Sunny,Day,34.9,229.0
Data Center Power,Backup Generator Testing,7,7,40.2,3.84,Sunny,Day,22.9,85.7
Marine & Rail,Freight Operations,7,8,49.2,11.71,Cloudy,Day,19.4,287.4
Oil & Gas,Well Drilling,7,7,5.4,6.33,Cloudy,Day,27.2,449.0
Marine & Rail,Rail Network Inspection,8,6,77.0,11.31,Sunny,Day,24.3,283.2
Oil & Gas,Well Servicing,1,6,31.4,3.6,Cloudy,Night,11.2,201.5
Construction,Foundation Work,4,8,44.4,6.11,Cloudy,Day,27.8,220.7
Mining,Hauling Ore,4,7,24.2,10.68,Sunny,Day,34.1,126.6
Mining,Hauling Ore,8,6,40.5,5.78,Rainy,Day,8.6,160.4
Construction,Road Building,6,9,72.2,12.13,Rainy,Day,14.9,301.3
Data Center Power,Emergency Power Deployment,5,7,17.7,5.22,Sunny,Night,21.3,104.0
Construction,Road Building,6,9,17.2,2.96,Foggy,Day,27.1,239.1
Oil & Gas,Well Servicing,5,6,26.7,4.17,Cloudy,Day,13.3,254.3
Data Center Power,Cooling System Inspection,6,7,36.5,7.28,Cloudy,Day,22.0,75.0
Construction,Excavation,5,8,54.2,6.2,Foggy,Day,6.4,169.1
Marine & Rail,Locomotive Maintenance,9,6,55.3,1.71,Sunny,Night,-0.9,335.9
Construction,Road Building,7,8,7.9,5.91,Foggy,Day,16.2,259.8
Data Center Power,Backup Generator Testing,1,9,11.2,8.51,Cloudy,Day,23.0,47.9
Construction,Foundation Work,8,8,52.1,13.77,Sunny,Night,5.9,291.0
Mining,Surface Excavation,6,7,2.3,8.5,Rainy,Day,-0.2,187.8
Mining,Drilling,3,8,15.1,1.23,Sunny,Day,27.0,166.1
Mining,Drilling,6,7,51.2,6.43,Cloudy,Day,3.4,231.2
Data Center Power,Backup Generator Testing,5,9,15.8,5.55,Rainy,Day,24.0,66.7
Mining,Aggregate Collection,8,7,81.5,3.49,Rainy,Day,31.1,137.0
Data Center Power,Backup Generator Testing,3,7,64.4,0.25,Rainy,Day,16.9,62.9
Oil & Gas,Well Drilling,9,6,43.4,1.42,Sunny,Day,44.4,625.9
Mining,Aggregate Collection,7,10,15.9,3.92,Sunny,Day,21.3,72.7
Construction,Site Preparation,3,9,42.0,6.6,Cloudy,Day,27.2,143.4
Oil & Gas,Well Servicing,3,8,24.5,7.36,Rainy,Day,2.3,207.4
Mining,Surface Excavation,4,8,57.5,10.37,Sunny,Day,32.3,191.2
Data Center Power,Cooling System Inspection,7,7,28.1,5.27,Cloudy,Day,26.0,81.8
Oil & Gas,Well Servicing,7,9,56.1,0.45,Cloudy,Night,22.9,273.0
Construction,Road Building,5,7,16.9,6.04,Sunny,Day,11.6,231.7
Oil & Gas,Gas Compression Service,4,9,10.7,2.78,Sunny,Day,37.5,156.5
Construction,Road Building,6,8,14.6,10.72,Rainy,Day,23.1,308.0
Construction,Site Preparation,6,5,16.5,10.45,Cloudy,Night,34.8,252.0
Mining,Drilling,6,7,17.9,2.99,Sunny,Day,-5.5,206.1
Construction,Demolition,7,7,46.6,4.74,Foggy,Day,14.9,249.9
Construction,Excavation,6,6,41.2,4.7,Sunny,Night,16.6,221.4
Marine & Rail,Freight Operations,7,9,8.9,6.57,Rainy,Night,21.1,288.5
Construction,Site Preparation,5,6,56.5,9.55,Sunny,Night,13.7,191.7
Mining,Drilling,9,7,52.2,9.55,Rainy,Day,11.0,378.0
Mining,Drilling,4,8,51.3,10.32,Sunny,Day,4.3,188.6
Data Center Power,Backup Generator Testing,7,7,66.4,7.6,Sunny,Night,16.1,97.2
Construction,Foundation Work,7,8,23.0,1.07,Cloudy,Day,35.6,257.5
Construction,Demolition,4,9,52.8,3.13,Sunny,Night,12.3,157.0
Marine & Rail,Rail Network Inspection,3,7,80.5,6.7,Cloudy,Day,12.5,157.6
Marine & Rail,Tugboat Engine Service,6,6,20.5,3.61,Sunny,Day,8.3,183.3
Mining,Drilling,7,8,17.6,7.4,Rainy,Day,26.2,279.0
Marine & Rail,Freight Operations,6,4,60.0,4.53,Rainy,Day,17.5,333.9
Data Center Power,Cooling System Inspection,10,2,13.4,1.62,Cloudy,Day,22.7,110.2
Mining,Aggregate Collection,9,4,53.0,15.05,Rainy,Day,-1.2,136.3
Construction,Road Building,5,5,7.1,3.04,Foggy,Day,19.7,298.6
Oil & Gas,Pipeline Pumping,9,5,27.3,10.26,Cloudy,Night,38.3,319.6
Construction,Foundation Work,6,9,64.6,6.4,Sunny,Day,14.6,214.3
Construction,Excavation,6,7,30.0,10.35,Cloudy,Day,7.6,198.6
Construction,Foundation Work,4,8,23.0,3.09,Sunny,Day,40.0,217.0
Oil & Gas,Pipeline Pumping,2,7,21.2,3.28,Sunny,Night,15.4,121.6
Oil & Gas,Well Servicing,6,8,34.1,9.55,Rainy,Day,26.0,309.2
Oil & Gas,Pipeline Pumping,2,9,12.0,7.6,Sunny,Night,9.2,112.1
Construction,Demolition,5,6,39.6,9.27,Cloudy,Day,17.4,226.0
Oil & Gas,Pipeline Pumping,6,8,41.0,4.9,Sunny,Day,17.7,163.7
Marine & Rail,Rail Network Inspection,5,7,54.4,2.93,Foggy,Night,20.1,233.7
Mining,Surface Excavation,5,6,25.6,17.08,Sunny,Day,16.1,217.4
Construction,Road Building,9,7,13.0,3.0,Rainy,Night,29.1,424.7
Oil & Gas,Pipeline Pumping,7,6,24.6,3.06,Cloudy,Night,21.9,208.8
Data Center Power,Cooling System Inspection,1,4,30.3,2.16,Sunny,Day,19.5,53.1
Construction,Demolition,7,6,31.9,2.19,Cloudy,Day,32.5,271.4
Mining,Drilling,3,9,45.2,4.32,Rainy,Night,33.5,216.5
Construction,Foundation Work,8,7,47.5,1.74,Sunny,Day,17.2,293.2
Marine & Rail,Rail Network Inspection,8,6,50.5,2.13,Rainy,Day,5.1,245.2
Oil & Gas,Well Servicing,1,9,75.8,7.41,Sunny,Night,33.5,204.8
Oil & Gas,Well Drilling,5,6,21.0,8.24,Cloudy,Day,-1.3,362.8
Oil & Gas,Gas Compression Service,5,8,65.6,13.71,Sunny,Day,28.1,223.5
Marine & Rail,Locomotive Maintenance,5,5,23.5,7.42,Rainy,Night,1.2,267.9
Construction,Foundation Work,5,6,34.2,9.56,Sunny,Day,32.0,281.2
Mining,Surface Excavation,6,5,29.0,6.02,Sunny,Night,15.2,230.7
Marine & Rail,Tugboat Engine Service,6,9,23.5,16.0,Sunny,Day,11.9,174.4
Construction,Foundation Work,8,7,56.1,6.79,Cloudy,Night,17.7,339.7
Mining,Drilling,7,7,12.2,7.59,Cloudy,Day,29.3,277.2
Data Center Power,Cooling System Inspection,7,8,31.3,7.07,Cloudy,Night,19.6,82.2
Mining,Drilling,8,9,34.5,6.14,Rainy,Day,25.1,291.8
Mining,Drilling,6,7,60.7,0.02,Rainy,Day,37.3,315.4
Construction,Material Loading,7,10,84.8,14.04,Sunny,Day,24.5,97.9
Marine & Rail,Tugboat Engine Service,2,8,47.0,7.48,Rainy,Night,32.5,165.4
Oil & Gas,Gas Compression Service,9,8,55.4,2.68,Rainy,Night,30.1,303.5
Data Center Power,Emergency Power Deployment,7,9,69.3,5.92,Sunny,Night,25.6,119.1
Oil & Gas,Well Servicing,4,10,40.5,11.48,Sunny,Night,19.5,203.0
Marine & Rail,Tugboat Engine Service,8,7,21.7,13.53,Cloudy,Day,15.6,241.9
Construction,Excavation,2,8,51.4,0.66,Sunny,Day,17.6,125.0
Marine & Rail,Locomotive Maintenance,8,8,52.5,11.22,Foggy,Night,27.5,395.5
Construction,Road Building,6,8,32.9,3.21,Foggy,Day,14.8,250.5
Mining,Drilling,3,7,32.6,11.56,Sunny,Day,2.0,190.2
Construction,Excavation,7,8,35.1,4.09,Sunny,Day,28.7,210.1
Mining,Drilling,4,6,54.5,9.96,Rainy,Day,24.6,304.0
Construction,Material Loading,4,6,18.1,6.57,Rainy,Day,34.6,84.7
Oil & Gas,Gas Compression Service,1,6,73.7,3.39,Rainy,Day,16.7,164.0
Oil & Gas,Well Drilling,6,7,35.4,2.25,Sunny,Day,19.7,376.7
Mining,Surface Excavation,2,8,79.7,12.18,Sunny,Day,7.8,139.7
Data Center Power,Generator Maintenance,4,9,33.5,2.35,Sunny,Day,21.7,83.4
Oil & Gas,Well Servicing,4,10,16.6,4.4,Cloudy,Night,31.7,202.9
Construction,Road Building,9,7,48.7,4.18,Cloudy,Day,20.2,382.8
Marine & Rail,Rail Network Inspection,1,5,79.8,9.33,Cloudy,Day,8.2,144.4
Oil & Gas,Gas Compression Service,6,8,73.8,5.09,Cloudy,Day,-2.9,181.5
Construction,Material Loading,1,7,31.6,3.14,Sunny,Day,24.2,50.5
Marine & Rail,Freight Operations,3,6,20.7,9.72,Cloudy,Night,17.6,214.2
Construction,Road Building,10,9,9.0,7.6,Rainy,Day,-1.1,313.7
Mining,Aggregate Collection,6,9,41.0,4.81,Rainy,Night,13.0,88.1
Mining,Surface Excavation,3,6,70.5,12.02,Sunny,Night,10.7,193.1
Oil & Gas,Well Servicing,5,7,62.4,5.89,Sunny,Night,30.5,329.9
Marine & Rail,Tugboat Engine Service,6,7,3.4,3.62,Sunny,Day,20.3,179.4
Mining,Surface Excavation,9,6,36.7,10.67,Sunny,Night,42.0,378.3
Data Center Power,Cooling System Inspection,3,8,10.0,5.12,Sunny,Day,22.5,52.4
Marine & Rail,Rail Network Inspection,4,6,60.0,4.44,Sunny,Day,11.9,157.9
Construction,Excavation,4,9,38.0,9.72,Rainy,Day,18.8,167.4
Data Center Power,Emergency Power Deployment,1,8,47.6,9.9,Sunny,Night,17.6,79.3
Marine & Rail,Freight Operations,6,9,62.5,6.4,Cloudy,Night,18.0,266.9
Construction,Road Building,5,6,67.6,11.44,Sunny,Day,0.7,301.2
Mining,Aggregate Collection,5,6,23.5,1.89,Rainy,Night,5.4,83.1
Data Center Power,Cooling System Inspection,7,8,35.0,2.6,Sunny,Night,22.2,79.8
Oil & Gas,Well Servicing,4,4,62.3,6.79,Sunny,Day,15.1,307.8
Mining,Aggregate Collection,5,8,81.0,10.81,Rainy,Night,13.2,96.4
Construction,Road Building,8,9,15.5,8.46,Cloudy,Night,-5.0,268.0
Data Center Power,Emergency Power Deployment,2,9,66.6,4.25,Cloudy,Night,24.4,75.7
Construction,Foundation Work,6,9,11.3,1.07,Sunny,Night,19.6,202.8
Marine & Rail,Rail Network Inspection,6,7,59.3,4.26,Cloudy,Night,34.8,245.3
Data Center Power,Generator Maintenance,2,8,24.4,2.79,Rainy,Day,16.4,75.8
Mining,Aggregate Collection,8,8,42.7,5.88,Foggy,Night,30.4,114.9
Oil & Gas,Pipeline Pumping,6,8,57.1,5.0,Foggy,Night,33.6,218.0
Marine & Rail,Rail Network Inspection,6,7,59.3,7.63,Rainy,Night,20.2,240.4
Oil & Gas,Well Servicing,3,9,10.3,5.21,Cloudy,Day,27.6,185.4
Oil & Gas,Well Drilling,7,5,53.0,12.87,Cloudy,Day,31.8,656.6
Construction,Material Loading,1,7,32.7,6.53,Sunny,Day,25.6,54.3
Oil & Gas,Pipeline Pumping,3,4,46.9,6.02,Sunny,Night,42.1,204.1
Construction,Site Preparation,6,6,50.7,6.14,Sunny,Day,31.1,210.1
Mining,Drilling,6,7,36.9,7.05,Rainy,Night,8.4,288.3
Marine & Rail,Tugboat Engine Service,10,8,55.0,2.55,Sunny,Night,10.7,260.6
Marine & Rail,Rail Network Inspection,6,7,36.4,4.98,Sunny,Day,13.6,170.8
Marine & Rail,Tugboat Engine Service,6,8,11.4,7.36,Sunny,Day,23.1,177.5
Construction,Demolition,6,6,73.2,6.66,Sunny,Day,19.5,250.6
Data Center Power,Generator Maintenance,4,8,31.6,0.47,Sunny,Day,23.8,86.8
Data Center Power,Emergency Power Deployment,5,8,48.6,1.18,Sunny,Day,17.7,86.6
Data Center Power,Cooling System Inspection,7,8,12.8,0.71,Sunny,Day,17.6,66.9
Data Center Power,Cooling System Inspection,9,8,32.3,4.29,Sunny,Day,22.5,86.0
Data Center Power,Generator Maintenance,7,8,82.1,6.95,Rainy,Night,17.0,150.6
Oil & Gas,Gas Compression Service,7,5,15.5,1.95,Sunny,Night,36.7,312.0
Oil & Gas,Well Servicing,7,8,18.3,12.42,Foggy,Day,21.8,303.1
Mining,Surface Excavation,4,9,52.0,7.38,Sunny,Day,31.1,161.8
Mining,Surface Excavation,4,8,10.8,10.85,Sunny,Night,42.0,199.7
Data Center Power,Backup Generator Testing,8,6,84.5,1.72,Rainy,Day,21.0,108.3
Mining,Hauling Ore,6,5,61.5,6.45,Rainy,Day,24.6,175.6
Construction,Foundation Work,8,8,33.2,2.74,Rainy,Day,23.6,304.6
Construction,Foundation Work,2,9,21.1,6.1,Rainy,Night,36.0,205.3
Oil & Gas,Gas Compression Service,4,8,63.9,7.52,Rainy,Day,42.2,214.3
Construction,Road Building,9,6,22.9,0.51,Rainy,Day,21.9,411.5
Oil & Gas,Gas Compression Service,5,5,49.0,6.65,Sunny,Night,35.6,297.5
Oil & Gas,Well Drilling,4,8,34.6,6.93,Sunny,Day,10.4,301.5
Oil & Gas,Gas Compression Service,4,8,15.7,2.27,Sunny,Day,41.9,174.8
Data Center Power,Cooling System Inspection,9,7,35.2,4.78,Sunny,Day,22.0,93.4
Marine & Rail,Rail Network Inspection,6,8,67.6,7.59,Foggy,Night,6.8,226.4
Construction,Material Loading,8,8,44.2,3.24,Sunny,Day,11.0,79.4
Data Center Power,Generator Maintenance,9,6,40.2,5.45,Sunny,Day,22.6,172.0
Data Center Power,Emergency Power Deployment,7,9,17.5,9.07,Cloudy,Night,25.8,114.0
Marine & Rail,Tugboat Engine Service,6,7,37.7,3.65,Sunny,Day,3.6,168.9
Oil & Gas,Well Servicing,7,6,54.2,7.53,Sunny,Night,26.9,403.2
Mining,Drilling,5,8,59.9,11.76,Cloudy,Day,-6.9,216.2
Data Center Power,Emergency Power Deployment,3,8,54.0,4.56,Sunny,Night,21.1,88.1
Mining,Surface Excavation,8,8,2.6,3.98,Sunny,Day,-5.7,163.2
Marine & Rail,Tugboat Engine Service,7,9,25.8,14.57,Sunny,Day,13.9,182.7
Marine & Rail,Tugboat Engine Service,8,5,19.6,3.63,Foggy,Day,-0.0,265.8
Data Center Power,Emergency Power Deployment,5,7,19.9,8.39,Sunny,Day,19.6,105.2
Marine & Rail,Rail Network Inspection,2,8,42.0,10.49,Rainy,Night,22.3,177.7
Mining,Aggregate Collection,4,5,12.2,11.52,Sunny,Day,34.0,84.8
Construction,Excavation,6,6,46.4,4.11,Sunny,Night,21.3,237.3
Construction,Site Preparation,6,9,55.3,5.87,Rainy,Day,20.1,194.3
Data Center Power,Emergency Power Deployment,5,7,5.7,1.78,Cloudy,Day,19.2,92.1
Mining,Drilling,5,6,9.2,8.09,Rainy,Day,14.0,259.0
Oil & Gas,Well Drilling,1,5,51.8,3.78,Sunny,Day,45.7,364.3
Data Center Power,Backup Generator Testing,4,9,75.7,4.48,Cloudy,Day,20.5,68.1
Mining,Drilling,3,6,74.0,8.54,Rainy,Day,8.6,255.1
Marine & Rail,Tugboat Engine Service,8,9,42.3,4.62,Rainy,Night,18.7,214.0
Mining,Surface Excavation,8,6,12.4,3.28,Rainy,Day,18.0,256.5
Mining,Surface Excavation,1,9,29.9,4.74,Cloudy,Day,5.0,97.0
Mining,Aggregate Collection,5,6,23.7,6.16,Rainy,Day,18.3,88.7
Construction,Road Building,6,7,18.7,5.55,Cloudy,Night,14.7,285.0
Construction,Excavation,1,6,6.8,2.59,Foggy,Day,15.2,135.4
Data Center Power,Backup Generator Testing,7,8,32.0,2.0,Sunny,Day,22.9,79.0
Mining,Surface Excavation,4,9,41.3,5.62,Sunny,Day,-4.5,128.3
Mining,Drilling,4,8,35.3,3.85,Sunny,Night,37.3,231.9
Marine & Rail,Tugboat Engine Service,6,7,42.8,13.25,Sunny,Night,7.9,221.4
Data Center Power,Backup Generator Testing,7,7,19.1,3.14,Rainy,Night,21.6,88.7
Mining,Hauling Ore,5,8,21.0,7.55,Foggy,Day,18.8,129.3
Mining,Hauling Ore,4,8,14.3,5.52,Sunny,Day,23.2,99.2
Oil & Gas,Well Servicing,8,7,61.6,7.9,Cloudy,Day,15.0,353.4
Data Center Power,Generator Maintenance,9,7,46.4,5.24,Cloudy,Day,18.5,161.5
Marine & Rail,Rail Network Inspection,2,4,38.5,12.76,Sunny,Night,28.9,186.7
Data Center Power,Cooling System Inspection,4,9,51.7,6.89,Cloudy,Day,21.5,60.2
Oil & Gas,Well Servicing,5,5,41.9,8.54,Cloudy,Night,11.9,321.1
Mining,Aggregate Collection,5,9,51.6,4.23,Foggy,Day,23.9,72.4
Mining,Hauling Ore,3,9,62.8,12.51,Rainy,Night,24.8,130.9
Oil & Gas,Gas Compression Service,3,7,24.3,10.51,Sunny,Night,32.3,207.9
Oil & Gas,Gas Compression Service,3,7,13.9,14.51,Cloudy,Day,25.4,193.4
Oil & Gas,Gas Compression Service,6,7,41.1,6.37,Sunny,Day,15.9,207.0
Marine & Rail,Rail Network Inspection,6,9,43.5,8.97,Sunny,Day,29.9,198.5
Data Center Power,Cooling System Inspection,8,9,11.9,4.06,Cloudy,Day,21.4,72.1
Data Center Power,Generator Maintenance,3,7,22.9,7.56,Sunny,Night,23.5,105.6
Data Center Power,Cooling System Inspection,4,8,71.4,5.62,Rainy,Day,19.0,63.3
Marine & Rail,Tugboat Engine Service,2,6,52.9,11.15,Foggy,Day,24.9,226.1
Construction,Site Preparation,6,9,50.5,5.48,Cloudy,Day,12.0,160.9
Mining,Drilling,4,9,20.9,6.02,Sunny,Night,17.3,179.4
Construction,Site Preparation,7,7,31.5,4.02,Cloudy,Night,20.5,201.5
Construction,Excavation,5,7,7.5,2.76,Rainy,Day,25.5,197.5
Marine & Rail,Rail Network Inspection,6,10,56.0,5.4,Sunny,Day,3.8,152.3
Marine & Rail,Rail Network Inspection,7,9,54.1,2.79,Foggy,Night,21.6,245.8
Data Center Power,Emergency Power Deployment,4,5,48.6,8.58,Sunny,Night,18.7,125.5
Data Center Power,Cooling System Inspection,7,9,44.1,1.56,Sunny,Day,21.4,72.1
Oil & Gas,Well Drilling,5,6,71.3,9.88,Sunny,Night,33.2,550.4
Construction,Excavation,8,8,16.5,7.51,Rainy,Night,31.6,285.2
Marine & Rail,Locomotive Maintenance,5,8,41.8,11.93,Sunny,Night,6.8,229.1
Marine & Rail,Freight Operations,5,9,64.1,3.18,Cloudy,Night,1.8,212.4
Data Center Power,Backup Generator Testing,8,7,3.0,10.21,Sunny,Day,20.2,84.5
Construction,Road Building,6,9,21.4,12.82,Rainy,Day,-5.0,257.8
Mining,Drilling,6,9,40.8,10.93,Rainy,Day,28.7,264.9
Marine & Rail,Tugboat Engine Service,8,8,19.2,8.05,Sunny,Day,26.1,224.5
Data Center Power,Backup Generator Testing,3,7,40.0,4.02,Sunny,Night,20.7,67.1
Oil & Gas,Pipeline Pumping,5,9,26.4,10.56,Sunny,Night,15.4,159.3
Mining,Hauling Ore,6,8,19.3,8.9,Sunny,Day,14.0,112.6
Mining,Aggregate Collection,8,10,10.5,6.73,Rainy,Day,21.5,88.1
Data Center Power,Cooling System Inspection,3,10,43.3,4.93,Sunny,Day,24.7,52.3
Construction,Excavation,4,8,44.3,4.29,Sunny,Day,24.7,159.2
Mining,Hauling Ore,7,6,30.8,1.55,Sunny,Night,2.6,126.7
Marine & Rail,Locomotive Maintenance,5,9,22.3,7.23,Foggy,Day,33.6,233.8
Construction,Excavation,3,8,50.2,8.33,Rainy,Day,7.2,163.2
Mining,Aggregate Collection,3,8,3.2,6.26,Cloudy,Day,-2.1,51.7
Marine & Rail,Rail Network Inspection,3,8,26.2,14.58,Cloudy,Night,20.8,165.3
Oil & Gas,Gas Compression Service,3,8,18.6,10.45,Rainy,Night,25.2,182.1
Marine & Rail,Tugboat Engine Service,3,7,43.9,3.24,Foggy,Day,14.0,178.5
Data Center Power,Generator Maintenance,7,9,17.1,4.37,Sunny,Night,25.0,109.5
Construction,Road Building,8,7,10.0,4.82,Rainy,Day,11.4,328.3
Marine & Rail,Tugboat Engine Service,7,7,6.6,3.99,Rainy,Day,28.9,217.3
Oil & Gas,Well Drilling,4,8,56.1,1.89,Sunny,Night,30.4,359.8
Mining,Surface Excavation,6,8,68.3,2.09,Rainy,Day,23.5,215.5
Oil & Gas,Well Servicing,4,9,38.4,9.58,Sunny,Day,36.9,237.4
Mining,Aggregate Collection,7,4,67.3,8.16,Sunny,Day,40.6,133.6
Construction,Demolition,4,9,16.3,3.53,Sunny,Day,14.7,138.3
Oil & Gas,Well Drilling,8,8,3.5,9.54,Rainy,Day,4.5,415.9
Marine & Rail,Tugboat Engine Service,5,9,9.0,2.49,Cloudy,Day,29.3,149.9
Construction,Foundation Work,5,8,14.2,4.26,Cloudy,Day,30.0,221.7
Marine & Rail,Tugboat Engine Service,7,8,13.9,4.05,Sunny,Day,8.8,159.9
Oil & Gas,Gas Compression Service,10,6,43.8,2.89,Sunny,Day,48.0,376.5
Marine & Rail,Tugboat Engine Service,5,8,16.4,13.02,Sunny,Day,18.1,172.3
Mining,Surface Excavation,2,9,20.3,4.63,Sunny,Day,15.0,110.2
Mining,Surface Excavation,7,7,46.2,1.71,Rainy,Night,28.4,277.2
Oil & Gas,Pipeline Pumping,4,7,23.9,10.03,Foggy,Night,29.3,193.2
Oil & Gas,Well Drilling,3,6,26.8,11.81,Sunny,Day,7.7,345.0
Marine & Rail,Freight Operations,5,6,15.9,14.8,Sunny,Night,14.9,254.8
Mining,Drilling,6,8,65.6,6.64,Rainy,Day,9.0,253.6
Data Center Power,Cooling System Inspection,3,9,16.8,8.99,Sunny,Night,21.3,57.8
Data Center Power,Emergency Power Deployment,4,8,62.1,4.38,Sunny,Day,18.6,87.6
Oil & Gas,Gas Compression Service,6,4,46.0,10.67,Sunny,Day,25.7,301.1
Mining,Drilling,9,6,27.7,3.5,Foggy,Day,32.4,364.2
Marine & Rail,Tugboat Engine Service,10,7,16.0,10.14,Cloudy,Day,25.4,285.7
Mining,Drilling,3,5,44.5,4.23,Cloudy,Day,7.7,210.3
Data Center Power,Cooling System Inspection,7,7,37.9,9.13,Sunny,Day,23.7,81.4
Mining,Hauling Ore,5,8,57.2,4.31,Sunny,Day,37.0,128.1
Data Center Power,Backup Generator Testing,3,7,57.6,7.25,Cloudy,Day,24.1,67.6
Mining,Surface Excavation,6,9,10.0,7.89,Sunny,Night,23.9,176.3
Construction,Road Building,5,7,69.2,1.79,Rainy,Day,20.8,305.3
Marine & Rail,Rail Network Inspection,7,8,28.4,10.93,Foggy,Day,13.8,227.5
Mining,Drilling,6,6,46.8,2.85,Sunny,Day,29.2,281.9
Marine & Rail,Locomotive Maintenance,3,5,78.7,11.17,Sunny,Day,4.0,254.2
Mining,Drilling,10,6,54.7,7.95,Cloudy,Day,16.9,413.5
Construction,Road Building,1,9,41.2,13.86,Rainy,Night,-0.4,201.5
Mining,Drilling,8,8,49.0,7.28,Foggy,Day,9.5,285.2
Data Center Power,Cooling System Inspection,4,5,44.5,7.53,Cloudy,Day,21.5,71.5
Oil & Gas,Well Servicing,7,8,18.1,9.96,Sunny,Day,25.3,284.4
Marine & Rail,Rail Network Inspection,5,6,40.8,5.48,Sunny,Day,28.9,195.2
Marine & Rail,Tugboat Engine Service,5,10,70.7,8.65,Rainy,Day,14.7,147.3
Marine & Rail,Freight Operations,7,7,51.4,3.67,Sunny,Night,2.0,264.4
Mining,Aggregate Collection,8,6,47.3,3.37,Sunny,Night,4.3,101.5
Construction,Site Preparation,7,8,71.2,14.67,Sunny,Night,27.7,269.0
Oil & Gas,Well Servicing,5,7,15.9,8.61,Rainy,Day,21.4,292.7
Oil & Gas,Well Servicing,3,7,29.0,10.42,Rainy,Day,31.3,283.8
Oil & Gas,Pipeline Pumping,6,8,33.5,5.14,Sunny,Day,27.2,171.3
Mining,Hauling Ore,4,8,16.6,7.44,Sunny,Day,26.6,104.9
Oil & Gas,Well Drilling,10,9,15.1,8.47,Sunny,Day,-3.0,371.0
Mining,Surface Excavation,6,7,33.7,6.61,Rainy,Day,10.9,211.4
Marine & Rail,Rail Network Inspection,6,8,21.4,3.97,Sunny,Day,14.1,160.9
Marine & Rail,Rail Network Inspection,6,6,46.2,3.86,Sunny,Night,-0.1,185.1
Marine & Rail,Tugboat Engine Service,2,9,30.7,3.53,Foggy,Day,20.9,136.1
Construction,Excavation,6,8,36.9,4.1,Rainy,Day,15.1,204.0
Data Center Power,Emergency Power Deployment,8,8,51.1,4.12,Sunny,Day,22.9,123.5
Construction,Excavation,6,7,15.6,9.51,Sunny,Day,5.2,182.8
Construction,Road Building,9,8,21.3,2.9,Sunny,Day,15.7,290.0
Construction,Material Loading,8,7,37.8,1.62,Rainy,Day,32.4,111.4
Data Center Power,Backup Generator Testing,6,6,60.7,4.86,Sunny,Day,20.1,88.4
Data Center Power,Generator Maintenance,3,8,13.4,1.46,Sunny,Night,18.3,82.0
Marine & Rail,Tugboat Engine Service,6,10,19.6,12.69,Rainy,Night,11.4,157.0
Construction,Material Loading,9,8,14.7,4.64,Sunny,Night,6.9,86.0
Construction,Material Loading,2,7,31.3,3.54,Rainy,Day,35.9,72.0
Marine & Rail,Locomotive Maintenance,7,9,51.2,5.68,Sunny,Day,17.9,237.2
Construction,Site Preparation,6,6,39.6,3.57,Sunny,Day,19.0,179.3
Oil & Gas,Pipeline Pumping,5,9,14.8,3.14,Sunny,Day,45.8,154.8
Data Center Power,Generator Maintenance,10,9,24.5,2.06,Sunny,Night,20.0,134.6
Construction,Site Preparation,7,7,25.9,1.35,Foggy,Day,4.6,163.1
Marine & Rail,Locomotive Maintenance,5,7,25.7,6.74,Cloudy,Night,4.5,233.2
Marine & Rail,Tugboat Engine Service,5,7,24.3,14.37,Foggy,Day,25.6,256.7
Construction,Foundation Work,6,5,31.7,3.75,Cloudy,Day,12.4,276.8
Construction,Material Loading,6,8,39.6,7.47,Foggy,Day,23.3,80.8
Marine & Rail,Rail Network Inspection,6,8,43.1,2.96,Cloudy,Day,19.8,179.5
Data Center Power,Cooling System Inspection,2,6,28.2,4.51,Sunny,Day,21.9,54.4
Oil & Gas,Well Drilling,5,8,59.2,5.32,Sunny,Night,8.9,348.7
Mining,Drilling,2,7,8.3,4.16,Sunny,Day,29.5,182.7
Oil & Gas,Well Servicing,3,7,32.2,2.7,Sunny,Day,48.0,238.7
Data Center Power,Cooling System Inspection,4,8,81.3,0.76,Sunny,Day,22.4,62.2
Construction,Excavation,9,9,31.9,9.18,Cloudy,Day,19.3,219.2
Construction,Excavation,1,8,33.4,11.87,Sunny,Day,25.5,141.2
Oil & Gas,Gas Compression Service,4,8,19.9,4.93,Cloudy,Day,31.5,177.3
Construction,Excavation,5,8,22.2,4.06,Sunny,Day,30.9,184.7
Data Center Power,Backup Generator Testing,8,9,15.7,7.71,Sunny,Day,24.3,77.2
Marine & Rail,Freight Operations,3,8,4.5,4.59,Rainy,Day,8.5,182.7
Marine & Rail,Freight Operations,7,8,28.4,14.42,Cloudy,Day,12.5,269.4
Mining,Surface Excavation,5,4,20.0,14.82,Foggy,Day,-10.0,224.7
Mining,Drilling,5,8,43.8,11.79,Cloudy,Night,24.7,260.9
Mining,Surface Excavation,2,5,49.4,2.82,Sunny,Day,39.7,191.8
Data Center Power,Emergency Power Deployment,9,8,21.8,5.57,Cloudy,Day,21.8,122.8
Oil & Gas,Gas Compression Service,7,6,23.5,7.38,Sunny,Day,20.4,246.9
Mining,Surface Excavation,3,6,59.1,3.09,Cloudy,Night,9.2,172.5
Construction,Excavation,6,8,64.1,11.14,Sunny,Day,26.0,219.2
Mining,Drilling,3,9,33.6,0.92,Foggy,Night,17.4,163.4
Mining,Drilling,5,8,32.6,8.84,Sunny,Night,1.4,201.9
Construction,Road Building,6,9,22.9,5.03,Cloudy,Day,22.3,243.1
Data Center Power,Emergency Power Deployment,6,8,27.0,3.09,Rainy,Day,20.6,98.4
Oil & Gas,Well Drilling,3,5,26.1,0.21,Rainy,Night,20.9,427.9
Mining,Hauling Ore,8,9,7.7,5.72,Sunny,Day,9.0,109.8
Data Center Power,Generator Maintenance,2,8,22.0,2.62,Sunny,Day,23.6,75.9
Construction,Site Preparation,3,9,33.1,6.62,Sunny,Day,28.1,140.5
Construction,Road Building,7,7,41.7,7.75,Cloudy,Day,25.0,344.1
Data Center Power,Backup Generator Testing,7,4,37.2,1.77,Sunny,Day,16.4,92.7
Mining,Hauling Ore,4,7,34.1,12.61,Foggy,Day,14.0,137.5
Data Center Power,Cooling System Inspection,3,9,42.8,2.69,Sunny,Night,18.3,55.8
Construction,Material Loading,5,7,5.4,1.19,Cloudy,Night,17.8,66.4
Data Center Power,Cooling System Inspection,7,7,47.9,1.57,Sunny,Day,18.4,79.1
Construction,Site Preparation,8,6,11.6,10.47,Rainy,Night,11.7,246.2
Mining,Aggregate Collection,8,8,51.8,6.85,Foggy,Night,22.8,115.6
Construction,Excavation,4,6,49.5,3.77,Sunny,Day,28.6,201.3
Construction,Demolition,7,9,15.9,5.65,Cloudy,Night,13.5,182.6
Data Center Power,Emergency Power Deployment,4,8,42.2,3.49,Rainy,Day,21.4,88.1
Construction,Road Building,4,6,29.4,11.01,Rainy,Night,27.4,371.8
Oil & Gas,Well Servicing,6,3,12.8,7.75,Cloudy,Day,37.2,437.0
Oil & Gas,Pipeline Pumping,5,9,46.9,2.05,Sunny,Night,38.8,172.0
Construction,Road Building,9,9,13.9,2.52,Rainy,Day,10.7,278.8
Construction,Excavation,5,9,23.9,8.73,Sunny,Day,13.7,147.4
Marine & Rail,Rail Network Inspection,9,9,35.2,5.33,Sunny,Day,2.7,191.0
Oil & Gas,Pipeline Pumping,6,9,24.0,1.84,Sunny,Night,21.7,159.8
Construction,Material Loading,4,7,16.1,5.81,Sunny,Day,37.7,73.9
Mining,Drilling,9,10,33.2,1.21,Rainy,Day,26.1,253.5
Data Center Power,Generator Maintenance,4,5,36.7,1.26,Cloudy,Day,15.3,112.5
Construction,Site Preparation,6,6,45.3,0.6,Foggy,Day,4.1,167.7
Data Center Power,Cooling System Inspection,6,10,5.3,7.93,Rainy,Day,21.1,59.5
Data Center Power,Emergency Power Deployment,7,7,7.8,8.64,Cloudy,Day,18.8,114.4
Data Center Power,Backup Generator Testing,4,9,14.2,1.55,Sunny,Day,23.4,58.8
Marine & Rail,Freight Operations,5,7,33.1,0.77,Sunny,Night,26.8,257.3
Oil & Gas,Pipeline Pumping,7,9,35.7,2.37,Sunny,Day,29.2,177.4
Marine & Rail,Tugboat Engine Service,5,5,23.7,3.6,Sunny,Night,14.7,203.7
Mining,Aggregate Collection,6,7,10.5,11.99,Sunny,Day,21.0,79.7
Data Center Power,Generator Maintenance,3,8,50.7,8.15,Sunny,Day,19.8,91.6
Mining,Aggregate Collection,4,8,52.7,4.51,Sunny,Night,16.6,72.0
Data Center Power,Emergency Power Deployment,4,8,18.2,7.94,Sunny,Day,19.0,88.8
Construction,Demolition,8,8,22.1,15.72,Sunny,Day,12.4,241.7
Mining,Hauling Ore,2,8,37.0,3.67,Sunny,Day,24.3,89.3
Oil & Gas,Well Servicing,4,7,9.3,6.89,Sunny,Day,34.9,264.1
Marine & Rail,Tugboat Engine Service,8,8,44.2,5.24,Cloudy,Night,21.1,234.0
Marine & Rail,Freight Operations,6,8,62.2,6.68,Sunny,Day,23.5,263.9
Data Center Power,Backup Generator Testing,4,7,34.9,1.81,Cloudy,Day,26.7,68.4
Oil & Gas,Pipeline Pumping,5,8,24.6,6.91,Sunny,Night,21.1,165.0
Construction,Road Building,10,8,13.6,3.32,Sunny,Day,34.1,360.1
Mining,Surface Excavation,7,9,22.8,8.91,Sunny,Day,10.7,167.4
Construction,Excavation,6,7,28.5,3.61,Sunny,Day,14.9,185.0
Mining,Drilling,5,6,13.0,8.7,Sunny,Day,17.3,236.7
Mining,Drilling,7,6,24.3,4.99,Sunny,Night,26.2,318.0
Marine & Rail,Rail Network Inspection,5,8,22.0,3.11,Cloudy,Day,-2.6,142.7
Construction,Material Loading,5,9,42.9,10.86,Rainy,Day,20.9,79.1
Mining,Hauling Ore,6,9,36.0,7.57,Cloudy,Day,10.1,106.7
Marine & Rail,Locomotive Maintenance,3,9,62.9,15.29,Foggy,Night,7.0,205.9
Construction,Excavation,4,9,30.0,5.13,Rainy,Night,2.3,162.2
Construction,Demolition,6,6,33.1,3.33,Sunny,Night,9.0,225.6
Construction,Road Building,4,8,44.2,6.96,Rainy,Day,8.7,250.3
Mining,Drilling,9,6,28.2,9.95,Sunny,Day,14.6,340.3
Oil & Gas,Pipeline Pumping,2,6,10.2,3.3,Sunny,Day,26.7,125.8
Construction,Foundation Work,9,9,59.2,4.0,Sunny,Day,15.4,272.3
Marine & Rail,Freight Operations,4,8,40.5,4.25,Cloudy,Day,17.1,198.9
Construction,Road Building,2,7,29.9,8.62,Rainy,Night,40.0,322.9
Mining,Aggregate Collection,5,7,43.8,4.71,Cloudy,Day,10.6,71.9
Construction,Foundation Work,4,3,30.0,6.82,Cloudy,Day,16.0,286.6
Mining,Hauling Ore,5,5,46.8,9.05,Sunny,Night,34.9,165.0
Oil & Gas,Pipeline Pumping,5,6,61.4,12.51,Sunny,Night,29.4,227.5
Oil & Gas,Well Drilling,5,8,35.5,14.68,Sunny,Night,32.1,455.5
Oil & Gas,Pipeline Pumping,7,5,32.4,3.27,Sunny,Night,20.4,218.5
Construction,Site Preparation,8,7,52.3,5.49,Cloudy,Day,9.6,205.7
Data Center Power,Cooling System Inspection,4,10,87.8,0.17,Sunny,Night,22.3,62.0
Construction,Material Loading,7,6,9.4,4.57,Sunny,Day,19.7,78.0
Mining,Drilling,5,8,44.1,4.94,Sunny,Night,15.2,224.2
Marine & Rail,Rail Network Inspection,6,8,42.1,5.16,Sunny,Night,15.9,185.9
Data Center Power,Cooling System Inspection,2,7,33.7,4.25,Sunny,Day,21.5,51.9
Mining,Hauling Ore,8,6,47.7,10.76,Sunny,Day,25.1,179.3
Oil & Gas,Pipeline Pumping,6,8,18.5,3.02,Sunny,Day,36.7,176.0
Marine & Rail,Locomotive Maintenance,5,9,12.8,11.34,Cloudy,Night,13.2,216.7
Oil & Gas,Pipeline Pumping,5,10,37.8,5.14,Sunny,Day,13.9,135.5
Mining,Drilling,5,10,32.1,7.15,Rainy,Night,9.3,190.8
Marine & Rail,Tugboat Engine Service,7,5,66.9,3.85,Foggy,Day,16.7,313.8
Data Center Power,Cooling System Inspection,9,8,33.0,4.33,Rainy,Day,26.2,89.6
Marine & Rail,Freight Operations,8,5,11.2,13.24,Sunny,Night,26.6,356.3
Construction,Foundation Work,7,7,13.3,8.82,Cloudy,Day,28.3,283.7
Marine & Rail,Tugboat Engine Service,4,8,35.8,3.03,Sunny,Day,24.7,156.9
Construction,Site Preparation,9,9,17.4,5.46,Cloudy,Night,12.7,195.8
Marine & Rail,Rail Network Inspection,3,9,32.5,5.37,Cloudy,Night,24.3,149.9
Oil & Gas,Well Servicing,8,6,61.6,11.06,Cloudy,Day,19.3,417.3
Construction,Road Building,2,8,7.9,4.73,Cloudy,Night,16.3,193.2
Data Center Power,Backup Generator Testing,7,9,26.0,8.26,Rainy,Day,22.6,81.0
Oil & Gas,Well Drilling,7,7,6.3,3.2,Cloudy,Day,18.9,386.2
Data Center Power,Backup Generator Testing,5,9,4.2,10.03,Rainy,Night,23.8,72.2
Construction,Material Loading,5,9,38.4,3.92,Sunny,Night,3.9,62.6
Construction,Foundation Work,5,5,52.7,2.06,Rainy,Night,29.6,371.3
Construction,Road Building,3,9,79.2,0.14,Sunny,Day,29.9,202.3
Mining,Aggregate Collection,1,7,16.4,1.09,Sunny,Day,28.8,53.4
Data Center Power,Generator Maintenance,6,7,50.1,4.12,Cloudy,Day,16.9,121.3
Construction,Excavation,8,4,34.7,6.97,Sunny,Day,25.1,310.2
Data Center Power,Generator Maintenance,1,7,50.8,6.56,Sunny,Day,18.0,80.1
Data Center Power,Cooling System Inspection,3,6,31.8,1.38,Cloudy,Night,21.4,62.3
Marine & Rail,Tugboat Engine Service,5,4,15.8,14.34,Rainy,Night,27.6,295.0
Construction,Foundation Work,7,9,34.4,7.41,Cloudy,Day,25.7,241.6
Construction,Road Building,5,7,34.9,1.46,Cloudy,Day,10.6,237.3
Construction,Foundation Work,6,7,19.8,3.01,Cloudy,Day,28.5,257.0
Oil & Gas,Gas Compression Service,2,8,36.8,10.08,Cloudy,Day,36.1,180.8
Data Center Power,Emergency Power Deployment,4,7,16.6,13.89,Sunny,Night,21.8,111.4
Oil & Gas,Gas Compression Service,7,6,16.8,1.11,Cloudy,Day,31.7,252.2
Oil & Gas,Gas Compression Service,7,9,25.7,4.66,Foggy,Night,17.9,201.6
Construction,Foundation Work,6,7,80.4,3.11,Cloudy,Night,40.0,349.3
Construction,Excavation,6,8,42.4,10.66,Cloudy,Night,25.6,228.6
Data Center Power,Backup Generator Testing,8,7,12.8,4.11,Cloudy,Day,21.5,87.9
Construction,Site Preparation,5,7,21.3,9.81,Cloudy,Day,25.0,178.9
Oil & Gas,Well Drilling,8,7,44.6,8.84,Sunny,Night,30.4,602.7
Mining,Hauling Ore,7,7,26.8,1.78,Sunny,Day,39.5,150.7
Mining,Drilling,6,6,71.6,5.07,Sunny,Day,42.0,341.3
Oil & Gas,Gas Compression Service,5,8,60.1,5.66,Sunny,Night,25.9,205.8
Marine & Rail,Tugboat Engine Service,6,9,34.6,8.25,Cloudy,Night,22.5,188.9
Marine & Rail,Tugboat Engine Service,5,6,47.1,6.57,Rainy,Night,15.6,213.0
Marine & Rail,Tugboat Engine Service,4,8,15.2,2.25,Rainy,Day,18.2,145.4
Marine & Rail,Tugboat Engine Service,6,4,68.5,5.09,Sunny,Day,18.4,265.0
Mining,Surface Excavation,6,9,11.7,9.88,Rainy,Day,18.2,183.8
Marine & Rail,Locomotive Maintenance,6,7,56.2,12.82,Sunny,Day,36.8,332.5
Data Center Power,Cooling System Inspection,7,9,11.1,4.7,Cloudy,Day,20.9,68.4
Oil & Gas,Well Drilling,5,8,2.5,8.51,Rainy,Night,27.1,421.7
Data Center Power,Emergency Power Deployment,9,10,17.7,8.4,Cloudy,Day,19.9,101.6
Mining,Surface Excavation,3,9,51.5,4.05,Cloudy,Night,3.9,129.2
Data Center Power,Emergency Power Deployment,6,8,10.9,2.96,Cloudy,Night,17.7,97.5
Construction,Excavation,8,7,34.6,2.71,Sunny,Day,28.1,241.7
Data Center Power,Cooling System Inspection,7,8,47.5,8.59,Cloudy,Day,21.1,81.4
Mining,Drilling,6,10,50.9,6.49,Sunny,Day,1.8,164.4
Data Center Power,Cooling System Inspection,3,10,61.1,4.2,Sunny,Night,18.6,55.0
Oil & Gas,Well Drilling,7,10,28.7,7.0,Sunny,Day,22.2,317.0
Mining,Drilling,3,9,45.6,13.45,Cloudy,Night,40.5,240.6
Data Center Power,Backup Generator Testing,6,6,38.8,9.52,Sunny,Day,21.0,86.8
Construction,Foundation Work,4,6,23.6,4.08,Cloudy,Day,31.1,249.4
Marine & Rail,Rail Network Inspection,6,6,19.8,2.76,Sunny,Night,12.5,181.3
Mining,Hauling Ore,7,6,17.6,12.25,Sunny,Night,21.5,160.7
Mining,Hauling Ore,9,9,48.4,1.7,Sunny,Day,17.6,140.2
Construction,Excavation,5,8,32.2,6.73,Sunny,Night,16.9,175.8
Mining,Drilling,1,5,20.5,8.54,Sunny,Day,26.5,211.6
Construction,Material Loading,9,8,26.3,3.74,Cloudy,Day,23.0,90.8
Marine & Rail,Tugboat Engine Service,2,8,33.4,6.49,Rainy,Night,4.6,132.3
Marine & Rail,Locomotive Maintenance,7,6,52.3,5.51,Sunny,Day,13.2,301.8
Data Center Power,Generator Maintenance,8,8,46.8,8.81,Cloudy,Day,14.4,142.9
Mining,Hauling Ore,6,9,75.7,9.15,Sunny,Day,19.9,127.2
Construction,Demolition,6,8,29.7,6.87,Cloudy,Day,28.3,217.0
Data Center Power,Backup Generator Testing,7,7,43.6,7.86,Sunny,Day,22.6,90.3
Mining,Drilling,3,9,38.7,6.33,Sunny,Night,25.9,179.7
Data Center Power,Emergency Power Deployment,7,8,47.9,7.05,Sunny,Night,18.8,122.2
Oil & Gas,Well Servicing,4,5,20.2,2.22,Sunny,Day,30.0,282.1
Construction,Foundation Work,8,8,43.6,3.99,Cloudy,Night,40.0,360.1
Mining,Surface Excavation,7,6,13.9,3.1,Rainy,Day,20.6,239.8
Data Center Power,Cooling System Inspection,4,9,24.1,9.89,Rainy,Day,25.3,62.7
Data Center Power,Cooling System Inspection,3,8,52.5,1.2,Sunny,Night,20.5,60.7
Construction,Road Building,5,8,15.1,2.95,Cloudy,Day,6.5,204.5
Construction,Foundation Work,5,9,50.6,6.92,Sunny,Day,0.5,175.2
Construction,Road Building,3,6,16.8,13.37,Rainy,Day,7.9,280.0
Mining,Surface Excavation,4,9,81.4,7.79,Cloudy,Day,24.6,164.5
Oil & Gas,Well Drilling,5,7,36.4,4.84,Sunny,Day,27.7,396.9
Marine & Rail,Tugboat Engine Service,7,6,65.9,4.48,Rainy,Day,24.7,268.4
Construction,Road Building,5,9,8.3,4.26,Rainy,Day,39.0,268.6
Mining,Surface Excavation,5,5,46.6,1.54,Sunny,Day,10.0,180.8
Construction,Material Loading,1,9,44.3,12.26,Cloudy,Night,29.1,60.8
Oil & Gas,Pipeline Pumping,5,8,68.4,8.65,Sunny,Day,6.8,149.7
Oil & Gas,Gas Compression Service,5,8,67.2,3.42,Sunny,Day,23.1,188.4
Data Center Power,Emergency Power Deployment,5,7,20.2,1.13,Sunny,Day,21.3,90.5
Oil & Gas,Well Drilling,5,6,15.9,5.41,Sunny,Night,48.0,502.2
Mining,Hauling Ore,4,8,33.1,8.52,Cloudy,Day,16.3,104.6
Mining,Surface Excavation,6,8,13.1,3.7,Rainy,Night,27.7,227.3
Data Center Power,Emergency Power Deployment,3,8,37.9,6.97,Sunny,Day,16.7,79.0
Marine & Rail,Tugboat Engine Service,7,7,55.3,9.55,Rainy,Day,3.7,225.0
Oil & Gas,Gas Compression Service,2,10,68.8,4.88,Sunny,Day,32.5,135.5
Mining,Drilling,6,9,33.7,3.01,Sunny,Night,23.6,212.3
Mining,Drilling,6,2,14.9,6.66,Rainy,Day,25.4,410.6
Construction,Foundation Work,8,7,48.4,8.1,Cloudy,Night,16.5,328.8
Marine & Rail,Tugboat Engine Service,3,7,57.8,1.66,Sunny,Night,11.7,154.3
Mining,Surface Excavation,8,7,31.4,1.88,Sunny,Day,19.4,214.7
Marine & Rail,Tugboat Engine Service,7,8,40.9,6.43,Sunny,Day,27.1,209.1
Construction,Demolition,7,8,58.3,2.86,Cloudy,Day,16.8,218.3
Data Center Power,Cooling System Inspection,8,9,17.5,3.72,Rainy,Day,22.4,76.0
Construction,Demolition,5,9,36.5,3.46,Sunny,Day,23.3,163.3
Construction,Excavation,8,5,40.3,13.51,Sunny,Day,18.8,314.5
Construction,Foundation Work,6,6,59.9,6.05,Rainy,Night,16.9,343.1
Oil & Gas,Well Drilling,6,6,71.2,1.72,Sunny,Night,32.6,531.5
Mining,Drilling,9,6,28.9,9.33,Sunny,Night,-1.9,334.7
Data Center Power,Cooling System Inspection,2,9,48.0,5.16,Rainy,Day,20.5,51.3
Marine & Rail,Freight Operations,4,6,11.6,6.26,Sunny,Day,27.2,221.8
Marine & Rail,Rail Network Inspection,7,6,44.5,5.68,Cloudy,Day,19.7,222.5
Mining,Surface Excavation,5,7,20.9,6.17,Rainy,Day,39.2,239.2
Construction,Road Building,9,7,51.5,7.36,Cloudy,Day,15.0,397.6
Mining,Hauling Ore,1,9,42.4,4.59,Sunny,Night,3.5,73.9
Construction,Foundation Work,8,8,26.1,1.44,Sunny,Night,2.1,243.2
Data Center Power,Emergency Power Deployment,9,8,44.5,4.02,Rainy,Day,21.1,133.7
Marine & Rail,Rail Network Inspection,7,8,53.9,6.72,Sunny,Day,20.8,212.3
Marine & Rail,Tugboat Engine Service,5,7,40.1,3.34,Foggy,Day,8.1,192.0
Marine & Rail,Freight Operations,1,8,37.6,6.97,Sunny,Night,10.2,159.3
Data Center Power,Cooling System Inspection,6,7,25.8,5.87,Cloudy,Night,18.6,76.3
Mining,Drilling,7,3,57.2,11.54,Cloudy,Day,15.0,411.7
Construction,Material Loading,4,9,30.9,4.92,Cloudy,Day,35.4,67.9
Construction,Road Building,7,8,37.3,2.96,Cloudy,Day,8.6,261.8
Construction,Foundation Work,8,5,62.2,2.98,Sunny,Night,28.2,429.7
Data Center Power,Emergency Power Deployment,5,7,22.4,0.24,Sunny,Night,21.9,96.0
Marine & Rail,Locomotive Maintenance,7,6,19.4,9.73,Sunny,Day,6.4,281.7
Marine & Rail,Locomotive Maintenance,5,8,15.4,2.07,Sunny,Day,23.2,197.4
Construction,Site Preparation,7,9,64.4,0.22,Cloudy,Day,27.0,181.4
Marine & Rail,Rail Network Inspection,6,7,22.5,3.78,Sunny,Night,15.2,191.1
Data Center Power,Emergency Power Deployment,7,8,5.5,4.5,Sunny,Night,26.6,111.0
Mining,Drilling,5,7,35.5,17.24,Sunny,Day,17.4,255.8
Mining,Surface Excavation,2,9,38.0,6.49,Rainy,Night,21.2,150.8
Marine & Rail,Rail Network Inspection,3,7,9.1,1.27,Rainy,Night,4.8,155.2
Mining,Surface Excavation,9,7,4.3,6.34,Sunny,Day,19.4,219.1
Marine & Rail,Freight Operations,7,9,45.4,8.99,Sunny,Night,18.7,282.5
Oil & Gas,Gas Compression Service,8,6,14.4,1.62,Rainy,Day,9.0,224.1
Construction,Demolition,2,7,26.2,5.38,Rainy,Day,18.3,173.6
Construction,Foundation Work,1,9,38.3,9.16,Cloudy,Night,14.3,149.5
Data Center Power,Backup Generator Testing,2,6,59.8,1.91,Sunny,Day,18.3,59.7
Data Center Power,Emergency Power Deployment,9,8,21.9,3.32,Rainy,Night,17.7,126.1
Construction,Road Building,6,6,49.1,3.85,Cloudy,Day,38.8,372.7
Data Center Power,Emergency Power Deployment,2,8,16.9,5.04,Sunny,Day,20.6,69.5
Mining,Surface Excavation,4,6,29.5,2.16,Rainy,Day,39.6,237.3
Data Center Power,Generator Maintenance,4,8,35.2,4.96,Sunny,Day,21.5,93.6
Data Center Power,Emergency Power Deployment,8,9,47.9,0.67,Cloudy,Day,22.1,107.8
Data Center Power,Cooling System Inspection,5,8,31.8,4.43,Sunny,Day,18.7,62.3
Data Center Power,Backup Generator Testing,3,9,16.3,4.26,Sunny,Day,22.7,54.0
Construction,Road Building,3,9,24.3,6.49,Cloudy,Day,15.7,185.9
Marine & Rail,Locomotive Maintenance,4,6,68.1,8.88,Sunny,Day,10.3,251.8
Oil & Gas,Well Drilling,6,6,39.2,3.58,Cloudy,Day,27.9,470.4
Marine & Rail,Tugboat Engine Service,5,8,61.2,1.83,Cloudy,Night,27.5,190.8
Oil & Gas,Well Servicing,7,6,52.8,3.28,Rainy,Day,19.4,387.0
Marine & Rail,Freight Operations,7,9,44.1,1.66,Sunny,Day,34.4,283.9
Oil & Gas,Well Servicing,7,9,58.5,11.21,Sunny,Night,44.7,364.3
Marine & Rail,Locomotive Maintenance,7,5,72.9,11.81,Cloudy,Day,22.5,404.4
Oil & Gas,Well Servicing,6,7,30.5,0.97,Sunny,Day,11.1,238.5
Construction,Material Loading,2,6,8.2,11.22,Sunny,Day,31.1,64.5
Data Center Power,Backup Generator Testing,4,7,18.5,6.63,Rainy,Day,19.9,67.3
Oil & Gas,Well Servicing,4,6,86.6,8.99,Cloudy,Night,11.6,302.0
Construction,Material Loading,5,9,69.7,10.28,Sunny,Night,4.6,69.8
Data Center Power,Emergency Power Deployment,9,6,12.2,3.44,Cloudy,Night,18.1,148.5
Oil & Gas,Pipeline Pumping,2,7,35.1,9.42,Rainy,Night,14.9,146.4
Marine & Rail,Freight Operations,4,7,18.0,5.82,Rainy,Day,18.8,236.8
Mining,Drilling,5,10,26.1,6.68,Sunny,Day,13.0,159.9
Mining,Hauling Ore,8,3,60.9,11.51,Foggy,Day,26.1,272.1
Marine & Rail,Locomotive Maintenance,7,7,40.1,12.26,Sunny,Night,13.9,319.8
Marine & Rail,Rail Network Inspection,5,8,22.1,9.02,Cloudy,Day,25.4,178.9
Marine & Rail,Freight Operations,8,5,25.7,8.59,Foggy,Night,6.3,376.7
Marine & Rail,Tugboat Engine Service,2,9,36.7,1.13,Foggy,Day,18.6,135.2
Mining,Drilling,10,9,56.9,0.57,Cloudy,Day,-10.0,248.2
Mining,Aggregate Collection,6,8,25.9,3.56,Sunny,Day,30.6,81.3
Data Center Power,Emergency Power Deployment,2,6,17.0,4.2,Cloudy,Day,15.7,83.0
Construction,Foundation Work,5,10,15.7,4.0,Cloudy,Day,36.4,184.6
Data Center Power,Cooling System Inspection,4,6,22.1,4.83,Cloudy,Night,23.0,70.9
Mining,Surface Excavation,6,9,20.4,3.04,Rainy,Day,25.5,179.5
Oil & Gas,Gas Compression Service,6,6,55.1,4.63,Rainy,Day,26.0,255.7
Marine & Rail,Rail Network Inspection,6,6,17.7,12.7,Sunny,Day,-8.7,173.1
Marine & Rail,Tugboat Engine Service,5,8,31.2,6.15,Sunny,Night,23.7,187.6
Oil & Gas,Pipeline Pumping,2,9,64.1,1.72,Sunny,Night,-1.3,106.5
Construction,Material Loading,4,9,44.3,6.99,Sunny,Night,14.4,62.4
Marine & Rail,Freight Operations,5,9,37.1,10.46,Sunny,Night,38.0,268.5
Oil & Gas,Pipeline Pumping,1,5,18.6,3.14,Cloudy,Day,20.1,118.7
Oil & Gas,Well Servicing,9,9,56.3,3.23,Sunny,Night,16.9,305.5
Oil & Gas,Well Servicing,6,7,13.2,3.19,Sunny,Day,38.9,293.0
Construction,Material Loading,5,9,59.9,8.38,Sunny,Day,25.0,69.3
Marine & Rail,Rail Network Inspection,3,8,37.5,9.13,Sunny,Day,18.2,146.8
Data Center Power,Emergency Power Deployment,6,7,15.4,4.21,Sunny,Night,21.5,110.6
Mining,Drilling,2,10,30.2,5.87,Sunny,Day,20.9,132.1
Mining,Drilling,9,8,19.4,15.36,Cloudy,Day,15.3,310.9
Construction,Site Preparation,8,9,27.4,4.22,Sunny,Day,20.4,179.6
Marine & Rail,Tugboat Engine Service,9,7,81.4,4.33,Sunny,Night,14.7,301.7
Data Center Power,Generator Maintenance,6,9,23.4,1.08,Sunny,Day,24.6,92.7
Construction,Material Loading,5,4,45.0,1.3,Cloudy,Day,8.5,72.6
Mining,Drilling,4,9,40.4,2.57,Cloudy,Day,-3.1,151.0
Oil & Gas,Well Drilling,5,5,8.4,3.95,Rainy,Night,26.1,530.8
Mining,Hauling Ore,4,7,33.7,11.54,Rainy,Night,9.7,130.4
Construction,Material Loading,10,6,51.5,3.55,Cloudy,Day,24.5,124.7
Oil & Gas,Well Drilling,7,7,63.5,4.29,Sunny,Night,21.0,488.6
Oil & Gas,Gas Compression Service,6,9,73.5,3.55,Sunny,Night,32.0,217.4
Marine & Rail,Rail Network Inspection,7,7,35.1,5.56,Foggy,Day,15.4,242.0
Data Center Power,Emergency Power Deployment,10,8,37.0,3.06,Sunny,Night,23.2,146.7
Construction,Foundation Work,8,6,35.7,6.39,Rainy,Day,22.4,381.1
Mining,Aggregate Collection,6,8,50.0,4.93,Sunny,Day,9.3,76.1
Mining,Drilling,7,6,22.2,4.31,Sunny,Night,-1.7,254.6
Mining,Surface Excavation,5,9,52.3,15.74,Rainy,Night,26.2,225.8
Construction,Demolition,8,6,77.5,4.69,Sunny,Night,24.6,348.0
Oil & Gas,Gas Compression Service,1,7,29.3,8.59,Cloudy,Night,31.0,177.8
Mining,Surface Excavation,2,7,29.7,8.92,Rainy,Day,10.5,155.4
Data Center Power,Cooling System Inspection,2,8,7.2,4.72,Sunny,Night,21.3,50.7
Mining,Aggregate Collection,2,9,20.1,3.22,Sunny,Night,8.7,51.6
Mining,Surface Excavation,6,9,31.0,5.24,Sunny,Day,19.6,159.4
Data Center Power,Backup Generator Testing,6,9,46.5,4.79,Sunny,Day,19.3,73.7
Mining,Drilling,7,9,43.5,4.02,Cloudy,Night,28.2,250.9
Construction,Excavation,5,6,27.4,4.99,Foggy,Night,12.4,207.9
Oil & Gas,Gas Compression Service,4,5,24.9,11.26,Sunny,Day,21.0,228.3
Mining,Surface Excavation,2,8,20.1,3.35,Sunny,Day,27.8,130.1
Oil & Gas,Pipeline Pumping,6,8,18.8,7.6,Sunny,Day,-6.9,141.4
Oil & Gas,Pipeline Pumping,5,6,28.3,5.87,Rainy,Day,22.1,178.1
Oil & Gas,Pipeline Pumping,4,7,45.5,6.65,Rainy,Day,34.5,180.7
Data Center Power,Cooling System Inspection,5,7,40.2,5.93,Foggy,Night,19.2,75.4
Construction,Excavation,5,9,40.8,3.84,Rainy,Day,27.2,185.7
Oil & Gas,Gas Compression Service,9,6,24.0,6.45,Sunny,Night,27.3,329.6
Mining,Surface Excavation,10,8,12.8,2.32,Sunny,Night,13.6,220.2
Marine & Rail,Tugboat Engine Service,10,9,46.9,16.38,Rainy,Day,24.5,284.9
Oil & Gas,Well Servicing,7,8,76.2,3.84,Cloudy,Day,33.6,332.4
Mining,Hauling Ore,10,6,58.7,3.28,Sunny,Night,42.0,248.6
Oil & Gas,Gas Compression Service,7,9,52.8,3.29,Sunny,Night,48.0,240.6
Mining,Drilling,7,8,14.2,14.39,Cloudy,Day,22.6,263.6
Marine & Rail,Freight Operations,7,7,60.6,5.1,Cloudy,Day,15.1,277.9
Marine & Rail,Tugboat Engine Service,4,6,32.0,12.33,Foggy,Day,18.0,242.1
Mining,Aggregate Collection,4,8,31.5,14.33,Sunny,Day,25.1,71.1
Oil & Gas,Well Drilling,8,7,15.5,5.88,Sunny,Day,48.0,511.3
Data Center Power,Generator Maintenance,2,10,33.4,9.11,Cloudy,Day,28.2,74.0
Construction,Foundation Work,5,6,7.3,3.34,Cloudy,Day,21.5,235.8
Data Center Power,Backup Generator Testing,4,7,21.6,4.5,Cloudy,Day,22.8,66.2
Data Center Power,Backup Generator Testing,7,9,70.0,10.32,Rainy,Day,16.0,91.5
Oil & Gas,Well Servicing,5,9,20.8,2.26,Sunny,Day,16.6,187.2
Construction,Material Loading,5,8,45.4,7.23,Sunny,Day,3.8,64.3
Mining,Hauling Ore,5,9,55.1,9.04,Sunny,Day,28.8,124.9
Marine & Rail,Locomotive Maintenance,5,8,41.6,3.34,Sunny,Day,11.0,203.0
Oil & Gas,Well Servicing,4,7,21.3,13.31,Sunny,Night,23.2,289.8
Construction,Site Preparation,6,8,26.9,7.1,Sunny,Night,29.3,195.7
Data Center Power,Backup Generator Testing,4,9,71.9,0.54,Sunny,Day,23.1,63.0
Construction,Road Building,4,9,8.8,13.65,Rainy,Day,6.7,219.9
Oil & Gas,Gas Compression Service,8,9,42.9,10.87,Sunny,Day,24.8,239.7
Construction,Site Preparation,5,8,62.1,9.14,Cloudy,Day,10.5,168.6
Mining,Hauling Ore,5,8,31.3,6.57,Sunny,Night,21.2,118.5
Mining,Surface Excavation,2,9,27.7,12.83,Sunny,Day,17.6,125.9
Construction,Site Preparation,5,9,27.0,6.27,Sunny,Day,11.4,141.8
Construction,Foundation Work,3,8,41.8,7.04,Rainy,Day,6.1,194.4
Construction,Demolition,5,9,67.3,5.36,Sunny,Day,10.7,156.0
Marine & Rail,Rail Network Inspection,4,7,14.9,9.42,Cloudy,Day,25.2,163.6
Data Center Power,Backup Generator Testing,3,7,52.3,10.83,Sunny,Day,23.7,65.9
Data Center Power,Backup Generator Testing,1,9,82.0,6.52,Cloudy,Day,21.5,52.8
Marine & Rail,Rail Network Inspection,3,8,40.0,4.07,Cloudy,Day,8.3,133.2
Data Center Power,Backup Generator Testing,9,7,42.2,5.65,Cloudy,Day,21.6,104.2
Construction,Site Preparation,5,9,42.3,4.86,Sunny,Day,13.6,140.1
Construction,Material Loading,6,9,36.4,5.15,Sunny,Day,18.6,67.9
Oil & Gas,Gas Compression Service,4,9,55.2,7.29,Sunny,Night,-5.9,151.6
Mining,Drilling,6,7,62.3,9.27,Rainy,Day,12.3,292.5
Mining,Aggregate Collection,4,6,21.5,8.02,Sunny,Day,11.4,66.6
Construction,Foundation Work,3,9,21.3,7.94,Rainy,Day,30.4,198.7
Data Center Power,Backup Generator Testing,3,6,27.1,1.95,Sunny,Night,19.6,69.2
Mining,Aggregate Collection,7,7,22.8,7.11,Cloudy,Day,23.0,91.1
Oil & Gas,Gas Compression Service,4,9,43.9,1.67,Cloudy,Day,27.5,155.4
Data Center Power,Cooling System Inspection,3,9,50.3,4.66,Cloudy,Night,20.4,58.4
Mining,Drilling,10,6,53.6,6.39,Cloudy,Day,39.7,488.3
Data Center Power,Emergency Power Deployment,5,9,5.0,7.34,Sunny,Day,21.4,80.6
Marine & Rail,Rail Network Inspection,7,7,44.1,9.31,Cloudy,Day,3.6,190.5
Oil & Gas,Gas Compression Service,4,6,42.6,7.02,Sunny,Night,26.7,240.5
Marine & Rail,Rail Network Inspection,4,6,26.3,2.51,Rainy,Day,23.5,196.1
Marine & Rail,Locomotive Maintenance,10,7,57.0,6.53,Rainy,Day,-10.0,362.8
Marine & Rail,Rail Network Inspection,4,7,33.9,8.82,Sunny,Day,9.6,149.7
Marine & Rail,Rail Network Inspection,5,6,26.4,3.8,Rainy,Day,14.0,196.1
Oil & Gas,Gas Compression Service,6,7,25.0,1.28,Foggy,Day,35.4,231.9
Marine & Rail,Freight Operations,3,6,45.7,8.09,Sunny,Day,-4.5,189.8
Marine & Rail,Rail Network Inspection,3,7,60.9,9.23,Foggy,Night,25.9,222.8
Data Center Power,Emergency Power Deployment,10,7,17.8,3.16,Sunny,Day,21.1,131.6
Construction,Road Building,9,6,47.2,12.96,Sunny,Night,17.6,483.2
Marine & Rail,Rail Network Inspection,8,7,20.6,8.72,Cloudy,Day,18.2,216.8
Oil & Gas,Pipeline Pumping,4,8,31.6,8.83,Cloudy,Day,20.8,155.8
Marine & Rail,Tugboat Engine Service,6,4,11.0,4.41,Rainy,Night,7.4,237.7
Data Center Power,Backup Generator Testing,6,9,24.0,1.82,Cloudy,Night,19.7,73.6
Data Center Power,Cooling System Inspection,4,9,22.8,5.46,Sunny,Night,19.1,59.7
Construction,Road Building,4,5,8.6,12.55,Sunny,Night,23.5,331.7
Construction,Excavation,2,9,40.4,14.71,Cloudy,Day,11.5,133.2
Marine & Rail,Rail Network Inspection,4,7,35.8,8.43,Cloudy,Day,38.0,198.7
Oil & Gas,Pipeline Pumping,8,7,24.1,3.87,Cloudy,Day,23.1,202.6
Construction,Road Building,5,7,48.5,2.58,Sunny,Day,29.7,277.5
Construction,Demolition,4,6,17.4,5.68,Sunny,Day,10.3,184.7
Construction,Road Building,8,9,17.7,11.2,Cloudy,Day,0.2,259.4
Mining,Surface Excavation,8,9,19.3,0.91,Foggy,Day,-1.9,154.4
Oil & Gas,Pipeline Pumping,4,7,19.0,8.92,Sunny,Day,43.2,172.2
Mining,Hauling Ore,5,9,32.2,9.13,Sunny,Night,25.5,125.6
Construction,Road Building,6,7,22.3,3.51,Sunny,Night,11.8,273.7
Construction,Road Building,4,5,4.9,3.06,Sunny,Day,22.4,262.0
Mining,Drilling,1,7,54.7,5.11,Sunny,Day,32.4,181.9
Marine & Rail,Tugboat Engine Service,8,7,30.4,7.82,Sunny,Day,6.8,209.9
Data Center Power,Emergency Power Deployment,8,6,29.1,6.08,Cloudy,Night,25.4,159.4
Mining,Surface Excavation,7,5,43.4,9.14,Rainy,Night,34.5,374.6
Oil & Gas,Well Servicing,3,8,30.5,9.27,Cloudy,Day,5.8,191.5
Oil & Gas,Well Servicing,10,10,73.5,1.17,Cloudy,Night,39.8,399.5
Data Center Power,Cooling System Inspection,4,9,42.9,5.14,Sunny,Day,18.9,57.2
Mining,Drilling,10,9,9.5,5.88,Rainy,Day,6.5,251.5
Mining,Hauling Ore,6,7,8.5,5.38,Cloudy,Day,15.3,112.6
Mining,Aggregate Collection,5,7,40.5,6.63,Sunny,Day,-1.7,68.0
Data Center Power,Cooling System Inspection,6,9,59.4,6.06,Cloudy,Day,22.5,74.3
Marine & Rail,Rail Network Inspection,5,10,6.8,3.33,Sunny,Night,13.2,143.0
Mining,Hauling Ore,3,7,18.2,9.79,Sunny,Night,0.7,97.4
Mining,Surface Excavation,3,5,42.7,5.18,Rainy,Day,24.7,217.6
Marine & Rail,Tugboat Engine Service,4,6,24.7,7.73,Rainy,Day,30.4,211.8
Oil & Gas,Well Drilling,3,7,39.1,13.65,Cloudy,Day,40.0,427.4
Data Center Power,Cooling System Inspection,5,8,42.9,1.63,Sunny,Night,19.9,68.7
Construction,Foundation Work,7,5,56.5,7.28,Rainy,Day,22.3,407.2
Data Center Power,Emergency Power Deployment,7,7,60.8,5.78,Cloudy,Day,23.1,133.2
Data Center Power,Cooling System Inspection,8,8,34.3,3.66,Sunny,Day,23.0,83.1
Mining,Aggregate Collection,6,9,35.2,12.73,Sunny,Day,14.8,75.4
Data Center Power,Generator Maintenance,2,8,17.4,0.16,Sunny,Day,20.9,72.5
Mining,Surface Excavation,6,9,11.7,5.07,Cloudy,Day,11.6,146.4
Data Center Power,Cooling System Inspection,2,7,20.3,7.61,Rainy,Day,25.9,53.8
Oil & Gas,Well Drilling,7,8,13.2,13.44,Sunny,Day,29.6,451.9
Oil & Gas,Well Servicing,1,8,38.8,1.29,Sunny,Day,7.3,141.3
Construction,Excavation,1,5,36.3,4.3,Rainy,Day,24.4,185.6
Construction,Excavation,10,8,78.1,2.75,Sunny,Night,24.5,325.1
Construction,Foundation Work,6,6,37.5,8.66,Rainy,Day,40.0,372.0
Mining,Hauling Ore,10,8,14.3,2.68,Sunny,Day,41.7,166.4
Marine & Rail,Rail Network Inspection,5,8,32.7,5.89,Sunny,Day,27.0,172.6
Construction,Foundation Work,5,8,20.0,5.22,Rainy,Night,17.7,244.8
Mining,Aggregate Collection,4,7,39.6,2.32,Sunny,Day,11.9,63.2
Data Center Power,Backup Generator Testing,7,7,82.6,4.19,Sunny,Day,23.4,94.3
Marine & Rail,Tugboat Engine Service,6,6,21.0,0.89,Cloudy,Night,13.5,194.9
Mining,Surface Excavation,3,6,13.4,5.67,Sunny,Night,19.8,176.5
Oil & Gas,Gas Compression Service,4,8,36.3,6.1,Cloudy,Day,27.9,181.4
Data Center Power,Cooling System Inspection,8,8,86.5,4.63,Sunny,Day,25.5,99.7
Construction,Excavation,5,7,57.7,5.46,Sunny,Day,29.5,210.0
Data Center Power,Backup Generator Testing,6,5,23.2,5.77,Cloudy,Night,23.8,93.4
Marine & Rail,Locomotive Maintenance,5,9,41.6,5.86,Rainy,Day,22.7,209.3
Marine & Rail,Locomotive Maintenance,10,6,41.5,4.53,Sunny,Day,29.4,449.3
Marine & Rail,Locomotive Maintenance,5,9,46.4,8.2,Foggy,Day,13.5,211.3
Mining,Drilling,6,6,61.6,5.81,Sunny,Day,17.3,276.5
Oil & Gas,Gas Compression Service,8,8,19.1,11.48,Sunny,Day,35.5,261.6
Marine & Rail,Tugboat Engine Service,3,8,14.3,11.0,Cloudy,Day,10.7,138.1
Marine & Rail,Locomotive Maintenance,6,9,36.6,10.34,Cloudy,Night,17.3,241.7
Marine & Rail,Tugboat Engine Service,9,8,82.8,7.88,Sunny,Day,12.2,266.3
Oil & Gas,Pipeline Pumping,4,8,18.4,7.95,Sunny,Day,31.5,157.4
Oil & Gas,Gas Compression Service,4,9,60.1,16.92,Cloudy,Day,38.5,217.6
Marine & Rail,Rail Network Inspection,5,8,45.5,10.54,Cloudy,Night,13.7,182.3
Marine & Rail,Locomotive Maintenance,4,9,33.6,0.96,Sunny,Night,31.3,199.6
Construction,Foundation Work,7,7,39.2,5.77,Rainy,Day,22.3,330.3
Data Center Power,Cooling System Inspection,4,6,84.9,4.24,Rainy,Night,21.7,79.5
Marine & Rail,Locomotive Maintenance,8,5,10.7,13.83,Sunny,Night,6.2,356.1
Oil & Gas,Pipeline Pumping,7,8,50.5,10.0,Sunny,Day,27.4,208.3
Marine & Rail,Rail Network Inspection,7,7,19.3,11.37,Cloudy,Day,27.2,221.7
Construction,Excavation,10,9,33.9,3.23,Sunny,Day,11.2,200.5
Construction,Foundation Work,8,3,35.7,9.25,Sunny,Day,14.1,395.7
Construction,Excavation,1,10,22.4,8.8,Sunny,Day,20.3,99.4
Mining,Surface Excavation,8,10,53.9,6.13,Rainy,Day,7.0,186.7
Construction,Material Loading,8,8,43.5,6.23,Cloudy,Day,18.6,89.6
Construction,Site Preparation,2,7,42.6,0.95,Sunny,Day,23.0,124.6
Data Center Power,Emergency Power Deployment,6,7,61.5,4.4,Sunny,Night,23.3,125.6
Oil & Gas,Gas Compression Service,6,7,30.5,2.48,Cloudy,Day,14.4,196.4
Data Center Power,Emergency Power Deployment,9,8,63.8,3.65,Cloudy,Day,19.2,139.0
Marine & Rail,Rail Network Inspection,5,7,50.9,8.61,Sunny,Night,17.2,193.6
Construction,Foundation Work,8,9,49.3,2.74,Sunny,Day,26.4,258.9
Marine & Rail,Locomotive Maintenance,5,7,28.8,9.86,Foggy,Night,17.1,272.2
Construction,Road Building,7,8,17.0,7.13,Sunny,Day,12.8,262.0
Oil & Gas,Pipeline Pumping,6,7,47.2,5.32,Sunny,Day,27.6,186.6
Construction,Foundation Work,5,7,8.5,5.71,Rainy,Day,24.7,260.8
Data Center Power,Emergency Power Deployment,7,8,9.6,2.93,Sunny,Night,19.5,105.1
Oil & Gas,Pipeline Pumping,4,6,35.5,11.81,Sunny,Night,28.4,193.4
Marine & Rail,Tugboat Engine Service,4,8,37.4,8.6,Sunny,Night,14.1,166.1
Mining,Hauling Ore,7,8,59.0,5.81,Sunny,Day,17.6,132.4
Construction,Excavation,6,9,20.1,15.61,Cloudy,Day,35.5,207.7
Construction,Excavation,6,7,27.7,8.33,Sunny,Day,14.1,196.7
Mining,Surface Excavation,3,5,50.3,10.23,Sunny,Day,11.3,185.9
Construction,Material Loading,4,7,12.6,0.77,Foggy,Day,16.4,57.6
Construction,Foundation Work,6,9,64.1,4.05,Sunny,Night,18.4,223.7
Data Center Power,Generator Maintenance,1,5,58.1,0.87,Sunny,Day,20.3,94.3
Construction,Road Building,6,6,50.3,4.71,Sunny,Day,30.6,339.4
Marine & Rail,Freight Operations,4,9,38.4,5.4,Cloudy,Night,2.6,185.2
Marine & Rail,Freight Operations,6,7,52.7,11.65,Sunny,Day,18.5,262.0
Construction,Material Loading,5,7,63.3,3.49,Cloudy,Night,6.4,72.2
Data Center Power,Generator Maintenance,4,5,28.9,6.48,Cloudy,Day,23.2,125.1
Construction,Excavation,6,7,60.0,13.66,Rainy,Day,13.5,256.3
Mining,Surface Excavation,5,8,17.4,8.69,Cloudy,Day,25.8,177.0
Marine & Rail,Rail Network Inspection,3,5,32.5,5.89,Sunny,Day,19.0,160.3
Mining,Hauling Ore,4,8,21.6,3.58,Sunny,Day,31.5,107.4
Construction,Road Building,9,8,21.9,12.64,Cloudy,Day,13.3,347.5
Data Center Power,Cooling System Inspection,4,7,31.4,2.79,Foggy,Night,25.1,71.6
Marine & Rail,Rail Network Inspection,6,5,25.8,7.57,Sunny,Day,-8.0,175.9
Data Center Power,Emergency Power Deployment,7,6,22.0,3.07,Sunny,Night,22.3,125.0
Construction,Excavation,2,4,68.4,7.54,Cloudy,Day,3.4,187.9
Construction,Excavation,9,7,55.1,7.22,Cloudy,Day,13.1,270.6
Marine & Rail,Tugboat Engine Service,8,9,33.3,5.42,Sunny,Day,13.0,178.7
Construction,Site Preparation,5,8,12.6,7.59,Foggy,Day,19.9,166.5
Marine & Rail,Freight Operations,5,9,67.0,5.84,Cloudy,Day,22.2,226.7
Mining,Surface Excavation,2,8,7.8,3.36,Rainy,Day,10.4,127.3
Construction,Excavation,9,9,6.3,3.35,Sunny,Night,16.1,193.1
Marine & Rail,Tugboat Engine Service,4,9,72.0,0.62,Rainy,Day,20.3,142.3
Oil & Gas,Well Servicing,6,7,19.5,3.95,Sunny,Night,14.6,268.6
Marine & Rail,Tugboat Engine Service,10,7,47.4,2.01,Foggy,Day,13.2,321.9
Oil & Gas,Well Servicing,7,8,10.4,5.68,Sunny,Day,27.3,268.7
Mining,Surface Excavation,8,8,12.2,3.59,Cloudy,Night,14.7,200.3
Data Center Power,Emergency Power Deployment,4,7,36.7,0.53,Cloudy,Night,16.3,96.0
Oil & Gas,Pipeline Pumping,1,7,57.1,10.49,Rainy,Night,4.3,127.3
Oil & Gas,Gas Compression Service,1,7,24.2,7.14,Cloudy,Day,18.8,143.0
Oil & Gas,Well Servicing,4,7,44.0,8.33,Cloudy,Night,47.2,310.7
Construction,Excavation,4,7,25.2,7.03,Sunny,Night,14.5,182.5
Oil & Gas,Well Drilling,9,4,45.2,9.08,Sunny,Day,35.4,799.6
Mining,Drilling,9,7,9.8,15.75,Foggy,Day,3.9,309.3
Data Center Power,Backup Generator Testing,6,5,24.3,3.92,Cloudy,Day,18.7,83.8
Construction,Material Loading,2,9,27.3,14.26,Cloudy,Day,17.4,55.5
Mining,Aggregate Collection,2,9,41.2,5.79,Sunny,Day,14.3,51.5
Mining,Hauling Ore,7,7,89.8,3.28,Rainy,Day,16.5,163.2
Marine & Rail,Freight Operations,5,7,37.5,7.61,Sunny,Night,12.4,233.7
Construction,Road Building,1,7,34.8,2.84,Sunny,Day,-0.1,163.6
Marine & Rail,Tugboat Engine Service,3,10,3.3,5.83,Sunny,Night,25.6,123.5
Marine & Rail,Tugboat Engine Service,9,8,55.5,10.4,Sunny,Day,-3.9,238.1
Construction,Road Building,6,5,38.9,7.7,Sunny,Night,19.0,376.1
Oil & Gas,Well Servicing,5,7,23.8,9.02,Rainy,Day,48.0,359.5
Data Center Power,Generator Maintenance,7,9,13.7,12.16,Cloudy,Night,18.2,120.2
Construction,Road Building,3,8,60.8,5.33,Cloudy,Day,17.7,221.1
Mining,Drilling,7,8,60.1,1.73,Sunny,Day,16.2,241.4
Construction,Excavation,7,7,25.5,12.58,Sunny,Night,32.5,281.4
Construction,Excavation,6,9,29.7,9.49,Sunny,Night,3.6,171.3
Oil & Gas,Well Servicing,5,5,42.0,7.18,Sunny,Night,13.0,319.5
Data Center Power,Emergency Power Deployment,4,7,37.3,5.81,Cloudy,Night,21.5,103.7
Mining,Aggregate Collection,4,10,81.5,7.12,Rainy,Day,29.6,81.6
Marine & Rail,Rail Network Inspection,8,7,14.7,8.19,Sunny,Night,21.0,224.8
Marine & Rail,Tugboat Engine Service,2,5,16.8,2.15,Cloudy,Day,4.0,140.8
Mining,Surface Excavation,5,9,9.0,1.28,Cloudy,Day,14.0,129.5
Mining,Aggregate Collection,8,9,18.0,8.41,Rainy,Night,41.2,122.9
Construction,Site Preparation,4,8,12.4,5.24,Rainy,Day,21.3,159.9
Data Center Power,Emergency Power Deployment,2,8,37.4,8.86,Sunny,Day,21.1,80.7
Mining,Surface Excavation,5,9,82.8,6.13,Sunny,Day,25.7,173.5
Mining,Surface Excavation,5,9,80.2,2.11,Rainy,Day,18.9,172.3
Marine & Rail,Tugboat Engine Service,6,8,37.7,12.46,Rainy,Day,-1.4,178.7
Marine & Rail,Tugboat Engine Service,6,6,12.7,9.85,Sunny,Day,22.0,216.5
Construction,Road Building,4,8,15.6,9.12,Sunny,Day,18.8,224.2
Construction,Foundation Work,7,5,10.3,2.54,Sunny,Day,35.1,328.5
Data Center Power,Cooling System Inspection,6,8,29.3,3.26,Rainy,Day,19.4,70.8
Mining,Drilling,8,6,20.9,6.32,Sunny,Day,31.7,333.7
Oil & Gas,Gas Compression Service,7,4,23.3,6.33,Sunny,Day,29.7,307.4
Mining,Aggregate Collection,4,8,25.9,3.22,Sunny,Day,20.6,65.5
Marine & Rail,Locomotive Maintenance,8,9,34.3,6.58,Sunny,Day,20.3,256.9
Mining,Surface Excavation,1,7,33.9,10.15,Sunny,Night,25.5,159.2
Mining,Surface Excavation,4,4,34.1,17.17,Rainy,Night,4.6,272.6
Oil & Gas,Well Servicing,5,5,29.1,5.79,Rainy,Night,11.4,335.6
Data Center Power,Generator Maintenance,7,6,38.1,2.25,Sunny,Night,18.2,146.8
Mining,Drilling,4,9,10.0,6.88,Sunny,Day,3.2,149.8
Construction,Foundation Work,4,8,37.3,3.15,Rainy,Day,20.7,221.1
Oil & Gas,Well Servicing,3,5,12.6,12.37,Rainy,Day,18.3,315.0
Marine & Rail,Tugboat Engine Service,3,6,13.0,7.83,Rainy,Day,8.0,159.8
Construction,Site Preparation,8,10,52.5,1.76,Cloudy,Night,22.9,205.4
Construction,Foundation Work,7,6,45.9,7.07,Foggy,Night,33.4,397.9
Construction,Foundation Work,3,7,19.1,11.78,Rainy,Day,18.0,235.5
Marine & Rail,Freight Operations,6,6,29.5,8.74,Sunny,Day,15.8,265.0
Data Center Power,Emergency Power Deployment,9,8,52.5,8.11,Cloudy,Day,15.2,144.7
Oil & Gas,Well Drilling,10,9,47.7,2.39,Sunny,Day,3.0,402.9
Construction,Site Preparation,2,9,56.9,6.86,Sunny,Night,7.7,125.8
Mining,Drilling,6,8,25.9,10.17,Sunny,Day,24.5,241.6
Oil & Gas,Well Servicing,3,5,17.7,3.18,Cloudy,Day,41.2,284.7
Marine & Rail,Tugboat Engine Service,6,8,20.5,3.46,Sunny,Day,5.7,153.6
Construction,Excavation,2,8,47.0,7.72,Cloudy,Day,26.3,157.4
Mining,Aggregate Collection,5,6,34.2,8.71,Cloudy,Day,32.3,92.3
Oil & Gas,Well Servicing,7,9,15.5,0.47,Sunny,Day,37.4,256.9
Construction,Excavation,4,6,1.4,1.74,Sunny,Day,16.9,162.5
Oil & Gas,Well Drilling,3,9,32.6,8.04,Rainy,Day,-3.1,262.9
Marine & Rail,Tugboat Engine Service,9,8,6.5,9.68,Sunny,Night,1.1,206.1
Data Center Power,Cooling System Inspection,9,6,38.7,3.0,Sunny,Night,24.0,104.2
Marine & Rail,Locomotive Maintenance,4,6,16.4,10.86,Cloudy,Night,27.1,283.7
Construction,Material Loading,6,4,22.6,4.53,Sunny,Day,16.6,76.0
Construction,Foundation Work,6,10,54.8,2.25,Sunny,Day,30.0,203.9
Mining,Surface Excavation,2,6,36.4,10.58,Cloudy,Day,17.3,162.7
Mining,Surface Excavation,8,7,66.7,9.89,Sunny,Day,8.1,246.1
Data Center Power,Cooling System Inspection,5,9,39.7,7.98,Sunny,Day,15.3,61.3
Data Center Power,Generator Maintenance,3,7,54.2,7.65,Sunny,Day,20.8,103.3
Oil & Gas,Gas Compression Service,5,10,9.3,2.58,Cloudy,Day,6.3,119.1
Marine & Rail,Rail Network Inspection,4,7,52.0,7.18,Sunny,Day,22.7,167.8
Oil & Gas,Well Servicing,10,7,31.5,6.31,Sunny,Night,36.6,471.8
Oil & Gas,Well Drilling,1,8,62.0,7.15,Sunny,Night,24.8,289.1
Mining,Hauling Ore,3,7,7.7,10.86,Cloudy,Day,8.3,95.0
Mining,Drilling,2,6,34.4,7.27,Sunny,Night,32.6,241.4
Mining,Drilling,7,9,19.0,2.88,Cloudy,Day,17.4,205.9
Construction,Material Loading,5,8,30.8,14.1,Rainy,Day,-5.0,77.5
Mining,Hauling Ore,8,9,24.9,6.81,Rainy,Day,28.2,162.2
Data Center Power,Generator Maintenance,7,8,58.9,1.01,Cloudy,Day,25.7,123.9
Mining,Surface Excavation,2,9,21.1,3.59,Sunny,Day,22.7,115.2
Marine & Rail,Tugboat Engine Service,5,9,32.0,6.23,Sunny,Day,13.0,144.0
Data Center Power,Emergency Power Deployment,5,7,32.0,9.2,Cloudy,Night,21.2,115.1
Mining,Hauling Ore,5,8,47.0,5.84,Cloudy,Day,34.8,124.8
Construction,Site Preparation,1,8,35.5,11.38,Cloudy,Day,22.5,127.2
Construction,Site Preparation,6,9,10.0,9.17,Rainy,Day,32.5,203.2
Data Center Power,Generator Maintenance,7,9,51.0,5.77,Sunny,Night,23.4,125.5
Marine & Rail,Rail Network Inspection,3,7,35.9,6.95,Sunny,Night,27.8,175.7
Construction,Material Loading,5,7,57.3,6.74,Rainy,Night,28.6,99.1
Mining,Hauling Ore,6,8,19.4,9.01,Rainy,Day,15.5,132.7
Data Center Power,Backup Generator Testing,4,5,23.7,8.73,Rainy,Night,23.8,80.5
Oil & Gas,Pipeline Pumping,5,6,44.9,5.91,Cloudy,Day,37.7,197.1
Construction,Road Building,4,7,34.1,7.86,Cloudy,Day,12.3,241.4
Construction,Road Building,4,6,10.9,2.53,Foggy,Day,26.2,269.3
Construction,Road Building,5,7,38.1,6.28,Sunny,Day,32.8,294.5
Construction,Foundation Work,7,8,31.8,4.53,Cloudy,Day,29.5,273.1
Construction,Material Loading,7,5,54.6,2.08,Sunny,Night,20.6,96.9
Mining,Aggregate Collection,4,7,93.5,10.19,Sunny,Day,27.6,84.7
Marine & Rail,Tugboat Engine Service,5,4,42.1,4.6,Sunny,Day,8.8,205.9
Marine & Rail,Locomotive Maintenance,6,9,58.2,6.28,Rainy,Day,28.4,242.0
Oil & Gas,Well Drilling,4,9,37.0,3.2,Sunny,Day,28.7,290.6
Data Center Power,Backup Generator Testing,10,8,18.5,10.75,Sunny,Day,21.9,98.3
Oil & Gas,Well Drilling,9,8,14.6,6.98,Sunny,Night,18.9,467.1
Mining,Surface Excavation,6,9,46.1,4.65,Sunny,Day,5.6,141.0
Data Center Power,Cooling System Inspection,4,8,26.0,1.09,Sunny,Night,21.5,61.9
Marine & Rail,Tugboat Engine Service,7,7,57.7,5.24,Rainy,Night,21.8,255.9
Construction,Demolition,6,6,20.1,4.65,Rainy,Day,26.2,268.7
Mining,Surface Excavation,7,5,61.3,10.34,Rainy,Day,8.8,310.6
Marine & Rail,Tugboat Engine Service,4,8,21.6,9.39,Rainy,Night,24.5,181.1
Data Center Power,Cooling System Inspection,3,7,35.1,5.28,Sunny,Night,19.6,61.7
Oil & Gas,Well Drilling,2,9,48.9,8.7,Sunny,Day,37.8,306.5
Data Center Power,Emergency Power Deployment,10,6,55.9,11.33,Rainy,Day,20.7,195.4
Oil & Gas,Well Drilling,6,8,25.3,5.79,Sunny,Day,34.7,403.3
Oil & Gas,Pipeline Pumping,8,10,23.8,4.98,Cloudy,Night,20.1,189.6
Mining,Drilling,4,8,50.6,6.01,Cloudy,Night,12.1,202.7
Oil & Gas,Pipeline Pumping,8,7,33.8,10.99,Sunny,Day,30.5,238.7
Oil & Gas,Well Servicing,7,6,29.8,9.0,Sunny,Day,30.3,372.9
Marine & Rail,Tugboat Engine Service,4,10,47.1,13.63,Rainy,Day,27.2,158.6
Marine & Rail,Freight Operations,6,8,30.4,10.56,Sunny,Day,19.4,239.4
Mining,Drilling,4,8,69.1,2.82,Sunny,Night,4.0,186.3
Data Center Power,Generator Maintenance,7,7,54.0,10.48,Sunny,Day,21.6,153.4
Data Center Power,Emergency Power Deployment,7,3,22.1,3.18,Sunny,Night,19.7,164.4
Oil & Gas,Gas Compression Service,5,5,52.1,9.65,Sunny,Day,20.0,257.2
Construction,Excavation,3,8,27.0,4.45,Sunny,Day,27.2,149.6
Marine & Rail,Rail Network Inspection,5,10,16.6,8.49,Sunny,Night,36.9,189.0
Oil & Gas,Well Servicing,3,9,24.6,7.65,Sunny,Day,25.2,193.3
Marine & Rail,Tugboat Engine Service,5,7,45.4,9.3,Cloudy,Night,2.7,183.3
Mining,Surface Excavation,3,8,35.1,12.23,Sunny,Night,15.5,159.0
Mining,Aggregate Collection,4,7,45.0,2.6,Sunny,Day,23.0,69.7
Mining,Hauling Ore,8,6,53.2,4.53,Sunny,Day,18.4,156.0
Data Center Power,Emergency Power Deployment,3,8,51.7,0.66,Cloudy,Day,17.8,75.9
Oil & Gas,Pipeline Pumping,6,9,46.1,10.56,Rainy,Night,26.5,203.6
Construction,Foundation Work,5,7,18.6,13.04,Cloudy,Day,9.3,218.1
Construction,Site Preparation,1,5,22.0,3.68,Sunny,Day,34.3,131.2
Marine & Rail,Rail Network Inspection,5,8,49.5,7.41,Sunny,Night,17.6,183.6
Construction,Road Building,10,5,31.3,15.03,Sunny,Day,21.9,506.6
Marine & Rail,Rail Network Inspection,2,7,54.6,3.23,Cloudy,Day,7.8,130.9
Mining,Drilling,3,9,7.8,6.63,Rainy,Day,42.0,214.4
Construction,Excavation,5,10,40.5,5.75,Cloudy,Day,24.6,148.6
Oil & Gas,Pipeline Pumping,6,4,61.4,3.43,Sunny,Day,29.1,212.9
Construction,Excavation,4,7,22.0,5.48,Cloudy,Night,14.7,179.2
Construction,Material Loading,5,7,33.2,6.1,Rainy,Day,23.7,85.5
Construction,Material Loading,7,5,58.1,8.32,Rainy,Night,40.0,140.7
Oil & Gas,Well Servicing,9,9,42.4,5.03,Sunny,Day,48.0,344.1
Oil & Gas,Gas Compression Service,7,5,61.0,5.63,Sunny,Day,27.6,315.0
Mining,Drilling,8,8,12.0,9.7,Sunny,Night,23.4,284.1
Oil & Gas,Pipeline Pumping,5,9,42.7,4.92,Sunny,Day,34.3,167.0
Mining,Surface Excavation,4,6,20.8,3.42,Cloudy,Day,41.7,207.3
Data Center Power,Emergency Power Deployment,4,9,36.9,10.32,Rainy,Day,27.1,86.1
Mining,Drilling,6,9,34.3,6.35,Rainy,Day,1.3,205.0
Construction,Foundation Work,10,3,22.1,3.24,Sunny,Day,8.5,392.6
Marine & Rail,Freight Operations,7,7,38.0,9.33,Sunny,Day,34.5,311.4
Construction,Road Building,7,9,56.5,8.4,Sunny,Day,18.4,281.0
Marine & Rail,Tugboat Engine Service,6,8,31.6,8.63,Sunny,Night,24.4,213.6
Construction,Demolition,9,8,39.0,3.95,Sunny,Day,13.9,232.6
Data Center Power,Cooling System Inspection,4,6,39.8,3.37,Sunny,Day,16.6,62.6
Mining,Aggregate Collection,7,8,23.2,9.36,Foggy,Day,9.0,79.0
Construction,Road Building,7,9,3.5,4.78,Cloudy,Day,2.8,211.0
Construction,Excavation,4,9,37.2,7.33,Cloudy,Day,14.1,146.0
Mining,Aggregate Collection,10,7,38.2,9.24,Foggy,Day,7.5,112.5
Construction,Material Loading,5,6,26.4,10.87,Cloudy,Day,25.3,78.7
Construction,Demolition,7,6,63.9,10.65,Cloudy,Day,21.6,306.6
Construction,Excavation,5,8,25.4,6.87,Cloudy,Day,21.3,171.0
Data Center Power,Cooling System Inspection,3,10,71.0,6.31,Cloudy,Day,18.9,54.0
Data Center Power,Generator Maintenance,2,7,7.8,1.55,Cloudy,Night,25.5,88.3
Data Center Power,Generator Maintenance,5,7,60.4,4.08,Cloudy,Day,22.7,117.7
Data Center Power,Generator Maintenance,4,9,10.3,4.68,Sunny,Day,17.1,77.1
Data Center Power,Cooling System Inspection,9,8,19.7,2.68,Sunny,Night,20.3,88.0
Mining,Drilling,6,4,5.1,4.52,Sunny,Day,42.0,342.1
Oil & Gas,Well Servicing,6,6,42.0,4.8,Cloudy,Night,27.8,357.4
Mining,Aggregate Collection,7,5,7.5,12.98,Rainy,Day,-10.0,93.8
Marine & Rail,Locomotive Maintenance,10,6,40.1,12.8,Cloudy,Night,22.2,504.1
Marine & Rail,Tugboat Engine Service,5,9,10.8,15.36,Cloudy,Night,25.7,189.9
Construction,Foundation Work,10,9,20.6,9.53,Rainy,Day,17.9,311.6
Construction,Foundation Work,3,10,22.6,4.1,Cloudy,Night,19.2,155.0
Mining,Drilling,9,8,53.5,7.0,Sunny,Day,23.9,325.8
Marine & Rail,Tugboat Engine Service,3,8,19.4,13.39,Foggy,Night,5.7,184.4
Marine & Rail,Tugboat Engine Service,4,3,13.6,5.66,Cloudy,Day,26.0,232.2
Construction,Excavation,3,8,60.8,5.67,Rainy,Day,24.6,181.4
Marine & Rail,Rail Network Inspection,6,9,26.4,2.24,Rainy,Day,27.0,201.7
Marine & Rail,Rail Network Inspection,1,8,54.5,3.42,Sunny,Night,18.6,125.7
Construction,Site Preparation,3,9,38.7,8.64,Foggy,Day,13.4,132.4
Mining,Drilling,5,8,52.7,7.02,Sunny,Day,15.4,206.8
Marine & Rail,Tugboat Engine Service,8,7,47.3,6.4,Sunny,Day,28.3,266.7
Mining,Hauling Ore,5,9,66.5,6.6,Sunny,Night,9.3,112.5
Mining,Aggregate Collection,7,8,27.6,11.17,Sunny,Night,6.4,82.0
Construction,Excavation,9,9,10.9,10.18,Cloudy,Day,20.6,214.7
Marine & Rail,Rail Network Inspection,6,6,23.8,5.48,Cloudy,Day,24.0,200.2
Mining,Surface Excavation,2,9,34.2,7.49,Sunny,Night,28.4,142.8
Mining,Hauling Ore,4,7,83.4,4.1,Sunny,Night,26.9,130.5
Mining,Drilling,6,7,35.6,6.35,Rainy,Day,14.4,261.3
Marine & Rail,Locomotive Maintenance,6,8,17.2,11.17,Sunny,Day,3.4,220.1
Marine & Rail,Tugboat Engine Service,8,8,5.3,16.23,Rainy,Night,23.4,246.9
Construction,Material Loading,7,8,37.4,5.24,Cloudy,Day,28.2,85.3
Mining,Drilling,5,7,25.2,3.92,Rainy,Day,29.5,269.4
Mining,Drilling,4,9,6.0,2.34,Cloudy,Day,33.9,176.5
Oil & Gas,Well Servicing,8,8,55.3,3.46,Rainy,Day,20.9,364.3
Construction,Road Building,9,9,8.1,4.95,Cloudy,Day,3.2,249.7
Marine & Rail,Locomotive Maintenance,5,6,33.9,1.83,Cloudy,Day,33.1,284.1
Mining,Aggregate Collection,6,10,30.0,8.37,Sunny,Day,11.7,65.1
Marine & Rail,Locomotive Maintenance,5,7,17.1,13.62,Rainy,Day,16.7,252.9
Construction,Road Building,5,6,12.0,6.43,Rainy,Day,16.3,316.4
Marine & Rail,Tugboat Engine Service,5,6,26.0,7.21,Rainy,Day,24.9,217.6
Marine & Rail,Rail Network Inspection,6,6,32.8,7.68,Sunny,Day,15.6,191.3
Marine & Rail,Rail Network Inspection,4,9,43.0,3.14,Sunny,Day,25.2,152.6
Oil & Gas,Pipeline Pumping,3,6,68.7,4.35,Rainy,Day,22.6,156.5
Marine & Rail,Freight Operations,5,7,17.7,14.55,Foggy,Day,22.1,284.1
Construction,Demolition,7,5,30.2,8.8,Sunny,Day,31.6,310.7
Oil & Gas,Gas Compression Service,4,9,39.7,9.83,Sunny,Day,36.3,188.1
Marine & Rail,Locomotive Maintenance,8,6,33.0,2.89,Foggy,Day,17.1,325.9
Mining,Drilling,3,8,48.5,4.08,Sunny,Night,21.5,190.5
Oil & Gas,Pipeline Pumping,5,9,27.3,6.63,Sunny,Day,17.5,137.9
Marine & Rail,Tugboat Engine Service,6,9,82.0,9.09,Rainy,Day,24.4,199.0
Construction,Road Building,7,5,33.0,3.88,Rainy,Day,21.9,409.8
Construction,Road Building,6,8,48.5,4.77,Cloudy,Day,29.5,293.9
Construction,Foundation Work,7,8,41.5,5.14,Rainy,Day,21.5,289.1
Marine & Rail,Rail Network Inspection,10,10,22.9,2.53,Rainy,Day,9.5,226.0
Mining,Aggregate Collection,3,8,37.1,1.92,Cloudy,Day,12.9,57.6
Marine & Rail,Tugboat Engine Service,1,9,20.8,12.49,Rainy,Day,38.0,141.7
Oil & Gas,Well Servicing,2,9,13.4,2.8,Cloudy,Day,-2.4,134.6
Data Center Power,Emergency Power Deployment,4,7,20.2,1.58,Sunny,Day,18.9,87.0
Oil & Gas,Gas Compression Service,7,5,24.5,10.1,Rainy,Night,35.3,366.2
Marine & Rail,Tugboat Engine Service,3,5,43.8,12.07,Foggy,Day,16.1,245.0
Data Center Power,Emergency Power Deployment,4,6,30.0,5.59,Rainy,Night,20.0,113.9
Oil & Gas,Well Servicing,6,6,57.3,1.13,Sunny,Day,29.1,312.5
Oil & Gas,Well Servicing,5,6,61.8,10.15,Rainy,Day,27.5,369.1
Marine & Rail,Freight Operations,5,8,36.4,7.8,Sunny,Night,17.1,240.3
Mining,Hauling Ore,6,7,22.8,1.6,Rainy,Day,15.7,128.4
Marine & Rail,Tugboat Engine Service,5,5,18.3,6.08,Cloudy,Day,38.0,240.0
Construction,Road Building,4,6,59.5,5.75,Rainy,Day,16.7,305.3
Marine & Rail,Tugboat Engine Service,5,8,39.6,7.55,Cloudy,Day,11.9,161.3
Marine & Rail,Freight Operations,1,9,37.5,5.63,Cloudy,Day,10.9,147.6
Construction,Material Loading,6,7,29.5,11.38,Sunny,Day,32.8,89.0
Data Center Power,Generator Maintenance,3,6,5.7,5.66,Sunny,Night,24.0,110.8
Construction,Road Building,4,6,33.2,2.74,Sunny,Day,16.7,247.5
Data Center Power,Backup Generator Testing,4,7,9.0,6.6,Sunny,Night,21.4,70.7
Construction,Road Building,10,5,49.1,9.93,Sunny,Day,7.5,496.2
Oil & Gas,Gas Compression Service,6,8,28.2,9.0,Cloudy,Day,24.9,207.3
Data Center Power,Emergency Power Deployment,3,8,11.9,1.3,Sunny,Day,22.3,71.9
Construction,Excavation,8,8,21.5,3.13,Sunny,Night,35.0,249.3
Mining,Surface Excavation,7,9,36.1,5.37,Cloudy,Day,36.6,202.9
Construction,Demolition,5,7,32.1,11.56,Rainy,Night,4.2,247.7
Mining,Aggregate Collection,4,5,19.7,1.36,Sunny,Day,14.7,67.0
Marine & Rail,Tugboat Engine Service,2,8,34.1,7.4,Rainy,Day,33.3,161.5
Oil & Gas,Gas Compression Service,5,6,43.4,2.58,Rainy,Day,12.8,200.4
Data Center Power,Backup Generator Testing,6,8,33.0,4.42,Sunny,Night,14.6,75.8
Mining,Drilling,8,7,35.3,1.57,Cloudy,Night,24.4,311.0
Mining,Surface Excavation,5,4,3.1,6.6,Cloudy,Day,27.1,240.3
Mining,Drilling,5,9,58.4,12.27,Sunny,Day,16.0,204.8
Mining,Surface Excavation,6,8,18.4,4.86,Sunny,Day,-10.0,150.7
Marine & Rail,Locomotive Maintenance,7,9,27.5,6.02,Foggy,Night,7.9,241.5
Oil & Gas,Well Drilling,5,9,47.8,8.54,Cloudy,Day,24.8,351.7
Mining,Aggregate Collection,3,5,53.1,4.68,Rainy,Night,13.0,82.5
Construction,Foundation Work,3,8,16.4,9.62,Sunny,Day,18.7,177.3
Mining,Aggregate Collection,10,8,40.9,4.76,Foggy,Night,16.1,125.2
Oil & Gas,Well Servicing,4,9,51.1,7.63,Sunny,Day,6.6,188.3
Oil & Gas,Well Servicing,8,7,29.9,14.04,Rainy,Night,38.8,517.9
Oil & Gas,Well Drilling,9,9,49.4,8.3,Cloudy,Day,10.8,431.2
Data Center Power,Emergency Power Deployment,7,8,28.7,2.39,Cloudy,Day,23.3,105.3
Data Center Power,Emergency Power Deployment,9,7,5.4,0.7,Cloudy,Day,21.4,117.3
Construction,Excavation,5,9,28.7,3.19,Sunny,Night,16.8,150.5
Oil & Gas,Pipeline Pumping,3,4,32.3,1.08,Sunny,Night,25.6,164.3
Marine & Rail,Rail Network Inspection,2,8,59.8,4.27,Cloudy,Night,8.4,138.9
Construction,Road Building,8,9,37.4,5.33,Sunny,Day,16.9,266.7
Data Center Power,Cooling System Inspection,5,5,18.1,4.27,Cloudy,Night,16.4,72.6
Data Center Power,Generator Maintenance,5,5,43.7,7.36,Sunny,Night,24.3,150.5
Marine & Rail,Rail Network Inspection,7,10,15.1,4.47,Cloudy,Night,12.5,179.4
Mining,Drilling,4,7,22.1,13.2,Sunny,Day,3.5,202.0
Construction,Foundation Work,9,5,19.9,10.43,Sunny,Day,19.9,357.0
Marine & Rail,Rail Network Inspection,1,6,32.0,5.55,Cloudy,Day,30.0,143.9
Construction,Excavation,6,9,54.0,6.56,Rainy,Day,17.9,200.4
Marine & Rail,Tugboat Engine Service,5,10,40.0,1.47,Foggy,Day,23.7,156.6
Marine & Rail,Tugboat Engine Service,1,8,64.0,3.23,Rainy,Night,10.7,125.7
Mining,Drilling,6,7,35.8,2.81,Rainy,Day,21.0,265.0
Construction,Material Loading,6,9,36.4,4.96,Cloudy,Day,26.6,75.4
Construction,Material Loading,5,9,27.6,3.13,Cloudy,Day,19.7,61.4
Mining,Drilling,7,8,62.3,10.63,Cloudy,Night,16.1,306.6
Oil & Gas,Pipeline Pumping,5,9,67.1,8.23,Sunny,Day,32.8,178.9
Mining,Surface Excavation,2,6,41.0,3.75,Cloudy,Day,-1.2,138.9
Mining,Surface Excavation,5,8,9.2,6.32,Cloudy,Day,-4.4,140.3
Data Center Power,Backup Generator Testing,3,8,21.5,9.1,Sunny,Day,21.2,59.9
Mining,Surface Excavation,4,4,25.5,8.52,Sunny,Day,22.6,221.8
Marine & Rail,Tugboat Engine Service,8,5,28.8,3.89,Foggy,Day,27.7,342.9
Oil & Gas,Gas Compression Service,5,6,44.9,9.17,Foggy,Night,47.0,302.5
Construction,Material Loading,5,8,44.6,1.93,Cloudy,Night,3.9,64.7
Construction,Demolition,4,10,17.1,0.96,Rainy,Day,7.2,127.0
Oil & Gas,Well Servicing,5,9,21.7,2.66,Cloudy,Day,28.8,209.4
Mining,Aggregate Collection,6,8,37.9,10.03,Rainy,Day,17.1,88.1
Data Center Power,Cooling System Inspection,6,6,58.9,1.25,Sunny,Day,20.8,78.1
Data Center Power,Cooling System Inspection,6,9,41.4,5.99,Sunny,Day,20.8,67.5
Mining,Drilling,3,9,30.2,5.29,Sunny,Night,35.5,195.6
Mining,Hauling Ore,6,8,25.4,5.4,Sunny,Day,9.2,103.7
Mining,Aggregate Collection,4,6,55.9,7.94,Sunny,Day,23.0,78.1
Data Center Power,Emergency Power Deployment,4,8,17.3,6.67,Sunny,Day,19.3,82.7
Mining,Surface Excavation,6,9,41.0,4.81,Rainy,Day,18.1,182.4
Construction,Foundation Work,4,8,54.5,10.56,Cloudy,Night,4.5,214.8
Marine & Rail,Rail Network Inspection,2,8,50.4,6.73,Foggy,Night,12.5,164.5
Mining,Aggregate Collection,6,8,48.3,2.27,Cloudy,Day,13.1,74.4
Data Center Power,Cooling System Inspection,3,7,42.9,1.64,Sunny,Night,24.4,62.0
Mining,Surface Excavation,7,9,36.2,4.92,Cloudy,Night,-8.3,170.6
Mining,Surface Excavation,1,7,60.0,8.39,Cloudy,Night,5.5,140.2
Data Center Power,Generator Maintenance,5,8,25.5,7.69,Sunny,Night,17.3,110.1
Mining,Surface Excavation,2,8,21.9,5.0,Cloudy,Day,10.8,120.1
Mining,Surface Excavation,5,9,39.3,9.71,Cloudy,Day,2.3,146.3
Marine & Rail,Tugboat Engine Service,5,8,37.0,5.11,Foggy,Day,12.0,188.8
Data Center Power,Cooling System Inspection,7,8,45.8,1.68,Cloudy,Night,18.1,84.0
Mining,Hauling Ore,3,9,55.7,2.3,Sunny,Day,30.0,95.6
Mining,Surface Excavation,4,7,6.6,1.07,Sunny,Day,29.5,161.5
Construction,Road Building,6,5,21.6,2.18,Foggy,Day,22.9,323.3
Construction,Road Building,7,6,5.0,12.51,Sunny,Day,23.0,351.9
Construction,Excavation,7,5,41.0,11.08,Foggy,Day,24.4,298.6
Data Center Power,Backup Generator Testing,3,7,47.6,2.0,Sunny,Night,20.4,66.3
Marine & Rail,Freight Operations,3,7,41.3,4.26,Rainy,Night,10.5,227.0
Data Center Power,Backup Generator Testing,8,9,11.7,3.34,Cloudy,Day,20.1,78.4
Construction,Site Preparation,4,8,16.9,8.74,Sunny,Day,28.8,157.5
Construction,Road Building,4,6,52.8,2.78,Sunny,Day,19.1,268.5
Mining,Drilling,5,9,20.4,8.65,Sunny,Day,16.3,183.2
Data Center Power,Emergency Power Deployment,4,5,69.6,3.05,Rainy,Night,23.1,124.7
Mining,Surface Excavation,2,9,39.6,3.3,Sunny,Day,32.8,124.3
Construction,Demolition,2,5,50.7,10.87,Cloudy,Day,34.0,238.7
Data Center Power,Generator Maintenance,10,7,55.9,5.9,Sunny,Day,18.3,187.6
Oil & Gas,Well Servicing,2,10,54.7,4.01,Sunny,Night,18.7,154.5
Marine & Rail,Freight Operations,1,10,28.6,2.54,Cloudy,Day,20.5,146.6
Marine & Rail,Tugboat Engine Service,5,9,44.0,6.73,Foggy,Day,13.8,179.3
Mining,Hauling Ore,5,8,48.0,2.53,Cloudy,Day,21.6,107.2
Marine & Rail,Rail Network Inspection,3,6,23.1,5.04,Sunny,Night,27.9,175.9
Oil & Gas,Pipeline Pumping,10,7,56.3,11.69,Sunny,Night,33.7,359.3
Marine & Rail,Tugboat Engine Service,6,9,28.2,10.98,Sunny,Day,5.7,155.1
Data Center Power,Generator Maintenance,6,7,44.7,2.44,Foggy,Day,22.3,127.1
Oil & Gas,Pipeline Pumping,7,9,21.1,8.21,Cloudy,Day,36.7,198.9
Mining,Aggregate Collection,1,6,30.3,7.13,Foggy,Day,8.5,53.3
Construction,Road Building,9,9,33.9,3.73,Cloudy,Night,26.1,334.2
Mining,Surface Excavation,4,9,47.0,12.24,Cloudy,Day,38.3,181.7
Mining,Aggregate Collection,3,5,35.5,10.67,Cloudy,Day,7.3,66.4
Data Center Power,Emergency Power Deployment,4,8,22.9,3.14,Cloudy,Night,17.7,88.3
Construction,Material Loading,7,5,49.4,2.51,Sunny,Night,21.7,96.5
Construction,Excavation,8,8,13.8,5.96,Sunny,Day,19.1,206.8
Data Center Power,Cooling System Inspection,7,8,13.4,7.9,Sunny,Day,20.4,71.4
Marine & Rail,Rail Network Inspection,7,7,25.1,8.04,Foggy,Day,16.6,237.3
Oil & Gas,Well Servicing,5,10,57.2,9.32,Rainy,Day,-6.8,206.7
Construction,Road Building,7,7,6.4,7.0,Cloudy,Day,24.2,308.1
Marine & Rail,Freight Operations,7,7,11.2,5.8,Sunny,Day,22.5,261.0
Oil & Gas,Pipeline Pumping,8,5,58.5,3.68,Rainy,Night,25.4,270.0
Oil & Gas,Gas Compression Service,1,4,58.6,7.26,Rainy,Day,15.9,194.0
Construction,Excavation,7,10,21.8,9.81,Sunny,Day,26.5,178.2
Oil & Gas,Pipeline Pumping,4,3,50.6,4.99,Sunny,Day,9.2,158.3
Marine & Rail,Freight Operations,6,7,41.2,7.91,Sunny,Day,20.9,257.1
Construction,Foundation Work,8,9,37.6,9.83,Cloudy,Day,5.3,241.4
Mining,Drilling,2,8,12.8,5.13,Rainy,Day,41.9,214.4
Construction,Road Building,6,6,22.7,10.87,Sunny,Night,17.6,335.4
Construction,Foundation Work,7,5,8.7,2.5,Rainy,Day,23.0,333.8
Construction,Material Loading,6,8,45.2,7.68,Rainy,Day,21.0,85.8
Construction,Site Preparation,8,7,46.4,3.05,Rainy,Day,29.2,264.2
Oil & Gas,Gas Compression Service,7,9,42.1,11.1,Cloudy,Day,26.7,229.5
Construction,Material Loading,8,9,47.0,6.01,Sunny,Day,35.8,100.6
Mining,Surface Excavation,5,9,31.7,10.2,Foggy,Day,15.9,155.3
Data Center Power,Generator Maintenance,5,7,16.9,10.25,Sunny,Night,18.0,124.7
Data Center Power,Cooling System Inspection,3,7,81.4,2.41,Sunny,Night,23.7,65.0
Construction,Material Loading,4,8,19.1,7.53,Cloudy,Day,17.7,62.3
Oil & Gas,Well Drilling,3,3,74.2,3.84,Sunny,Day,46.9,517.5
Mining,Aggregate Collection,6,7,45.3,3.51,Cloudy,Day,0.2,72.2
Marine & Rail,Rail Network Inspection,1,5,38.3,6.85,Rainy,Night,24.0,177.2
Oil & Gas,Well Servicing,3,7,34.0,5.08,Sunny,Night,33.1,267.2
Marine & Rail,Rail Network Inspection,8,9,31.9,6.43,Sunny,Day,18.6,201.6
Mining,Surface Excavation,6,9,2.4,5.91,Sunny,Night,4.3,140.2
Construction,Foundation Work,6,6,15.8,1.96,Cloudy,Day,24.8,270.3
Oil & Gas,Gas Compression Service,4,10,67.6,4.63,Cloudy,Day,6.1,126.6
Construction,Foundation Work,6,7,21.0,6.65,Rainy,Day,18.5,279.5
Construction,Foundation Work,4,8,41.5,2.38,Sunny,Night,15.6,207.6
Data Center Power,Generator Maintenance,6,8,22.2,6.88,Cloudy,Night,25.4,122.4
Construction,Foundation Work,6,8,43.4,5.12,Rainy,Day,3.8,239.6
Mining,Aggregate Collection,2,5,20.6,6.3,Sunny,Night,22.4,68.1
Data Center Power,Generator Maintenance,5,9,28.2,2.55,Sunny,Night,17.4,95.4
Data Center Power,Cooling System Inspection,8,8,76.1,2.98,Sunny,Day,24.0,92.9
Mining,Drilling,5,9,15.0,4.57,Cloudy,Day,-3.9,157.9
Mining,Drilling,4,9,48.0,9.4,Foggy,Night,29.1,228.2
Construction,Demolition,5,6,7.7,1.23,Cloudy,Night,3.6,191.6
Oil & Gas,Well Drilling,3,9,42.5,12.86,Cloudy,Night,28.1,347.1
Oil & Gas,Well Drilling,3,9,39.6,7.64,Rainy,Day,40.2,363.5
Data Center Power,Emergency Power Deployment,6,8,55.5,4.21,Rainy,Day,23.7,106.2
Construction,Material Loading,8,8,9.4,8.92,Sunny,Night,38.1,103.6
Construction,Road Building,4,3,34.2,5.54,Sunny,Day,21.8,332.5
Marine & Rail,Tugboat Engine Service,3,10,44.9,8.48,Sunny,Day,20.8,122.2
Marine & Rail,Tugboat Engine Service,6,9,22.1,2.84,Foggy,Night,8.2,182.3
Construction,Foundation Work,2,7,46.9,1.86,Cloudy,Night,6.2,179.5
Data Center Power,Generator Maintenance,6,10,20.3,9.52,Rainy,Night,21.1,98.2
Construction,Road Building,5,9,71.5,6.11,Rainy,Day,24.5,276.1
Mining,Surface Excavation,3,10,56.7,5.61,Sunny,Day,19.4,115.6
Construction,Material Loading,2,9,33.3,7.02,Foggy,Night,19.4,58.6
Marine & Rail,Locomotive Maintenance,6,8,43.8,9.7,Sunny,Night,8.6,253.9
Oil & Gas,Gas Compression Service,3,8,42.7,13.43,Cloudy,Day,21.5,183.3
Mining,Aggregate Collection,7,4,24.4,4.35,Rainy,Day,24.8,114.6
Oil & Gas,Well Drilling,6,9,15.7,5.05,Foggy,Day,-4.0,285.9
Mining,Drilling,4,8,19.3,0.76,Rainy,Day,26.2,211.7
Oil & Gas,Well Servicing,8,6,25.8,6.97,Sunny,Day,4.9,315.1
Construction,Foundation Work,10,5,20.8,5.2,Rainy,Night,10.7,438.8
Oil & Gas,Well Drilling,6,7,27.2,9.36,Cloudy,Night,32.7,510.4
Mining,Aggregate Collection,10,10,3.5,8.56,Cloudy,Day,42.0,104.9
Construction,Foundation Work,6,8,6.6,1.67,Foggy,Night,13.4,230.8
Mining,Surface Excavation,5,6,3.2,13.83,Cloudy,Day,25.3,226.1
Marine & Rail,Rail Network Inspection,9,8,43.7,2.2,Foggy,Night,25.6,334.0
Construction,Road Building,4,7,16.9,12.18,Sunny,Day,25.0,261.8
Construction,Material Loading,4,9,49.5,0.91,Cloudy,Day,18.5,57.2
Oil & Gas,Well Servicing,7,7,16.4,5.79,Rainy,Day,13.0,309.2
Marine & Rail,Freight Operations,5,8,22.4,9.18,Sunny,Day,20.2,216.3
Mining,Drilling,4,9,28.2,10.56,Rainy,Day,15.6,205.3
Marine & Rail,Tugboat Engine Service,6,7,15.6,11.04,Rainy,Day,23.6,215.5
Oil & Gas,Well Servicing,6,3,9.2,3.24,Sunny,Day,31.6,382.6
Mining,Surface Excavation,7,9,39.4,6.54,Cloudy,Day,24.1,183.9
Marine & Rail,Rail Network Inspection,9,5,41.5,6.24,Sunny,Night,26.5,310.1
Mining,Drilling,2,8,8.1,8.11,Sunny,Day,25.2,171.1
Data Center Power,Emergency Power Deployment,2,7,7.3,4.17,Cloudy,Night,26.3,84.6
Data Center Power,Emergency Power Deployment,3,6,41.5,4.11,Sunny,Day,23.6,96.4
Marine & Rail,Rail Network Inspection,6,9,64.2,8.2,Rainy,Night,20.5,225.2
Marine & Rail,Tugboat Engine Service,8,5,61.8,3.85,Rainy,Night,6.8,293.0
Marine & Rail,Freight Operations,6,6,37.1,7.71,Sunny,Day,26.4,280.1
Marine & Rail,Rail Network Inspection,3,7,33.9,3.17,Foggy,Day,28.8,192.9
Mining,Surface Excavation,8,9,21.8,4.13,Sunny,Night,31.1,209.5
Construction,Excavation,5,5,18.0,3.31,Rainy,Night,28.5,262.3
Marine & Rail,Freight Operations,4,8,75.7,11.78,Sunny,Day,34.9,254.4
Mining,Surface Excavation,2,6,28.5,7.57,Cloudy,Day,13.9,156.9
Mining,Hauling Ore,8,10,24.7,11.49,Cloudy,Day,2.5,122.0
Oil & Gas,Well Drilling,8,3,57.0,4.4,Cloudy,Night,22.3,766.1
Data Center Power,Emergency Power Deployment,5,8,12.6,6.42,Cloudy,Night,21.6,101.3
Construction,Foundation Work,8,7,21.9,3.99,Cloudy,Day,29.0,321.7
Oil & Gas,Pipeline Pumping,4,10,34.3,5.6,Sunny,Night,26.5,146.7
Mining,Surface Excavation,6,7,16.7,4.98,Sunny,Night,30.7,220.9
Mining,Surface Excavation,7,7,37.8,7.87,Cloudy,Night,16.6,235.2
Oil & Gas,Well Servicing,5,9,37.8,3.51,Cloudy,Day,20.7,204.7
Data Center Power,Emergency Power Deployment,5,6,61.5,12.36,Cloudy,Day,27.9,134.2
Data Center Power,Cooling System Inspection,5,8,20.0,4.84,Sunny,Day,22.6,64.4
Oil & Gas,Well Drilling,5,5,28.8,10.56,Cloudy,Day,39.7,560.6
Construction,Material Loading,4,8,23.6,8.26,Sunny,Day,16.4,63.2
Mining,Surface Excavation,6,9,31.1,5.33,Cloudy,Day,22.1,166.7
Oil & Gas,Well Servicing,7,7,52.0,6.74,Sunny,Night,18.3,339.8
Construction,Road Building,6,8,70.1,4.09,Sunny,Day,28.5,300.0
Mining,Surface Excavation,2,8,63.3,1.96,Sunny,Day,18.0,121.7
Construction,Road Building,5,7,19.2,5.7,Foggy,Night,2.9,261.0
Mining,Surface Excavation,3,7,39.7,7.47,Sunny,Night,16.9,172.9
Oil & Gas,Pipeline Pumping,1,8,24.7,11.28,Sunny,Night,25.1,131.3
Mining,Aggregate Collection,4,9,33.1,3.25,Cloudy,Night,7.1,64.2
Data Center Power,Cooling System Inspection,5,8,3.2,13.14,Sunny,Night,22.3,68.1
Mining,Surface Excavation,4,6,58.7,7.54,Sunny,Night,10.6,202.0
Construction,Road Building,5,7,53.7,8.01,Cloudy,Night,28.4,335.2
Mining,Hauling Ore,10,6,9.4,8.86,Sunny,Night,16.6,174.6
Construction,Road Building,9,6,43.5,3.75,Rainy,Day,27.9,481.8
Oil & Gas,Gas Compression Service,8,8,15.6,10.58,Sunny,Day,17.4,222.7
Construction,Road Building,5,6,27.5,4.53,Sunny,Day,15.7,269.6
Construction,Site Preparation,7,5,23.0,0.54,Cloudy,Day,23.7,198.6
Construction,Foundation Work,7,8,52.0,12.4,Rainy,Day,19.1,308.0
Mining,Hauling Ore,6,7,31.1,9.74,Sunny,Day,20.5,129.6
Marine & Rail,Tugboat Engine Service,8,5,62.7,2.83,Sunny,Day,21.3,295.1
Construction,Foundation Work,5,10,21.3,6.38,Sunny,Night,16.7,177.9
Mining,Aggregate Collection,5,9,35.0,15.57,Sunny,Night,10.7,71.9
Construction,Excavation,4,8,29.5,3.27,Cloudy,Day,3.8,138.1
Data Center Power,Backup Generator Testing,6,9,43.5,15.94,Sunny,Day,22.5,77.4
Mining,Surface Excavation,7,9,46.6,2.05,Cloudy,Day,26.6,179.6
Data Center Power,Backup Generator Testing,7,8,8.6,2.34,Sunny,Night,20.8,80.4
Marine & Rail,Rail Network Inspection,2,6,13.2,8.82,Cloudy,Night,24.0,163.3
Construction,Foundation Work,4,8,28.2,2.98,Rainy,Night,6.7,223.3
Construction,Site Preparation,5,8,25.5,8.65,Sunny,Day,29.9,175.1
Construction,Excavation,4,8,1.2,7.49,Rainy,Night,28.1,204.4
Oil & Gas,Gas Compression Service,4,8,6.0,3.78,Rainy,Day,29.2,169.3
Construction,Excavation,3,6,13.5,10.34,Sunny,Day,4.1,160.5
Oil & Gas,Pipeline Pumping,5,7,12.4,3.96,Rainy,Day,22.4,157.8
Oil & Gas,Well Drilling,4,10,6.2,1.06,Cloudy,Day,48.0,270.9
Mining,Aggregate Collection,7,9,47.6,4.74,Foggy,Day,4.3,75.0
Mining,Surface Excavation,3,5,33.4,7.94,Sunny,Night,42.0,242.8
Mining,Hauling Ore,5,6,45.6,9.99,Sunny,Day,23.8,136.7
Marine & Rail,Locomotive Maintenance,7,10,61.0,6.59,Cloudy,Day,15.4,221.6
Marine & Rail,Locomotive Maintenance,6,6,63.2,12.2,Foggy,Night,19.7,366.3
Construction,Demolition,8,7,50.9,9.4,Foggy,Night,29.3,337.6
Mining,Drilling,6,8,24.3,3.65,Sunny,Day,35.6,240.8
Mining,Surface Excavation,9,8,55.2,2.8,Rainy,Day,12.8,254.2
Marine & Rail,Tugboat Engine Service,6,7,47.9,2.98,Cloudy,Night,19.8,212.1
Mining,Aggregate Collection,3,8,50.6,4.16,Sunny,Night,25.5,71.0
Construction,Demolition,3,7,50.1,0.61,Sunny,Day,35.1,179.5
Construction,Demolition,5,9,23.5,5.03,Sunny,Day,13.0,152.3
Mining,Surface Excavation,4,7,45.3,0.87,Rainy,Day,26.9,198.7
Marine & Rail,Locomotive Maintenance,3,9,39.5,2.14,Sunny,Night,2.7,149.1
Oil & Gas,Well Servicing,6,7,64.0,5.22,Rainy,Day,10.7,313.8
Mining,Hauling Ore,7,9,34.8,2.82,Cloudy,Night,30.0,135.4
Marine & Rail,Tugboat Engine Service,4,9,75.7,8.67,Sunny,Night,16.3,166.0
Data Center Power,Emergency Power Deployment,8,10,17.3,7.91,Cloudy,Day,20.8,93.5
Mining,Drilling,7,4,47.1,10.83,Rainy,Day,30.2,473.8
Construction,Demolition,9,8,77.3,9.63,Rainy,Day,11.4,331.2
Marine & Rail,Freight Operations,8,8,39.5,11.57,Sunny,Day,9.1,269.0
Mining,Drilling,9,9,81.3,6.13,Cloudy,Night,8.9,303.1
Mining,Drilling,3,8,14.4,6.01,Cloudy,Night,14.5,186.7
Mining,Hauling Ore,5,9,40.2,3.15,Rainy,Night,21.5,123.8
Construction,Demolition,7,8,60.1,9.48,Sunny,Day,31.4,262.0
Construction,Material Loading,7,7,77.7,2.25,Cloudy,Day,4.6,79.9
Data Center Power,Emergency Power Deployment,8,9,33.4,1.2,Cloudy,Day,19.7,101.5
Construction,Site Preparation,2,7,45.1,12.57,Sunny,Day,36.8,168.0
Mining,Aggregate Collection,5,7,35.9,7.36,Sunny,Night,-0.9,71.0
Mining,Surface Excavation,6,9,4.2,12.08,Cloudy,Day,17.8,164.8
Data Center Power,Emergency Power Deployment,8,7,8.1,3.59,Sunny,Day,24.4,117.3
Mining,Surface Excavation,5,9,17.6,9.3,Rainy,Day,28.7,188.1
Marine & Rail,Tugboat Engine Service,5,8,33.7,2.12,Sunny,Day,27.8,170.8
Marine & Rail,Tugboat Engine Service,9,8,45.3,9.88,Sunny,Day,24.2,262.8
Oil & Gas,Well Servicing,6,3,18.8,7.3,Sunny,Day,25.0,388.6
Mining,Aggregate Collection,5,8,73.5,12.31,Sunny,Night,36.7,92.8
Data Center Power,Generator Maintenance,4,8,44.6,4.85,Cloudy,Night,21.3,105.2
Mining,Hauling Ore,6,7,19.7,5.69,Sunny,Day,26.5,127.0
Construction,Material Loading,5,7,43.9,9.56,Sunny,Day,23.1,80.6
Oil & Gas,Pipeline Pumping,7,3,23.2,3.25,Foggy,Night,18.4,228.1
Construction,Foundation Work,7,8,77.6,1.94,Sunny,Day,15.3,262.8
Mining,Hauling Ore,5,8,32.5,5.33,Cloudy,Day,22.9,113.5
Mining,Hauling Ore,3,3,42.5,1.33,Foggy,Night,11.6,134.0
Data Center Power,Emergency Power Deployment,8,7,20.6,8.11,Rainy,Day,19.6,130.4
Construction,Foundation Work,5,9,32.7,3.08,Sunny,Day,29.8,201.7
Construction,Road Building,4,7,41.9,10.04,Sunny,Day,12.8,251.3
Marine & Rail,Rail Network Inspection,4,7,53.3,7.47,Rainy,Day,24.5,200.3
Data Center Power,Backup Generator Testing,6,9,26.5,6.49,Cloudy,Day,18.9,73.2
Data Center Power,Cooling System Inspection,5,7,31.7,1.4,Sunny,Day,18.2,63.4
Mining,Aggregate Collection,9,8,58.1,8.47,Rainy,Day,19.2,125.3
Construction,Foundation Work,6,9,48.2,9.37,Sunny,Day,30.8,238.3
Marine & Rail,Rail Network Inspection,3,7,25.0,8.97,Sunny,Night,-3.1,140.4
Construction,Road Building,5,8,38.3,3.23,Sunny,Night,20.8,257.3
Data Center Power,Cooling System Inspection,3,5,78.8,2.79,Sunny,Day,16.7,64.8
Mining,Drilling,8,5,33.8,2.62,Rainy,Day,2.2,324.4
Data Center Power,Generator Maintenance,3,8,46.6,1.44,Sunny,Day,24.4,88.1
Oil & Gas,Well Servicing,7,9,64.7,5.61,Rainy,Night,20.1,334.5
Data Center Power,Cooling System Inspection,10,9,76.1,3.92,Rainy,Day,14.2,111.8
Mining,Drilling,7,9,10.5,9.3,Sunny,Day,21.4,215.9
Mining,Hauling Ore,3,8,28.9,9.99,Sunny,Day,19.3,97.2
Construction,Material Loading,7,8,96.8,14.18,Cloudy,Night,21.8,120.2
Marine & Rail,Freight Operations,5,8,67.8,6.74,Rainy,Day,20.9,262.8
Oil & Gas,Well Servicing,4,8,35.1,13.32,Foggy,Day,19.1,249.8
Marine & Rail,Freight Operations,7,7,13.6,7.26,Sunny,Night,33.9,304.5
Mining,Surface Excavation,5,7,29.7,11.31,Cloudy,Day,13.0,188.4
Marine & Rail,Rail Network Inspection,3,7,1.7,1.11,Sunny,Day,25.1,140.6
Marine & Rail,Tugboat Engine Service,1,5,28.0,9.33,Cloudy,Day,25.0,170.6
Construction,Excavation,4,9,33.0,5.3,Cloudy,Day,22.9,147.2
Marine & Rail,Locomotive Maintenance,2,8,52.5,6.53,Sunny,Night,12.8,187.8
Construction,Site Preparation,6,7,25.4,14.04,Sunny,Night,27.8,226.7
Mining,Drilling,6,9,14.9,4.42,Foggy,Day,25.2,208.2
Marine & Rail,Rail Network Inspection,6,7,77.5,12.59,Foggy,Day,34.0,297.1
Marine & Rail,Freight Operations,8,8,4.6,3.95,Sunny,Night,-1.9,235.8
Mining,Surface Excavation,10,8,32.1,4.47,Cloudy,Day,16.5,234.2
Mining,Drilling,4,8,22.5,4.48,Sunny,Day,14.2,174.7
Oil & Gas,Well Drilling,3,6,28.0,3.38,Sunny,Day,20.7,329.7
Construction,Excavation,5,7,32.0,1.3,Cloudy,Day,12.5,171.5
Marine & Rail,Tugboat Engine Service,7,6,69.3,7.57,Cloudy,Night,18.8,289.2
Construction,Excavation,2,10,22.4,2.11,Cloudy,Day,8.2,92.7
Marine & Rail,Tugboat Engine Service,3,8,64.4,2.69,Sunny,Night,13.5,148.2
Marine & Rail,Tugboat Engine Service,4,8,31.9,15.05,Sunny,Day,14.2,168.0
Oil & Gas,Well Drilling,6,8,19.0,10.18,Rainy,Night,17.7,457.0
Data Center Power,Backup Generator Testing,10,7,5.2,0.43,Cloudy,Day,20.7,92.5
Mining,Aggregate Collection,7,8,8.3,7.99,Rainy,Day,41.3,107.3
Mining,Drilling,6,9,65.7,4.72,Sunny,Day,2.1,191.5
Oil & Gas,Well Drilling,7,9,7.5,9.39,Sunny,Day,10.1,328.0
Construction,Excavation,7,7,34.4,9.07,Cloudy,Day,15.0,224.6
Marine & Rail,Locomotive Maintenance,9,9,20.5,3.73,Sunny,Day,25.7,260.1
Marine & Rail,Rail Network Inspection,5,4,56.6,2.29,Cloudy,Night,16.8,210.9
Oil & Gas,Pipeline Pumping,6,5,30.4,5.41,Sunny,Night,37.6,232.8
Construction,Road Building,9,7,53.0,8.06,Rainy,Night,20.8,510.4
Mining,Drilling,9,7,56.4,0.43,Rainy,Day,13.0,337.3
Construction,Foundation Work,4,9,52.0,10.98,Foggy,Day,16.9,188.9
Construction,Foundation Work,10,8,54.8,8.36,Rainy,Day,23.0,404.7
Marine & Rail,Locomotive Maintenance,9,8,23.8,13.8,Sunny,Day,28.6,345.0
Construction,Excavation,5,5,28.4,10.19,Sunny,Night,18.0,234.6
Oil & Gas,Pipeline Pumping,9,9,25.2,2.15,Foggy,Night,48.0,240.7
Mining,Surface Excavation,4,8,25.0,8.79,Sunny,Day,1.7,140.9
Mining,Aggregate Collection,6,8,37.2,4.18,Sunny,Day,28.0,83.5
Marine & Rail,Freight Operations,8,7,12.7,3.11,Cloudy,Day,26.2,277.0
Marine & Rail,Rail Network Inspection,5,7,16.0,8.26,Cloudy,Day,0.0,150.3
Mining,Surface Excavation,5,6,28.1,14.33,Sunny,Day,20.3,218.4
Data Center Power,Emergency Power Deployment,6,8,59.2,4.55,Cloudy,Day,24.4,112.3
Marine & Rail,Rail Network Inspection,6,8,53.4,2.03,Sunny,Day,4.4,158.5
Data Center Power,Cooling System Inspection,4,7,29.1,4.66,Sunny,Night,18.6,65.0
Marine & Rail,Tugboat Engine Service,9,8,52.3,8.55,Sunny,Day,13.2,243.7
Marine & Rail,Rail Network Inspection,5,8,52.8,3.52,Cloudy,Night,14.2,182.0
Marine & Rail,Rail Network Inspection,5,5,26.4,8.52,Sunny,Day,28.8,199.5
Mining,Drilling,9,7,19.8,8.75,Sunny,Day,5.3,266.9
Mining,Drilling,7,8,23.4,9.21,Sunny,Day,8.4,229.6
Mining,Hauling Ore,10,9,19.6,6.34,Rainy,Day,31.8,191.5
Oil & Gas,Well Servicing,4,8,45.8,6.43,Sunny,Day,26.9,235.7
Construction,Foundation Work,7,6,22.0,9.07,Rainy,Night,19.5,363.9
Construction,Site Preparation,3,5,29.8,3.27,Rainy,Day,0.7,154.6
Data Center Power,Generator Maintenance,3,7,47.3,3.27,Sunny,Day,19.1,94.1
Construction,Material Loading,1,7,86.3,2.23,Rainy,Day,33.7,68.5
Data Center Power,Backup Generator Testing,1,8,11.6,4.33,Sunny,Day,21.5,48.3
Construction,Excavation,6,8,18.7,2.59,Sunny,Night,39.4,217.7
Mining,Surface Excavation,5,8,33.0,6.03,Cloudy,Day,30.4,181.2
Marine & Rail,Rail Network Inspection,6,6,52.6,14.41,Sunny,Day,19.0,211.1
Construction,Excavation,6,7,47.3,1.19,Rainy,Day,4.8,210.1
Oil & Gas,Pipeline Pumping,4,7,65.4,6.34,Sunny,Day,18.3,154.5
Construction,Foundation Work,7,9,34.0,1.89,Sunny,Night,10.7,216.9
Oil & Gas,Gas Compression Service,6,6,36.7,1.85,Rainy,Night,27.0,254.6
Mining,Hauling Ore,1,10,45.7,7.12,Sunny,Day,6.5,68.6
Data Center Power,Emergency Power Deployment,10,8,4.0,2.86,Rainy,Night,18.5,129.0
Mining,Hauling Ore,4,10,36.5,2.18,Sunny,Day,19.4,90.0
Oil & Gas,Well Servicing,6,9,43.0,6.44,Rainy,Night,46.2,344.4
Marine & Rail,Freight Operations,6,6,13.2,2.76,Sunny,Night,19.3,259.9
Data Center Power,Backup Generator Testing,3,7,28.3,4.47,Cloudy,Night,22.7,68.6
Data Center Power,Backup Generator Testing,6,8,47.7,1.48,Cloudy,Day,23.4,76.9
Construction,Road Building,5,7,41.9,8.07,Sunny,Day,22.8,277.9
Oil & Gas,Pipeline Pumping,9,6,32.9,10.15,Sunny,Day,31.7,264.0
Mining,Surface Excavation,6,7,18.6,12.0,Sunny,Night,37.5,260.9
Mining,Aggregate Collection,4,8,52.7,7.94,Rainy,Night,2.1,75.8
Mining,Surface Excavation,9,9,32.6,6.19,Sunny,Night,26.2,231.9
Construction,Material Loading,5,10,27.5,2.15,Sunny,Day,20.7,57.8
Construction,Demolition,5,9,26.9,6.11,Cloudy,Day,11.9,156.9
Oil & Gas,Pipeline Pumping,9,6,51.1,4.26,Sunny,Night,29.1,276.2
Marine & Rail,Tugboat Engine Service,7,5,29.9,1.28,Sunny,Day,14.0,228.3
Data Center Power,Backup Generator Testing,6,7,28.3,0.87,Cloudy,Day,21.7,76.2
Oil & Gas,Well Drilling,4,5,7.4,10.76,Sunny,Day,12.2,388.8
Mining,Surface Excavation,7,9,56.6,6.92,Sunny,Day,30.1,213.6
Construction,Road Building,10,7,34.1,6.39,Sunny,Day,15.1,376.3
Marine & Rail,Tugboat Engine Service,7,7,21.1,5.11,Cloudy,Day,4.2,189.6
Data Center Power,Cooling System Inspection,6,9,70.5,1.54,Sunny,Night,19.9,75.5
Marine & Rail,Freight Operations,5,5,51.7,14.48,Rainy,Day,38.0,366.9
Mining,Surface Excavation,5,5,63.6,4.76,Rainy,Night,21.9,279.9
Mining,Drilling,7,6,40.0,9.44,Rainy,Day,24.3,371.9
Mining,Drilling,4,8,19.6,9.08,Cloudy,Night,16.6,212.4
Marine & Rail,Tugboat Engine Service,4,5,39.6,5.83,Cloudy,Day,13.4,191.7
Mining,Surface Excavation,4,5,49.5,2.21,Sunny,Day,32.3,214.2
Mining,Drilling,10,6,35.2,1.43,Sunny,Day,8.1,317.3
Construction,Material Loading,4,9,49.3,1.7,Rainy,Day,11.1,61.2
Construction,Foundation Work,9,10,14.9,7.98,Sunny,Day,34.8,247.8
Mining,Drilling,7,4,30.2,1.76,Foggy,Day,5.3,300.1
Construction,Excavation,4,5,27.5,4.09,Sunny,Day,29.3,210.0
Data Center Power,Backup Generator Testing,5,10,16.1,5.95,Cloudy,Night,24.2,66.5
Oil & Gas,Gas Compression Service,8,8,5.8,3.75,Cloudy,Day,17.4,191.0
Oil & Gas,Gas Compression Service,3,6,5.6,1.95,Cloudy,Night,-6.1,152.6
Data Center Power,Generator Maintenance,6,7,62.8,6.75,Sunny,Day,21.2,130.4
Mining,Surface Excavation,4,7,35.5,5.77,Foggy,Night,18.3,188.4
Construction,Road Building,7,9,66.2,2.69,Cloudy,Day,37.4,320.3
Construction,Road Building,3,8,30.1,3.34,Sunny,Day,24.1,204.5
Marine & Rail,Tugboat Engine Service,7,7,76.0,4.15,Foggy,Day,24.9,292.3
Data Center Power,Backup Generator Testing,7,4,44.9,9.44,Sunny,Night,19.5,107.2
Construction,Road Building,4,5,55.8,6.87,Rainy,Night,13.8,373.7
Mining,Drilling,1,9,36.8,1.55,Cloudy,Day,11.3,117.3
Marine & Rail,Rail Network Inspection,4,7,9.0,6.44,Cloudy,Night,24.3,177.5
Marine & Rail,Locomotive Maintenance,6,8,40.9,6.42,Cloudy,Night,7.8,236.7
Construction,Road Building,6,4,19.2,5.96,Cloudy,Day,23.7,364.1
Construction,Excavation,4,7,54.1,4.73,Cloudy,Night,27.9,209.0
Construction,Foundation Work,6,6,36.1,7.09,Cloudy,Night,39.1,354.2
Oil & Gas,Pipeline Pumping,10,5,19.2,5.46,Rainy,Day,15.2,233.9
Marine & Rail,Freight Operations,5,8,36.0,1.18,Sunny,Day,28.3,234.1
Construction,Road Building,5,7,52.9,4.52,Rainy,Day,23.9,318.3
Construction,Demolition,7,6,66.8,2.22,Sunny,Day,20.1,262.7
Oil & Gas,Well Servicing,5,6,28.6,11.21,Sunny,Day,34.1,327.8
Oil & Gas,Well Servicing,6,6,39.5,9.36,Sunny,Day,23.4,329.1
Construction,Material Loading,6,6,19.4,5.15,Rainy,Day,4.9,80.7
Marine & Rail,Rail Network Inspection,5,6,62.8,10.41,Sunny,Night,16.8,205.6
Marine & Rail,Tugboat Engine Service,6,8,35.9,2.69,Foggy,Day,16.4,201.4
Mining,Aggregate Collection,4,6,9.6,6.85,Sunny,Day,24.5,71.4
Marine & Rail,Locomotive Maintenance,8,9,63.0,6.35,Sunny,Night,15.2,295.4
Construction,Material Loading,1,7,50.6,6.14,Cloudy,Day,14.8,50.8
Mining,Drilling,4,6,31.6,8.72,Rainy,Day,17.4,262.0
Construction,Road Building,7,6,31.5,7.46,Cloudy,Day,27.9,360.6
Marine & Rail,Locomotive Maintenance,1,3,23.2,4.8,Sunny,Day,16.4,224.4
Data Center Power,Cooling System Inspection,7,6,26.9,3.51,Sunny,Day,23.2,79.9
Marine & Rail,Freight Operations,5,7,73.7,10.03,Foggy,Night,23.0,341.4
Data Center Power,Emergency Power Deployment,5,7,50.2,1.89,Foggy,Day,20.8,102.0
Mining,Hauling Ore,7,9,18.0,3.49,Cloudy,Night,8.7,114.7
Construction,Site Preparation,5,8,15.5,0.11,Rainy,Day,18.7,155.9
Oil & Gas,Well Drilling,9,6,36.2,8.07,Rainy,Day,26.6,702.9
Mining,Surface Excavation,3,6,30.8,12.47,Sunny,Day,15.5,180.0
Construction,Road Building,2,7,70.9,8.97,Sunny,Day,4.2,213.7
Construction,Excavation,6,7,38.1,2.68,Sunny,Day,9.8,177.4
Marine & Rail,Tugboat Engine Service,7,9,62.1,1.41,Cloudy,Day,24.8,192.4
Oil & Gas,Pipeline Pumping,4,6,36.4,5.41,Cloudy,Day,3.0,135.3
Construction,Excavation,4,8,54.9,7.33,Sunny,Day,9.3,153.9
Construction,Excavation,3,8,14.8,8.2,Sunny,Day,10.1,134.1
Construction,Demolition,4,8,28.8,9.08,Rainy,Day,3.2,179.9
Data Center Power,Emergency Power Deployment,7,7,6.5,2.52,Cloudy,Day,26.0,106.1
Marine & Rail,Tugboat Engine Service,9,9,18.6,14.27,Sunny,Day,30.6,239.4
Marine & Rail,Freight Operations,7,6,22.4,3.46,Sunny,Day,22.0,271.9
Mining,Drilling,5,9,32.9,7.23,Sunny,Day,27.8,204.0
Mining,Hauling Ore,8,9,11.9,2.18,Sunny,Night,22.6,125.4
Marine & Rail,Tugboat Engine Service,7,8,43.2,6.32,Cloudy,Day,7.6,193.2
Construction,Material Loading,6,9,65.4,12.15,Sunny,Night,10.1,81.2
Construction,Demolition,5,7,85.5,7.82,Rainy,Day,35.2,293.5
Oil & Gas,Well Servicing,7,6,29.7,3.03,Sunny,Day,28.5,322.0
Oil & Gas,Well Servicing,5,6,21.5,1.47,Cloudy,Day,12.6,242.8
Mining,Hauling Ore,6,8,33.8,7.83,Rainy,Night,-0.2,135.2
Construction,Site Preparation,8,8,59.1,2.33,Rainy,Day,11.2,225.3
Oil & Gas,Pipeline Pumping,5,6,54.2,4.34,Cloudy,Day,20.7,168.8
Mining,Aggregate Collection,3,5,33.5,12.77,Rainy,Night,12.1,86.2
Mining,Drilling,3,7,32.8,6.81,Rainy,Night,-10.0,215.5
Oil & Gas,Pipeline Pumping,5,6,40.0,5.62,Cloudy,Day,28.3,187.5
Construction,Site Preparation,5,6,47.8,8.96,Cloudy,Day,10.7,171.0
Data Center Power,Backup Generator Testing,7,9,25.6,2.41,Sunny,Night,22.3,81.8
Marine & Rail,Tugboat Engine Service,9,6,19.5,9.56,Cloudy,Night,9.9,280.6
Oil & Gas,Well Drilling,5,7,0.6,3.5,Sunny,Day,29.8,362.5
Mining,Hauling Ore,3,8,34.9,16.48,Cloudy,Night,39.5,143.3
Construction,Road Building,5,7,5.7,1.58,Rainy,Night,6.8,271.6
Mining,Surface Excavation,10,9,4.1,11.96,Rainy,Day,3.9,208.0
Marine & Rail,Rail Network Inspection,3,8,25.0,12.19,Foggy,Night,9.1,180.3
Mining,Aggregate Collection,9,9,6.1,16.56,Sunny,Day,13.0,85.9
Marine & Rail,Tugboat Engine Service,4,7,24.6,8.14,Sunny,Day,20.3,169.0
Mining,Surface Excavation,8,5,76.7,4.3,Sunny,Day,27.1,325.4
Data Center Power,Emergency Power Deployment,9,9,26.7,7.53,Rainy,Day,23.7,119.8
Marine & Rail,Freight Operations,6,7,51.9,1.98,Sunny,Day,28.0,264.9
Mining,Drilling,5,5,35.8,6.12,Rainy,Night,23.8,328.1
Oil & Gas,Well Servicing,8,7,41.9,10.23,Sunny,Night,27.8,411.8
Marine & Rail,Freight Operations,5,8,56.9,10.38,Cloudy,Night,4.1,236.4
Data Center Power,Emergency Power Deployment,7,5,8.5,7.53,Cloudy,Night,21.2,148.6
Marine & Rail,Freight Operations,5,9,28.2,9.38,Foggy,Night,10.1,268.8
Mining,Aggregate Collection,10,6,34.3,2.51,Cloudy,Night,17.0,123.6
Oil & Gas,Gas Compression Service,9,7,31.2,2.24,Rainy,Night,33.9,319.9
Construction,Foundation Work,6,8,60.9,5.21,Rainy,Day,18.0,274.5
Mining,Hauling Ore,6,8,20.6,6.63,Cloudy,Day,19.0,116.3
Construction,Excavation,8,7,25.6,2.07,Rainy,Day,19.0,242.8
Mining,Surface Excavation,4,9,10.9,10.81,Rainy,Day,14.5,161.0
Mining,Aggregate Collection,6,8,47.7,7.25,Rainy,Day,-2.1,80.8
Construction,Site Preparation,4,7,9.1,5.85,Cloudy,Day,19.2,142.2
Oil & Gas,Well Servicing,6,9,34.4,8.92,Sunny,Day,17.8,239.7
Mining,Aggregate Collection,2,7,38.3,6.51,Foggy,Night,24.5,69.4
Marine & Rail,Freight Operations,7,9,62.2,4.39,Rainy,Day,33.8,349.6
Oil & Gas,Well Drilling,4,6,40.4,1.49,Foggy,Night,17.8,390.2
Construction,Demolition,10,6,26.0,10.26,Sunny,Day,23.7,340.1
Data Center Power,Emergency Power Deployment,7,9,17.4,2.73,Cloudy,Night,24.1,101.3
Construction,Excavation,6,8,35.6,5.45,Sunny,Day,19.5,179.8
Oil & Gas,Well Servicing,8,8,46.8,13.05,Cloudy,Night,10.4,343.8
Mining,Drilling,3,8,39.6,8.17,Foggy,Night,36.4,242.9
Oil & Gas,Well Servicing,5,7,62.4,8.52,Sunny,Night,48.0,351.6
Data Center Power,Emergency Power Deployment,9,9,20.9,3.63,Foggy,Night,21.5,121.4
Data Center Power,Emergency Power Deployment,8,8,51.6,5.57,Cloudy,Day,23.9,130.3
Oil & Gas,Well Servicing,1,3,63.3,7.78,Sunny,Day,30.4,287.6
Marine & Rail,Locomotive Maintenance,5,9,32.2,6.13,Sunny,Day,22.6,200.7
Marine & Rail,Tugboat Engine Service,5,5,29.2,8.68,Cloudy,Day,25.2,227.6
Oil & Gas,Well Servicing,4,9,55.4,15.54,Sunny,Night,38.3,294.7
Construction,Foundation Work,4,9,51.2,9.16,Rainy,Day,19.8,212.5
Oil & Gas,Pipeline Pumping,5,8,21.7,6.06,Cloudy,Night,34.6,186.8
Marine & Rail,Tugboat Engine Service,4,8,43.4,2.63,Sunny,Day,8.1,135.9
Mining,Drilling,4,9,19.1,6.66,Sunny,Day,7.2,152.8
Construction,Excavation,5,9,58.2,7.34,Rainy,Day,16.8,184.2
Marine & Rail,Tugboat Engine Service,6,8,34.4,8.91,Sunny,Night,13.4,189.3
Oil & Gas,Well Drilling,10,8,28.0,7.51,Sunny,Day,23.7,515.4
Mining,Aggregate Collection,8,7,31.8,2.38,Rainy,Day,12.8,105.7
Mining,Drilling,2,9,67.3,13.62,Sunny,Day,20.4,173.3
Mining,Hauling Ore,9,8,41.2,6.7,Sunny,Day,-0.5,138.4
Construction,Material Loading,5,8,24.1,4.44,Rainy,Day,18.0,70.6
Mining,Surface Excavation,6,7,83.4,9.0,Sunny,Day,-3.8,198.0
Construction,Site Preparation,6,5,5.3,5.38,Rainy,Day,23.9,209.6
Construction,Demolition,4,6,66.7,2.75,Sunny,Night,29.7,239.3
Construction,Demolition,8,6,7.0,2.78,Rainy,Day,4.3,250.8
Construction,Road Building,4,7,25.4,6.41,Cloudy,Day,29.6,261.6
Mining,Surface Excavation,7,10,13.2,2.42,Rainy,Day,18.7,156.7
Construction,Foundation Work,5,8,21.7,12.24,Sunny,Day,27.1,223.0
Construction,Site Preparation,8,8,77.7,6.46,Cloudy,Day,14.4,233.7
Marine & Rail,Tugboat Engine Service,3,8,46.8,5.53,Rainy,Day,13.6,142.0
Construction,Road Building,4,6,49.0,10.18,Cloudy,Day,25.9,302.1
Oil & Gas,Gas Compression Service,7,9,21.6,11.99,Cloudy,Day,33.8,230.1
Data Center Power,Cooling System Inspection,2,9,22.8,1.96,Cloudy,Day,20.8,48.1
Oil & Gas,Gas Compression Service,6,7,31.0,11.77,Rainy,Night,40.9,295.8
Construction,Demolition,5,9,54.5,2.52,Sunny,Day,20.2,157.2
Marine & Rail,Locomotive Maintenance,3,7,25.9,11.95,Sunny,Day,6.6,200.1
Mining,Hauling Ore,4,6,26.6,7.52,Cloudy,Day,24.7,119.4
Data Center Power,Cooling System Inspection,3,7,68.7,9.09,Cloudy,Night,16.8,66.3
Marine & Rail,Locomotive Maintenance,6,8,18.7,13.3,Cloudy,Night,12.9,264.4
Oil & Gas,Well Servicing,5,8,39.0,8.94,Sunny,Night,2.3,233.9
Construction,Foundation Work,5,8,25.3,7.0,Sunny,Night,24.4,227.2
Construction,Material Loading,9,6,43.9,6.09,Rainy,Day,34.8,139.7
Oil & Gas,Well Servicing,4,10,39.0,4.46,Cloudy,Day,48.0,203.4
Marine & Rail,Rail Network Inspection,7,6,10.7,11.45,Cloudy,Night,13.5,214.5
Oil & Gas,Well Servicing,5,8,66.2,8.72,Cloudy,Day,48.0,290.0
Mining,Drilling,6,9,65.6,8.15,Sunny,Day,39.9,254.2
Construction,Foundation Work,6,3,50.3,3.46,Sunny,Day,32.9,385.6
Marine & Rail,Tugboat Engine Service,6,8,23.9,6.16,Rainy,Day,32.6,207.6
Data Center Power,Cooling System Inspection,9,5,51.9,9.99,Rainy,Day,15.2,113.4
Mining,Aggregate Collection,5,8,46.0,3.24,Cloudy,Day,10.9,66.1
Data Center Power,Cooling System Inspection,4,6,19.7,2.3,Cloudy,Day,17.1,61.9
Data Center Power,Emergency Power Deployment,8,8,54.8,2.6,Cloudy,Day,15.0,120.4
Data Center Power,Cooling System Inspection,4,8,6.1,3.57,Sunny,Day,20.9,55.6
Construction,Road Building,5,5,51.0,8.03,Sunny,Night,25.0,365.4
Construction,Road Building,8,8,8.7,6.89,Sunny,Day,24.7,291.7
Construction,Excavation,9,7,46.8,5.61,Sunny,Day,10.7,249.0
Data Center Power,Emergency Power Deployment,6,9,12.4,3.34,Sunny,Night,18.9,88.5
Oil & Gas,Pipeline Pumping,3,9,15.8,5.19,Cloudy,Day,48.0,140.0
Mining,Aggregate Collection,7,10,37.0,6.03,Sunny,Day,23.6,79.8
Mining,Surface Excavation,4,9,63.1,2.26,Rainy,Day,15.4,158.1
Marine & Rail,Locomotive Maintenance,4,7,55.1,7.84,Sunny,Night,25.5,264.6
Mining,Hauling Ore,5,6,32.2,6.41,Rainy,Night,39.3,177.4
Construction,Demolition,5,9,48.6,1.6,Rainy,Night,12.0,188.9
Data Center Power,Cooling System Inspection,7,7,27.4,5.28,Cloudy,Night,20.1,84.3
Data Center Power,Cooling System Inspection,2,8,54.5,1.42,Cloudy,Day,21.8,51.8
Marine & Rail,Tugboat Engine Service,7,7,45.7,13.18,Sunny,Day,9.1,224.0
Mining,Hauling Ore,7,8,35.6,1.29,Sunny,Day,41.4,143.2
Marine & Rail,Rail Network Inspection,2,7,12.8,6.95,Cloudy,Day,24.0,137.6
Marine & Rail,Rail Network Inspection,2,8,45.7,4.43,Cloudy,Day,23.2,140.0
Construction,Foundation Work,3,5,24.0,5.85,Rainy,Day,3.7,243.6
Construction,Foundation Work,4,9,70.4,8.26,Rainy,Day,28.7,236.9
Mining,Drilling,9,9,30.5,2.14,Sunny,Day,19.1,245.2
Data Center Power,Backup Generator Testing,7,7,25.7,7.11,Foggy,Day,20.5,87.9
Marine & Rail,Freight Operations,10,5,86.4,2.22,Foggy,Day,32.7,625.0
Construction,Demolition,5,8,49.8,9.26,Foggy,Night,30.0,237.2
Oil & Gas,Gas Compression Service,2,9,9.4,6.97,Rainy,Night,48.0,169.7
Marine & Rail,Freight Operations,4,10,28.2,7.02,Cloudy,Night,15.5,191.1
Oil & Gas,Well Servicing,7,8,50.1,9.44,Rainy,Day,25.4,356.6
Construction,Road Building,5,9,72.4,7.84,Sunny,Day,11.4,223.9
Mining,Drilling,5,8,40.1,12.0,Sunny,Night,32.5,277.3
Construction,Material Loading,6,8,7.3,1.82,Rainy,Night,22.1,81.9
Mining,Drilling,3,9,13.0,3.62,Sunny,Day,30.1,156.6
Construction,Road Building,5,9,25.6,5.76,Rainy,Day,15.0,226.5
Mining,Hauling Ore,6,8,30.5,5.43,Sunny,Night,23.2,130.9
Oil & Gas,Gas Compression Service,6,9,84.6,5.23,Rainy,Day,18.1,194.1
Mining,Drilling,5,8,43.7,3.65,Rainy,Day,22.3,235.5
Oil & Gas,Pipeline Pumping,6,7,10.7,6.87,Rainy,Day,5.1,153.4
Oil & Gas,Gas Compression Service,8,5,36.7,0.94,Sunny,Day,16.2,268.6
Construction,Foundation Work,9,6,52.6,2.66,Rainy,Night,12.5,432.2
Oil & Gas,Pipeline Pumping,8,7,30.7,3.92,Rainy,Day,22.8,205.7
Data Center Power,Cooling System Inspection,8,9,34.2,3.31,Sunny,Night,20.1,83.4
Construction,Site Preparation,5,8,26.9,4.72,Rainy,Day,11.8,162.4
Mining,Surface Excavation,4,7,45.5,1.88,Sunny,Day,-10.0,141.0
Data Center Power,Emergency Power Deployment,6,9,16.0,1.31,Sunny,Day,24.5,84.0
Mining,Aggregate Collection,6,7,31.4,13.02,Sunny,Night,42.0,101.6
Marine & Rail,Locomotive Maintenance,7,9,71.6,5.22,Sunny,Day,17.1,248.2
Marine & Rail,Tugboat Engine Service,7,8,63.7,4.52,Foggy,Night,12.2,253.9
Mining,Drilling,3,7,33.7,4.15,Sunny,Day,17.7,179.9
Marine & Rail,Locomotive Maintenance,8,8,50.7,8.07,Sunny,Day,7.3,273.9
Mining,Surface Excavation,5,8,13.1,4.68,Rainy,Day,15.5,170.1
Construction,Excavation,5,9,18.2,6.3,Sunny,Night,40.0,193.0
Oil & Gas,Gas Compression Service,4,5,63.0,5.59,Sunny,Night,13.0,227.9
Marine & Rail,Rail Network Inspection,2,5,41.7,6.63,Sunny,Night,5.6,141.7
Oil & Gas,Well Servicing,7,6,64.4,4.67,Rainy,Day,0.7,348.4
Mining,Surface Excavation,3,8,51.1,7.92,Sunny,Day,2.3,135.8
Marine & Rail,Tugboat Engine Service,7,9,30.9,7.86,Foggy,Night,26.0,240.0
Oil & Gas,Well Drilling,3,8,16.6,7.72,Cloudy,Day,9.9,271.6
Marine & Rail,Freight Operations,6,5,27.2,0.73,Foggy,Day,21.8,324.2
Mining,Hauling Ore,6,8,34.3,6.94,Rainy,Day,12.1,129.9
Construction,Road Building,4,7,32.2,5.8,Rainy,Day,15.7,278.0
Oil & Gas,Well Drilling,7,6,29.6,7.57,Sunny,Day,40.6,563.5
Mining,Surface Excavation,2,7,14.0,12.54,Sunny,Day,9.9,138.1
Mining,Aggregate Collection,5,8,45.6,11.55,Sunny,Night,20.1,87.0
Construction,Excavation,4,6,31.4,10.27,Sunny,Night,19.9,216.3
Mining,Drilling,6,8,47.8,5.54,Rainy,Day,21.7,264.4
Mining,Drilling,4,10,45.7,8.09,Cloudy,Night,11.6,171.0
Oil & Gas,Well Servicing,5,8,16.3,5.49,Rainy,Day,31.0,286.3
Construction,Foundation Work,3,8,13.2,4.3,Sunny,Day,20.4,175.8
Construction,Foundation Work,4,7,52.6,3.89,Cloudy,Day,32.3,238.0
Construction,Material Loading,8,8,33.3,1.88,Cloudy,Day,23.8,86.1
Mining,Hauling Ore,2,8,44.6,6.86,Rainy,Day,15.9,97.6
Data Center Power,Emergency Power Deployment,3,5,30.2,3.14,Sunny,Night,19.7,102.5
Oil & Gas,Gas Compression Service,8,7,19.3,7.85,Sunny,Day,31.1,274.3
Construction,Road Building,5,9,18.5,6.32,Sunny,Day,12.2,200.0
Oil & Gas,Gas Compression Service,1,6,48.7,4.87,Rainy,Night,28.9,184.4
Mining,Drilling,3,8,37.6,5.36,Sunny,Day,27.8,189.9
Marine & Rail,Locomotive Maintenance,4,7,50.7,2.41,Foggy,Day,14.5,223.0
Marine & Rail,Freight Operations,4,6,22.3,4.33,Sunny,Day,11.4,201.7
Construction,Excavation,5,6,55.2,3.49,Foggy,Day,39.8,256.2
Mining,Surface Excavation,2,7,27.8,13.24,Sunny,Night,8.8,155.3
Construction,Demolition,5,8,72.2,5.33,Cloudy,Day,33.5,221.6
Construction,Foundation Work,5,7,10.6,10.99,Cloudy,Day,23.2,238.6
Mining,Hauling Ore,4,6,14.9,4.1,Sunny,Night,5.2,102.4
Mining,Drilling,3,6,48.5,7.06,Rainy,Day,42.0,306.4
Oil & Gas,Pipeline Pumping,3,8,24.3,0.51,Cloudy,Night,10.3,117.7
Mining,Aggregate Collection,5,4,75.1,5.63,Cloudy,Day,40.4,108.9
Oil & Gas,Pipeline Pumping,4,8,35.1,9.0,Sunny,Day,39.0,178.2
Marine & Rail,Locomotive Maintenance,5,5,18.1,7.7,Foggy,Day,29.5,322.8
Oil & Gas,Pipeline Pumping,3,7,75.7,3.18,Foggy,Day,15.4,142.9
Construction,Foundation Work,7,8,22.7,3.36,Sunny,Night,-1.4,234.2
Mining,Surface Excavation,6,6,20.9,7.5,Sunny,Day,12.0,195.6
Data Center Power,Emergency Power Deployment,7,5,35.0,4.0,Cloudy,Night,20.1,152.4
Mining,Aggregate Collection,6,9,23.0,6.74,Sunny,Night,42.0,92.8
Mining,Aggregate Collection,7,7,70.6,8.83,Sunny,Day,-6.1,86.8
Construction,Foundation Work,6,6,40.8,7.19,Sunny,Day,0.6,251.0
Data Center Power,Cooling System Inspection,3,8,38.8,12.26,Rainy,Day,22.5,59.8
Data Center Power,Cooling System Inspection,3,9,64.2,4.4,Cloudy,Day,21.8,54.9
Construction,Site Preparation,3,10,24.9,6.87,Cloudy,Day,22.2,124.6
Construction,Road Building,7,5,16.5,1.84,Sunny,Day,38.6,386.2
Mining,Surface Excavation,8,5,8.4,3.3,Sunny,Night,16.1,251.9
Marine & Rail,Freight Operations,4,6,45.2,3.15,Cloudy,Night,32.7,276.0
Mining,Aggregate Collection,3,8,61.0,2.67,Cloudy,Day,1.4,55.0
Oil & Gas,Pipeline Pumping,3,7,46.1,7.94,Sunny,Day,15.4,139.2
Data Center Power,Cooling System Inspection,5,8,32.3,5.23,Sunny,Night,22.1,69.9
Construction,Foundation Work,8,9,14.7,8.33,Sunny,Day,13.6,215.7
Mining,Aggregate Collection,8,8,4.8,5.28,Rainy,Night,18.7,99.1
Construction,Excavation,6,6,17.7,2.92,Cloudy,Night,10.9,210.2
Marine & Rail,Locomotive Maintenance,6,6,43.9,6.7,Cloudy,Night,11.4,290.8
Mining,Surface Excavation,6,9,39.3,6.72,Sunny,Night,35.9,201.3
Oil & Gas,Well Servicing,6,7,10.1,2.15,Rainy,Night,40.6,360.7
Oil & Gas,Gas Compression Service,3,9,37.7,6.84,Sunny,Day,17.2,138.3
Oil & Gas,Pipeline Pumping,6,7,25.3,11.46,Cloudy,Day,-0.2,163.9
Oil & Gas,Well Servicing,4,6,45.7,5.91,Cloudy,Day,44.6,306.4
Data Center Power,Backup Generator Testing,5,8,51.6,3.8,Cloudy,Day,19.2,71.3
Marine & Rail,Locomotive Maintenance,4,9,12.3,0.89,Sunny,Night,11.5,164.8
Data Center Power,Generator Maintenance,7,6,50.2,3.88,Cloudy,Night,16.7,152.7
Mining,Hauling Ore,9,8,17.8,11.97,Foggy,Day,16.0,184.5
Oil & Gas,Pipeline Pumping,7,9,62.7,3.45,Sunny,Night,6.1,171.6
Mining,Aggregate Collection,6,9,26.6,6.44,Sunny,Night,17.2,76.0
Construction,Road Building,8,8,33.9,6.82,Cloudy,Night,21.0,344.6
Oil & Gas,Gas Compression Service,5,6,50.2,3.22,Sunny,Day,13.0,197.0
Marine & Rail,Locomotive Maintenance,7,7,21.5,8.17,Foggy,Night,21.3,324.7
Mining,Aggregate Collection,3,6,35.9,0.7,Cloudy,Day,5.7,59.8
Mining,Hauling Ore,5,9,34.5,11.45,Rainy,Night,26.1,148.6
Marine & Rail,Rail Network Inspection,6,8,9.1,1.78,Sunny,Day,26.6,173.5
Marine & Rail,Tugboat Engine Service,4,9,39.4,9.68,Sunny,Night,5.4,140.8
Construction,Foundation Work,6,9,32.6,6.92,Rainy,Day,21.6,232.4
Construction,Demolition,6,7,7.6,4.56,Sunny,Night,21.1,215.7
Marine & Rail,Tugboat Engine Service,5,9,20.9,9.61,Cloudy,Night,26.0,178.2
Construction,Foundation Work,1,7,27.4,3.27,Sunny,Day,24.2,166.5
Construction,Foundation Work,1,6,12.9,8.0,Sunny,Night,6.0,174.0
Data Center Power,Backup Generator Testing,6,9,16.0,1.9,Sunny,Day,24.1,67.0
Mining,Drilling,6,9,62.3,1.31,Rainy,Day,7.9,209.5
Marine & Rail,Rail Network Inspection,3,7,11.8,6.91,Cloudy,Day,25.0,149.4
Marine & Rail,Freight Operations,6,6,55.4,3.38,Foggy,Night,15.2,330.8
Oil & Gas,Gas Compression Service,4,9,45.6,5.87,Cloudy,Day,35.6,180.5
Construction,Material Loading,5,6,19.9,3.11,Cloudy,Day,7.8,64.4
Data Center Power,Emergency Power Deployment,2,7,58.9,6.7,Rainy,Day,19.1,85.1
Data Center Power,Emergency Power Deployment,6,5,36.9,3.55,Sunny,Day,20.1,123.7
Mining,Surface Excavation,3,8,77.0,4.55,Sunny,Day,12.2,138.2
Mining,Hauling Ore,4,4,61.1,12.2,Sunny,Day,12.4,131.2
Oil & Gas,Gas Compression Service,3,7,68.5,11.32,Rainy,Day,41.8,232.2
Data Center Power,Backup Generator Testing,8,7,43.7,2.95,Sunny,Night,26.7,101.4
Mining,Hauling Ore,7,9,50.2,6.77,Sunny,Day,14.4,124.8
Data Center Power,Cooling System Inspection,6,2,64.6,5.7,Sunny,Day,21.4,94.3
Construction,Road Building,6,7,23.5,2.75,Sunny,Day,29.5,280.8
Mining,Drilling,2,7,46.2,10.24,Cloudy,Day,2.7,173.3
Mining,Aggregate Collection,4,8,12.4,3.49,Sunny,Day,11.4,58.6
Construction,Foundation Work,3,4,27.3,11.16,Cloudy,Day,20.8,261.8
Construction,Material Loading,8,5,17.9,8.19,Sunny,Day,21.2,93.0
Construction,Road Building,2,6,59.6,5.18,Sunny,Day,29.8,256.7
Construction,Excavation,6,7,29.7,4.62,Sunny,Night,23.0,216.3
Oil & Gas,Well Drilling,9,7,28.1,4.66,Rainy,Day,7.1,525.5
Oil & Gas,Well Servicing,1,9,18.5,14.65,Sunny,Day,17.7,156.8
Marine & Rail,Rail Network Inspection,8,6,35.4,8.29,Rainy,Night,15.7,283.9
Marine & Rail,Freight Operations,7,9,29.0,7.7,Cloudy,Night,21.9,275.0
Data Center Power,Generator Maintenance,8,7,15.2,7.11,Sunny,Day,22.7,137.9
Oil & Gas,Gas Compression Service,9,5,53.2,2.86,Sunny,Night,48.0,425.5
Construction,Demolition,6,9,30.5,2.78,Rainy,Night,13.0,194.0
Mining,Drilling,5,5,47.7,9.72,Sunny,Day,24.5,301.4
Mining,Surface Excavation,6,7,33.6,10.46,Cloudy,Day,15.0,210.3
Construction,Excavation,6,9,62.8,7.53,Sunny,Day,26.3,189.5
Mining,Surface Excavation,4,7,65.6,5.8,Rainy,Day,19.7,200.8
Oil & Gas,Well Drilling,6,9,63.8,4.42,Sunny,Day,29.9,371.4
Oil & Gas,Well Servicing,7,8,65.9,6.9,Sunny,Night,15.3,318.5
Mining,Hauling Ore,6,9,30.5,7.6,Sunny,Day,36.3,130.3
Marine & Rail,Freight Operations,6,4,19.7,7.48,Cloudy,Day,10.9,258.0
Oil & Gas,Well Servicing,8,7,24.7,3.77,Foggy,Day,43.8,374.2
Construction,Site Preparation,3,7,41.5,5.96,Foggy,Day,12.7,135.0
Oil & Gas,Well Servicing,4,8,47.6,14.18,Sunny,Night,31.6,306.0
Marine & Rail,Locomotive Maintenance,6,8,64.5,2.14,Rainy,Day,35.2,286.2
Mining,Drilling,7,8,28.0,12.73,Sunny,Day,9.9,248.0
Marine & Rail,Locomotive Maintenance,8,5,19.0,4.9,Foggy,Day,26.7,369.9
Data Center Power,Emergency Power Deployment,2,5,56.5,3.79,Rainy,Day,15.9,97.5
Construction,Foundation Work,4,9,13.8,7.78,Sunny,Day,27.2,178.4
Oil & Gas,Well Servicing,1,8,36.5,1.0,Sunny,Day,48.0,180.7
Marine & Rail,Freight Operations,6,5,27.4,1.25,Cloudy,Day,1.4,232.7
Marine & Rail,Rail Network Inspection,2,4,24.6,15.93,Sunny,Day,13.6,150.7
Mining,Drilling,5,7,17.8,9.79,Rainy,Day,14.2,254.1
Marine & Rail,Tugboat Engine Service,10,7,19.3,5.21,Rainy,Day,7.0,232.2
Oil & Gas,Well Drilling,5,9,38.6,7.09,Foggy,Night,45.7,421.3
Construction,Road Building,1,8,35.4,16.9,Foggy,Day,33.2,246.7
Mining,Surface Excavation,8,8,44.5,2.94,Cloudy,Day,12.9,203.4
Construction,Demolition,5,7,19.7,6.86,Foggy,Night,24.0,229.1
Mining,Hauling Ore,7,8,50.6,5.22,Cloudy,Day,19.1,134.3
Mining,Drilling,4,7,22.5,5.44,Cloudy,Night,33.2,247.9
Construction,Foundation Work,4,9,12.1,8.43,Sunny,Day,6.4,157.8
Data Center Power,Emergency Power Deployment,6,3,24.9,3.6,Cloudy,Day,17.8,143.8
Mining,Aggregate Collection,4,6,59.7,6.23,Rainy,Day,31.7,93.8
Oil & Gas,Well Drilling,7,10,34.7,4.31,Sunny,Day,26.5,338.2
Mining,Drilling,6,7,30.1,11.15,Rainy,Night,13.9,300.1
Construction,Road Building,7,7,51.5,9.14,Cloudy,Day,40.0,412.0
Marine & Rail,Tugboat Engine Service,6,6,52.3,0.47,Cloudy,Day,25.6,221.6
Construction,Road Building,10,8,55.3,5.03,Cloudy,Night,40.0,504.8
Marine & Rail,Locomotive Maintenance,6,7,23.3,2.42,Sunny,Day,31.1,263.9
Mining,Surface Excavation,6,9,32.7,13.4,Rainy,Night,19.1,224.8
Marine & Rail,Freight Operations,3,6,14.4,7.9,Cloudy,Night,10.1,205.4
Marine & Rail,Rail Network Inspection,8,10,42.0,12.55,Sunny,Night,18.5,218.5
Construction,Excavation,7,7,16.3,6.66,Sunny,Day,9.2,197.0
Data Center Power,Emergency Power Deployment,1,7,7.7,9.7,Sunny,Day,17.9,73.3
Construction,Foundation Work,1,5,33.7,3.09,Cloudy,Day,16.3,189.8
Mining,Drilling,10,5,18.7,5.17,Sunny,Night,23.9,401.5
Oil & Gas,Pipeline Pumping,7,7,41.8,5.33,Sunny,Day,15.2,190.1
Data Center Power,Emergency Power Deployment,3,8,62.2,3.43,Sunny,Day,21.8,83.5
Oil & Gas,Pipeline Pumping,5,10,45.0,3.64,Sunny,Day,31.5,152.3
Data Center Power,Emergency Power Deployment,7,5,38.1,4.07,Cloudy,Night,22.2,156.3
Construction,Material Loading,1,7,50.8,5.22,Cloudy,Night,6.0,54.1
Oil & Gas,Well Servicing,8,6,41.3,1.81,Rainy,Night,17.9,421.4
Data Center Power,Backup Generator Testing,5,7,61.9,4.79,Sunny,Day,21.2,73.6
Mining,Hauling Ore,4,7,2.5,4.11,Cloudy,Day,42.0,119.8
Oil & Gas,Well Servicing,6,10,35.9,10.8,Cloudy,Night,29.5,256.6
Marine & Rail,Tugboat Engine Service,5,9,12.2,3.92,Sunny,Night,24.4,158.9
Construction,Foundation Work,8,8,43.2,11.93,Rainy,Night,22.4,360.6
Data Center Power,Cooling System Inspection,7,5,36.5,3.07,Sunny,Night,20.3,90.9
Construction,Road Building,2,5,23.5,5.28,Cloudy,Day,21.1,246.8
Mining,Drilling,6,8,53.5,5.85,Sunny,Day,28.8,245.1
Oil & Gas,Pipeline Pumping,4,6,12.2,2.39,Rainy,Day,34.9,164.5
Mining,Drilling,4,8,55.9,3.62,Cloudy,Day,19.2,193.9
Marine & Rail,Rail Network Inspection,6,9,81.5,8.15,Rainy,Day,21.4,219.9
Mining,Hauling Ore,6,6,11.4,6.3,Cloudy,Day,29.1,129.8
Oil & Gas,Gas Compression Service,3,7,26.2,3.84,Cloudy,Day,4.7,147.0
Construction,Site Preparation,6,9,30.9,3.89,Sunny,Day,23.3,153.7
Mining,Drilling,9,8,10.7,4.14,Sunny,Day,22.8,250.4
Construction,Excavation,3,4,46.8,2.05,Sunny,Day,9.2,189.3
Oil & Gas,Well Servicing,9,9,16.3,4.16,Sunny,Night,39.5,329.5
Construction,Excavation,5,8,42.9,8.04,Rainy,Night,8.6,206.2
Data Center Power,Backup Generator Testing,4,9,68.9,7.78,Rainy,Day,18.0,67.6
Marine & Rail,Locomotive Maintenance,7,8,29.4,8.27,Rainy,Day,26.4,289.9
Oil & Gas,Pipeline Pumping,7,7,21.2,5.84,Cloudy,Day,19.8,183.9
Mining,Hauling Ore,2,8,47.9,12.08,Sunny,Day,18.6,97.9
Mining,Hauling Ore,3,6,30.6,2.27,Rainy,Day,10.7,103.9
Data Center Power,Emergency Power Deployment,5,7,53.5,3.74,Sunny,Night,17.7,104.0
Construction,Road Building,6,8,55.5,3.3,Rainy,Day,27.9,317.8
Oil & Gas,Pipeline Pumping,5,7,67.6,11.39,Sunny,Day,31.2,202.1
Mining,Surface Excavation,2,8,13.7,11.96,Rainy,Night,8.6,154.1
Oil & Gas,Gas Compression Service,6,8,51.8,5.06,Sunny,Day,29.2,218.2
Construction,Road Building,4,5,8.9,5.64,Rainy,Day,13.0,296.8
Mining,Surface Excavation,2,7,46.8,6.83,Sunny,Day,29.7,163.7
Oil & Gas,Gas Compression Service,3,8,43.2,0.58,Sunny,Night,-8.0,137.9
Marine & Rail,Rail Network Inspection,5,7,35.1,10.23,Sunny,Night,4.1,172.8
Data Center Power,Emergency Power Deployment,4,8,20.6,5.6,Rainy,Night,24.0,97.7
Data Center Power,Backup Generator Testing,6,9,39.4,7.29,Cloudy,Day,20.1,72.0
Construction,Foundation Work,5,8,24.6,6.42,Rainy,Day,40.0,288.6
Mining,Hauling Ore,3,9,25.5,6.37,Rainy,Day,11.2,95.5
Oil & Gas,Gas Compression Service,4,7,49.4,11.25,Rainy,Day,43.2,245.5
Oil & Gas,Well Servicing,7,9,70.1,7.05,Sunny,Night,12.1,282.3
Marine & Rail,Rail Network Inspection,7,7,13.3,7.37,Sunny,Day,13.6,187.0
Construction,Demolition,5,7,39.1,6.06,Foggy,Day,2.2,194.2
Mining,Aggregate Collection,4,9,83.6,3.32,Sunny,Day,15.5,65.1
Oil & Gas,Well Servicing,9,3,7.9,5.92,Sunny,Day,27.4,440.8
Mining,Hauling Ore,4,7,43.1,1.13,Cloudy,Night,18.4,111.8
Construction,Foundation Work,2,7,11.8,6.64,Rainy,Day,27.4,208.7
Construction,Demolition,3,6,43.3,7.42,Cloudy,Day,-3.4,172.6
Construction,Site Preparation,9,9,21.6,3.19,Cloudy,Night,27.4,226.1
Marine & Rail,Tugboat Engine Service,7,7,55.2,2.77,Sunny,Night,12.5,218.7
Oil & Gas,Pipeline Pumping,5,6,29.2,8.91,Sunny,Day,20.5,178.5
Data Center Power,Cooling System Inspection,5,9,16.1,7.14,Sunny,Day,23.2,60.5
Oil & Gas,Well Drilling,4,8,32.6,8.53,Sunny,Day,16.2,321.1
Mining,Hauling Ore,3,4,51.2,2.7,Sunny,Day,11.8,104.1
Data Center Power,Backup Generator Testing,7,9,10.5,1.28,Sunny,Day,23.4,71.5
Construction,Road Building,2,9,7.8,4.07,Sunny,Day,11.3,148.9
Oil & Gas,Pipeline Pumping,5,5,35.9,0.76,Cloudy,Day,10.8,149.1
Mining,Surface Excavation,4,5,9.4,2.64,Cloudy,Day,12.9,174.8
Marine & Rail,Freight Operations,4,10,15.6,2.53,Sunny,Night,9.9,176.4
Marine & Rail,Rail Network Inspection,3,9,69.2,5.88,Sunny,Day,8.6,133.9
Construction,Foundation Work,2,7,40.5,3.27,Sunny,Day,13.6,178.6
Marine & Rail,Locomotive Maintenance,3,8,16.0,7.92,Foggy,Night,22.0,205.1
Mining,Drilling,4,7,40.2,11.13,Rainy,Night,8.6,257.4
Mining,Aggregate Collection,1,6,11.2,13.14,Sunny,Day,21.9,57.1
Construction,Foundation Work,7,9,17.0,9.77,Rainy,Day,16.4,249.6
Mining,Aggregate Collection,6,8,34.3,5.73,Sunny,Day,22.6,78.5
Marine & Rail,Rail Network Inspection,3,7,59.1,4.56,Cloudy,Night,9.8,159.1
Oil & Gas,Pipeline Pumping,6,9,9.9,11.08,Cloudy,Day,21.0,164.9
Construction,Material Loading,10,8,37.1,10.85,Cloudy,Day,27.3,116.8
Construction,Foundation Work,7,9,13.4,10.1,Sunny,Day,30.2,239.5
Mining,Drilling,9,9,25.1,13.25,Sunny,Night,13.5,284.7
Marine & Rail,Locomotive Maintenance,3,8,43.3,10.59,Sunny,Night,33.4,249.6
Construction,Site Preparation,4,7,12.6,6.48,Cloudy,Day,12.8,143.9
Data Center Power,Emergency Power Deployment,3,8,20.9,4.56,Sunny,Night,23.5,81.3
Construction,Demolition,7,5,7.9,4.04,Rainy,Day,17.7,274.3
Construction,Foundation Work,6,7,57.2,12.54,Sunny,Day,39.7,321.4
Marine & Rail,Rail Network Inspection,4,7,43.0,7.4,Sunny,Day,6.5,152.1
Construction,Road Building,8,9,57.2,2.28,Sunny,Day,10.7,264.6
Data Center Power,Generator Maintenance,4,5,65.3,4.0,Cloudy,Night,25.5,143.6
Data Center Power,Backup Generator Testing,7,10,49.0,3.73,Cloudy,Day,20.9,77.9
Oil & Gas,Gas Compression Service,6,7,20.1,10.88,Rainy,Night,7.0,222.9
Construction,Demolition,5,8,38.2,8.87,Sunny,Day,7.3,173.8
Mining,Aggregate Collection,4,6,12.5,7.55,Foggy,Day,4.5,66.2
Mining,Drilling,5,10,40.2,14.78,Foggy,Day,14.2,194.5
Oil & Gas,Well Drilling,8,8,24.6,8.18,Cloudy,Day,34.9,506.6
Marine & Rail,Freight Operations,3,5,19.9,7.57,Sunny,Night,3.1,197.1
Construction,Demolition,4,5,57.5,8.44,Sunny,Day,23.7,238.5
Oil & Gas,Pipeline Pumping,6,8,65.6,8.82,Foggy,Day,31.2,209.6
Oil & Gas,Well Servicing,1,6,25.4,7.36,Sunny,Day,11.6,192.4
Marine & Rail,Rail Network Inspection,7,8,30.8,10.54,Sunny,Night,10.3,198.2
Data Center Power,Emergency Power Deployment,7,7,43.8,5.01,Sunny,Night,22.4,131.5
Marine & Rail,Rail Network Inspection,3,9,25.3,4.02,Sunny,Day,0.1,114.0
Mining,Aggregate Collection,4,6,36.6,2.23,Rainy,Day,13.6,80.3
Mining,Hauling Ore,3,9,37.6,6.23,Sunny,Day,12.6,85.1
Mining,Drilling,5,8,26.9,11.7,Sunny,Day,29.3,232.5
Oil & Gas,Gas Compression Service,4,7,36.3,7.44,Sunny,Night,48.0,233.4
Oil & Gas,Gas Compression Service,6,7,21.4,5.87,Sunny,Day,17.6,204.2
Marine & Rail,Locomotive Maintenance,5,6,20.8,9.49,Cloudy,Day,31.4,296.9
Data Center Power,Emergency Power Deployment,6,9,17.1,9.01,Sunny,Night,20.6,97.5
Construction,Road Building,9,8,28.3,6.69,Sunny,Day,19.0,325.7
Mining,Aggregate Collection,5,8,31.8,2.6,Sunny,Day,6.4,62.9
Marine & Rail,Rail Network Inspection,3,8,39.7,2.29,Sunny,Night,25.8,161.6
Mining,Aggregate Collection,1,8,47.0,2.83,Cloudy,Night,27.1,61.6
Data Center Power,Generator Maintenance,6,7,37.4,6.14,Sunny,Day,18.7,122.5
Mining,Surface Excavation,3,9,38.4,7.73,Cloudy,Day,-4.1,116.7
Data Center Power,Backup Generator Testing,6,9,11.0,6.07,Cloudy,Day,21.9,67.5
Oil & Gas,Pipeline Pumping,4,7,72.7,2.24,Rainy,Night,35.0,190.0
Marine & Rail,Rail Network Inspection,8,8,29.2,5.76,Sunny,Day,12.2,193.6
Data Center Power,Backup Generator Testing,8,9,33.8,8.43,Sunny,Day,20.5,87.0
Construction,Demolition,4,6,8.4,2.22,Rainy,Day,15.1,198.5
Marine & Rail,Locomotive Maintenance,3,5,37.6,1.78,Cloudy,Day,31.9,264.9
Marine & Rail,Rail Network Inspection,6,9,26.4,10.03,Sunny,Day,22.0,180.8
Mining,Surface Excavation,5,6,50.4,4.22,Rainy,Day,27.1,235.6
Marine & Rail,Rail Network Inspection,7,9,9.8,7.13,Sunny,Day,23.2,179.0
Data Center Power,Backup Generator Testing,8,10,32.4,1.99,Cloudy,Day,17.0,76.8
Mining,Drilling,10,7,22.4,8.28,Sunny,Day,10.3,303.6
Mining,Drilling,7,7,35.0,12.7,Rainy,Day,42.0,394.5
Marine & Rail,Rail Network Inspection,7,8,11.1,5.48,Sunny,Day,12.2,168.7
Marine & Rail,Locomotive Maintenance,7,7,28.6,11.33,Cloudy,Day,7.9,276.4
Data Center Power,Cooling System Inspection,7,8,60.0,7.06,Cloudy,Day,20.1,83.8
Oil & Gas,Well Drilling,4,6,20.2,11.97,Sunny,Day,-8.2,347.9
Oil & Gas,Well Drilling,6,6,40.7,9.09,Sunny,Night,48.0,581.6
Construction,Excavation,9,6,69.9,4.11,Sunny,Day,33.1,351.1
Data Center Power,Backup Generator Testing,8,7,8.7,9.46,Rainy,Day,20.3,90.2
Marine & Rail,Locomotive Maintenance,1,7,60.9,9.66,Sunny,Day,18.1,184.0
Oil & Gas,Gas Compression Service,8,8,39.1,7.38,Sunny,Day,10.1,220.8
Mining,Aggregate Collection,2,9,79.1,8.89,Cloudy,Night,5.1,58.6
Mining,Aggregate Collection,2,5,82.9,7.5,Sunny,Day,24.5,72.8
Data Center Power,Emergency Power Deployment,4,6,33.6,8.84,Sunny,Day,23.8,104.8
Construction,Road Building,5,8,42.2,4.11,Sunny,Day,19.1,235.5
Mining,Surface Excavation,5,9,16.8,5.08,Sunny,Day,16.0,136.3
Mining,Hauling Ore,8,6,9.8,7.15,Sunny,Day,12.4,132.8
Marine & Rail,Freight Operations,8,8,15.7,4.59,Foggy,Night,1.1,299.1
Marine & Rail,Freight Operations,5,5,22.9,12.69,Rainy,Day,8.9,272.8
Construction,Road Building,9,7,64.3,4.73,Sunny,Day,3.1,368.7
Marine & Rail,Locomotive Maintenance,5,4,37.3,8.35,Foggy,Day,27.3,340.8
Construction,Material Loading,4,7,34.1,12.14,Sunny,Day,17.2,70.4
Mining,Hauling Ore,7,7,42.9,4.08,Foggy,Night,8.7,169.2
Construction,Excavation,6,7,7.9,6.86,Sunny,Day,28.1,205.2
Oil & Gas,Well Drilling,9,7,23.6,7.74,Sunny,Day,36.8,578.8
Marine & Rail,Locomotive Maintenance,10,9,11.5,6.76,Rainy,Night,13.5,273.8
Construction,Road Building,9,7,11.2,9.39,Sunny,Day,19.8,348.0
Oil & Gas,Well Drilling,5,9,27.6,7.06,Sunny,Day,16.1,297.4
Construction,Road Building,4,9,34.4,5.55,Cloudy,Day,16.0,205.1
Construction,Site Preparation,3,7,71.4,12.54,Sunny,Night,10.5,173.3
Mining,Drilling,3,9,21.5,10.82,Cloudy,Night,24.3,195.3
Data Center Power,Cooling System Inspection,8,8,12.0,11.52,Sunny,Day,20.1,79.6
Construction,Demolition,7,4,64.2,1.04,Sunny,Day,11.6,281.1
Marine & Rail,Locomotive Maintenance,5,9,33.2,8.75,Cloudy,Day,21.7,209.7
Oil & Gas,Well Servicing,9,5,7.8,3.6,Sunny,Day,30.1,393.7
Construction,Foundation Work,6,8,27.6,4.93,Sunny,Day,17.8,220.8
Marine & Rail,Freight Operations,6,8,49.8,2.26,Sunny,Day,29.3,252.6
Oil & Gas,Pipeline Pumping,2,9,94.0,2.43,Sunny,Night,37.9,152.8
Marine & Rail,Rail Network Inspection,5,9,31.9,1.61,Cloudy,Night,14.6,163.6
Construction,Excavation,3,10,58.6,3.05,Sunny,Day,19.3,118.9
Construction,Excavation,5,7,57.6,7.43,Cloudy,Day,15.0,192.2
Marine & Rail,Freight Operations,5,9,38.8,5.75,Rainy,Night,21.5,261.1
Mining,Aggregate Collection,7,6,12.9,8.41,Sunny,Day,21.4,86.4
Construction,Site Preparation,5,9,41.3,10.67,Cloudy,Day,23.5,175.6
Mining,Drilling,6,5,13.7,1.62,Cloudy,Day,16.7,252.2
Data Center Power,Cooling System Inspection,3,9,17.7,3.13,Sunny,Day,21.6,51.2
Data Center Power,Backup Generator Testing,3,6,27.8,6.2,Sunny,Day,23.8,65.7
Marine & Rail,Freight Operations,7,9,43.9,5.19,Sunny,Night,24.1,289.8
Data Center Power,Emergency Power Deployment,3,8,55.8,5.7,Cloudy,Day,22.9,84.2
Mining,Surface Excavation,5,4,23.7,3.13,Rainy,Day,18.6,246.0
Oil & Gas,Gas Compression Service,4,7,35.5,3.79,Foggy,Day,29.0,197.7
Oil & Gas,Gas Compression Service,7,7,31.6,2.43,Cloudy,Day,33.2,246.9
Mining,Hauling Ore,8,8,24.8,6.06,Rainy,Day,2.8,140.4
Marine & Rail,Locomotive Maintenance,1,8,36.5,6.06,Cloudy,Night,29.6,188.7
Construction,Foundation Work,4,9,29.0,3.34,Rainy,Day,25.5,209.6
Construction,Foundation Work,7,9,47.2,2.84,Sunny,Day,31.0,255.8
Marine & Rail,Tugboat Engine Service,5,7,24.1,8.36,Rainy,Night,4.7,182.5
Mining,Hauling Ore,7,8,5.0,5.37,Cloudy,Day,27.8,127.0
Oil & Gas,Pipeline Pumping,6,9,20.7,14.09,Rainy,Day,23.2,184.7
Oil & Gas,Well Drilling,7,9,40.6,7.07,Sunny,Night,48.0,462.9
Data Center Power,Emergency Power Deployment,9,9,87.0,8.53,Sunny,Day,24.7,152.9
Marine & Rail,Locomotive Maintenance,9,9,63.3,15.27,Sunny,Day,15.7,330.8
Oil & Gas,Well Servicing,5,7,36.9,4.5,Cloudy,Day,11.8,245.1
Data Center Power,Cooling System Inspection,4,6,11.0,5.87,Foggy,Day,24.5,65.5
Construction,Site Preparation,5,6,60.9,7.35,Cloudy,Day,15.6,185.2
Data Center Power,Backup Generator Testing,4,10,36.6,2.93,Cloudy,Day,24.0,60.9
Mining,Hauling Ore,5,9,57.6,1.75,Cloudy,Day,30.2,114.7
Oil & Gas,Well Servicing,5,7,42.1,4.83,Foggy,Night,27.8,299.6
Construction,Site Preparation,6,6,40.2,4.05,Cloudy,Day,10.9,175.4
Construction,Foundation Work,1,6,31.4,1.18,Sunny,Day,31.1,187.2
Construction,Foundation Work,10,8,21.4,10.58,Sunny,Day,24.3,314.5
Data Center Power,Emergency Power Deployment,7,7,32.9,1.15,Rainy,Night,19.8,121.9
Marine & Rail,Rail Network Inspection,4,9,14.5,15.69,Sunny,Night,13.4,155.7
Mining,Surface Excavation,4,4,18.5,13.39,Rainy,Day,0.6,241.8
Marine & Rail,Rail Network Inspection,6,6,3.9,8.5,Sunny,Day,15.5,170.7
Construction,Foundation Work,7,8,17.2,5.84,Sunny,Night,6.9,228.8
Construction,Excavation,5,5,17.5,5.89,Sunny,Day,22.0,218.7
Construction,Demolition,4,7,25.6,5.93,Sunny,Day,20.5,183.5
Construction,Foundation Work,5,7,41.3,13.82,Cloudy,Night,25.9,277.7
Mining,Drilling,4,9,48.8,5.58,Cloudy,Day,8.3,168.6
Marine & Rail,Tugboat Engine Service,3,9,50.6,3.5,Cloudy,Day,15.4,126.6
Construction,Road Building,1,7,40.6,13.21,Cloudy,Night,19.5,223.7
Construction,Excavation,7,7,25.7,7.83,Sunny,Day,28.4,237.4
Marine & Rail,Tugboat Engine Service,5,6,6.0,3.44,Rainy,Night,21.6,202.6
Mining,Hauling Ore,5,6,15.6,3.82,Sunny,Night,30.5,131.6
Oil & Gas,Pipeline Pumping,4,8,26.0,5.56,Sunny,Day,18.9,136.8
Marine & Rail,Freight Operations,6,9,40.2,8.72,Sunny,Night,22.3,256.8
Construction,Demolition,6,7,14.8,8.09,Sunny,Day,31.7,227.6
Mining,Hauling Ore,7,7,23.6,2.39,Rainy,Day,42.0,165.1
Mining,Surface Excavation,2,9,25.1,3.02,Cloudy,Day,18.8,114.8
Marine & Rail,Tugboat Engine Service,6,7,45.5,14.67,Rainy,Night,18.7,245.3
Construction,Foundation Work,5,9,18.6,11.45,Rainy,Day,22.7,213.1
Oil & Gas,Well Servicing,8,6,31.8,3.92,Rainy,Day,19.9,378.3
Construction,Site Preparation,4,10,41.4,1.85,Cloudy,Day,19.5,128.8
Construction,Foundation Work,9,9,46.3,7.9,Rainy,Day,32.1,358.4
Construction,Road Building,4,10,22.5,10.23,Cloudy,Day,9.9,178.4
Construction,Excavation,9,9,18.4,5.56,Cloudy,Night,1.1,202.7
Construction,Foundation Work,7,9,30.6,3.58,Foggy,Day,24.6,228.9
Oil & Gas,Well Servicing,8,6,52.0,4.71,Sunny,Day,33.1,422.4
Oil & Gas,Well Drilling,7,9,51.4,2.23,Rainy,Day,-1.0,356.2
Construction,Demolition,4,9,6.9,2.22,Rainy,Day,25.3,164.3
Construction,Excavation,5,8,46.7,4.0,Sunny,Day,34.9,190.3
Marine & Rail,Freight Operations,7,7,12.7,9.47,Sunny,Day,12.6,251.7
Construction,Foundation Work,5,9,25.0,5.1,Cloudy,Day,8.4,177.1
Oil & Gas,Pipeline Pumping,5,6,34.1,6.95,Sunny,Day,38.6,198.3
Oil & Gas,Pipeline Pumping,2,9,34.5,8.46,Cloudy,Day,18.2,118.1
Mining,Drilling,7,5,31.1,7.13,Sunny,Night,23.7,351.3
Construction,Material Loading,8,7,21.5,11.26,Rainy,Day,19.3,109.6
Construction,Road Building,5,4,16.2,4.51,Sunny,Day,26.4,323.5
Marine & Rail,Locomotive Maintenance,4,8,57.0,14.71,Foggy,Day,10.7,229.0
Marine & Rail,Freight Operations,6,4,78.0,8.76,Foggy,Day,8.8,345.8
Data Center Power,Emergency Power Deployment,6,9,27.0,3.47,Sunny,Night,21.1,93.4
Marine & Rail,Freight Operations,4,8,20.7,4.89,Sunny,Day,15.4,189.0
Marine & Rail,Rail Network Inspection,6,7,22.0,10.15,Rainy,Day,5.9,191.1
Oil & Gas,Well Servicing,1,7,28.2,6.77,Rainy,Day,34.3,236.0
Oil & Gas,Gas Compression Service,8,9,45.3,10.36,Cloudy,Day,34.4,271.9
Mining,Aggregate Collection,9,10,14.7,5.34,Rainy,Day,14.5,91.3
Marine & Rail,Rail Network Inspection,7,7,14.3,8.41,Sunny,Day,13.9,184.7
Mining,Surface Excavation,8,9,69.6,3.66,Cloudy,Day,19.9,200.4
Data Center Power,Generator Maintenance,5,8,86.7,4.0,Sunny,Day,20.4,111.2
Mining,Drilling,6,8,31.1,0.81,Cloudy,Day,16.6,202.5
Marine & Rail,Tugboat Engine Service,1,6,23.3,8.9,Sunny,Day,14.3,142.4
Construction,Foundation Work,6,8,33.7,2.08,Sunny,Night,16.6,229.9
Oil & Gas,Well Drilling,6,7,4.4,10.0,Sunny,Night,32.9,475.9
Oil & Gas,Gas Compression Service,3,8,59.9,8.39,Sunny,Day,34.1,189.4
Marine & Rail,Tugboat Engine Service,4,9,11.6,3.64,Foggy,Day,23.7,166.6
Data Center Power,Generator Maintenance,7,8,2.9,2.04,Sunny,Night,22.5,113.0
Oil & Gas,Well Servicing,6,7,12.6,4.93,Foggy,Night,32.3,330.6
Construction,Road Building,9,4,29.0,3.66,Sunny,Day,38.5,503.1
Data Center Power,Backup Generator Testing,9,7,55.3,3.5,Sunny,Day,19.2,104.8
Data Center Power,Generator Maintenance,6,7,48.8,6.2,Rainy,Day,24.9,134.5
Data Center Power,Cooling System Inspection,10,10,3.5,2.91,Sunny,Day,24.8,76.1
Mining,Surface Excavation,8,5,41.7,12.51,Cloudy,Day,23.6,326.0
Mining,Aggregate Collection,7,9,21.5,7.49,Sunny,Night,20.5,84.2
Construction,Foundation Work,8,9,32.5,1.31,Sunny,Night,27.7,265.5
Data Center Power,Cooling System Inspection,4,7,30.6,1.76,Rainy,Night,25.0,68.4
Mining,Drilling,3,10,18.1,4.99,Rainy,Night,12.8,158.6
Oil & Gas,Pipeline Pumping,4,9,51.3,5.03,Cloudy,Night,48.0,185.3
Mining,Surface Excavation,5,6,33.9,7.72,Sunny,Night,36.9,245.4
Construction,Site Preparation,9,8,59.3,5.35,Sunny,Night,13.2,241.2
Construction,Demolition,8,8,77.5,8.57,Cloudy,Night,36.3,352.8
Oil & Gas,Pipeline Pumping,4,9,43.1,8.83,Sunny,Day,21.2,147.0
Construction,Road Building,2,8,49.5,4.53,Foggy,Day,16.9,199.8
Construction,Demolition,4,7,25.1,3.09,Rainy,Night,9.2,200.9
Marine & Rail,Tugboat Engine Service,7,8,29.6,9.87,Sunny,Day,25.1,208.7
Mining,Drilling,6,7,7.0,1.69,Sunny,Day,10.5,203.3
Oil & Gas,Pipeline Pumping,3,9,45.0,11.51,Foggy,Night,42.9,186.5
Data Center Power,Emergency Power Deployment,5,5,12.4,0.58,Sunny,Night,23.7,118.5
Data Center Power,Cooling System Inspection,6,8,52.8,7.02,Rainy,Day,20.4,74.1
Mining,Drilling,5,9,31.5,4.27,Cloudy,Day,21.0,185.9
Mining,Hauling Ore,6,6,1.9,1.8,Cloudy,Day,30.7,125.7
Data Center Power,Cooling System Inspection,5,5,24.2,3.82,Sunny,Night,15.0,75.7
Oil & Gas,Well Servicing,8,8,19.0,3.04,Cloudy,Day,41.5,324.4
Data Center Power,Cooling System Inspection,6,9,29.2,6.77,Sunny,Day,19.2,64.9
Oil & Gas,Pipeline Pumping,5,8,11.7,1.8,Sunny,Night,37.4,173.5
Mining,Surface Excavation,7,6,10.4,5.92,Cloudy,Night,7.2,212.1
Oil & Gas,Pipeline Pumping,6,10,31.5,1.85,Cloudy,Day,11.3,132.3
Oil & Gas,Well Servicing,7,9,33.6,7.83,Sunny,Night,7.4,246.9
Construction,Foundation Work,8,9,36.3,3.4,Cloudy,Day,26.7,261.7
Construction,Foundation Work,8,7,34.6,6.56,Sunny,Day,23.6,303.0
Data Center Power,Emergency Power Deployment,4,6,15.3,0.39,Sunny,Night,20.4,97.6
Construction,Foundation Work,5,9,40.8,4.79,Rainy,Day,22.8,213.4
Mining,Aggregate Collection,4,8,29.4,14.86,Sunny,Day,14.2,65.8
Marine & Rail,Tugboat Engine Service,5,6,7.7,3.27,Cloudy,Night,23.4,208.6
Oil & Gas,Well Servicing,1,6,25.5,9.87,Rainy,Day,48.0,283.5
Marine & Rail,Locomotive Maintenance,4,7,47.3,6.99,Sunny,Day,20.7,231.1
Marine & Rail,Tugboat Engine Service,6,8,39.1,10.39,Cloudy,Day,16.5,189.5
Oil & Gas,Pipeline Pumping,7,9,59.1,9.22,Sunny,Day,35.8,227.4
Marine & Rail,Tugboat Engine Service,9,5,23.4,6.71,Sunny,Day,19.4,287.6
Construction,Demolition,4,5,3.9,8.93,Cloudy,Night,19.3,230.6
Marine & Rail,Rail Network Inspection,3,6,62.4,11.1,Sunny,Day,9.1,152.8
Data Center Power,Cooling System Inspection,7,6,36.2,2.59,Sunny,Day,21.1,79.5
Data Center Power,Backup Generator Testing,6,8,14.5,8.96,Sunny,Day,23.4,74.9
Construction,Foundation Work,8,8,35.8,6.25,Rainy,Day,9.3,299.3
Construction,Road Building,6,8,42.0,1.82,Sunny,Day,40.0,306.1
Data Center Power,Generator Maintenance,4,8,31.3,6.22,Rainy,Day,17.2,96.8
Data Center Power,Cooling System Inspection,4,8,71.7,5.51,Sunny,Day,27.5,67.9
Mining,Surface Excavation,3,9,24.8,5.28,Cloudy,Day,34.7,142.2
Oil & Gas,Well Drilling,3,9,9.1,13.28,Sunny,Day,11.6,263.5
Construction,Foundation Work,2,7,22.8,2.89,Cloudy,Day,25.9,187.2
Marine & Rail,Locomotive Maintenance,3,8,46.4,8.38,Cloudy,Day,27.8,210.9
Data Center Power,Backup Generator Testing,6,8,45.4,1.48,Rainy,Night,18.6,82.5
Data Center Power,Emergency Power Deployment,6,7,26.3,3.99,Rainy,Day,14.7,104.7
Marine & Rail,Tugboat Engine Service,1,5,15.0,4.32,Sunny,Day,22.0,143.7
Oil & Gas,Pipeline Pumping,5,7,32.5,11.16,Cloudy,Night,29.3,202.6
Mining,Aggregate Collection,9,4,10.3,12.03,Sunny,Day,42.0,125.7
Construction,Excavation,6,5,61.3,6.48,Cloudy,Night,24.4,288.5
Marine & Rail,Locomotive Maintenance,7,9,42.1,5.3,Sunny,Night,15.0,240.6
Construction,Road Building,3,8,58.5,3.37,Cloudy,Night,5.3,208.4
Oil & Gas,Pipeline Pumping,5,8,77.3,0.8,Rainy,Day,38.2,190.5
Mining,Surface Excavation,7,9,57.8,12.03,Sunny,Day,5.8,186.2
Marine & Rail,Tugboat Engine Service,6,8,17.9,12.13,Foggy,Day,11.4,218.3
Mining,Surface Excavation,6,8,33.9,3.73,Rainy,Day,3.7,181.6
Data Center Power,Cooling System Inspection,6,8,37.9,4.76,Cloudy,Day,16.8,69.5
Construction,Excavation,6,9,56.2,7.37,Cloudy,Day,28.2,193.3
Construction,Road Building,5,8,59.5,10.09,Foggy,Day,17.7,272.9
Data Center Power,Backup Generator Testing,5,7,11.8,3.53,Sunny,Night,23.5,79.7
Mining,Hauling Ore,3,6,28.9,1.05,Rainy,Day,12.2,101.2
Mining,Surface Excavation,6,6,30.0,3.64,Rainy,Day,23.2,237.5
Oil & Gas,Well Servicing,4,9,25.5,7.65,Sunny,Day,19.6,197.3
Oil & Gas,Gas Compression Service,3,5,21.6,13.37,Cloudy,Day,37.5,254.6
Marine & Rail,Locomotive Maintenance,7,9,22.6,4.9,Sunny,Day,27.9,240.1
Construction,Demolition,5,8,47.3,7.93,Sunny,Night,21.9,204.0
Data Center Power,Cooling System Inspection,8,7,20.7,13.2,Cloudy,Day,18.6,88.0
Construction,Demolition,9,8,37.4,1.92,Rainy,Day,5.8,240.7
Data Center Power,Generator Maintenance,3,8,16.5,1.25,Sunny,Night,14.4,84.4
Marine & Rail,Tugboat Engine Service,9,6,61.5,1.32,Sunny,Night,24.9,329.4
Oil & Gas,Gas Compression Service,1,6,53.9,6.09,Rainy,Day,32.2,182.5
Mining,Surface Excavation,3,8,34.8,2.08,Sunny,Day,24.2,135.2
Oil & Gas,Gas Compression Service,5,8,25.9,6.46,Cloudy,Day,31.1,194.6
Construction,Demolition,6,7,46.1,6.24,Sunny,Night,19.4,238.6
Construction,Foundation Work,2,6,47.6,6.02,Sunny,Day,21.2,209.3
Marine & Rail,Tugboat Engine Service,7,10,39.7,17.22,Cloudy,Day,16.9,182.4
Oil & Gas,Pipeline Pumping,1,9,14.8,12.28,Cloudy,Day,4.2,100.3
Data Center Power,Generator Maintenance,6,5,55.7,1.79,Sunny,Night,17.9,153.0
Marine & Rail,Tugboat Engine Service,4,9,19.8,11.97,Rainy,Day,30.2,163.7
Construction,Road Building,6,9,23.0,7.4,Rainy,Day,27.5,283.0
Marine & Rail,Tugboat Engine Service,7,8,41.0,11.75,Sunny,Day,9.7,196.0
Oil & Gas,Well Drilling,4,7,33.6,5.81,Rainy,Day,17.6,397.0
Data Center Power,Cooling System Inspection,3,7,44.8,5.68,Sunny,Night,20.3,60.5
Mining,Hauling Ore,8,6,52.5,2.97,Sunny,Day,22.1,158.3
Construction,Road Building,2,10,53.2,7.64,Sunny,Day,39.6,191.6
Marine & Rail,Tugboat Engine Service,7,9,55.1,1.84,Sunny,Day,1.7,157.1
Construction,Road Building,6,9,45.6,10.46,Rainy,Night,33.6,347.4
Data Center Power,Emergency Power Deployment,2,5,47.2,3.2,Sunny,Night,19.7,100.9
Mining,Surface Excavation,6,8,27.3,4.88,Sunny,Day,8.5,156.2
Mining,Drilling,4,4,67.1,8.13,Cloudy,Night,29.3,341.3
Oil & Gas,Well Drilling,5,7,26.9,8.61,Sunny,Night,-2.5,339.4
Marine & Rail,Freight Operations,6,3,12.1,14.15,Cloudy,Day,22.7,302.1
Construction,Road Building,6,7,36.3,5.57,Sunny,Day,25.4,302.3
Construction,Demolition,2,7,22.9,8.1,Rainy,Night,20.4,192.5
Construction,Material Loading,5,6,80.9,3.18,Cloudy,Day,9.4,72.9
Construction,Material Loading,6,8,71.6,5.26,Rainy,Day,24.2,93.4
Mining,Surface Excavation,6,7,33.5,7.87,Rainy,Day,14.2,220.6
Mining,Hauling Ore,4,4,15.1,2.45,Cloudy,Night,9.0,111.9
Construction,Excavation,3,8,8.6,4.95,Rainy,Night,21.8,173.8
Construction,Demolition,7,7,68.2,4.06,Sunny,Day,12.8,229.7
Mining,Hauling Ore,6,9,26.9,10.85,Sunny,Day,20.9,120.9
Construction,Demolition,4,7,14.0,1.5,Sunny,Night,28.0,194.0
Mining,Surface Excavation,7,8,23.5,9.46,Rainy,Day,-2.5,201.4
Marine & Rail,Locomotive Maintenance,6,7,14.4,5.27,Sunny,Night,24.0,265.3
Oil & Gas,Gas Compression Service,3,8,12.5,15.25,Sunny,Day,-3.1,148.9
Data Center Power,Cooling System Inspection,6,9,37.8,1.89,Cloudy,Day,22.3,68.9
Oil & Gas,Well Servicing,2,9,73.4,2.45,Foggy,Night,23.0,186.4
Mining,Surface Excavation,6,4,23.9,1.69,Sunny,Day,25.4,232.7
Oil & Gas,Pipeline Pumping,2,4,40.6,1.76,Rainy,Day,31.0,160.1
Marine & Rail,Tugboat Engine Service,5,7,28.5,11.82,Foggy,Day,7.5,214.9
Mining,Drilling,8,5,4.1,5.48,Cloudy,Day,20.3,304.7
Construction,Site Preparation,3,6,44.8,15.51,Sunny,Night,11.8,175.2
Oil & Gas,Gas Compression Service,2,8,4.6,8.07,Cloudy,Day,19.3,140.8
Mining,Hauling Ore,3,6,12.3,8.11,Cloudy,Day,33.3,116.7
Construction,Excavation,6,9,44.5,12.41,Rainy,Night,24.1,244.2
Oil & Gas,Pipeline Pumping,4,7,72.6,7.91,Rainy,Night,42.6,213.8
Oil & Gas,Pipeline Pumping,5,7,29.7,6.54,Cloudy,Day,2.0,143.2
Mining,Drilling,4,8,39.3,2.87,Sunny,Day,14.8,180.1
Construction,Road Building,7,6,21.8,5.04,Sunny,Day,12.6,302.6
Marine & Rail,Freight Operations,4,7,66.0,7.36,Cloudy,Day,18.1,228.0
Construction,Excavation,6,8,71.0,0.46,Cloudy,Day,26.8,197.0
Construction,Excavation,6,4,38.3,13.98,Cloudy,Night,25.3,334.7
Oil & Gas,Well Servicing,3,9,41.4,2.23,Sunny,Day,26.9,185.4
Oil & Gas,Gas Compression Service,6,9,48.1,9.42,Sunny,Day,14.3,178.9
Marine & Rail,Freight Operations,6,7,27.4,11.03,Foggy,Day,18.3,302.6
Marine & Rail,Locomotive Maintenance,5,6,17.5,9.0,Sunny,Day,22.6,265.6
Data Center Power,Backup Generator Testing,9,4,45.5,5.06,Cloudy,Night,20.1,126.5
Oil & Gas,Pipeline Pumping,8,6,41.2,3.18,Sunny,Day,36.9,249.7
Data Center Power,Backup Generator Testing,5,9,30.6,0.86,Cloudy,Day,26.8,64.6
Construction,Road Building,8,9,23.5,0.89,Sunny,Day,24.4,251.9
Oil & Gas,Well Servicing,4,6,29.3,5.34,Sunny,Night,30.6,294.5
Oil & Gas,Well Servicing,8,8,35.9,13.36,Rainy,Day,43.3,443.6
Mining,Surface Excavation,5,8,26.5,7.04,Sunny,Day,33.3,188.4
Construction,Material Loading,4,9,17.4,8.86,Cloudy,Night,4.2,60.1
Oil & Gas,Well Servicing,2,6,31.5,9.16,Sunny,Day,23.6,232.3
Marine & Rail,Tugboat Engine Service,5,8,24.0,9.3,Sunny,Night,23.6,189.3
Oil & Gas,Well Servicing,4,10,47.8,7.31,Sunny,Day,38.3,204.4
Marine & Rail,Locomotive Maintenance,6,7,30.2,2.16,Cloudy,Night,27.9,287.8
Oil & Gas,Pipeline Pumping,6,9,62.5,9.06,Sunny,Day,25.8,182.7
Mining,Surface Excavation,5,8,29.4,5.64,Rainy,Night,12.6,188.7
Oil & Gas,Gas Compression Service,8,9,4.1,1.81,Sunny,Day,48.0,201.5
Data Center Power,Backup Generator Testing,6,8,36.0,11.68,Cloudy,Night,17.2,86.1
Construction,Site Preparation,7,8,58.9,9.26,Sunny,Day,27.4,216.8
Data Center Power,Emergency Power Deployment,5,9,37.1,1.12,Rainy,Day,23.4,80.1
Marine & Rail,Rail Network Inspection,6,7,20.8,10.24,Cloudy,Night,26.2,221.1
Mining,Hauling Ore,4,7,29.2,4.59,Cloudy,Day,10.7,95.9
Marine & Rail,Tugboat Engine Service,8,8,31.9,12.55,Foggy,Day,2.1,248.1
Mining,Surface Excavation,5,5,27.1,0.33,Cloudy,Night,30.1,232.7
Marine & Rail,Locomotive Maintenance,4,4,15.9,8.51,Cloudy,Night,15.7,297.4
Construction,Road Building,3,5,39.2,6.58,Cloudy,Day,3.0,256.1
Mining,Drilling,4,8,26.0,1.81,Sunny,Day,-10.0,157.9
Mining,Surface Excavation,3,7,35.2,1.54,Sunny,Night,10.4,151.6
Data Center Power,Emergency Power Deployment,4,6,59.2,2.68,Sunny,Day,16.1,101.8
Marine & Rail,Freight Operations,7,7,25.3,8.05,Sunny,Day,10.3,250.2
Marine & Rail,Tugboat Engine Service,6,9,66.3,11.4,Sunny,Day,-1.8,170.0
Oil & Gas,Pipeline Pumping,6,5,31.4,10.08,Cloudy,Day,48.0,237.2
Marine & Rail,Rail Network Inspection,2,8,62.5,4.38,Sunny,Day,24.0,140.3
Oil & Gas,Well Drilling,8,10,33.1,4.74,Sunny,Day,21.8,344.6
Data Center Power,Cooling System Inspection,2,8,66.0,8.13,Cloudy,Day,18.7,56.3
Construction,Foundation Work,3,9,43.0,5.56,Rainy,Day,21.9,193.9
Mining,Hauling Ore,6,10,6.5,2.85,Rainy,Day,19.7,113.1
Data Center Power,Backup Generator Testing,7,8,51.8,9.64,Sunny,Night,19.5,94.6
Mining,Drilling,3,7,15.4,10.67,Sunny,Night,-6.7,190.0
Data Center Power,Generator Maintenance,8,6,43.4,3.34,Sunny,Day,26.9,157.1
Construction,Foundation Work,8,8,46.8,1.98,Rainy,Day,8.8,296.9
Construction,Demolition,5,9,41.0,4.4,Sunny,Day,29.4,176.5
Data Center Power,Emergency Power Deployment,3,6,45.8,1.88,Sunny,Night,22.3,99.1
Oil & Gas,Pipeline Pumping,2,6,38.6,1.79,Cloudy,Night,20.4,145.0
Data Center Power,Generator Maintenance,7,6,7.6,2.98,Cloudy,Night,21.8,143.7
Oil & Gas,Well Servicing,6,6,31.5,11.34,Cloudy,Night,16.4,352.7
Construction,Material Loading,5,8,86.8,6.24,Sunny,Day,10.4,70.5
Mining,Surface Excavation,6,9,3.8,4.79,Sunny,Day,11.9,141.7
Marine & Rail,Locomotive Maintenance,6,6,60.0,17.03,Cloudy,Night,12.0,357.4
Construction,Site Preparation,5,7,28.5,6.45,Foggy,Day,19.9,171.5
Construction,Demolition,6,7,35.9,6.39,Sunny,Day,35.2,247.8
Mining,Drilling,2,9,38.0,5.05,Rainy,Night,25.1,188.7
Data Center Power,Generator Maintenance,7,9,24.2,1.16,Sunny,Day,26.6,101.6
Mining,Surface Excavation,7,7,23.7,6.32,Cloudy,Day,32.1,227.7
Construction,Foundation Work,7,7,34.3,3.65,Sunny,Day,17.2,261.4
Construction,Site Preparation,8,9,34.2,8.18,Rainy,Night,10.2,237.4
Marine & Rail,Tugboat Engine Service,3,8,39.8,3.18,Rainy,Day,10.7,126.4
Construction,Demolition,3,5,16.5,1.23,Sunny,Day,24.0,181.3
Mining,Drilling,5,5,16.9,9.68,Sunny,Day,24.9,279.0
Oil & Gas,Well Servicing,5,10,35.9,11.76,Cloudy,Day,32.9,234.7
Data Center Power,Backup Generator Testing,4,9,18.1,4.3,Cloudy,Day,19.2,60.7
Construction,Excavation,10,6,27.9,3.99,Rainy,Day,14.2,325.4
Construction,Site Preparation,9,8,60.9,4.22,Sunny,Day,26.3,245.4
Construction,Foundation Work,3,6,19.6,5.38,Sunny,Day,14.6,196.5
Construction,Material Loading,7,9,38.8,0.91,Cloudy,Day,16.9,69.4
Data Center Power,Emergency Power Deployment,7,9,26.1,1.34,Sunny,Day,19.3,89.6
Marine & Rail,Freight Operations,7,9,25.6,7.17,Sunny,Day,12.2,231.1
Oil & Gas,Well Servicing,2,8,10.1,2.28,Rainy,Day,21.7,192.6
Data Center Power,Emergency Power Deployment,5,8,7.3,7.41,Sunny,Day,16.2,88.7
Construction,Foundation Work,4,9,28.6,2.6,Rainy,Night,34.4,249.6
Marine & Rail,Rail Network Inspection,4,8,51.9,13.43,Rainy,Day,-3.1,168.1
Mining,Aggregate Collection,1,3,9.3,11.79,Sunny,Night,19.8,65.6
Construction,Site Preparation,3,8,26.7,0.72,Cloudy,Day,28.2,134.9
Marine & Rail,Tugboat Engine Service,4,10,19.0,14.94,Cloudy,Night,28.2,163.8
Mining,Drilling,7,8,74.0,8.04,Cloudy,Day,10.6,261.3
Data Center Power,Emergency Power Deployment,8,8,60.1,6.49,Cloudy,Night,21.6,143.9
Construction,Material Loading,1,8,26.7,5.62,Cloudy,Day,18.5,48.0
Construction,Excavation,8,8,65.2,4.34,Rainy,Day,18.1,268.8
Data Center Power,Emergency Power Deployment,3,4,50.7,3.97,Rainy,Day,16.8,111.8
Oil & Gas,Pipeline Pumping,5,5,15.3,1.61,Sunny,Day,39.4,184.0
Data Center Power,Cooling System Inspection,3,6,13.1,5.9,Cloudy,Night,23.4,61.6
Oil & Gas,Gas Compression Service,7,4,47.0,4.79,Rainy,Day,16.5,305.5
Data Center Power,Backup Generator Testing,6,7,51.1,4.35,Sunny,Day,14.4,77.1
Construction,Excavation,6,4,23.8,3.46,Cloudy,Day,6.8,226.8
Construction,Demolition,4,7,42.5,2.99,Sunny,Day,17.1,177.8
Mining,Hauling Ore,9,9,35.7,7.94,Sunny,Night,1.0,144.3
Mining,Aggregate Collection,4,4,58.0,7.58,Cloudy,Day,12.9,82.0
Marine & Rail,Tugboat Engine Service,7,7,36.7,7.28,Cloudy,Night,16.3,243.2
Data Center Power,Cooling System Inspection,5,9,46.4,2.49,Cloudy,Day,18.6,61.7
Mining,Aggregate Collection,9,7,26.4,5.81,Cloudy,Night,30.9,119.3
Construction,Site Preparation,10,6,22.5,11.37,Rainy,Day,18.9,291.3
Marine & Rail,Tugboat Engine Service,7,7,53.2,9.01,Sunny,Night,20.2,255.2
Marine & Rail,Tugboat Engine Service,4,8,28.1,2.26,Cloudy,Night,19.4,157.5
Construction,Foundation Work,3,5,7.8,3.4,Rainy,Night,13.0,261.5
Construction,Material Loading,5,9,46.5,2.73,Sunny,Day,1.3,58.1
Construction,Road Building,10,10,10.9,5.21,Sunny,Day,8.4,239.8
Mining,Surface Excavation,4,8,16.9,8.03,Cloudy,Night,16.0,166.2
Construction,Excavation,6,8,78.3,5.48,Cloudy,Night,29.9,236.2
Mining,Aggregate Collection,5,7,80.5,7.68,Foggy,Day,3.9,76.2
Mining,Drilling,5,9,6.6,1.04,Sunny,Day,24.5,172.3
Data Center Power,Generator Maintenance,4,6,14.0,3.49,Sunny,Night,24.3,116.1
Oil & Gas,Well Servicing,5,6,24.8,8.28,Sunny,Day,33.6,320.3
Construction,Material Loading,5,4,46.9,3.99,Cloudy,Night,17.2,84.2
Marine & Rail,Tugboat Engine Service,4,6,46.4,6.39,Foggy,Day,23.5,236.0
Construction,Foundation Work,6,6,23.1,3.67,Cloudy,Day,20.1,264.4
Data Center Power,Emergency Power Deployment,5,7,4.8,4.74,Sunny,Day,21.3,96.3
Construction,Demolition,8,8,57.9,11.12,Cloudy,Night,22.8,302.3
Construction,Foundation Work,9,9,27.1,2.71,Sunny,Day,12.3,227.6
Oil & Gas,Pipeline Pumping,3,9,46.6,2.18,Sunny,Night,14.4,123.8
Construction,Road Building,4,7,3.9,6.01,Sunny,Day,6.9,209.8
Marine & Rail,Locomotive Maintenance,7,8,4.2,3.67,Cloudy,Night,22.6,262.2
Mining,Hauling Ore,5,5,7.7,6.13,Sunny,Day,17.0,116.0
Mining,Surface Excavation,7,9,70.5,2.25,Rainy,Day,12.9,198.6
Marine & Rail,Rail Network Inspection,8,5,47.0,0.42,Foggy,Night,28.3,351.7
Mining,Surface Excavation,4,8,28.2,2.65,Rainy,Night,29.7,192.3
Data Center Power,Emergency Power Deployment,8,6,23.9,7.19,Sunny,Night,18.3,147.5
Construction,Road Building,7,8,65.9,9.66,Sunny,Night,3.6,329.4
Mining,Hauling Ore,8,7,42.2,6.93,Sunny,Night,31.3,176.2
Marine & Rail,Tugboat Engine Service,4,8,73.0,1.15,Sunny,Night,22.1,161.0
Oil & Gas,Gas Compression Service,7,8,58.2,7.89,Cloudy,Night,24.6,268.9
Construction,Material Loading,3,9,49.2,3.28,Rainy,Day,27.0,66.1
Construction,Material Loading,8,10,14.5,11.81,Sunny,Day,18.0,75.7
Construction,Foundation Work,5,8,34.5,1.97,Sunny,Night,38.2,255.5
Marine & Rail,Rail Network Inspection,7,8,19.2,4.47,Cloudy,Day,11.5,173.3
Marine & Rail,Locomotive Maintenance,8,9,63.6,8.18,Sunny,Night,3.0,274.4
Marine & Rail,Locomotive Maintenance,6,8,54.4,10.16,Cloudy,Day,28.8,280.8
Marine & Rail,Rail Network Inspection,8,6,16.9,3.02,Foggy,Day,16.6,257.6
Construction,Foundation Work,7,7,50.2,4.72,Rainy,Day,29.8,348.5
Data Center Power,Backup Generator Testing,7,9,36.9,6.21,Foggy,Day,14.6,82.5
Marine & Rail,Tugboat Engine Service,6,5,3.3,12.33,Sunny,Night,5.1,224.5
Data Center Power,Generator Maintenance,8,9,19.7,3.19,Cloudy,Night,22.2,119.6
Data Center Power,Generator Maintenance,6,10,44.5,5.24,Sunny,Night,15.8,95.1
Data Center Power,Backup Generator Testing,6,6,39.0,7.35,Cloudy,Day,21.3,84.7
Marine & Rail,Rail Network Inspection,4,9,19.5,10.23,Rainy,Night,29.7,193.3
Marine & Rail,Locomotive Maintenance,6,8,49.9,5.19,Sunny,Day,10.1,221.2
Marine & Rail,Rail Network Inspection,6,6,32.5,10.53,Rainy,Day,19.5,232.1
Data Center Power,Generator Maintenance,4,9,29.1,3.53,Rainy,Night,24.4,91.6
Construction,Site Preparation,4,8,35.2,10.47,Sunny,Day,19.7,154.5
Marine & Rail,Rail Network Inspection,4,10,18.0,5.4,Sunny,Night,21.1,146.0
Construction,Road Building,6,7,32.7,4.82,Sunny,Day,19.9,276.9
Mining,Drilling,4,5,52.0,0.63,Cloudy,Night,11.6,232.1
Oil & Gas,Well Servicing,8,6,58.8,7.06,Sunny,Night,38.4,487.0
Oil & Gas,Pipeline Pumping,4,9,40.0,9.33,Sunny,Night,25.4,159.6
Marine & Rail,Locomotive Maintenance,7,5,54.0,11.31,Foggy,Night,17.4,428.1
Mining,Hauling Ore,5,9,52.9,7.79,Sunny,Day,19.0,111.0
Construction,Excavation,6,8,28.9,5.42,Cloudy,Day,20.1,181.5
Construction,Road Building,6,8,22.7,3.18,Sunny,Day,26.6,261.6
Oil & Gas,Pipeline Pumping,5,6,37.4,11.9,Rainy,Day,40.3,220.7
Construction,Demolition,2,7,54.2,8.17,Foggy,Night,18.2,180.1
Mining,Surface Excavation,4,6,70.0,4.52,Sunny,Day,22.6,190.7
Marine & Rail,Rail Network Inspection,6,6,74.0,11.25,Sunny,Day,22.2,225.6
Marine & Rail,Rail Network Inspection,4,7,47.9,11.05,Foggy,Night,10.9,208.1
Construction,Excavation,2,8,38.4,4.67,Sunny,Night,6.8,130.2
Mining,Drilling,2,8,37.3,15.32,Sunny,Day,1.6,166.9
Marine & Rail,Tugboat Engine Service,5,7,18.5,9.06,Sunny,Day,20.1,189.0
Construction,Foundation Work,5,9,51.5,9.91,Rainy,Night,31.6,269.9
Construction,Excavation,9,8,10.9,8.2,Sunny,Night,35.1,274.0
Mining,Drilling,4,8,28.6,3.83,Cloudy,Day,4.3,165.6
Mining,Drilling,4,8,36.5,9.94,Rainy,Day,4.4,209.3
Mining,Aggregate Collection,6,4,51.1,4.02,Sunny,Night,13.8,97.5
Mining,Surface Excavation,5,9,64.2,8.65,Sunny,Day,29.9,176.4
Construction,Demolition,7,6,48.2,6.25,Sunny,Day,11.8,250.8
Oil & Gas,Pipeline Pumping,8,8,5.7,4.78,Rainy,Night,18.3,186.1
Oil & Gas,Well Servicing,5,9,57.3,6.62,Sunny,Day,-1.2,187.2
Oil & Gas,Well Servicing,7,7,49.5,6.07,Cloudy,Night,23.8,348.1
Data Center Power,Generator Maintenance,4,6,46.0,3.85,Sunny,Day,21.3,115.5
Marine & Rail,Freight Operations,9,8,50.4,6.63,Cloudy,Day,22.2,333.2
Oil & Gas,Pipeline Pumping,2,6,69.0,5.04,Rainy,Day,26.9,150.9
Data Center Power,Cooling System Inspection,6,8,18.5,1.86,Sunny,Night,21.2,70.2
Marine & Rail,Locomotive Maintenance,5,4,49.6,9.41,Cloudy,Night,19.5,371.6
Mining,Surface Excavation,10,9,9.8,3.1,Foggy,Night,16.5,206.8
Data Center Power,Cooling System Inspection,6,6,58.6,8.08,Sunny,Day,25.1,81.5
Construction,Road Building,4,7,25.0,9.99,Sunny,Day,40.0,294.0
Oil & Gas,Well Drilling,4,8,14.7,8.82,Rainy,Night,27.1,411.9
Marine & Rail,Tugboat Engine Service,5,7,53.2,11.56,Cloudy,Night,20.1,227.4
Mining,Aggregate Collection,10,9,14.0,2.61,Sunny,Day,13.8,86.6
Construction,Material Loading,5,7,59.1,1.86,Sunny,Day,19.1,69.3
Construction,Road Building,3,9,25.4,9.6,Foggy,Night,15.9,217.6
Construction,Foundation Work,7,8,28.1,3.78,Sunny,Day,24.3,247.0
Construction,Excavation,2,8,49.9,1.31,Rainy,Day,25.9,158.8
Oil & Gas,Pipeline Pumping,3,4,32.4,12.23,Sunny,Day,23.4,172.2
Mining,Aggregate Collection,5,6,49.5,13.98,Sunny,Night,16.8,85.8
Construction,Material Loading,6,6,37.1,1.4,Rainy,Day,19.8,80.9
Oil & Gas,Pipeline Pumping,3,6,10.8,13.22,Sunny,Day,32.2,171.6
Construction,Material Loading,7,7,73.1,2.14,Cloudy,Day,17.6,86.4
Mining,Surface Excavation,6,6,42.8,3.81,Rainy,Night,4.6,230.2
Construction,Foundation Work,2,9,49.3,4.16,Sunny,Night,21.0,167.8
Construction,Material Loading,6,9,71.4,4.53,Foggy,Day,16.5,74.7
Mining,Hauling Ore,6,7,5.0,14.5,Cloudy,Day,10.0,122.5
Construction,Road Building,4,8,60.2,6.04,Sunny,Night,20.0,256.6
Oil & Gas,Well Drilling,9,7,70.0,12.34,Sunny,Day,33.4,718.2
Oil & Gas,Well Servicing,7,7,17.7,4.54,Rainy,Day,18.6,318.4
Data Center Power,Emergency Power Deployment,3,9,50.3,7.25,Sunny,Night,20.9,82.8
Data Center Power,Cooling System Inspection,1,5,35.6,6.48,Sunny,Day,25.0,53.3
Marine & Rail,Rail Network Inspection,8,5,41.7,4.31,Sunny,Night,-2.9,232.3
Construction,Foundation Work,7,7,23.2,7.24,Sunny,Day,17.9,260.4
Data Center Power,Generator Maintenance,5,6,31.1,9.36,Sunny,Night,20.9,138.4
Construction,Site Preparation,6,5,9.7,4.58,Sunny,Day,40.0,210.3
Oil & Gas,Pipeline Pumping,4,7,65.9,13.93,Sunny,Day,34.7,202.4
Mining,Surface Excavation,7,8,24.0,6.51,Cloudy,Day,16.5,184.2
Mining,Drilling,5,7,29.7,5.23,Sunny,Day,3.7,202.5
Construction,Site Preparation,6,8,8.2,0.23,Cloudy,Day,16.8,150.5
Construction,Material Loading,3,9,53.5,3.6,Cloudy,Night,26.0,64.5
Construction,Excavation,4,8,21.7,9.72,Sunny,Day,11.3,158.8
Mining,Aggregate Collection,5,8,47.2,7.07,Foggy,Night,41.3,99.8
Oil & Gas,Pipeline Pumping,8,5,58.7,6.23,Cloudy,Night,11.1,244.4
Mining,Surface Excavation,7,6,53.0,6.06,Cloudy,Night,14.5,259.4
Oil & Gas,Pipeline Pumping,7,8,10.7,5.69,Sunny,Day,19.7,168.5
Construction,Site Preparation,3,9,2.2,1.0,Cloudy,Night,28.0,129.0
Marine & Rail,Rail Network Inspection,3,5,18.0,9.28,Cloudy,Day,12.9,152.5
Mining,Hauling Ore,5,5,6.9,5.59,Rainy,Day,-10.0,119.8
Marine & Rail,Freight Operations,4,8,47.8,9.7,Foggy,Day,33.1,298.6
Construction,Foundation Work,6,6,39.2,5.31,Sunny,Day,12.3,259.6
Data Center Power,Backup Generator Testing,5,8,63.3,4.65,Sunny,Night,23.1,80.8
Marine & Rail,Tugboat Engine Service,9,9,7.9,9.57,Cloudy,Night,24.1,219.7
Oil & Gas,Pipeline Pumping,3,8,41.3,5.76,Cloudy,Day,8.1,126.3
Mining,Hauling Ore,4,8,52.1,1.36,Sunny,Day,11.2,92.2
Marine & Rail,Tugboat Engine Service,7,7,38.0,9.89,Sunny,Day,24.9,239.7
Data Center Power,Emergency Power Deployment,5,6,19.1,6.04,Sunny,Day,27.1,110.5
Data Center Power,Backup Generator Testing,3,7,70.5,8.12,Sunny,Day,25.2,70.8
Marine & Rail,Locomotive Maintenance,4,6,48.5,0.91,Rainy,Day,29.8,256.6
Oil & Gas,Pipeline Pumping,5,7,51.1,2.94,Sunny,Day,48.0,183.4
Data Center Power,Emergency Power Deployment,6,9,54.3,0.57,Sunny,Day,21.3,85.9
Construction,Road Building,3,8,6.3,8.74,Sunny,Night,9.9,206.2
Oil & Gas,Well Servicing,1,7,23.2,8.24,Sunny,Day,33.4,206.7
Construction,Material Loading,10,8,59.5,8.01,Rainy,Day,16.1,126.3
Marine & Rail,Freight Operations,7,8,17.4,5.34,Cloudy,Night,20.6,270.6
Construction,Excavation,8,8,45.1,1.52,Sunny,Day,28.7,221.4
Oil & Gas,Gas Compression Service,8,4,66.1,7.46,Rainy,Day,1.8,323.1
Construction,Excavation,6,4,41.0,0.65,Cloudy,Day,32.9,271.1
Mining,Surface Excavation,5,7,28.6,7.17,Rainy,Night,18.9,224.2
Mining,Surface Excavation,9,9,43.1,0.57,Sunny,Night,3.2,190.9
Mining,Hauling Ore,6,9,56.6,7.06,Rainy,Night,8.9,134.2
Marine & Rail,Locomotive Maintenance,4,6,11.6,10.2,Sunny,Night,15.2,256.6
Construction,Foundation Work,8,6,72.0,1.75,Cloudy,Day,2.0,326.2
Mining,Hauling Ore,4,6,45.6,8.89,Sunny,Day,17.5,119.8
Construction,Road Building,2,7,44.8,4.54,Cloudy,Night,27.2,246.5
Marine & Rail,Rail Network Inspection,6,8,64.4,4.48,Rainy,Night,27.8,243.4
Mining,Hauling Ore,8,8,9.5,11.08,Sunny,Day,33.2,152.9
Mining,Hauling Ore,7,10,32.1,7.73,Rainy,Night,32.3,160.0
Oil & Gas,Gas Compression Service,3,8,12.0,10.24,Sunny,Night,4.5,147.2
Construction,Road Building,5,7,21.8,6.98,Rainy,Day,30.0,324.8
Marine & Rail,Rail Network Inspection,3,8,63.1,11.87,Foggy,Day,24.0,199.9
Construction,Material Loading,5,6,28.3,5.48,Sunny,Night,18.9,76.8
Data Center Power,Emergency Power Deployment,6,9,57.2,2.99,Sunny,Day,20.8,89.2
Mining,Surface Excavation,6,8,35.5,2.12,Sunny,Day,7.3,154.8
Marine & Rail,Tugboat Engine Service,3,7,3.9,11.48,Sunny,Day,15.0,152.8
Construction,Demolition,7,6,47.6,1.59,Sunny,Day,15.8,240.4
Construction,Road Building,5,8,35.7,6.78,Sunny,Day,25.6,254.4
Data Center Power,Backup Generator Testing,5,6,33.5,5.62,Sunny,Day,24.7,78.3
Oil & Gas,Gas Compression Service,4,8,45.2,3.73,Sunny,Day,30.0,179.5
Mining,Drilling,7,9,41.6,1.45,Foggy,Night,12.0,216.1
Mining,Surface Excavation,7,8,11.2,5.16,Sunny,Night,-7.0,164.0
Data Center Power,Emergency Power Deployment,4,8,38.3,0.85,Sunny,Night,17.3,86.7
Marine & Rail,Tugboat Engine Service,5,6,27.6,5.89,Cloudy,Day,16.3,197.6
Data Center Power,Emergency Power Deployment,5,8,20.1,2.63,Sunny,Day,22.9,86.5
Oil & Gas,Gas Compression Service,6,10,51.7,3.8,Sunny,Night,34.3,188.7
Mining,Aggregate Collection,7,9,32.6,4.58,Cloudy,Day,39.1,95.1
Data Center Power,Cooling System Inspection,5,5,42.2,0.78,Cloudy,Day,22.1,74.3
Marine & Rail,Tugboat Engine Service,6,7,25.7,5.87,Sunny,Night,8.7,198.6
Mining,Hauling Ore,3,4,25.1,14.13,Rainy,Day,22.3,146.8
Oil & Gas,Well Drilling,9,8,68.1,5.69,Foggy,Night,27.8,635.5
Oil & Gas,Gas Compression Service,6,6,7.3,3.35,Sunny,Day,16.1,197.4
Construction,Material Loading,7,6,49.1,9.47,Rainy,Day,25.2,113.0
Mining,Aggregate Collection,7,8,17.3,0.43,Sunny,Day,18.6,74.6
Data Center Power,Cooling System Inspection,6,7,68.4,3.97,Sunny,Night,20.4,85.3
Marine & Rail,Rail Network Inspection,4,9,14.6,6.84,Sunny,Day,1.1,126.9
Marine & Rail,Freight Operations,3,8,55.9,3.8,Sunny,Day,6.2,176.0
Mining,Hauling Ore,6,8,19.8,9.47,Rainy,Night,23.6,151.9
Oil & Gas,Pipeline Pumping,9,7,50.5,5.77,Cloudy,Day,19.0,232.9
Oil & Gas,Pipeline Pumping,7,7,38.2,4.07,Sunny,Day,20.3,188.7
Mining,Aggregate Collection,6,6,17.9,10.92,Foggy,Day,27.7,89.8
Construction,Site Preparation,5,10,59.0,14.29,Foggy,Day,17.2,173.0
Construction,Site Preparation,7,6,60.3,3.77,Cloudy,Day,29.2,231.9
Construction,Excavation,5,8,49.1,1.99,Rainy,Day,11.5,176.6
Data Center Power,Emergency Power Deployment,9,8,76.2,3.07,Sunny,Night,20.3,152.0
Data Center Power,Emergency Power Deployment,5,8,13.0,2.18,Sunny,Night,15.4,89.9
Oil & Gas,Pipeline Pumping,4,5,32.1,6.94,Rainy,Day,18.0,166.9
Mining,Aggregate Collection,6,8,48.2,5.02,Sunny,Day,9.7,74.1
Mining,Hauling Ore,5,9,81.8,5.14,Sunny,Night,11.9,111.9
Marine & Rail,Locomotive Maintenance,10,7,58.4,13.62,Sunny,Day,20.8,452.9
Construction,Demolition,7,7,75.2,8.55,Cloudy,Day,32.3,297.4
Marine & Rail,Freight Operations,5,6,16.5,4.84,Sunny,Night,8.3,227.1
Mining,Surface Excavation,7,7,19.4,10.12,Rainy,Day,22.0,247.7
Oil & Gas,Well Drilling,5,9,12.6,11.38,Sunny,Night,24.5,342.6
Construction,Material Loading,2,7,7.0,3.11,Sunny,Day,23.6,51.9
Construction,Demolition,5,8,20.2,4.4,Cloudy,Day,18.7,168.3
Data Center Power,Emergency Power Deployment,9,9,43.4,4.92,Sunny,Day,23.6,121.5
Data Center Power,Generator Maintenance,6,9,35.3,1.58,Sunny,Night,21.5,102.3
Marine & Rail,Rail Network Inspection,7,9,17.1,3.68,Sunny,Day,25.7,183.2
Oil & Gas,Gas Compression Service,6,9,30.7,5.76,Cloudy,Day,34.8,198.9
Data Center Power,Cooling System Inspection,6,8,30.1,8.34,Cloudy,Day,26.2,73.2
Mining,Drilling,6,7,28.2,5.29,Cloudy,Day,32.4,272.8
Marine & Rail,Freight Operations,9,9,38.3,1.49,Cloudy,Night,19.7,315.0
Marine & Rail,Locomotive Maintenance,8,6,15.1,3.37,Rainy,Day,-3.3,265.4
Data Center Power,Cooling System Inspection,6,9,16.5,5.87,Sunny,Day,15.5,64.1
Construction,Material Loading,10,9,60.8,2.43,Sunny,Night,6.8,101.9
Data Center Power,Generator Maintenance,1,9,40.8,0.87,Sunny,Day,16.1,60.6
Oil & Gas,Well Servicing,4,8,20.5,2.19,Rainy,Night,1.9,218.2
Mining,Surface Excavation,9,9,70.5,11.39,Sunny,Day,8.0,229.5
Marine & Rail,Freight Operations,2,6,42.8,1.51,Rainy,Night,22.0,236.5
Data Center Power,Cooling System Inspection,7,7,37.8,4.09,Sunny,Night,25.3,85.8
Mining,Surface Excavation,10,3,57.6,6.17,Rainy,Day,40.6,543.0
Mining,Hauling Ore,2,5,63.7,4.66,Cloudy,Day,27.2,110.1
Marine & Rail,Freight Operations,5,6,32.4,3.13,Cloudy,Day,28.3,254.3
Oil & Gas,Gas Compression Service,5,8,18.0,2.41,Cloudy,Night,36.8,221.4
Marine & Rail,Tugboat Engine Service,7,6,62.8,13.91,Sunny,Day,16.4,275.5
Construction,Excavation,1,6,47.8,5.02,Foggy,Day,18.8,153.7
Marine & Rail,Tugboat Engine Service,7,8,23.0,13.23,Rainy,Day,3.1,189.2
Data Center Power,Cooling System Inspection,5,9,49.6,4.75,Sunny,Night,19.9,65.3
Marine & Rail,Freight Operations,6,8,5.2,6.67,Foggy,Night,21.2,298.3
Marine & Rail,Locomotive Maintenance,7,8,37.1,8.42,Cloudy,Night,22.6,301.7
Construction,Foundation Work,7,10,20.5,4.09,Rainy,Day,2.3,199.2
Marine & Rail,Locomotive Maintenance,6,9,30.1,6.82,Foggy,Day,24.1,232.1
Marine & Rail,Tugboat Engine Service,3,6,30.2,5.24,Cloudy,Day,16.4,160.2
Oil & Gas,Well Servicing,4,8,53.7,9.4,Cloudy,Day,48.0,282.5
Data Center Power,Emergency Power Deployment,6,6,33.4,1.07,Sunny,Day,15.3,109.8
Construction,Foundation Work,3,8,12.6,2.81,Sunny,Night,23.0,190.1
Mining,Drilling,5,6,34.2,10.08,Sunny,Day,11.6,254.7
Mining,Drilling,2,9,31.9,8.92,Cloudy,Night,11.8,155.9
Oil & Gas,Pipeline Pumping,1,7,60.5,10.22,Sunny,Night,29.1,150.2
Oil & Gas,Pipeline Pumping,8,7,72.4,1.57,Rainy,Night,7.0,213.2
Oil & Gas,Pipeline Pumping,7,9,47.2,3.67,Sunny,Night,16.8,183.3
Data Center Power,Emergency Power Deployment,8,8,35.9,8.97,Sunny,Night,18.4,136.3
Mining,Surface Excavation,4,9,57.3,3.12,Rainy,Day,23.5,165.6
Construction,Foundation Work,3,9,31.9,3.59,Foggy,Day,25.8,176.0
Marine & Rail,Rail Network Inspection,5,8,63.7,6.7,Rainy,Day,19.1,199.8
Mining,Aggregate Collection,4,8,22.4,9.01,Sunny,Night,42.0,86.5
Mining,Surface Excavation,6,8,13.2,14.66,Sunny,Day,22.9,193.2
Mining,Drilling,2,10,33.4,14.13,Rainy,Day,20.7,170.7
Oil & Gas,Gas Compression Service,8,2,70.5,4.32,Sunny,Day,23.6,412.4
Mining,Drilling,7,8,18.8,13.27,Sunny,Day,9.6,237.2
Oil & Gas,Well Servicing,5,6,32.8,3.1,Rainy,Day,22.5,310.4
Construction,Foundation Work,9,6,52.0,13.69,Rainy,Day,19.3,454.4
Construction,Demolition,1,10,54.0,5.69,Rainy,Night,17.1,126.2
Construction,Material Loading,6,9,22.9,5.05,Sunny,Day,17.0,65.3
Data Center Power,Emergency Power Deployment,7,7,39.6,2.47,Sunny,Night,24.0,128.4
Oil & Gas,Well Drilling,8,4,22.6,13.85,Sunny,Day,29.4,697.4
Marine & Rail,Tugboat Engine Service,5,8,22.5,2.96,Cloudy,Night,22.6,179.1
Data Center Power,Backup Generator Testing,6,5,62.2,1.76,Sunny,Night,16.0,95.6
Data Center Power,Backup Generator Testing,2,8,46.0,1.39,Cloudy,Night,24.5,59.5
Construction,Excavation,6,7,70.1,11.14,Sunny,Day,7.2,219.2
Construction,Demolition,3,8,32.3,11.32,Sunny,Day,28.6,171.1
Mining,Surface Excavation,8,8,37.2,3.85,Rainy,Day,15.1,229.8
Data Center Power,Emergency Power Deployment,7,8,11.9,6.01,Rainy,Day,19.9,102.4
Data Center Power,Cooling System Inspection,5,8,68.0,4.87,Cloudy,Day,19.3,69.7
Data Center Power,Backup Generator Testing,7,7,76.8,5.81,Rainy,Day,17.5,98.1
Construction,Site Preparation,7,9,32.7,12.04,Sunny,Night,14.6,201.5
Marine & Rail,Locomotive Maintenance,7,10,4.4,2.76,Cloudy,Day,16.9,179.5
Oil & Gas,Well Servicing,6,8,29.7,4.64,Sunny,Night,41.6,305.6
Marine & Rail,Tugboat Engine Service,7,9,30.1,16.79,Sunny,Night,20.8,220.2
Marine & Rail,Locomotive Maintenance,6,9,61.2,3.11,Sunny,Day,15.3,203.3
Marine & Rail,Tugboat Engine Service,5,9,17.0,8.08,Sunny,Night,30.8,175.9
Data Center Power,Generator Maintenance,4,5,3.2,11.9,Cloudy,Day,18.5,125.6
Mining,Hauling Ore,7,9,54.5,2.0,Sunny,Day,21.7,121.6
Construction,Site Preparation,4,8,19.7,5.95,Cloudy,Day,34.1,162.9
Mining,Aggregate Collection,9,8,49.5,12.87,Foggy,Day,34.1,125.6
Construction,Demolition,10,9,12.2,5.38,Sunny,Day,31.0,239.7
Mining,Drilling,5,6,45.5,16.54,Sunny,Night,37.1,359.9
Marine & Rail,Tugboat Engine Service,7,9,12.4,5.56,Rainy,Night,10.3,171.4
Data Center Power,Emergency Power Deployment,6,9,28.3,8.87,Sunny,Day,19.0,89.2
Data Center Power,Backup Generator Testing,1,3,54.2,0.53,Sunny,Day,15.6,59.2
Data Center Power,Emergency Power Deployment,6,7,26.2,5.77,Sunny,Day,25.7,112.3
Marine & Rail,Locomotive Maintenance,4,9,27.9,5.73,Cloudy,Night,9.9,192.0
Marine & Rail,Locomotive Maintenance,6,9,48.7,5.06,Rainy,Night,-9.9,215.8
Mining,Surface Excavation,4,5,32.6,0.77,Rainy,Day,18.8,208.6
Data Center Power,Cooling System Inspection,10,9,20.4,2.61,Cloudy,Day,23.5,87.2
Mining,Surface Excavation,5,6,27.7,3.99,Sunny,Day,21.6,195.8
Construction,Foundation Work,8,8,19.5,4.73,Cloudy,Day,31.5,284.1
Data Center Power,Backup Generator Testing,3,7,25.2,4.56,Foggy,Day,19.3,62.9
Oil & Gas,Well Servicing,5,8,12.2,1.8,Rainy,Night,32.8,281.8
Oil & Gas,Gas Compression Service,7,9,65.2,9.07,Rainy,Day,7.8,208.9
Marine & Rail,Rail Network Inspection,7,9,32.1,14.02,Foggy,Day,24.0,247.2
Construction,Road Building,6,8,64.6,13.42,Sunny,Day,33.3,335.7
Data Center Power,Generator Maintenance,6,9,17.8,1.18,Sunny,Day,21.4,88.9
Construction,Road Building,5,7,13.9,12.14,Rainy,Day,13.6,299.3
Construction,Excavation,7,9,32.0,14.92,Cloudy,Night,33.3,253.1
Oil & Gas,Pipeline Pumping,3,10,21.4,4.87,Rainy,Day,10.0,116.5
Construction,Material Loading,5,5,12.6,0.22,Sunny,Day,19.3,66.5
Data Center Power,Backup Generator Testing,7,6,67.3,5.73,Sunny,Night,17.9,100.1
Mining,Drilling,10,9,77.5,5.52,Foggy,Day,25.6,359.0
Data Center Power,Emergency Power Deployment,10,7,44.3,5.73,Sunny,Day,18.6,158.0
Oil & Gas,Well Servicing,5,9,67.4,2.28,Cloudy,Day,12.5,206.8
Construction,Excavation,3,3,28.5,6.06,Cloudy,Day,3.0,206.7
Marine & Rail,Tugboat Engine Service,3,6,46.9,6.48,Sunny,Day,19.8,175.0
Construction,Foundation Work,5,8,24.2,3.55,Cloudy,Night,-5.0,201.3
Oil & Gas,Well Servicing,2,9,78.6,5.68,Rainy,Day,37.3,239.4
Oil & Gas,Well Drilling,4,5,78.3,4.52,Sunny,Night,19.6,468.7
Oil & Gas,Pipeline Pumping,4,8,52.6,4.23,Rainy,Night,40.9,190.9
Marine & Rail,Locomotive Maintenance,2,7,51.7,7.19,Sunny,Night,1.9,193.3
Oil & Gas,Gas Compression Service,7,8,8.3,5.68,Rainy,Night,6.1,199.9
Mining,Drilling,5,8,36.9,7.32,Cloudy,Day,14.1,209.7
Data Center Power,Generator Maintenance,8,7,56.5,6.31,Cloudy,Day,28.9,165.4
Data Center Power,Emergency Power Deployment,1,8,35.0,4.12,Sunny,Night,21.0,70.3
Marine & Rail,Rail Network Inspection,7,7,31.1,7.72,Cloudy,Day,18.7,212.4
Data Center Power,Cooling System Inspection,3,8,43.1,10.94,Sunny,Night,15.7,63.0
Marine & Rail,Tugboat Engine Service,6,8,29.4,1.4,Sunny,Night,24.2,185.9
Data Center Power,Generator Maintenance,7,8,21.4,1.46,Sunny,Night,15.6,116.9
Oil & Gas,Well Drilling,6,7,77.6,9.74,Sunny,Day,18.3,447.0
Oil & Gas,Well Drilling,4,9,72.0,4.77,Sunny,Day,42.3,342.3
Data Center Power,Backup Generator Testing,4,8,88.2,2.89,Cloudy,Night,23.9,75.4
Mining,Surface Excavation,4,7,28.0,3.77,Cloudy,Night,5.9,161.5
Construction,Material Loading,4,10,19.0,5.75,Cloudy,Day,40.0,66.8
Construction,Road Building,1,8,44.0,3.16,Rainy,Day,10.2,182.6
Oil & Gas,Pipeline Pumping,6,7,34.3,13.66,Cloudy,Night,12.8,201.1
Data Center Power,Backup Generator Testing,3,7,64.3,5.98,Cloudy,Day,22.0,67.9
Oil & Gas,Well Drilling,5,8,38.2,1.59,Sunny,Night,30.9,374.2
Marine & Rail,Freight Operations,2,6,31.3,3.11,Cloudy,Day,31.1,208.3
Mining,Surface Excavation,5,9,49.4,8.12,Rainy,Day,25.2,186.7
Oil & Gas,Well Servicing,3,7,22.4,6.01,Sunny,Day,29.1,231.3
Mining,Surface Excavation,8,8,26.8,8.44,Sunny,Night,30.2,252.4
Mining,Hauling Ore,4,6,49.9,2.71,Foggy,Day,34.4,146.3
Data Center Power,Cooling System Inspection,6,9,57.8,3.88,Sunny,Night,25.4,74.6
Construction,Road Building,7,9,36.2,4.83,Rainy,Day,14.3,286.6
Oil & Gas,Well Drilling,5,8,34.3,5.13,Cloudy,Day,48.0,400.2
Oil & Gas,Pipeline Pumping,4,8,1.5,4.71,Cloudy,Night,26.1,152.3
Oil & Gas,Well Servicing,4,8,49.1,5.82,Rainy,Day,47.2,295.6
Marine & Rail,Locomotive Maintenance,2,8,29.4,17.47,Foggy,Day,18.9,208.8
Mining,Aggregate Collection,5,9,59.7,8.82,Rainy,Night,27.5,97.5
Marine & Rail,Freight Operations,6,8,38.3,4.0,Sunny,Day,7.1,213.5
Construction,Foundation Work,5,7,13.7,3.91,Sunny,Night,14.7,233.1
Data Center Power,Emergency Power Deployment,1,9,1.3,1.82,Sunny,Day,19.4,53.5
Data Center Power,Emergency Power Deployment,5,7,69.0,4.87,Sunny,Day,20.7,106.4
Data Center Power,Emergency Power Deployment,2,8,62.8,8.39,Cloudy,Night,23.7,88.9
Construction,Road Building,7,8,37.5,6.81,Rainy,Day,20.4,322.9
Oil & Gas,Well Servicing,5,6,43.7,9.32,Rainy,Day,20.6,330.1
Marine & Rail,Rail Network Inspection,8,8,57.7,6.24,Cloudy,Day,28.0,254.6
Data Center Power,Cooling System Inspection,2,7,10.4,2.3,Sunny,Night,23.2,54.8
Data Center Power,Emergency Power Deployment,6,7,31.0,10.7,Sunny,Night,19.2,125.0
Mining,Drilling,5,8,55.8,12.26,Sunny,Night,-2.6,219.1
Data Center Power,Backup Generator Testing,6,3,37.3,2.47,Sunny,Night,17.8,98.6
Mining,Aggregate Collection,9,8,31.6,3.76,Cloudy,Day,18.5,96.9
Marine & Rail,Rail Network Inspection,9,7,25.7,7.14,Sunny,Day,18.9,237.7
Mining,Hauling Ore,5,8,26.8,12.3,Sunny,Night,11.6,120.7
Mining,Aggregate Collection,5,9,17.8,8.33,Cloudy,Day,19.3,67.2
Marine & Rail,Locomotive Maintenance,2,8,31.3,11.46,Sunny,Night,19.2,204.0
Mining,Drilling,4,7,45.6,9.37,Rainy,Day,15.1,249.2
Marine & Rail,Rail Network Inspection,5,2,81.9,3.07,Rainy,Day,27.8,270.5
Oil & Gas,Well Servicing,5,7,13.3,4.77,Sunny,Day,21.1,242.4
Marine & Rail,Tugboat Engine Service,7,10,42.0,2.39,Foggy,Night,32.5,225.0
Data Center Power,Emergency Power Deployment,7,6,74.8,6.73,Sunny,Night,18.3,155.6
Construction,Site Preparation,3,6,5.6,6.27,Cloudy,Night,29.9,163.7
Construction,Site Preparation,6,7,26.2,9.47,Cloudy,Day,39.5,224.8
Marine & Rail,Rail Network Inspection,3,6,72.6,7.69,Rainy,Night,18.1,210.9
Marine & Rail,Freight Operations,7,6,27.6,3.66,Foggy,Day,25.3,342.3
Construction,Demolition,4,8,23.9,9.77,Cloudy,Day,5.1,156.7
Mining,Surface Excavation,8,9,41.9,2.71,Rainy,Day,29.9,237.1
Oil & Gas,Pipeline Pumping,6,7,21.0,4.39,Cloudy,Day,36.2,192.6
Marine & Rail,Rail Network Inspection,6,7,17.3,5.17,Sunny,Day,6.3,161.5
Marine & Rail,Rail Network Inspection,4,8,45.1,1.51,Sunny,Night,18.5,158.9
Construction,Excavation,4,8,45.6,6.77,Sunny,Day,17.2,163.8
Mining,Surface Excavation,4,9,57.7,5.55,Sunny,Day,14.0,135.9
Mining,Surface Excavation,5,6,28.6,6.78,Sunny,Day,2.2,171.0
Oil & Gas,Pipeline Pumping,7,8,55.8,3.54,Cloudy,Day,29.2,207.0
Mining,Aggregate Collection,8,10,54.5,9.41,Cloudy,Night,19.7,103.8
Data Center Power,Backup Generator Testing,5,9,36.6,4.53,Cloudy,Night,23.0,73.6
Oil & Gas,Pipeline Pumping,7,7,23.9,4.58,Sunny,Night,19.8,200.2
Construction,Foundation Work,4,8,38.9,4.77,Foggy,Day,12.5,194.5
Marine & Rail,Rail Network Inspection,6,6,4.9,13.08,Sunny,Day,19.3,188.9
Mining,Hauling Ore,5,9,33.5,1.57,Rainy,Day,14.5,106.9
Mining,Surface Excavation,6,9,39.9,8.25,Sunny,Day,19.0,166.1
Construction,Foundation Work,5,9,59.3,7.68,Sunny,Day,10.6,180.8
Marine & Rail,Rail Network Inspection,6,9,33.6,7.09,Sunny,Day,15.6,167.9
Data Center Power,Backup Generator Testing,7,6,18.4,6.83,Rainy,Night,16.3,93.2
Oil & Gas,Well Servicing,6,9,8.0,3.4,Rainy,Day,12.1,217.0
Data Center Power,Emergency Power Deployment,5,6,29.3,3.45,Sunny,Night,19.2,112.9
Data Center Power,Backup Generator Testing,10,8,25.6,4.09,Cloudy,Day,21.5,96.7
Data Center Power,Cooling System Inspection,6,7,48.6,6.73,Rainy,Day,21.1,78.7
Construction,Material Loading,2,7,19.2,8.0,Cloudy,Day,20.4,56.4
Oil & Gas,Pipeline Pumping,8,6,53.1,7.19,Sunny,Night,30.4,273.9
Oil & Gas,Well Servicing,6,7,32.1,5.36,Sunny,Day,16.6,262.9
Mining,Aggregate Collection,6,5,36.9,2.89,Rainy,Day,24.7,101.8
Marine & Rail,Tugboat Engine Service,7,5,13.1,14.92,Cloudy,Night,25.6,307.2
Construction,Site Preparation,9,9,10.0,3.65,Rainy,Night,24.4,228.6
Construction,Site Preparation,5,8,28.7,9.9,Cloudy,Day,29.7,179.3
Data Center Power,Emergency Power Deployment,3,6,42.6,3.95,Sunny,Day,18.2,90.5
Oil & Gas,Gas Compression Service,5,9,10.5,4.02,Sunny,Night,39.5,185.5
Mining,Aggregate Collection,3,9,35.0,1.99,Sunny,Day,33.6,67.4
Marine & Rail,Tugboat Engine Service,4,8,59.5,5.15,Sunny,Day,28.4,171.3
Oil & Gas,Well Drilling,7,6,35.2,9.67,Sunny,Night,48.0,620.3
Mining,Surface Excavation,10,8,19.7,7.28,Rainy,Day,31.7,293.9
Data Center Power,Cooling System Inspection,5,4,74.0,3.67,Sunny,Day,24.9,80.6
Marine & Rail,Freight Operations,5,6,30.4,8.55,Sunny,Night,11.3,240.7
Construction,Foundation Work,6,9,37.0,2.16,Cloudy,Day,27.2,226.4
Construction,Foundation Work,10,6,12.2,7.74,Sunny,Day,6.8,303.8
Marine & Rail,Rail Network Inspection,5,7,23.4,3.59,Sunny,Day,0.4,145.7
Construction,Excavation,4,8,13.0,2.34,Foggy,Night,13.7,153.6
Marine & Rail,Freight Operations,4,9,28.3,13.54,Sunny,Night,5.9,196.2
Oil & Gas,Pipeline Pumping,7,9,10.7,5.63,Rainy,Day,36.3,187.3
Construction,Demolition,1,6,11.3,6.96,Rainy,Day,36.1,204.4
Mining,Hauling Ore,5,9,38.8,7.57,Rainy,Day,5.1,115.2
Data Center Power,Cooling System Inspection,10,9,56.0,3.33,Cloudy,Night,19.6,111.1
Oil & Gas,Well Servicing,3,7,48.2,12.35,Rainy,Night,23.4,323.6
Construction,Excavation,6,8,37.4,6.82,Cloudy,Day,20.3,196.5
Oil & Gas,Well Drilling,1,7,43.3,11.11,Sunny,Night,48.0,367.5
Mining,Aggregate Collection,3,8,45.6,7.02,Cloudy,Day,21.9,64.6
Data Center Power,Emergency Power Deployment,7,7,57.1,1.95,Sunny,Day,20.3,117.9
Marine & Rail,Rail Network Inspection,5,4,46.5,11.12,Rainy,Day,30.0,261.9
Construction,Road Building,5,8,23.7,6.47,Cloudy,Day,20.9,254.7
Mining,Surface Excavation,9,9,32.0,8.99,Sunny,Day,16.2,206.6
Oil & Gas,Gas Compression Service,5,6,7.2,4.65,Rainy,Day,-1.1,178.4
Mining,Drilling,1,6,36.5,13.46,Cloudy,Day,25.6,212.5
Mining,Drilling,5,8,14.2,5.78,Rainy,Day,20.6,229.3
Marine & Rail,Locomotive Maintenance,5,6,76.3,0.49,Sunny,Day,18.0,253.6
Mining,Surface Excavation,1,7,73.1,4.8,Rainy,Day,24.3,164.0
Mining,Surface Excavation,6,7,43.8,7.03,Cloudy,Day,18.3,207.7
Mining,Surface Excavation,4,5,47.3,4.33,Cloudy,Day,9.1,190.3
Data Center Power,Cooling System Inspection,8,7,13.5,3.4,Sunny,Day,16.6,76.2
Construction,Foundation Work,3,5,26.0,5.19,Sunny,Night,31.4,270.1
Data Center Power,Backup Generator Testing,5,7,31.2,7.06,Rainy,Day,16.4,73.1
Construction,Material Loading,1,9,42.0,6.91,Rainy,Night,2.0,55.4
Oil & Gas,Well Servicing,5,8,30.6,6.38,Sunny,Night,30.3,272.8
Oil & Gas,Well Servicing,6,7,11.4,4.65,Sunny,Night,11.4,255.1
Oil & Gas,Well Servicing,7,4,24.8,9.47,Rainy,Night,24.4,497.3
Marine & Rail,Tugboat Engine Service,7,5,40.8,5.17,Sunny,Day,25.6,261.8
Construction,Road Building,8,8,69.1,1.25,Sunny,Day,32.5,344.0
Oil & Gas,Pipeline Pumping,7,6,13.4,8.67,Sunny,Night,13.4,198.1
Construction,Excavation,7,8,51.3,2.01,Cloudy,Day,26.7,210.0
Data Center Power,Emergency Power Deployment,5,8,41.9,7.71,Rainy,Day,25.2,101.7
Mining,Drilling,2,7,48.3,14.26,Sunny,Day,-0.8,177.4
Construction,Foundation Work,4,7,1.4,6.21,Sunny,Night,12.9,208.3
Marine & Rail,Tugboat Engine Service,9,8,14.9,10.35,Cloudy,Day,3.8,209.8
Construction,Road Building,9,9,47.7,8.69,Rainy,Day,19.4,376.4
Mining,Drilling,5,10,63.1,7.88,Sunny,Day,25.3,185.0
Oil & Gas,Pipeline Pumping,5,8,44.5,2.24,Cloudy,Day,18.7,150.2
Marine & Rail,Freight Operations,5,8,16.9,6.73,Sunny,Day,15.0,206.8
Marine & Rail,Locomotive Maintenance,4,6,25.5,5.67,Sunny,Day,23.1,245.9
Oil & Gas,Well Servicing,8,9,8.3,4.01,Cloudy,Day,17.3,242.9
Data Center Power,Cooling System Inspection,3,7,24.0,3.4,Cloudy,Day,22.7,58.1
Mining,Drilling,4,10,66.7,7.15,Cloudy,Night,11.4,174.8
Construction,Foundation Work,6,8,41.3,5.16,Rainy,Night,31.2,322.2
Marine & Rail,Tugboat Engine Service,9,7,22.3,9.53,Rainy,Night,15.7,262.1
Data Center Power,Backup Generator Testing,4,9,20.3,2.31,Cloudy,Day,22.3,59.9
Mining,Hauling Ore,6,6,20.8,3.78,Cloudy,Day,10.4,114.1
Oil & Gas,Gas Compression Service,8,9,24.9,4.25,Sunny,Day,23.3,205.7
Mining,Drilling,6,8,30.2,10.42,Foggy,Day,22.6,254.5
Data Center Power,Generator Maintenance,7,8,44.1,7.81,Foggy,Day,18.4,134.4
Construction,Site Preparation,10,7,16.2,7.3,Foggy,Day,28.4,254.0
Mining,Hauling Ore,5,8,77.8,4.89,Sunny,Day,17.2,114.0
Data Center Power,Backup Generator Testing,4,10,56.4,10.09,Cloudy,Day,20.7,65.4
Data Center Power,Cooling System Inspection,7,8,45.1,1.03,Sunny,Day,17.5,78.6
Oil & Gas,Pipeline Pumping,6,7,70.1,14.44,Sunny,Day,9.9,195.6
Data Center Power,Emergency Power Deployment,7,8,42.9,2.8,Sunny,Day,23.6,109.6
Marine & Rail,Freight Operations,4,8,53.6,0.94,Sunny,Day,15.6,191.5
Oil & Gas,Pipeline Pumping,6,6,25.6,2.89,Rainy,Night,8.8,176.4
Oil & Gas,Well Servicing,4,7,24.7,3.7,Sunny,Day,29.9,247.4
Marine & Rail,Rail Network Inspection,5,7,32.4,7.48,Sunny,Day,30.1,190.5
Oil & Gas,Well Drilling,9,4,37.4,7.3,Sunny,Night,39.8,826.8
Data Center Power,Generator Maintenance,5,7,32.8,0.86,Sunny,Night,19.7,108.5
Oil & Gas,Well Servicing,4,7,44.9,15.54,Rainy,Day,44.4,366.0
Oil & Gas,Well Servicing,8,7,37.6,8.8,Cloudy,Day,3.2,306.3
Marine & Rail,Locomotive Maintenance,3,8,35.1,6.62,Cloudy,Day,21.1,196.5
Construction,Material Loading,7,7,78.0,9.66,Rainy,Day,22.3,116.4
Mining,Surface Excavation,3,8,15.7,3.56,Sunny,Day,8.9,121.3
Mining,Drilling,6,5,7.0,3.63,Cloudy,Day,6.5,235.9
Construction,Road Building,7,8,7.2,7.16,Sunny,Day,6.8,245.9
Marine & Rail,Rail Network Inspection,1,10,19.7,6.51,Sunny,Night,32.9,131.3
Oil & Gas,Well Drilling,4,8,23.6,13.71,Rainy,Night,32.5,466.8
Data Center Power,Backup Generator Testing,2,9,43.7,3.03,Sunny,Day,19.3,52.1
Oil & Gas,Gas Compression Service,4,8,10.4,5.43,Sunny,Day,10.1,146.4
Data Center Power,Backup Generator Testing,5,10,42.4,8.75,Sunny,Day,12.0,61.9
Oil & Gas,Well Drilling,6,9,25.9,2.07,Sunny,Day,23.7,318.6
Marine & Rail,Tugboat Engine Service,4,7,62.7,9.15,Sunny,Day,22.2,189.0
Marine & Rail,Rail Network Inspection,7,7,38.9,8.66,Foggy,Day,31.4,274.4
Oil & Gas,Well Drilling,2,8,69.8,4.41,Cloudy,Night,43.2,355.8
Construction,Road Building,7,8,67.8,0.6,Cloudy,Day,21.9,299.7
Mining,Drilling,5,8,12.1,10.04,Sunny,Day,31.3,233.3
Construction,Foundation Work,5,7,40.1,7.36,Rainy,Night,-1.8,254.8
Oil & Gas,Well Drilling,1,6,39.7,9.03,Sunny,Day,40.8,371.4
Construction,Road Building,3,6,19.1,2.07,Sunny,Day,32.2,248.4
Marine & Rail,Rail Network Inspection,5,7,58.6,11.12,Cloudy,Night,13.6,197.2
Marine & Rail,Freight Operations,5,5,15.7,5.57,Foggy,Day,14.8,279.0
Mining,Aggregate Collection,8,8,38.9,7.02,Rainy,Night,23.1,116.6
Data Center Power,Backup Generator Testing,3,6,35.2,4.44,Sunny,Day,22.7,65.5
Marine & Rail,Rail Network Inspection,6,4,16.6,13.31,Sunny,Day,4.6,193.4
Oil & Gas,Gas Compression Service,6,8,59.3,8.72,Sunny,Day,22.7,219.8
Mining,Hauling Ore,6,9,66.7,2.07,Sunny,Night,19.3,122.7
Marine & Rail,Rail Network Inspection,9,9,60.0,6.16,Foggy,Day,19.7,295.0
Data Center Power,Generator Maintenance,7,6,22.1,2.67,Cloudy,Day,20.5,133.7
Oil & Gas,Pipeline Pumping,5,6,68.0,5.99,Cloudy,Day,19.1,178.3
Construction,Demolition,5,6,13.9,6.06,Cloudy,Day,18.5,215.7
Oil & Gas,Pipeline Pumping,6,6,44.7,5.3,Cloudy,Night,48.0,230.6
Construction,Material Loading,6,7,42.6,1.03,Sunny,Night,26.6,82.6
Construction,Material Loading,6,4,20.9,7.26,Cloudy,Night,6.1,86.6
Marine & Rail,Tugboat Engine Service,3,5,4.6,9.52,Rainy,Day,16.4,190.7
Data Center Power,Cooling System Inspection,6,8,16.6,8.26,Sunny,Night,25.1,76.8
Construction,Demolition,4,10,62.3,7.42,Cloudy,Day,16.0,144.4
Oil & Gas,Pipeline Pumping,6,8,50.7,2.93,Rainy,Night,8.9,166.6
Oil & Gas,Well Servicing,8,8,40.6,2.61,Sunny,Day,15.9,277.6
Mining,Hauling Ore,10,6,17.2,14.91,Sunny,Day,13.8,177.2
Construction,Foundation Work,7,6,63.9,1.89,Sunny,Night,-4.2,312.2
Mining,Drilling,5,8,58.2,2.62,Cloudy,Day,15.9,202.2
Construction,Material Loading,5,4,38.6,6.0,Cloudy,Night,7.2,78.2
Construction,Road Building,5,9,54.2,5.59,Sunny,Day,16.9,218.9
Construction,Road Building,6,7,25.1,11.7,Sunny,Day,9.0,290.6
Data Center Power,Generator Maintenance,5,7,32.1,5.37,Sunny,Day,22.0,112.5
Data Center Power,Cooling System Inspection,8,8,17.4,7.63,Rainy,Day,23.2,82.4
Mining,Drilling,6,8,7.7,7.62,Foggy,Day,-1.7,196.9
Marine & Rail,Locomotive Maintenance,6,8,34.0,3.26,Cloudy,Night,16.7,239.8
Marine & Rail,Tugboat Engine Service,2,10,38.2,10.66,Foggy,Night,14.0,143.0
Mining,Aggregate Collection,6,8,12.9,5.61,Rainy,Day,7.2,76.0
Oil & Gas,Gas Compression Service,6,5,47.7,3.94,Cloudy,Day,37.2,297.6
Marine & Rail,Rail Network Inspection,8,4,27.4,3.51,Sunny,Night,34.0,293.3
Mining,Hauling Ore,6,7,34.8,3.41,Rainy,Night,18.3,146.9
Construction,Foundation Work,6,6,69.7,5.41,Sunny,Day,23.2,292.0
Construction,Road Building,1,8,73.3,12.2,Cloudy,Day,24.9,219.7
Marine & Rail,Tugboat Engine Service,5,5,54.7,8.12,Cloudy,Day,-1.3,208.8
Mining,Aggregate Collection,7,7,44.9,10.62,Rainy,Day,10.9,100.5
Data Center Power,Generator Maintenance,4,9,27.4,4.14,Sunny,Day,22.6,84.6
Construction,Site Preparation,3,8,50.4,3.5,Cloudy,Day,22.1,136.4
Construction,Road Building,10,7,37.5,9.22,Sunny,Night,-1.8,415.1
Oil & Gas,Pipeline Pumping,7,9,18.1,6.92,Rainy,Day,29.0,183.8
Construction,Road Building,8,6,26.5,3.16,Rainy,Day,24.9,402.2
Oil & Gas,Well Drilling,4,6,36.4,5.21,Cloudy,Day,26.0,391.5
Marine & Rail,Locomotive Maintenance,3,8,37.7,4.96,Cloudy,Day,25.8,197.8
Mining,Drilling,2,9,43.0,3.57,Sunny,Day,19.3,142.2
Construction,Excavation,8,9,13.7,3.44,Cloudy,Night,27.0,214.8
Oil & Gas,Well Drilling,8,9,27.9,4.56,Cloudy,Night,29.2,455.7
Marine & Rail,Rail Network Inspection,10,9,17.2,12.31,Cloudy,Day,5.6,204.7
Oil & Gas,Pipeline Pumping,4,7,32.8,14.21,Cloudy,Night,20.2,180.8
Oil & Gas,Well Drilling,8,9,19.9,6.11,Rainy,Night,24.3,486.0
Construction,Excavation,5,9,37.2,5.7,Cloudy,Day,28.6,172.4
Oil & Gas,Well Drilling,9,7,30.2,3.24,Sunny,Day,48.0,575.5
Construction,Road Building,5,4,36.2,4.25,Cloudy,Day,24.8,343.2
Construction,Foundation Work,3,9,47.1,4.93,Cloudy,Day,6.3,154.5
Data Center Power,Backup Generator Testing,5,8,45.3,3.1,Sunny,Day,18.0,68.9
Mining,Aggregate Collection,7,9,28.5,4.83,Sunny,Night,-0.1,74.1
Mining,Drilling,3,9,40.1,11.44,Cloudy,Day,-3.0,159.4
Data Center Power,Generator Maintenance,6,8,15.1,4.35,Sunny,Day,15.8,102.1
Oil & Gas,Well Servicing,5,4,56.5,6.38,Cloudy,Day,17.5,332.7
Marine & Rail,Rail Network Inspection,1,7,9.0,12.91,Sunny,Day,19.4,122.7
Construction,Foundation Work,4,10,57.7,3.72,Sunny,Night,35.6,201.8
Oil & Gas,Pipeline Pumping,3,7,46.1,2.26,Sunny,Night,9.8,131.9
Construction,Site Preparation,9,7,43.1,6.54,Rainy,Day,13.7,250.3
Data Center Power,Backup Generator Testing,9,8,47.7,4.85,Sunny,Day,26.6,100.3
Marine & Rail,Tugboat Engine Service,4,7,66.8,5.72,Foggy,Night,9.5,217.9
Construction,Site Preparation,5,7,44.4,9.06,Cloudy,Day,12.5,167.3
Data Center Power,Backup Generator Testing,6,9,42.7,3.26,Sunny,Night,24.0,81.7
Oil & Gas,Well Servicing,6,5,37.8,2.2,Sunny,Day,5.2,284.4
Oil & Gas,Pipeline Pumping,1,8,30.9,5.7,Sunny,Day,22.2,113.8
Marine & Rail,Tugboat Engine Service,8,7,46.6,5.33,Cloudy,Day,27.2,258.9
Data Center Power,Cooling System Inspection,7,8,35.3,2.48,Cloudy,Night,25.7,83.9
Construction,Demolition,8,10,56.9,4.08,Sunny,Night,39.8,248.6
Data Center Power,Emergency Power Deployment,4,6,55.1,5.86,Cloudy,Day,17.6,108.1
Construction,Excavation,3,6,23.7,5.65,Rainy,Night,21.0,213.8
Oil & Gas,Gas Compression Service,2,8,66.8,7.6,Sunny,Day,27.4,168.6
Construction,Foundation Work,7,8,56.2,3.84,Rainy,Night,18.2,327.2
Data Center Power,Cooling System Inspection,7,5,17.6,0.95,Sunny,Night,20.3,85.1
Construction,Excavation,4,6,30.9,5.55,Cloudy,Day,25.3,203.9
Mining,Aggregate Collection,4,9,35.8,11.56,Sunny,Day,5.9,58.4
Oil & Gas,Well Servicing,3,6,76.4,9.38,Cloudy,Day,30.0,305.7
Construction,Foundation Work,7,6,24.7,5.78,Sunny,Day,23.6,296.5
Marine & Rail,Rail Network Inspection,8,5,10.6,7.86,Sunny,Day,14.5,212.4
Data Center Power,Backup Generator Testing,6,5,22.7,4.71,Sunny,Day,13.3,79.3
Mining,Drilling,3,8,41.6,3.26,Cloudy,Day,21.1,177.3
Construction,Excavation,5,8,36.7,4.03,Sunny,Day,-3.5,155.2
Construction,Foundation Work,6,4,26.4,8.32,Sunny,Day,16.7,309.3
Marine & Rail,Tugboat Engine Service,5,5,7.3,11.52,Cloudy,Night,20.8,247.4
Construction,Site Preparation,4,8,33.8,8.26,Sunny,Night,29.0,174.5
Mining,Drilling,5,6,9.0,8.12,Sunny,Night,16.1,252.6
Oil & Gas,Well Servicing,7,9,66.4,5.46,Cloudy,Day,17.4,264.0
Marine & Rail,Rail Network Inspection,5,6,67.2,9.77,Cloudy,Day,5.7,180.6
Mining,Drilling,1,5,77.1,5.69,Rainy,Day,24.2,253.0
Mining,Aggregate Collection,6,7,44.6,2.38,Rainy,Day,4.9,83.6
Mining,Drilling,1,7,48.5,2.73,Sunny,Day,5.3,152.6
Mining,Hauling Ore,5,8,41.6,1.85,Sunny,Day,-10.0,94.1
Marine & Rail,Freight Operations,9,8,27.8,5.24,Cloudy,Day,25.1,313.7
Mining,Drilling,5,8,45.6,2.28,Sunny,Night,25.6,221.6
Construction,Material Loading,6,5,10.6,5.55,Rainy,Day,20.1,89.1
Data Center Power,Emergency Power Deployment,7,6,14.6,3.56,Cloudy,Night,21.0,129.3
Marine & Rail,Tugboat Engine Service,7,7,26.6,2.87,Cloudy,Day,11.5,190.1
Oil & Gas,Gas Compression Service,9,7,34.0,7.09,Rainy,Night,6.6,275.0
Mining,Surface Excavation,2,3,45.4,1.29,Cloudy,Day,31.5,200.3
Marine & Rail,Rail Network Inspection,7,9,24.5,8.82,Sunny,Night,11.6,190.2
Oil & Gas,Pipeline Pumping,4,9,20.6,4.77,Cloudy,Day,23.6,137.7
Marine & Rail,Freight Operations,7,8,34.5,3.82,Sunny,Day,28.4,276.5
Mining,Surface Excavation,2,6,30.3,2.81,Sunny,Day,7.1,135.1
Oil & Gas,Gas Compression Service,3,9,10.5,6.18,Sunny,Day,38.5,154.2
Data Center Power,Backup Generator Testing,4,4,13.8,8.42,Rainy,Day,22.3,78.0
Marine & Rail,Freight Operations,7,7,9.5,1.98,Sunny,Day,3.8,217.7
Data Center Power,Generator Maintenance,4,6,26.0,4.91,Sunny,Day,22.2,110.9
Data Center Power,Emergency Power Deployment,7,4,55.0,0.4,Sunny,Day,26.1,153.7
Construction,Material Loading,4,9,23.4,0.25,Rainy,Day,11.2,57.0
Data Center Power,Cooling System Inspection,6,6,50.9,2.92,Cloudy,Night,20.6,83.9
Mining,Drilling,2,8,33.0,3.04,Sunny,Day,11.3,147.3
Oil & Gas,Gas Compression Service,7,8,32.8,1.73,Rainy,Day,30.2,226.9
Oil & Gas,Pipeline Pumping,7,8,18.7,5.93,Sunny,Day,16.5,171.2
Oil & Gas,Well Servicing,10,8,41.3,1.76,Sunny,Night,30.2,383.1
Mining,Drilling,7,9,57.9,1.99,Cloudy,Day,33.0,251.3
Construction,Material Loading,4,8,15.3,1.42,Rainy,Night,40.0,81.9
Oil & Gas,Pipeline Pumping,8,9,4.7,7.76,Foggy,Day,33.3,206.2
Construction,Site Preparation,4,6,17.0,8.79,Sunny,Day,36.5,187.5
Construction,Foundation Work,8,7,10.9,2.38,Sunny,Night,21.2,288.4
Construction,Excavation,10,5,23.3,3.05,Rainy,Day,12.7,314.6
Oil & Gas,Well Servicing,7,9,31.4,7.06,Cloudy,Day,15.8,248.9
Marine & Rail,Freight Operations,8,6,30.8,7.95,Rainy,Day,12.2,337.3
Data Center Power,Backup Generator Testing,6,7,10.6,1.56,Sunny,Day,16.5,72.0
Data Center Power,Cooling System Inspection,4,10,26.6,4.55,Sunny,Day,16.7,52.8
Mining,Hauling Ore,5,7,34.7,0.57,Cloudy,Day,10.0,99.3
Mining,Drilling,7,6,67.4,4.88,Cloudy,Night,-1.4,298.3
Construction,Road Building,4,9,73.2,3.5,Sunny,Night,5.7,206.6
Construction,Site Preparation,3,8,13.5,12.49,Rainy,Day,3.3,144.2
Mining,Drilling,7,9,39.8,3.32,Cloudy,Day,14.5,212.9
Data Center Power,Emergency Power Deployment,7,8,36.1,1.54,Cloudy,Night,21.0,109.8
Data Center Power,Backup Generator Testing,6,10,19.5,4.69,Cloudy,Day,17.2,66.4
Data Center Power,Cooling System Inspection,7,6,41.6,2.2,Sunny,Day,16.4,81.3
Oil & Gas,Well Servicing,9,9,15.6,6.33,Sunny,Day,34.9,298.0
Marine & Rail,Tugboat Engine Service,5,5,17.9,4.3,Rainy,Night,7.8,205.1
Data Center Power,Backup Generator Testing,5,8,51.2,4.9,Foggy,Day,13.8,71.6
Construction,Excavation,10,5,53.2,1.68,Rainy,Night,31.2,464.0
Oil & Gas,Well Drilling,7,7,26.3,10.12,Cloudy,Night,15.9,488.7
Marine & Rail,Tugboat Engine Service,4,8,56.3,6.55,Sunny,Day,12.6,159.2
Construction,Road Building,4,9,36.9,3.66,Cloudy,Day,15.5,183.9
Oil & Gas,Well Servicing,4,6,25.6,4.92,Cloudy,Day,25.2,267.1
Data Center Power,Cooling System Inspection,4,9,22.4,1.73,Sunny,Day,20.6,55.0
Mining,Surface Excavation,4,8,12.6,6.81,Sunny,Day,13.0,141.5
Data Center Power,Generator Maintenance,9,5,74.7,2.73,Sunny,Night,24.8,223.4
Mining,Drilling,4,8,55.3,6.06,Sunny,Day,25.8,211.2
Construction,Site Preparation,3,7,7.5,6.2,Rainy,Day,16.4,150.8
Oil & Gas,Gas Compression Service,2,7,34.7,3.81,Sunny,Day,4.3,137.5
Oil & Gas,Gas Compression Service,3,7,27.7,10.74,Sunny,Night,27.2,210.6
Data Center Power,Cooling System Inspection,3,10,18.3,5.39,Cloudy,Day,20.9,49.4
Marine & Rail,Tugboat Engine Service,3,5,64.2,12.19,Sunny,Day,-0.3,181.1
Marine & Rail,Tugboat Engine Service,7,5,47.2,12.13,Foggy,Night,26.6,397.3
Marine & Rail,Rail Network Inspection,5,9,38.0,14.55,Cloudy,Night,20.1,181.6
Mining,Drilling,10,7,21.6,1.66,Cloudy,Day,-10.0,271.4
Mining,Drilling,4,8,8.2,1.94,Rainy,Night,8.9,194.0
Mining,Hauling Ore,5,7,8.0,10.63,Cloudy,Day,2.3,105.7
Marine & Rail,Tugboat Engine Service,2,8,26.1,6.77,Sunny,Night,12.4,132.0
Construction,Site Preparation,2,5,41.2,1.55,Sunny,Night,17.8,139.0
Mining,Hauling Ore,9,9,32.1,10.89,Sunny,Day,18.6,152.0
Construction,Material Loading,4,9,16.4,10.91,Rainy,Day,18.1,72.7
Marine & Rail,Tugboat Engine Service,5,6,43.0,7.33,Foggy,Night,16.4,262.5
Construction,Foundation Work,6,8,25.9,2.0,Cloudy,Night,13.9,225.3
Construction,Road Building,6,7,41.5,9.26,Sunny,Night,14.4,322.1
Mining,Surface Excavation,3,6,33.6,7.87,Cloudy,Night,15.3,181.6
Oil & Gas,Well Servicing,7,6,29.8,5.18,Cloudy,Day,25.3,332.3
Mining,Surface Excavation,7,6,48.8,4.0,Cloudy,Night,26.5,267.3
Data Center Power,Generator Maintenance,5,9,8.5,4.86,Cloudy,Day,20.9,88.4
Oil & Gas,Pipeline Pumping,5,7,34.3,9.23,Rainy,Day,22.1,174.9
Mining,Drilling,6,9,50.8,3.79,Foggy,Night,-3.6,211.7
Marine & Rail,Tugboat Engine Service,6,5,35.0,11.36,Foggy,Day,17.9,296.9
Construction,Road Building,4,7,49.1,10.56,Sunny,Night,21.2,294.3
Construction,Material Loading,4,7,17.1,3.68,Sunny,Day,11.2,57.6
Marine & Rail,Rail Network Inspection,8,7,38.0,17.68,Sunny,Day,18.6,236.2
Data Center Power,Cooling System Inspection,5,7,3.8,4.82,Sunny,Night,24.8,69.0
Construction,Foundation Work,5,6,42.4,7.15,Sunny,Day,26.0,264.9
Mining,Aggregate Collection,7,5,54.9,9.66,Sunny,Day,15.0,102.3
Mining,Hauling Ore,6,8,20.3,2.38,Sunny,Day,27.9,116.4
Oil & Gas,Well Servicing,1,8,25.4,13.1,Foggy,Day,12.8,176.1
Mining,Drilling,5,8,45.2,6.5,Rainy,Day,25.4,250.7
Marine & Rail,Freight Operations,7,6,59.6,5.65,Sunny,Night,22.1,324.7
Mining,Aggregate Collection,3,7,41.8,14.67,Sunny,Day,11.4,64.2
Mining,Surface Excavation,7,10,8.5,2.65,Rainy,Night,9.9,159.7
Construction,Demolition,5,4,36.8,9.02,Foggy,Day,22.6,276.4
Marine & Rail,Rail Network Inspection,6,9,7.8,1.76,Rainy,Day,18.4,178.8
Mining,Surface Excavation,3,10,61.3,5.03,Cloudy,Day,-2.8,107.8
Construction,Foundation Work,4,10,39.7,9.48,Sunny,Day,17.9,156.4
Mining,Aggregate Collection,3,9,47.9,9.58,Cloudy,Day,38.5,72.3
Construction,Excavation,6,7,75.2,2.45,Rainy,Day,19.2,241.9
Marine & Rail,Freight Operations,6,9,45.1,1.25,Sunny,Day,18.2,226.0
Marine & Rail,Rail Network Inspection,5,6,7.0,4.72,Sunny,Day,18.2,162.5
Marine & Rail,Tugboat Engine Service,7,8,14.1,10.27,Cloudy,Night,22.4,220.3
Oil & Gas,Pipeline Pumping,7,9,50.4,5.39,Sunny,Day,33.9,196.1
Marine & Rail,Tugboat Engine Service,6,7,27.5,0.8,Sunny,Day,25.3,183.7
Marine & Rail,Rail Network Inspection,7,8,35.5,7.12,Rainy,Day,22.7,230.1
Oil & Gas,Well Servicing,9,8,54.4,14.45,Sunny,Night,20.7,417.9
Data Center Power,Backup Generator Testing,9,9,63.6,7.04,Foggy,Day,19.9,108.2
Oil & Gas,Well Servicing,6,9,40.5,5.29,Sunny,Day,43.7,269.9
Mining,Surface Excavation,5,7,36.7,1.17,Cloudy,Night,30.0,197.7
Construction,Road Building,7,7,14.7,7.2,Sunny,Day,34.4,335.1
Data Center Power,Cooling System Inspection,3,7,62.2,2.05,Cloudy,Day,17.3,59.3
Construction,Site Preparation,3,6,11.7,7.65,Foggy,Day,21.3,150.7
Mining,Drilling,3,5,35.6,3.34,Cloudy,Day,27.2,240.1
Data Center Power,Cooling System Inspection,2,9,62.0,8.06,Cloudy,Night,20.4,57.8
Mining,Hauling Ore,3,8,58.6,10.46,Cloudy,Day,10.2,99.1
Construction,Road Building,4,8,21.5,8.69,Foggy,Day,25.3,255.7
Marine & Rail,Rail Network Inspection,9,6,22.5,7.06,Sunny,Day,13.7,228.3
Marine & Rail,Freight Operations,8,7,59.9,7.66,Foggy,Day,17.1,375.9
Oil & Gas,Gas Compression Service,5,6,37.1,8.96,Sunny,Day,12.6,208.7
Oil & Gas,Pipeline Pumping,4,9,41.3,11.22,Sunny,Night,-1.6,139.7
Mining,Surface Excavation,6,7,79.0,10.07,Sunny,Day,36.8,266.1
Data Center Power,Cooling System Inspection,3,9,47.8,4.52,Sunny,Night,18.9,57.6
Construction,Excavation,5,8,40.2,5.78,Sunny,Day,34.6,191.5
Oil & Gas,Gas Compression Service,3,7,41.0,10.68,Sunny,Day,25.7,188.6
Oil & Gas,Pipeline Pumping,8,8,34.1,9.3,Cloudy,Night,23.3,236.9
Data Center Power,Cooling System Inspection,6,9,36.1,2.1,Sunny,Day,18.2,64.9
Oil & Gas,Well Drilling,8,9,15.6,6.6,Cloudy,Day,26.6,396.2
Marine & Rail,Tugboat Engine Service,7,9,33.5,7.1,Cloudy,Day,2.6,166.5
Mining,Hauling Ore,10,9,44.5,3.9,Cloudy,Day,26.1,173.8
Construction,Site Preparation,6,9,28.6,5.8,Cloudy,Night,13.4,169.5
Oil & Gas,Well Servicing,4,7,14.0,7.69,Cloudy,Day,38.9,280.6
Oil & Gas,Well Servicing,2,7,12.9,7.33,Sunny,Night,11.1,201.1
Construction,Site Preparation,9,8,28.8,6.88,Cloudy,Day,28.4,230.2
Construction,Excavation,5,8,81.4,9.15,Cloudy,Day,31.4,219.0
Mining,Drilling,3,8,44.6,15.96,Sunny,Day,21.3,208.9
Marine & Rail,Tugboat Engine Service,10,9,54.7,3.42,Cloudy,Night,3.1,234.0
Construction,Road Building,5,6,25.4,1.52,Sunny,Day,19.0,270.7
Marine & Rail,Tugboat Engine Service,7,6,61.7,5.34,Foggy,Night,9.2,293.1
Oil & Gas,Gas Compression Service,6,7,47.8,4.99,Sunny,Day,6.5,196.8
Oil & Gas,Gas Compression Service,6,9,41.5,6.78,Sunny,Day,32.7,197.2
Mining,Surface Excavation,6,9,68.8,7.93,Sunny,Night,32.1,212.2
Data Center Power,Cooling System Inspection,6,5,50.4,0.7,Sunny,Night,17.1,85.0
Data Center Power,Emergency Power Deployment,10,7,22.4,3.32,Sunny,Night,18.9,149.4
Oil & Gas,Gas Compression Service,5,8,41.7,14.64,Sunny,Day,9.8,185.3
Mining,Hauling Ore,2,9,10.0,6.8,Foggy,Night,12.9,101.5
Construction,Excavation,6,7,31.2,12.94,Rainy,Day,35.2,280.8
Construction,Excavation,5,9,14.8,6.61,Cloudy,Day,40.0,182.1
Marine & Rail,Tugboat Engine Service,6,6,74.1,5.86,Rainy,Night,13.0,247.9
Data Center Power,Emergency Power Deployment,3,8,53.8,2.43,Sunny,Day,24.0,77.7
Construction,Foundation Work,8,7,13.1,11.49,Rainy,Day,29.8,354.4
Oil & Gas,Pipeline Pumping,5,8,62.7,6.49,Rainy,Night,48.0,216.0
Oil & Gas,Gas Compression Service,6,7,13.1,10.68,Rainy,Day,17.9,213.3
Construction,Road Building,4,6,39.2,13.39,Sunny,Day,21.4,314.2
Marine & Rail,Locomotive Maintenance,9,9,20.7,3.03,Sunny,Night,-0.5,229.6
Mining,Drilling,8,6,54.7,5.31,Foggy,Day,-0.5,310.7
Construction,Site Preparation,5,9,26.1,4.07,Sunny,Day,15.1,143.3
Oil & Gas,Gas Compression Service,7,8,11.0,5.19,Rainy,Day,17.8,199.2
Data Center Power,Generator Maintenance,5,9,14.7,3.06,Rainy,Day,22.0,87.7
Marine & Rail,Tugboat Engine Service,5,5,19.6,18.12,Cloudy,Day,18.6,240.9
Marine & Rail,Tugboat Engine Service,10,8,53.1,6.42,Rainy,Night,22.8,303.7
Mining,Surface Excavation,6,8,90.7,12.61,Rainy,Day,31.9,276.2
Oil & Gas,Well Servicing,10,8,13.3,1.46,Sunny,Day,10.2,272.2
Construction,Foundation Work,1,5,7.9,4.0,Cloudy,Day,11.3,177.6
Data Center Power,Emergency Power Deployment,5,7,52.7,5.1,Rainy,Night,18.0,110.7
Oil & Gas,Pipeline Pumping,3,8,10.8,7.1,Cloudy,Day,26.2,140.9
Mining,Drilling,4,9,54.7,3.68,Rainy,Night,27.8,230.6
Construction,Material Loading,7,4,24.7,8.25,Sunny,Night,17.2,100.6
Marine & Rail,Tugboat Engine Service,4,7,14.4,5.56,Sunny,Night,30.3,188.9
Mining,Aggregate Collection,10,4,12.3,9.82,Rainy,Day,7.1,122.7
Mining,Hauling Ore,10,6,67.6,7.72,Cloudy,Day,12.1,200.0
Construction,Road Building,3,10,12.0,14.07,Sunny,Day,25.2,181.4
Marine & Rail,Tugboat Engine Service,5,7,9.1,5.17,Cloudy,Night,15.3,176.6
Mining,Drilling,9,7,16.9,5.08,Cloudy,Day,19.6,290.6
Data Center Power,Emergency Power Deployment,8,7,64.6,3.53,Cloudy,Night,22.5,154.2
Data Center Power,Backup Generator Testing,4,9,3.7,2.05,Sunny,Night,19.3,60.6
Construction,Site Preparation,8,8,2.1,1.54,Cloudy,Day,19.6,173.2
Mining,Surface Excavation,8,8,44.3,5.06,Sunny,Night,7.0,216.2
Construction,Material Loading,5,3,71.8,8.8,Foggy,Day,25.8,102.7
Oil & Gas,Gas Compression Service,5,9,54.9,8.95,Sunny,Day,24.6,183.0
Marine & Rail,Rail Network Inspection,4,8,38.2,14.19,Sunny,Night,25.4,187.2
Data Center Power,Generator Maintenance,9,8,70.1,5.1,Sunny,Night,20.9,174.1
Mining,Surface Excavation,7,6,66.2,3.81,Cloudy,Night,5.2,246.6
Data Center Power,Emergency Power Deployment,6,4,84.6,3.96,Sunny,Night,13.5,159.2
Mining,Hauling Ore,8,9,46.6,10.13,Sunny,Day,42.0,180.7
Marine & Rail,Rail Network Inspection,3,8,10.3,14.03,Rainy,Night,18.5,173.8
Construction,Demolition,1,8,35.7,6.1,Cloudy,Night,29.3,154.5
Marine & Rail,Locomotive Maintenance,9,7,27.1,5.45,Sunny,Night,10.9,316.9
Construction,Excavation,4,7,21.0,13.22,Rainy,Day,15.6,209.8
Oil & Gas,Well Servicing,3,8,18.5,11.6,Sunny,Day,42.3,251.2
Oil & Gas,Well Servicing,5,8,46.9,7.42,Cloudy,Day,20.8,241.9
Mining,Drilling,6,8,8.2,9.1,Sunny,Night,6.8,212.6
Construction,Material Loading,5,9,30.9,8.36,Cloudy,Day,23.8,71.1
Oil & Gas,Well Servicing,5,9,42.3,2.3,Sunny,Day,29.6,218.9
Oil & Gas,Gas Compression Service,4,6,14.3,11.25,Rainy,Night,48.0,268.8
Oil & Gas,Pipeline Pumping,2,9,45.0,9.6,Sunny,Night,26.4,142.3
Mining,Surface Excavation,10,10,18.5,14.43,Rainy,Day,36.6,274.4
Oil & Gas,Well Servicing,3,7,31.8,5.43,Cloudy,Day,-3.6,193.4
Oil & Gas,Gas Compression Service,7,8,25.2,6.55,Cloudy,Day,26.3,225.2
Data Center Power,Backup Generator Testing,5,8,28.9,1.65,Sunny,Day,23.2,68.1
Marine & Rail,Tugboat Engine Service,5,6,52.0,6.63,Sunny,Night,29.7,243.6
Oil & Gas,Pipeline Pumping,6,8,31.8,5.71,Sunny,Day,16.4,159.0
Marine & Rail,Locomotive Maintenance,5,6,48.8,8.69,Sunny,Day,23.7,283.4
Mining,Surface Excavation,3,7,32.9,7.5,Sunny,Night,25.9,181.6
Oil & Gas,Well Servicing,3,8,75.6,1.5,Cloudy,Day,41.6,229.8
Mining,Drilling,8,8,18.1,9.32,Foggy,Night,4.3,253.1
Construction,Foundation Work,10,8,12.3,5.97,Sunny,Day,21.5,276.7
Mining,Hauling Ore,4,10,32.2,1.5,Rainy,Day,12.9,98.4
Data Center Power,Cooling System Inspection,5,9,72.9,8.46,Sunny,Day,22.1,67.1
Marine & Rail,Locomotive Maintenance,4,6,18.9,12.09,Cloudy,Day,6.9,234.0
Construction,Material Loading,9,8,35.2,14.75,Cloudy,Day,29.4,120.1
Mining,Hauling Ore,7,7,13.6,12.39,Cloudy,Night,4.4,137.1
Data Center Power,Cooling System Inspection,9,9,28.0,2.29,Sunny,Day,21.4,79.3
Mining,Drilling,6,9,13.5,10.04,Cloudy,Day,28.8,217.8
Oil & Gas,Well Servicing,6,6,25.9,0.62,Sunny,Day,46.7,316.9
Construction,Site Preparation,3,7,38.3,7.79,Sunny,Day,15.6,138.0
Construction,Material Loading,5,8,18.4,6.21,Rainy,Day,26.1,81.9
Mining,Surface Excavation,4,6,15.4,4.96,Cloudy,Night,17.8,187.6
Marine & Rail,Locomotive Maintenance,9,9,40.1,6.26,Cloudy,Night,4.5,270.2
Mining,Surface Excavation,3,9,26.0,0.67,Cloudy,Day,34.6,135.1
Mining,Surface Excavation,9,9,33.9,6.79,Cloudy,Night,12.0,217.1
Construction,Foundation Work,6,8,48.8,6.72,Sunny,Day,13.3,225.1
Oil & Gas,Pipeline Pumping,8,9,30.6,3.09,Rainy,Day,21.3,183.5
Oil & Gas,Well Drilling,5,6,25.7,2.77,Sunny,Day,32.7,418.3
Oil & Gas,Well Drilling,5,9,27.1,6.46,Cloudy,Day,23.7,315.0
Marine & Rail,Locomotive Maintenance,6,8,9.4,8.5,Sunny,Night,11.4,238.5
Oil & Gas,Well Drilling,7,5,11.8,13.83,Sunny,Day,28.2,571.1
Data Center Power,Backup Generator Testing,7,9,36.4,7.16,Sunny,Night,22.0,86.4
Mining,Surface Excavation,8,5,10.9,4.46,Rainy,Night,18.5,309.0
Marine & Rail,Locomotive Maintenance,8,5,45.8,8.85,Foggy,Day,12.7,376.7
Oil & Gas,Well Drilling,3,9,62.4,9.71,Rainy,Day,24.6,337.2
Mining,Surface Excavation,6,5,22.8,1.94,Sunny,Day,27.2,220.2
Oil & Gas,Pipeline Pumping,6,7,7.1,5.12,Sunny,Night,20.5,174.4
Construction,Demolition,2,5,27.9,7.3,Rainy,Day,14.2,199.3
Construction,Road Building,6,8,11.1,4.05,Sunny,Day,20.3,240.0
Data Center Power,Generator Maintenance,7,9,24.0,5.39,Rainy,Day,26.2,111.7
Construction,Road Building,7,9,13.4,5.69,Foggy,Day,5.5,233.7
Data Center Power,Generator Maintenance,9,7,40.2,2.2,Rainy,Day,21.7,153.3
Mining,Hauling Ore,5,7,50.1,9.6,Sunny,Day,9.0,114.6
Oil & Gas,Pipeline Pumping,5,6,41.3,1.02,Sunny,Night,19.9,168.0
Construction,Foundation Work,8,8,38.1,6.68,Sunny,Day,19.6,280.2
Mining,Hauling Ore,7,8,50.4,7.64,Sunny,Night,13.4,144.4
Data Center Power,Generator Maintenance,7,9,26.9,5.54,Sunny,Day,19.3,108.0
Data Center Power,Generator Maintenance,6,5,35.2,10.64,Sunny,Night,20.3,160.2
Marine & Rail,Tugboat Engine Service,7,5,25.0,6.52,Sunny,Night,17.0,265.2
Mining,Aggregate Collection,2,8,59.6,2.28,Sunny,Night,23.3,61.9
Data Center Power,Backup Generator Testing,3,8,25.4,12.12,Sunny,Day,25.7,60.9
Oil & Gas,Well Servicing,6,6,16.6,2.81,Sunny,Night,-2.7,259.3
Marine & Rail,Rail Network Inspection,7,8,25.3,6.23,Cloudy,Day,15.7,186.3
Marine & Rail,Tugboat Engine Service,8,8,55.4,11.49,Foggy,Day,19.0,295.9
Construction,Excavation,9,8,26.4,7.96,Cloudy,Day,13.0,226.8
Mining,Hauling Ore,6,8,15.4,13.7,Sunny,Night,32.0,147.7
Marine & Rail,Freight Operations,5,7,11.7,9.01,Sunny,Day,17.5,215.8
Mining,Drilling,4,5,2.7,7.77,Rainy,Day,24.5,287.5
Data Center Power,Generator Maintenance,3,10,34.2,2.4,Cloudy,Day,18.9,65.3
Marine & Rail,Tugboat Engine Service,5,8,48.6,9.29,Sunny,Day,8.9,166.0
Data Center Power,Emergency Power Deployment,8,7,52.4,7.3,Sunny,Day,24.4,140.9
Oil & Gas,Pipeline Pumping,3,7,54.3,3.05,Sunny,Day,22.7,143.4
Mining,Drilling,2,9,41.8,6.47,Cloudy,Day,5.6,135.5
Oil & Gas,Well Servicing,5,9,56.7,3.7,Sunny,Night,30.9,247.6
Data Center Power,Cooling System Inspection,2,8,59.2,5.96,Sunny,Day,20.1,51.5
Data Center Power,Cooling System Inspection,8,6,57.2,6.47,Sunny,Day,21.3,97.1
Mining,Surface Excavation,5,7,54.6,7.72,Sunny,Day,23.1,198.9
Marine & Rail,Rail Network Inspection,5,8,35.7,8.01,Sunny,Day,13.9,160.9
Mining,Surface Excavation,4,8,34.2,2.3,Rainy,Day,14.7,153.2
Construction,Road Building,6,6,66.6,8.76,Cloudy,Day,24.9,360.8
Marine & Rail,Freight Operations,4,5,74.0,6.97,Sunny,Night,27.3,285.5
Oil & Gas,Pipeline Pumping,8,10,21.0,11.75,Rainy,Day,23.3,195.9
Marine & Rail,Tugboat Engine Service,4,7,25.4,6.85,Foggy,Day,2.1,186.1
Construction,Foundation Work,3,9,56.0,10.7,Rainy,Night,2.3,200.0
Construction,Demolition,5,7,63.9,5.16,Sunny,Day,25.3,216.4
Data Center Power,Backup Generator Testing,8,9,7.3,5.22,Sunny,Night,22.8,81.7
Construction,Material Loading,8,7,81.9,1.32,Sunny,Day,40.0,117.9
Marine & Rail,Rail Network Inspection,1,8,23.9,1.28,Cloudy,Day,13.5,107.1
Data Center Power,Cooling System Inspection,7,8,17.6,4.43,Foggy,Night,22.4,79.9
Construction,Demolition,5,9,9.1,3.72,Cloudy,Day,24.0,164.1
Data Center Power,Cooling System Inspection,6,8,37.6,3.6,Cloudy,Night,16.6,72.5
Construction,Site Preparation,4,8,72.1,10.36,Rainy,Night,19.5,207.0
Data Center Power,Cooling System Inspection,6,6,24.2,5.43,Cloudy,Night,22.5,80.1
Mining,Drilling,6,5,25.4,9.28,Cloudy,Day,25.1,311.2
Data Center Power,Generator Maintenance,5,7,39.7,8.44,Rainy,Night,22.3,129.7
Oil & Gas,Well Servicing,6,7,61.4,5.93,Sunny,Day,9.5,267.3
Oil & Gas,Well Servicing,4,9,41.1,1.67,Foggy,Day,48.0,230.9
Construction,Foundation Work,1,5,59.5,5.18,Sunny,Day,27.3,217.1
Construction,Excavation,3,7,69.3,8.26,Sunny,Night,32.0,210.0
Oil & Gas,Well Servicing,5,6,56.4,4.84,Sunny,Day,36.3,319.7
Construction,Foundation Work,10,7,58.9,7.46,Sunny,Night,6.9,370.3
Marine & Rail,Tugboat Engine Service,1,9,28.3,13.44,Sunny,Day,11.8,115.5
Mining,Hauling Ore,6,9,29.0,4.69,Sunny,Day,31.6,119.7
Construction,Excavation,5,6,64.2,5.21,Sunny,Day,18.9,212.5
Oil & Gas,Gas Compression Service,6,8,4.8,3.75,Cloudy,Night,15.6,185.2
Data Center Power,Cooling System Inspection,8,8,54.7,8.12,Foggy,Night,17.4,100.5
Marine & Rail,Rail Network Inspection,4,9,21.2,9.22,Rainy,Night,17.2,178.6
Marine & Rail,Locomotive Maintenance,2,7,32.6,3.91,Rainy,Day,23.1,191.1
Data Center Power,Backup Generator Testing,6,8,32.4,1.45,Rainy,Day,26.0,75.8
Oil & Gas,Well Servicing,7,9,15.9,11.49,Sunny,Day,32.9,272.5
Oil & Gas,Well Servicing,3,9,72.1,3.97,Sunny,Day,31.6,207.7
Mining,Drilling,8,8,40.4,13.44,Cloudy,Day,11.3,284.4
Marine & Rail,Rail Network Inspection,8,6,55.3,4.04,Foggy,Day,26.0,301.3
Marine & Rail,Rail Network Inspection,6,10,19.4,6.94,Cloudy,Night,6.3,159.9
Data Center Power,Cooling System Inspection,6,4,48.8,6.7,Sunny,Day,23.4,84.1
Marine & Rail,Tugboat Engine Service,2,8,29.0,3.51,Sunny,Night,9.7,123.9
Data Center Power,Emergency Power Deployment,5,9,23.7,0.5,Rainy,Night,14.4,83.2
Marine & Rail,Locomotive Maintenance,6,10,36.4,4.95,Sunny,Night,11.8,195.6
Mining,Drilling,4,10,8.6,5.95,Foggy,Day,30.1,160.9
Marine & Rail,Tugboat Engine Service,6,8,37.6,8.56,Foggy,Day,18.7,224.8
Mining,Drilling,6,8,80.6,7.21,Sunny,Night,33.0,302.6
Oil & Gas,Gas Compression Service,6,6,28.1,3.61,Sunny,Day,23.9,230.6
Mining,Surface Excavation,8,7,18.3,8.86,Sunny,Day,37.1,261.5
Oil & Gas,Gas Compression Service,5,6,69.4,3.22,Rainy,Day,8.7,206.4
Data Center Power,Generator Maintenance,7,7,15.3,2.24,Sunny,Day,16.0,114.2
Marine & Rail,Freight Operations,5,5,22.2,6.28,Rainy,Day,4.1,251.2
Construction,Road Building,5,9,10.2,7.5,Sunny,Night,40.0,273.1
Mining,Aggregate Collection,5,9,43.7,8.09,Rainy,Day,0.7,72.1
Construction,Excavation,7,8,21.9,3.59,Sunny,Day,28.0,195.0
Marine & Rail,Freight Operations,9,7,66.4,3.22,Foggy,Day,18.5,419.3
Construction,Demolition,6,8,16.4,6.82,Cloudy,Day,22.2,200.0
Mining,Aggregate Collection,2,9,55.8,4.7,Sunny,Night,9.3,56.0
Construction,Demolition,8,9,59.4,2.26,Cloudy,Day,11.7,204.0
Marine & Rail,Tugboat Engine Service,7,8,56.6,3.33,Foggy,Day,2.4,215.8
Mining,Surface Excavation,4,8,68.1,13.13,Foggy,Day,7.0,168.0
Data Center Power,Emergency Power Deployment,4,7,59.8,1.47,Rainy,Night,16.1,100.7
Oil & Gas,Well Servicing,5,8,56.7,9.1,Sunny,Day,30.4,268.2
Data Center Power,Cooling System Inspection,4,6,70.0,8.19,Sunny,Night,15.2,75.0
Data Center Power,Backup Generator Testing,5,7,39.9,2.68,Sunny,Day,15.1,70.5
Construction,Site Preparation,8,8,49.9,1.71,Sunny,Day,19.1,194.0
Marine & Rail,Freight Operations,4,8,35.3,10.02,Foggy,Day,24.3,270.7
Marine & Rail,Tugboat Engine Service,9,4,6.4,6.94,Cloudy,Day,16.5,291.1
Marine & Rail,Rail Network Inspection,3,10,36.9,9.55,Sunny,Day,18.6,133.9
Oil & Gas,Well Servicing,7,9,9.8,9.2,Sunny,Day,29.0,264.4
Marine & Rail,Tugboat Engine Service,6,9,16.9,8.96,Sunny,Day,15.3,157.5
Construction,Foundation Work,8,7,68.3,5.81,Cloudy,Night,14.9,349.3
Construction,Excavation,8,9,69.3,11.09,Sunny,Day,6.9,221.6
Mining,Surface Excavation,1,7,74.1,4.42,Cloudy,Night,9.4,137.7
Mining,Drilling,8,6,32.5,5.5,Rainy,Day,16.7,351.1
Marine & Rail,Locomotive Maintenance,10,9,35.4,8.12,Foggy,Night,26.6,352.0
Mining,Drilling,5,7,14.5,2.68,Rainy,Day,12.8,224.1
Oil & Gas,Well Drilling,4,7,25.0,7.06,Cloudy,Day,31.8,392.8
Construction,Foundation Work,7,9,28.6,5.91,Rainy,Day,32.8,276.8
Construction,Material Loading,7,6,77.8,4.04,Rainy,Night,29.0,125.5
Mining,Drilling,8,7,45.3,1.51,Foggy,Day,-5.9,255.4
Construction,Site Preparation,6,7,21.1,9.34,Sunny,Day,31.1,203.5
Construction,Demolition,3,8,17.9,5.68,Sunny,Day,13.3,138.5
Marine & Rail,Tugboat Engine Service,5,9,61.8,8.38,Foggy,Day,19.6,198.9
Construction,Demolition,9,9,22.2,6.01,Cloudy,Day,27.8,233.5
Marine & Rail,Locomotive Maintenance,5,8,15.8,5.94,Sunny,Day,26.9,223.0
Data Center Power,Backup Generator Testing,5,5,49.8,2.65,Sunny,Night,20.7,82.5
Construction,Foundation Work,9,6,26.2,12.43,Cloudy,Day,24.1,362.8
Oil & Gas,Well Servicing,5,4,68.7,10.86,Cloudy,Night,25.3,416.4
Mining,Surface Excavation,7,8,38.7,7.84,Cloudy,Night,-10.0,193.7
Data Center Power,Backup Generator Testing,6,4,36.1,1.46,Sunny,Day,16.0,85.2
Oil & Gas,Pipeline Pumping,8,10,55.8,2.55,Sunny,Day,22.7,188.8
Oil & Gas,Well Servicing,5,4,71.3,6.84,Cloudy,Day,36.0,407.0
Construction,Road Building,8,6,80.1,9.79,Sunny,Day,15.0,441.9
Data Center Power,Emergency Power Deployment,5,6,47.0,4.03,Sunny,Day,23.2,116.7
Mining,Surface Excavation,8,5,13.6,3.78,Cloudy,Day,2.8,221.3
Mining,Aggregate Collection,7,7,69.7,0.62,Cloudy,Night,15.0,100.0
Marine & Rail,Rail Network Inspection,6,6,22.1,10.33,Sunny,Day,21.1,197.7
Oil & Gas,Gas Compression Service,5,9,35.5,2.14,Rainy,Day,4.5,144.2
Oil & Gas,Gas Compression Service,6,7,46.0,0.92,Cloudy,Night,23.4,230.4
Mining,Surface Excavation,3,7,6.9,5.57,Rainy,Day,23.5,172.4
Data Center Power,Emergency Power Deployment,3,7,38.9,1.45,Rainy,Day,28.6,88.9
Oil & Gas,Well Servicing,1,7,52.5,2.56,Cloudy,Night,24.2,204.7
Oil & Gas,Well Drilling,5,7,35.1,8.9,Sunny,Day,16.6,379.2
Oil & Gas,Well Servicing,5,6,39.8,3.89,Sunny,Night,26.8,298.4
Mining,Drilling,8,9,68.4,1.24,Sunny,Day,15.7,231.6
Data Center Power,Generator Maintenance,5,5,26.5,11.04,Cloudy,Night,20.0,155.7
